Date,Open,High,Low,Close,Volume
2010-01-04,6.389118243518041,6.421149084710953,6.357686124578495,6.40648078918457,493729600
2010-01-05,6.424141275104453,6.453777218885293,6.383727934136187,6.417555332183838,601904800
2010-01-06,6.4175561476970735,6.443001439806501,6.308890473783978,6.315476417541504,552160000
2010-01-07,6.338826386564105,6.346310414274597,6.258000486015009,6.303801536560059,477131200
2010-01-08,6.2954202376030315,6.3463108300059865,6.258301056451617,6.345711708068848,447610800
2010-01-11,6.37026060706144,6.376247831206829,6.240041679348708,6.289734840393066,462229600
2010-01-12,6.262191743438085,6.279555089075512,6.179271106526269,6.218186855316162,594459600
2010-01-13,6.222678113777372,6.314279824605141,6.109821362385258,6.3058977127075195,605892000
2010-01-14,6.289732355137283,6.300209593570668,6.257102396119142,6.269375801086426,432894000
2010-01-15,6.314280703478351,6.334337902596525,6.162807543089351,6.1646037101745605,594067600
2010-01-19,6.236447518431264,6.441804450302262,6.203818355438351,6.437314033508301,730007600
2010-01-20,6.433422262846363,6.45258097459288,6.271471895870718,6.338228225708008,612152800
2010-01-21,6.34870573560425,6.3855259554048365,6.2029196636405635,6.228663921356201,608154400
2010-01-22,6.190047261160149,6.21160046072804,5.902068681145756,5.919730186462402,881767600
2010-01-25,6.062222823167735,6.127780904325776,5.992772648108015,6.078986644744873,1065699600
2010-01-26,6.165201571374649,6.397500619425717,6.064319265600282,6.164902210235596,1867110000
2010-01-27,6.1921428888494106,6.303801788993921,5.973015344883957,6.2229766845703125,1722568400
2010-01-28,6.13466579860717,6.151728578231044,5.948167870712455,5.965829372406006,1173502400
2010-01-29,6.019414970690484,6.052942611532726,5.695214122616389,5.749397277832031,1245952400
2010-02-01,5.758677578344742,5.867343259414864,5.726646740049162,5.829325199127197,749876400
2010-02-02,5.864649709222942,5.87692311525356,5.788912945872675,5.863152503967285,698342400
2010-02-03,5.842498148790464,5.993073622095666,5.820046460386964,5.964035987854004,615328000
2010-02-04,5.8891957744849535,5.93829019507585,5.734729445101834,5.749098777770996,757652000
2010-02-05,5.766461840157096,5.867344147914242,5.713176355720521,5.8511786460876465,850306800
2010-02-08,5.858064095323747,5.923622584466886,5.8074728634091874,5.811065196990967,478270800
2010-02-09,5.879916522402139,5.912246724527202,5.829924413590137,5.8730316162109375,632886800
2010-02-10,5.8640515223531935,5.885306566031385,5.815257248239529,5.841001510620117,370361600
2010-02-11,5.833814872013237,5.979600511489625,5.809267664655637,5.947269916534424,550345600
2010-02-12,5.930507940298587,6.036180429432904,5.852376677378631,5.998461723327637,655468800
2010-02-16,6.045158888405021,6.097545874276126,6.032586123706632,6.088864803314209,543737600
2010-02-17,6.1125158361739755,6.116108170210651,6.012830565061937,6.063422203063965,436396800
2010-02-18,6.035880127145417,6.103534947112001,6.014626285037076,6.074796676635742,422825200
2010-02-19,6.042764256021107,6.082877437616164,6.0203121773058195,6.037075996398926,415469600
2010-02-22,6.05713319951673,6.06192257663847,5.9628364671181435,5.999656677246094,390563600
2010-02-23,5.987084716604009,6.026898942259812,5.858662006287867,5.899074554443359,575094800
2010-02-24,5.934099537585516,6.030192457848223,5.922424454009027,6.006843090057373,460566400
2010-02-25,5.908653496684632,6.072699360382125,5.893985204458939,6.046955108642578,665126000
2010-02-26,6.058330953728954,6.141850698105204,6.0469556321709375,6.1253862380981445,507460800
2010-03-01,6.159214620995537,6.271472655018733,6.150234186107859,6.256206035614014,550093600
2010-03-02,6.2843449199296035,6.311287024533814,6.2187864248931115,6.252015113830566,566546400
2010-03-03,6.254707933503636,6.282547717313579,6.224772621928054,6.266382217407227,372052800
2010-03-04,6.264884545561215,6.313978155722165,6.245425678944242,6.30769157409668,366041200
2010-03-05,6.43432034116325,6.576813025994735,6.425040147149231,6.554361343383789,899620400
2010-03-08,6.586091156567586,6.588485645059471,6.533404815808323,6.55825138092041,429889600
2010-03-09,6.535203537328263,6.735471342917785,6.522630769185692,6.676199436187744,920259200
2010-03-10,6.700446669368921,6.749840053638543,6.68158731905782,6.7306809425354,596218000
2010-03-11,6.702840373011667,6.750436782836914,6.685178070586634,6.750436782836914,405700400
2010-03-12,6.806417240101897,6.8171942399943255,6.757922339310175,6.78336763381958,416323600
2010-03-15,6.746845511430092,6.750437044904169,6.593276480135705,6.700745105743408,493502800
2010-03-16,6.710924187739314,6.734872278252345,6.660932079168102,6.719006538391113,446908000
2010-03-17,6.7324767923433875,6.778876563319382,6.683682532273251,6.709127426147461,450956800
2010-03-18,6.7085298714232415,6.7354723780431165,6.663926653632733,6.724995136260986,342109600
2010-03-19,6.729185741882075,6.742656594608094,6.622615165688961,6.653149604797363,559445600
2010-03-22,6.599862992106159,6.765406070739366,6.590283437631667,6.7279863357543945,456419600
2010-03-23,6.754628751349084,6.848626537568376,6.708527941535076,6.836053371429443,602431200
2010-03-24,6.814500862538397,6.891135712811128,6.810608768181686,6.866289138793945,597780400
2010-03-25,6.912688828332072,6.914186033638913,6.772889980653051,6.78486442565918,542284400
2010-03-26,6.853715613442197,6.943521538859744,6.841741170308381,6.912089824676514,640875200
2010-03-29,6.974955077435752,7.000998296036044,6.933644041915092,6.956693649291992,540744400
2010-03-30,7.0827219942921325,7.109065773468093,7.012373328490468,7.060270309448242,527310000
2010-03-31,7.0494910757459275,7.0830187081850795,7.018657292609875,7.0348219871521,430659600
2010-04-01,7.1069680854976145,7.14648214574959,6.967469032318442,7.063860893249512,603145200
2010-04-05,7.034228323816148,7.139900022407806,7.027941339365727,7.139301300048828,684507600
2010-04-06,7.130619381067374,7.191687455726478,7.094696843145161,7.1707329750061035,447017200
2010-04-07,7.17103111004126,7.241978493958324,7.144388370973537,7.202463626861572,628502000
2010-04-08,7.197674104991655,7.230603028849244,7.125829034872889,7.1830058097839355,572989200
2010-04-09,7.2273090710290155,7.241079679918002,7.198271447618012,7.2380852699279785,334182800
2010-04-12,7.2503594924478145,7.276403508171363,7.2386848093612794,7.253054141998291,333026400
2010-04-13,7.240178397308392,7.268317526968732,7.217725926599352,7.2572407722473145,306210800
2010-04-14,7.342564007481999,7.358429752178656,7.306342499549734,7.354837417602539,404076400
2010-04-15,7.357527908419752,7.454818260347803,7.349445558996167,7.451525688171387,376784800
2010-04-16,7.441047548947509,7.517982145884434,7.320707594707088,7.4060235023498535,750545600
2010-04-19,7.394947899427281,7.420692153659817,7.237487164424869,7.396145343780518,566924400
2010-04-20,7.440149964081072,7.4614042009254335,7.273110479466421,7.321905136108398,738326400
2010-04-21,7.747286874075626,7.790693828652875,7.655385025878659,7.759860038757324,982391200
2010-04-22,7.73052289817779,7.985273149987279,7.669454044904129,7.976891040802002,793424800
2010-04-23,8.02239442498226,8.147823936855554,7.992758873060224,8.10741138458252,796955600
2010-04-26,8.138842773705406,8.156204916945018,8.028380533834532,8.067596435546875,479068800
2010-04-27,8.000843024068937,8.017906212116669,7.798779417871338,7.84428071975708,709343600
2010-04-28,7.880503399981702,7.902954291126751,7.675745133635952,7.831110000610352,758402400
2010-04-29,7.8736133383763045,8.082562546004146,7.8433790726860355,8.041851043701172,558840800
2010-04-30,8.06190621251699,8.099624899968214,7.813144010730263,7.815837860107422,542463600
2010-05-03,7.898163289644792,8.01910278641804,7.869424621559317,7.973300933837891,454342000
2010-05-04,7.86972185726355,7.881695497878899,7.685918200423171,7.743692874908447,723819600
2010-05-05,7.574560424644143,7.727530340996159,7.445837556982879,7.663168907165527,883103200
2010-05-06,7.598511293274908,7.7308257430038205,5.9646350738069644,7.371601104736328,1285860800
2010-05-07,7.295562882355992,7.381177760996751,6.74175682402853,7.060568809509277,1676018400
2010-05-10,7.491343618054047,7.623059367088632,7.439854283790776,7.603301525115967,984306400
2010-05-11,7.538937538920077,7.7799180368367855,7.498824748867606,7.6790361404418945,848906800
2010-05-12,7.760458418235639,7.876907880521498,7.744294518560449,7.845775127410889,654379600
2010-05-13,7.879603992148755,7.93288948058178,7.675444472162854,7.734118461608887,599712400
2010-05-14,7.6383239289160985,7.677838800763313,7.468889517359461,7.598210334777832,759362800
2010-05-17,7.6245520933200535,7.668856731744739,7.415303104588796,7.610182762145996,762834800
2010-05-18,7.692804089188223,7.739802573076437,7.491637468611229,7.554502487182617,782678400
2010-05-19,7.4688877018074935,7.571266790604227,7.329688400104711,7.434162616729736,1025726800
2010-05-20,7.240779669848227,7.299753404019497,7.071046330835667,7.1174468994140625,1282915200
2010-05-21,6.969565061738384,7.319211622444524,6.9255601803193105,7.253952503204346,1223891200
2010-05-24,7.402434305628787,7.510800662188364,7.371900262521645,7.386867523193359,754238800
2010-05-25,7.165043631507781,7.386865009884788,7.09948554926995,7.340764999389648,1048006400
2010-05-26,7.486254030352506,7.547621878983673,7.296761982711956,7.307538986206055,850654000
2010-05-27,7.501818460789592,7.600306279482457,7.457214849049744,7.584140777587891,666282400
2010-05-28,7.764948213993007,7.765247175323405,7.584137360602822,7.689809799194336,815614800
2010-06-01,7.773932364694849,7.9610286994299795,7.752079398968599,7.808058738708496,876472800
2010-06-02,7.9191145953318545,7.926897981485637,7.793086409608174,7.901453495025635,688548000
2010-06-03,7.938274832715696,7.949351592311806,7.795483195263703,7.876608848571777,650106800
2010-06-04,7.72962622838892,7.840087681151664,7.6224581475452595,7.662271976470947,758304400
2010-06-07,7.732023465258274,7.7577677293929845,7.500322689958811,7.511998176574707,886942000
2010-06-08,7.5808478349848905,7.5976120583543505,7.353637931956472,7.463800430297852,1000770400
2010-06-09,7.527862808509462,7.540735738037328,7.259042882421864,7.280296325683594,854630000
2010-06-10,7.329388957963666,7.513191868454188,7.250359230044472,7.4991230964660645,776356000
2010-06-11,7.430872535405231,7.599409278730915,7.405128273880813,7.588932037353516,545759200
2010-06-14,7.662271827966464,7.757765223251035,7.603897611194176,7.611979961395264,602960400
2010-06-15,7.6526911630597585,7.778719372960774,7.648500108172938,7.773929595947266,585074000
2010-06-16,7.816138765641697,8.015209487960174,7.802069194519625,8.000242233276367,783678000
2010-06-17,8.10052562398377,8.169377875156657,8.067596703524766,8.138544082641602,872855200
2010-06-18,8.149918897427005,8.232241996853276,8.125072327024554,8.204401016235352,784621600
2010-06-21,8.312770034985954,8.352284911742423,8.04454881016908,8.087656021118164,776490400
2010-06-22,8.14722601834544,8.261279807687185,8.127468983720155,8.197816848754883,717262000
2010-06-23,8.219668221237892,8.222063109742898,8.019699027879877,8.111600875854492,768457200
2010-06-24,8.11249832999735,8.178356962660983,8.025686022231318,8.052628517150879,714277200
2010-06-25,8.084360771575417,8.09064695465039,7.957134309442569,7.983777046203613,549942400
2010-06-28,7.99066516084676,8.075084220971583,7.918521109123543,8.03167724609375,584948000
2010-06-29,7.906543225493003,7.914626374166062,7.612577845299435,7.668557167053223,1133344800
2010-06-30,7.6847253343137965,7.722444047273045,7.48415891988623,7.529660224914551,739452000
2010-07-01,7.61257817093263,7.627546225261884,7.280894080616818,7.438354015350342,1022896000
2010-07-02,7.498523946149649,7.511696633937693,7.28029489967309,7.39225435256958,693842800
2010-07-06,7.51379240993351,7.5676758139623255,7.368904822201506,7.442845821380615,615235600
2010-07-07,7.49852401825615,7.746390215755665,7.476372895323651,7.743395805358887,654556000
2010-07-08,7.857448474912193,7.870021638197633,7.630238648534779,7.72603178024292,738144400
2010-07-09,7.690114249627012,7.7802199799461444,7.638325956745536,7.771838665008545,433322400
2010-07-12,7.739208826039788,7.838594356384773,7.6293460523184,7.702088832855225,562878400
2010-07-13,7.6730514837444606,7.675445574065012,7.376989241910171,7.537742614746094,1190924000
2010-07-14,7.465296099374771,7.657480310776153,7.453919579353041,7.565578460693359,812047600
2010-07-15,7.430873634793268,7.6925089438940315,7.403033441257082,7.527265548706055,824866000
2010-07-16,7.579050174380341,7.6326346073316635,7.436258539882017,7.480862140655518,1039858400
2010-07-19,7.4802663399156035,7.4802663399156035,7.172530231361184,7.351543426513672,1024478000
2010-07-20,7.27131412265268,7.570667998380215,7.184800771831861,7.540432929992676,1074950800
2010-07-21,7.935580343147489,7.937376509475452,7.603597326829652,7.610781192779541,1185671200
2010-07-22,7.7137607110370014,7.783210892422013,7.642813324365116,7.7538743019104,645318800
2010-07-23,7.6960957604174425,7.794583531917631,7.6718479188756055,7.781411647796631,533388800
2010-07-26,7.783214263400175,7.7862078759083415,7.714662535369362,7.761661052703857,420551600
2010-07-27,7.809257257907676,7.926903416123248,7.792194068553034,7.905350208282471,584771600
2010-07-28,7.893075404776042,7.962525594777734,7.790696286723318,7.811949729919434,519985200
2010-07-29,7.804465848657737,7.862540312768869,7.66646395626609,7.726633548736572,643806800
2010-07-30,7.660175696754734,7.77422866635953,7.630538551387005,7.700887203216553,448210000
2010-08-02,7.796386650335311,7.860747324915413,7.771839825582088,7.838595390319824,428055600
2010-08-03,7.813448679504859,7.880802956752092,7.765851443753503,7.840989112854004,417653600
2010-08-04,7.868223535531221,7.911329914605552,7.792487211832512,7.872414588928223,420375200
2010-08-05,7.834999360645479,7.878406324603656,7.799675546839138,7.834101676940918,289097200
2010-08-06,7.776625719491815,7.82781607660925,7.712264271098377,7.7859063148498535,444897600
2010-08-09,7.827515794575867,7.847573392077951,7.770339811133674,7.835598945617676,303128000
2010-08-10,7.778721072556962,7.796682740282121,7.709868812306014,7.765549182891846,451920000
2010-08-11,7.645507763715982,7.654188835402018,7.478168516218141,7.489543437957764,620054400
2010-08-12,7.384771683964344,7.576657798646334,7.367708496848373,7.537442684173584,534920400
2010-08-13,7.53324950379735,7.54013440912826,7.45661466412774,7.45691442489624,354869200
2010-08-16,7.411413748294726,7.484157307340881,7.382675078432225,7.413209915161133,318430000
2010-08-17,7.4862505171265665,7.622457005154932,7.459906743170542,7.542828559875488,422640400
2010-08-18,7.554503113434005,7.623653520488263,7.5311529505516726,7.575756549835205,339696000
2010-08-19,7.568873157848122,7.5880322696834215,7.444342128367245,7.480264663696289,426706000
2010-08-20,7.465600340569531,7.601207404051008,7.453924850901694,7.473083972930908,384230000
2010-08-23,7.53743886374676,7.54372504548887,7.341661552743182,7.35812520980835,414041600
2010-08-24,7.264428801554791,7.27430651725543,7.144088056400761,7.182405471801758,602565600
2010-08-25,7.1258309659202705,7.3039472835655594,7.100685424373088,7.271017551422119,596867600
2010-08-26,7.3476520110262555,7.356632846565215,7.192885875701904,7.192885875701904,466505200
2010-08-27,7.236890465611596,7.262634724198351,7.051589517736843,7.232998371124268,548391200
2010-08-30,7.20725272850398,7.356631126950009,7.20485783958673,7.259340763092041,383289200
2010-08-31,7.239884898290046,7.321010586059846,7.19498231612178,7.277304649353027,420786800
2010-09-01,7.40812010481279,7.527562399288306,7.372497328976521,7.4937357902526855,697037600
2010-09-02,7.521573791949612,7.5488152503967285,7.44104766028361,7.5488152503967285,415427600
2010-09-03,7.63622597269277,7.74668739671748,7.618564071328489,7.7463884353637695,520788800
2010-09-07,7.682627946238703,7.769141311763677,7.670953262205992,7.717652797698975,342557600
2010-09-08,7.776625785120417,7.914628479067747,7.756269226689553,7.870623588562012,526551200
2010-09-09,7.93408835616032,7.978392218199585,7.870625375952804,7.875115394592285,438575200
2010-09-10,7.878705631268899,7.917921541145731,7.825121185954409,7.885291576385498,387542400
2010-09-13,7.957433883363551,8.031075109480547,7.955638516266034,7.993955135345459,388780000
2010-09-14,7.969105959731735,8.057714411340779,7.948450451882519,8.024486541748047,408150400
2010-09-15,8.02778245344302,8.093940051635057,8.017903138337774,8.089149475097656,429368800
2010-09-16,8.089747420462974,8.282231357343749,8.067594705342865,8.279237747192383,652103200
2010-09-17,8.312766013093206,8.320849160796946,8.192725834031654,8.243316650390625,634477200
2010-09-20,8.264570333065302,8.495073542979606,8.257685428668381,8.478609085083008,658677600
2010-09-21,8.49746946785185,8.601943688184367,8.4654382316112,8.49477481842041,668074400
2010-09-22,8.463042575868661,8.62080225538173,8.454061744181265,8.613917350769043,585289600
2010-09-23,8.571414198812116,8.763899080927057,8.56153567750722,8.648946762084961,786116800
2010-09-24,8.744140599276893,8.786948050794845,8.69774081344609,8.750725746154785,649488000
2010-09-27,8.800413999143993,8.822864877040939,8.711505772867207,8.715995788574219,482834800
2010-09-28,8.73425917176179,8.73425917176179,8.23224296284535,8.587276458740234,1035042400
2010-09-29,8.598349915383107,8.675583463238272,8.561529707335987,8.602540969848633,469644000
2010-09-30,8.651339778334764,8.681275093923421,8.419340083319907,8.494178771972656,673391600
2010-10-01,8.566022701704723,8.578894830929457,8.422332553227964,8.457357406616211,448142800
2010-10-04,8.429815028640169,8.468730368756182,8.315161738001141,8.341206550598145,435302000
2010-10-05,8.441791916999971,8.664809982054757,8.436402616852659,8.649543762207031,501967200
2010-10-06,8.66900264665298,8.740847738392983,8.53938204037447,8.657028198242188,670868800
2010-10-07,8.691452300428429,8.695643356389803,8.58877422714238,8.65792465209961,408399600
2010-10-08,8.732463447071993,8.815983205505738,8.681274691285674,8.80311107635498,658403200
2010-10-11,8.823170368870217,8.898008269081533,8.818979312165512,8.841729164123535,427753200
2010-10-12,8.843225930305568,8.965662653831272,8.755814064961745,8.93692398071289,558544000
2010-10-13,8.986613671260018,9.039299619600776,8.974639228745309,8.984817504882812,630092400
2010-10-14,9.031217598048356,9.054566962436684,8.992600419219183,9.04977798461914,435296400
2010-10-15,9.203348066340217,9.429660297166063,9.127611694599215,9.421876907348633,922194000
2010-10-18,9.533531197997613,9.549396130718602,9.408400707833948,9.519461631774902,1093010800
2010-10-19,9.082409601612387,9.392839525170098,8.981227929386032,9.264716148376465,1232784000
2010-10-20,9.250045891156487,9.40720686697556,9.18628397710831,9.295846939086914,721624400
2010-10-21,9.350628753482908,9.421875093990398,9.184187984693311,9.265612602233887,551460000
2010-10-22,9.252142705615423,9.281180337086463,9.169222465969293,9.204246520996094,372778000
2010-10-25,9.252739896719287,9.327876727646839,9.233281027456028,9.245255470275879,392462000
2010-10-26,9.18628530109459,9.27219994828377,9.149763242688516,9.221609115600586,392929600
2010-10-27,9.209635493543512,9.276989756416507,9.148267654533035,9.2150239944458,399002800
2010-10-28,9.2186133768361,9.220110581973877,9.007569802650309,9.137489318847656,551051200
2010-10-29,9.107250490702478,9.156643851352598,9.0066668042335,9.009960174560547,430511200
2010-11-01,9.047085481348676,9.148267150182251,9.046486759059206,9.105758666992188,423889200
2010-11-02,9.19017547511052,9.285668867592124,9.19017547511052,9.260822296142578,433930000
2010-11-03,9.320993714090292,9.36619684522669,9.235977550904176,9.363801956176758,508348400
2010-11-04,9.443130550647897,9.584725566354644,9.430557383278087,9.527548789978027,642488000
2010-11-05,9.519167567640071,9.566465031534811,9.482047583680904,9.493422508239746,361253200
2010-11-08,9.495518325423564,9.572452143167146,9.482346434720988,9.538026809692383,281758400
2010-11-09,9.610765372324673,9.618249797544093,9.414689099068577,9.461986541748047,383544000
2010-11-10,9.478753961471648,9.542516686937002,9.386253365167416,9.520364761352539,384227200
2010-11-11,9.429658364220352,9.531439534552472,9.407206682491916,9.479052543640137,361284000
2010-11-12,9.459595852344,9.474563110702512,9.08929529699851,9.221010208129883,795846800
2010-11-15,9.233884221979212,9.29614975068618,9.168325320505756,9.191375732421875,403606000
2010-11-16,9.151858283864248,9.208136572970288,8.960271173167552,9.02822494506836,657650000
2010-11-17,9.016548498582365,9.10006823227498,8.913570696519338,8.995594024658203,479449600
2010-11-18,9.13629288954352,9.270104526183777,9.121026669896,9.23298454284668,494491200
2010-11-19,9.219211684027472,9.232083809578947,9.137488115258888,9.18209171295166,384843200
2010-11-22,9.180598282571639,9.38056755065918,9.15635122644019,9.38056755065918,393075200
2010-11-23,9.293452698473192,9.332369643060147,9.17700402359194,9.241963386535645,519447600
2010-11-24,9.339852212049585,9.441633388644975,9.332369383495697,9.42367172241211,413725200
2010-11-26,9.391938290543234,9.51048286492781,9.367990206577815,9.429656982421875,237585600
2010-11-29,9.444626545420027,9.503898447430043,9.321292963562884,9.485638618469238,445785200
2010-11-30,9.385951690224038,9.410499297257427,9.306024285239777,9.314406394958496,501858000
2010-12-01,9.43773880412541,9.51197873957285,9.429656456134484,9.471566200256348,461750800
2010-12-02,9.505391150129498,9.549396014120362,9.42636145197653,9.523951530456543,462837200
2010-12-03,9.48982963114044,9.538923255024471,9.469772836219342,9.502701759338379,342092800
2010-12-06,9.538623892187866,9.649086140002703,9.532037947968783,9.583827018737793,448481600
2010-12-07,9.693089390289696,9.698776051205307,9.523056310444217,9.525750160217285,391454000
2010-12-08,9.568260420129056,9.609871217721729,9.492823813086154,9.60957145690918,321935600
2010-12-09,9.64310048482081,9.654175648309295,9.55000036636705,9.572153091430664,294151200
2010-12-10,9.568861245269607,9.610771013522863,9.537428719239081,9.596102714538574,262511200
2010-12-13,9.710157359191061,9.730812882177666,9.609274633842707,9.6293306350708,439815600
2010-12-14,9.631125621658144,9.655373474036889,9.549401230425678,9.588018417358398,351008000
2010-12-15,9.579333935141307,9.66914065291439,9.555086888730058,9.59011173248291,417312000
2010-12-16,9.611968567347215,9.657470670483685,9.58233300752638,9.616758346557617,322030800
2010-12-17,9.628130199339946,9.632919976623697,9.58622044746916,9.597596168518066,386929200
2010-12-20,9.627230975229201,9.676625149984066,9.526349096724086,9.645491600036621,385610400
2010-12-21,9.66914319056922,9.710753189090383,9.640705081924564,9.705065727233887,256354000
2010-12-22,9.709858511371127,9.750570838776522,9.685610651727389,9.733806610107422,265921600
2010-12-23,9.72901589735457,9.733505915267308,9.674234001752682,9.687106132507324,223157200
2010-12-27,9.664650801543994,9.742183317703365,9.624836180232498,9.71943187713623,249816000
2010-12-28,9.756254089086951,9.77870577167737,9.730809594889081,9.743083000183105,175924000
2010-12-29,9.76553221115303,9.772417914884867,9.7320045733977,9.737692832946777,163139200
2010-12-30,9.743380197605369,9.74427788105267,9.670637462620773,9.688898086547852,157494400
2010-12-31,9.667647165761876,9.68351290678487,9.618552737284988,9.655972480773926,193508000
2011-01-03,9.748174735211366,9.88647640706168,9.724226639456873,9.86582088470459,445138400
2011-01-04,9.951732226222184,9.953528392756489,9.823309116786545,9.917306900024414,309080800
2011-01-05,9.86522005591037,10.008610437675213,9.863722850604093,9.998432159423828,255519600
2011-01-06,10.019985319440757,10.035851058055215,9.965503197980372,9.990349769592285,300428800
2011-01-07,9.998132653366198,10.06878027630323,9.935567380683935,10.061895370483398,311931200
2011-01-10,10.143022205451071,10.274737921465496,10.093329850459831,10.251388549804688,448560000
2011-01-11,10.324131999237832,10.326526089184581,10.16218120684679,10.227141380310059,444108000
2011-01-12,10.27533289750155,10.310655900852202,10.237913167866328,10.310356140136719,302590400
2011-01-13,10.332511795187372,10.376816441535754,10.293296687554376,10.348077774047852,296780400
2011-01-14,10.354364632735344,10.431897163391113,10.310958469948968,10.431897163391113,308840000
2011-01-18,9.864319900802137,10.320535786325387,9.75894720073545,10.197501182556152,1880998000
2011-01-19,10.428005887058546,10.435490315228254,10.084647852666128,10.14332103729248,1135612800
2011-01-20,10.071176201026137,10.127155535073907,9.882283718478313,9.958918571472168,764789200
2011-01-21,9.99154378229873,10.024772455953975,9.777804809442632,9.780499458312988,754401200
2011-01-24,9.784994374439055,10.10171127319336,9.780503557560207,10.10171127319336,574683200
2011-01-25,10.06818373783062,10.22115368829774,10.015496974811057,10.219955444335938,546868000
2011-01-26,10.266651220050877,10.345680935922566,10.22294610691507,10.293293952941895,506875600
2011-01-27,10.291205457247846,10.318446931890172,10.26276733694281,10.274142265319824,285026000
2011-01-28,10.302875519441953,10.30976042502942,9.984362504757556,10.061295509338379,592057200
2011-01-31,10.05231637646985,10.179243095576195,10.007413806375945,10.157689094543457,377246800
2011-02-01,10.216965779798757,10.347184322990923,10.20738622005084,10.328624725341797,426633200
2011-02-02,10.311255603330011,10.335202887789018,10.284313109749304,10.307363510131836,258955200
2011-02-03,10.291799071716428,10.304970960456266,10.13463808729101,10.281022071838379,393797600
2011-02-04,10.28701156134555,10.378614481774893,10.283120265768517,10.372627258300781,321840400
2011-02-07,10.41423308546431,10.574686613404433,10.406749458804343,10.533676147460938,485021600
2011-02-08,10.587563923419632,10.642644781377804,10.541762862286648,10.633065223693848,381040800
2011-02-09,10.632762861518197,10.746817435308982,10.623184106260105,10.721671104431152,482745200
2011-02-10,10.698619880888682,10.776751113028508,10.417525063402467,10.613303184509277,928550000
2011-02-11,10.61959178798297,10.710894120315352,10.583369496706478,10.682456016540527,367572800
2011-02-14,10.680660543783741,10.761185882383893,10.67826565496984,10.752205848693848,310416400
2011-02-15,10.752504650018748,10.77585481560663,10.703411028788894,10.773758888244629,284174800
2011-02-16,10.80070023977193,10.923435887617682,10.791720206504817,10.870450973510742,481157600
2011-02-17,10.694430787490985,10.784835439027345,10.672577028132983,10.725862503051758,530583200
2011-02-18,10.738135852576113,10.761784978998518,10.463029006157923,10.494162559509277,816057200
2011-02-22,10.242405992249575,10.339696356744621,10.109792614718032,10.136434555053711,872555600
2011-02-23,10.14122139789544,10.316941112788774,10.136430822431523,10.25647258758545,671854400
2011-02-24,10.298386506950921,10.332213115351875,10.129251066859675,10.264259338378906,499900800
2011-02-25,10.335503441731834,10.430398900222045,10.321733632206822,10.422316551208496,380018800
2011-02-28,10.514521006747604,10.62857481344485,10.510928672748701,10.573493957519531,403074000
2011-03-01,10.641147623280144,10.648631252510807,10.407950478243631,10.456745147705078,456136800
2011-03-02,10.476203577523428,10.60762033189126,10.429504034896677,10.540863990783691,602590800
2011-03-03,10.692634695175256,10.770466181410413,10.654616235976242,10.763581275939941,500788400
2011-03-04,10.778851415201931,10.785437361168169,10.709401220100736,10.776756286621094,453266800
2011-03-07,10.818663910387345,10.826747060932918,10.516616110911437,10.63785457611084,546123200
2011-03-08,10.624384563093873,10.698924300182403,10.544756085468654,10.649829864501953,356316800
2011-03-09,10.61779763598066,10.61989356379318,10.495362518004905,10.55134105682373,453306000
2011-03-10,10.451056593656748,10.47051546796408,10.324729386609171,10.377715110778809,507539200
2011-03-11,10.337602302281493,10.546851364217845,10.32772458268663,10.536972045898438,471080400
2011-03-14,10.57259434676862,10.6713819224782,10.51661581299483,10.583970069885254,435957200
2011-03-15,10.240910932504145,10.412740239218161,10.181040300035168,10.340596199035645,721081200
2011-03-16,10.23791559108257,10.267850902259003,9.766731602913381,9.878989219665527,1162011200
2011-03-17,10.0831476406985,10.16636841395277,9.898446269165737,10.017589569091797,659422400
2011-03-18,10.092127985097434,10.124159218787598,9.878688745495774,9.8987455368042,753214000
2011-03-21,10.058003509750739,10.170260322079447,10.036149750361888,10.157089233398438,409402000
2011-03-22,10.25467947863387,10.256475645207619,10.152299582654354,10.213966369628906,325922800
2011-03-23,10.156490999933789,10.18463014456322,10.056805749943509,10.153797149658203,372996400
2011-03-24,10.233427808395954,10.357659896486481,10.14392081674938,10.326826095581055,404712000
2011-03-25,10.41962507418138,10.539067376819785,10.388192552702966,10.5235013961792,448910000
2011-03-28,10.571696690692265,10.60672154385662,10.490571022033691,10.490571022033691,309355200
2011-03-29,10.407352960268643,10.506139755249023,10.35945676841518,10.506139755249023,352900800
2011-03-30,10.49655360998564,10.50373907342542,10.40076048703169,10.436383247375488,329406000
2011-03-31,10.368431241064838,10.471409037462708,10.359451209512471,10.432792663574219,274019200
2011-04-01,10.510630284805043,10.524998822222452,10.276833597444464,10.314552307128906,418661600
2011-04-04,10.3070669368975,10.315748009381707,10.130148118521145,10.213667869567871,460084800
2011-04-05,10.08793749003351,10.245397406803773,10.058301145523568,10.144814491271973,482731200
2011-04-06,10.214567613595538,10.294794002664784,10.092430664071737,10.119372367858887,402539200
2011-04-07,10.12116810570495,10.190917251385033,10.059201550131464,10.120570182800293,373447200
2011-04-08,10.175649096995278,10.18253400207306,9.996934930834238,10.030162811279297,377535200
2011-04-11,10.000227914333772,10.04842385443725,9.879290021608657,9.902639389038086,398946800
2011-04-12,9.893356308405572,9.990347685823615,9.884675237999756,9.950533866882324,425639200
2011-04-13,10.028967092369285,10.062494739339959,9.95412840910067,10.062195777893066,346220000
2011-04-14,10.022381991105506,10.05830453012344,9.940359433224154,9.951135635375977,301800800
2011-04-15,9.977481040142743,9.987659321821862,9.782901039510582,9.802658081054688,453605600
2011-04-18,9.76194422714464,9.945448218378957,9.58412769816527,9.934072494506836,609898800
2011-04-19,9.971492347983048,10.117576596176836,9.929881546730373,10.113985061645508,419378400
2011-04-20,10.28311774920135,10.35017303697653,10.222948166417416,10.250188827514648,700666400
2011-04-21,10.627075077989568,10.630967171909601,10.433093884402643,10.498353004455566,753810400
2011-04-25,10.487577463745463,10.589657605258017,10.486379219926828,10.5675048828125,266546000
2011-04-26,10.585766233206677,10.62677750959672,10.457941826521576,10.489973068237305,338800000
2011-04-27,10.544454042289228,10.54774741409002,10.390586432776852,10.481888771057129,356213200
2011-04-28,10.363347468597103,10.46991684905915,10.343290669626422,10.380111694335938,360959200
2011-04-29,10.381008735959997,10.59564548851864,10.377715363569614,10.481292724609375,1006345200
2011-05-02,10.469615823791242,10.491468785497704,10.342689908523157,10.366039276123047,442713600
2011-05-03,10.417231042104817,10.474108067301389,10.346283641836077,10.423517227172852,313348000
2011-05-04,10.425314073886756,10.532184023184113,10.384003027918444,10.464529991149902,389250400
2011-05-05,10.42950428962502,10.505840189928081,10.359156412162394,10.380111694335938,335969200
2011-05-06,10.468116234168395,10.477396026226842,10.36394099595383,10.377411842346191,280134400
2011-05-09,10.413337361517875,10.453451753333207,10.37352352987875,10.40555477142334,204747200
2011-05-10,10.444170416722534,10.468119305657558,10.37741488722144,10.46093463897705,282091600
2011-05-11,10.448061169320342,10.477397755136804,10.334905081717983,10.394475936889648,336000000
2011-05-12,10.361249569570298,10.391184879594404,10.245998346200768,10.374719619750977,322000000
2011-05-13,10.347480338801427,10.365141446650787,10.188523173897632,10.193013191223145,326116000
2011-05-16,10.15409692926111,10.214566274120122,9.956521796190101,9.977477073669434,449775200
2011-05-17,9.938563857962219,10.062496185302734,9.900545388927704,10.062496185302734,452334400
2011-05-18,10.07237105739496,10.209475226618165,10.058301487133717,10.174151420593262,334776400
2011-05-19,10.24031132856604,10.250189846181364,10.138231181575259,10.1939115524292,261170000
2011-05-20,10.164874565999778,10.206485366049975,10.028967801736318,10.034955024719238,337968400
2011-05-23,9.877793114338255,10.057704752013827,9.861328652323477,10.010406494140625,383600000
2011-05-24,10.043333754378825,10.05530819631177,9.91880195636204,9.944247245788574,321927200
2011-05-25,9.981369610106217,10.134939079256435,9.964007463111226,10.081653594970703,294224000
2011-05-26,10.057406581301088,10.08494700730454,10.011305764290343,10.028368949890137,222560800
2011-05-27,10.022382194098206,10.10709940375504,10.007713896976997,10.100513458251953,203599200
2011-05-31,10.210975441328008,10.412440299987793,10.207981030457407,10.412440299987793,417754400
2011-06-01,10.443573667677914,10.54116220360825,10.317246461795436,10.342989921569824,554682800
2011-06-02,10.37262450633231,10.416929148923957,10.306766664314436,10.360650062561035,338783200
2011-06-03,10.273239482399669,10.337600122154981,10.238214632477062,10.281022071838379,313250000
2011-06-06,10.348678209601292,10.38909076528202,10.1124874611796,10.119372367858887,461941200
2011-06-07,10.123260146963316,10.124756552374825,9.935564385499463,9.9397554397583,529785200
2011-06-08,9.931976609117337,10.02238127280815,9.898150000277022,9.945746421813965,333723600
2011-06-09,9.975981937518071,9.988555105605931,9.901143250005216,9.923295974731445,275088800
2011-06-10,9.895157919014574,9.928386612775988,9.744283070562494,9.755958557128906,433955200
2011-06-13,9.794873561329807,9.828102253892467,9.731111625970446,9.776912689208984,329473200
2011-06-14,9.878689178815133,9.975979529029374,9.858033664481585,9.95173168182373,334569200
2011-06-15,9.871204689061837,9.887669146939155,9.72541865717615,9.78139877319336,399196000
2011-06-16,9.785894664109707,9.839179363654507,9.529348088445374,9.733806610107422,510591200
2011-06-17,9.848456156150382,9.856239545025156,9.560177401888996,9.587119102478027,615020000
2011-06-20,9.500306615059916,9.510484892644133,9.29494969291565,9.439238548278809,640645600
2011-06-21,9.479950375549144,9.752960495501569,9.435645733569952,9.737993240356445,493382400
2011-06-22,9.733801966293306,9.845761412766208,9.650581183828185,9.657466888427734,390583200
2011-06-23,9.547603932022673,9.929280942573333,9.523057920459856,9.915511131286621,559759200
2011-06-24,9.919699519683105,9.972984182621605,9.731704795571744,9.769423484802246,439807200
2011-06-27,9.806543383659342,9.995435789835284,9.796365109030734,9.9397554397583,339813600
2011-06-28,9.987955938979692,10.07925909302905,9.981669754393417,10.036151885986328,294299600
2011-06-29,10.059500598081012,10.069379115102555,9.93496877349214,9.999629974365234,352545200
2011-06-30,10.019388840289336,10.062197087479671,9.96370926196426,10.048425674438477,322954800
2011-07-01,10.05680151714735,10.282813861418738,10.004414544638342,10.275629997253418,435313200
2011-07-05,10.267850936591529,10.472310175761798,10.252883680634316,10.460335731506348,355054000
2011-07-06,10.445966139580262,10.600134307782017,10.378910852135366,10.530084609985352,444626000
2011-07-07,10.617192940706415,10.716877346175705,10.597135355990202,10.6929292678833,399663600
2011-07-08,10.577388177331834,10.77675877257957,10.543261794269608,10.76807689666748,489633200
2011-07-11,10.66718809277651,10.769866936855584,10.561814599505212,10.597138404846191,442674400
2011-07-12,10.583071992605612,10.707304869842888,10.43608926698708,10.589658737182617,451609200
2011-07-13,10.726763471816245,10.776756389720727,10.668389240145936,10.717484474182129,391638800
2011-07-14,10.806986814095024,10.824948478674909,10.667188788577345,10.709996223449707,430533600
2011-07-15,10.811778401350363,10.926430915012563,10.75190777478499,10.924036026000977,484467200
2011-07-18,10.939304068183281,11.215308657718014,10.934814050547162,11.189864158630371,572653200
2011-07-19,11.315590450026962,11.335048521610926,11.175492654367252,11.28116512298584,819145600
2011-07-20,11.858023292696961,11.862513310418331,11.555076193506869,11.58201789855957,941340400
2011-07-21,11.583514500625583,11.676613018819625,11.49221134993677,11.593692779541016,526534400
2011-07-22,11.624521032943896,11.825986604504719,11.607457854350072,11.773599624633789,516728800
2011-07-25,11.685292036221872,11.974169494686869,11.663439875556493,11.929266929626465,589806000
2011-07-26,11.974170884191029,12.108880993090427,11.964592127500854,12.076251029968262,476582400
2011-07-27,11.991837059225116,12.053204912984715,11.739181773952678,11.75235366821289,659324400
2011-07-28,11.723310262316375,11.884062758019114,11.61883524884873,11.729296684265137,594034000
2011-07-29,11.60417087661755,11.828985916933812,11.495205810035586,11.689187049865723,632584400
2011-08-01,11.907712684862565,11.959201192880368,11.74576193462337,11.876879692077637,612836000
2011-08-02,11.90382607591125,11.911309706318587,11.625426551517304,11.642189979553223,639539600
2011-08-03,11.704151976037771,11.781086581495051,11.442517562773814,11.751749992370605,732508000
2011-08-04,11.657155726442632,11.714331706566796,11.296134180238587,11.296732902526855,871407600
2011-08-05,11.388632343946712,11.480235235770607,10.853686483701336,11.18447208404541,1204590800
2011-08-08,10.827345831877233,11.009353424343665,10.567805695673472,10.573493957519531,1143833600
2011-08-09,10.815668367049438,11.214109584080557,10.627074877376169,11.196147918701172,1082583600
2011-08-10,11.11053536164449,11.215309374321109,10.851594741051326,10.88721752166748,878656800
2011-08-11,11.091670598518295,11.239252787371308,10.918045199304654,11.18686580657959,741969200
2011-08-12,11.317688791494197,11.364687297927933,11.202737295292188,11.285359382629395,528976000
2011-08-15,11.364387708646442,11.524243373225353,11.318286888622366,11.477543830871582,460544000
2011-08-16,11.420963189730976,11.476343793673525,11.257515228097269,11.389829635620117,498750000
2011-08-17,11.444613057789093,11.510769866153248,11.315591214300234,11.388633728027344,442061200
2011-08-18,11.10125307252703,11.155437033104073,10.817764099983583,10.95786190032959,851435200
2011-08-19,10.841714088145718,10.986302719434043,10.657012663255669,10.657910346984863,775888400
2011-08-22,10.911765336119728,10.922842100237096,10.629773479697121,10.670186042785645,535315200
2011-08-23,10.785731767915621,11.185070620790167,10.686945018226002,11.183873176574707,656835200
2011-08-24,11.17998179305766,11.344327424935802,11.09406716354818,11.261107444763184,626267600
2011-08-25,10.928826103933536,11.239256806001078,10.926431214856228,11.187468528747559,871346000
2011-08-26,11.111133971936594,11.489218737088969,11.100058008305869,11.482633590698242,641477200
2011-08-29,11.620332381669987,11.71971866292386,11.614944681515151,11.673916816711426,405269200
2011-08-30,11.622430542312227,11.729899201203047,11.561362463910054,11.674518585205078,417922400
2011-08-31,11.691879326808555,11.737081654757445,11.431141798778834,11.520050048828125,522586400
2011-09-01,11.54968598957675,11.59518727733898,11.39701502841945,11.406294822692871,343725200
2011-09-02,11.218000450469368,11.315590570203055,11.130889168263543,11.197345733642578,438939200
2011-09-06,10.99737470952884,11.385337837854475,10.970731975724991,11.367676734924316,509698000
2011-09-07,11.541904370033953,11.543101814598694,11.435333402496212,11.493109703063965,350576800
2011-09-08,11.447309232329522,11.633208926354623,11.444615381414211,11.499397277832031,416158400
2011-09-09,11.49310559581536,11.555071331490861,11.226380110191814,11.30002212524414,564813200
2011-09-12,11.165913066717302,11.401803198196564,11.132983348568455,11.373664855957031,467832400
2011-09-13,11.439521728127708,11.561358885742964,11.38294368499074,11.513762474060059,440560400
2011-09-14,11.585607363272697,11.74097216979224,11.547888665795162,11.653860092163086,534724400
2011-09-15,11.717623822254422,11.784380151194247,11.671822771156796,11.76342487335205,417818800
2011-09-16,11.840657591760765,11.989136695861816,11.825390575823894,11.989136695861816,698513200
2011-09-19,11.884362790750178,12.370215052529224,11.830480192181998,12.322318077087402,823860800
2011-09-20,12.430685848691772,12.658495270261554,12.309148428357181,12.376802444458008,775754000
2011-09-21,12.562102607068985,12.620476827995292,12.333396300774698,12.337587356567383,605976000
2011-09-22,12.005004814611395,12.26813725264598,11.87538424309842,12.028653144836426,968480800
2011-09-23,11.982555886515655,12.175939224164777,11.969683754646027,12.102896690368652,546277200
2011-09-26,11.96998329912461,12.093317720972786,11.7137364953231,12.069069862365723,812876400
2011-09-27,12.2355079011578,12.251073881333083,11.916097153435286,11.952019691467285,632497600
2011-09-28,11.979858174985615,12.08612937501945,11.869695680042122,11.884664535522461,429637600
2011-09-29,12.031646532146704,12.04032760449662,11.561360228978243,11.691879272460938,651086800
2011-09-30,11.588601561887362,11.641588077120756,11.410785064578157,11.414976119995117,547640800
2011-10-03,11.386540469260138,11.454493455479996,11.171005226092886,11.213811874389648,669099200
2011-10-04,11.212911255826468,11.429344126163029,10.604324953341074,11.150944709777832,1233677200
2011-10-05,11.012048680898415,11.370075862852147,10.785736422679308,11.323078155517578,786469600
2011-10-06,11.175793398383172,11.51855431447612,11.129992342373914,11.296732902526855,812582400
2011-10-07,11.24913767156515,11.307810867480493,11.030908554703133,11.070123672485352,535458000
2011-10-10,11.348220780252383,11.639192581176758,11.32187700291069,11.639192581176758,442514800
2011-10-11,11.751749852126723,12.069365188291393,11.719719413102526,11.982851028442383,605687600
2011-10-12,12.1938964930662,12.251072466744553,11.978361289761306,12.039729118347168,622286000
2011-10-13,12.1232507148309,12.226529121398926,12.05948878281563,12.226529121398926,426185200
2011-10-14,12.477984411502229,12.632750511169434,12.431284077459106,12.632750511169434,573367200
2011-10-17,12.624967334603431,12.773447253021295,12.451341082046898,12.572580337524414,686044800
2011-10-18,12.625565206059923,12.716869148457862,12.452838236612195,12.639934539794922,881602400
2011-10-19,12.014582041335792,12.226225123342093,11.90831085920323,11.93285846710205,1104059600
2011-10-20,11.974172152141547,11.984649393002142,11.800846437958047,11.83377456665039,549270400
2011-10-21,11.91729574689219,11.94842850960629,11.69726968063339,11.760732650756836,621244400
2011-10-24,11.859817752946071,12.168750432157395,11.836468385175502,12.14689826965332,502138000
2011-10-25,12.124746787074262,12.170248882163012,11.89574150429752,11.907415390014648,430427200
2011-10-26,12.026853608491134,12.050503530814487,11.769109743008293,11.9921293258667,456304800
2011-10-27,12.200482402309454,12.243590404905035,12.030749038581241,12.114567756652832,494664800
2011-10-28,12.063970779301554,12.164254708070542,12.049302491127222,12.122344970703125,322842800
2011-10-31,12.046614261876098,12.253468396741951,12.0056021886252,12.11726188659668,385501200
2011-11-01,11.896640076105284,11.959204562240066,11.771210543622267,11.869697570800781,531790000
2011-11-02,11.97686701706174,11.987344258110253,11.827787555623907,11.896639823913574,327350800
2011-11-03,11.946329470066269,12.075950026796534,11.835269301277913,12.066071510314941,441386400
2011-11-04,12.034936278499197,12.07714498528111,11.949021660083329,11.981351852416992,302229200
2011-11-07,11.971477594877113,11.974171445462025,11.858321481791432,11.96608829498291,270275600
2011-11-08,12.040326510130132,12.213652976761525,12.020868439786218,12.160666465759277,400442000
2011-11-09,11.883464166008208,12.000811306897887,11.80144163123876,11.832873344421387,558684000
2011-11-10,11.885262008640229,11.890650508638865,11.439823067126976,11.53172492980957,744752400
2011-11-11,11.573333328532376,11.635898593064049,11.383243445741478,11.513762474060059,653786000
2011-11-14,11.48083137322023,11.532620432364077,11.32157530011766,11.353306770324707,432905200
2011-11-15,11.399410662919736,11.659848437976153,11.35899811145291,11.639792442321777,430810800
2011-11-16,11.652366792277837,11.70894485357466,11.50478453529588,11.518256187438965,349210400
2011-11-17,11.49460191865382,11.512563581826017,11.240750140715775,11.297926902770996,479900400
2011-11-18,11.343128006504609,11.375158436684462,11.22218855219812,11.223984718322754,371938000
2011-11-21,11.088081746935647,11.12639997050056,10.953672200466487,11.046472549438477,447980400
2011-11-22,11.106644675504677,11.31349886132692,11.104249785984388,11.270990371704102,409021200
2011-11-23,11.21111592740258,11.250930555322087,10.98270859649517,10.986001968383789,428271200
2011-11-25,11.028809667700365,11.110533254188761,10.876138695567212,10.883623123168945,254760800
2011-11-28,11.146454393205488,11.277272387111713,11.085985053902057,11.259310722351074,346413200
2011-11-29,11.250931443376153,11.340438423859629,11.082095760945062,11.17190170288086,375855200
2011-11-30,11.414078803593684,11.44371435452395,11.324571030494871,11.441319465637207,405938400
2011-12-01,11.451493439859792,11.644875848617165,11.397909020199483,11.612845420837402,387181200
2011-12-02,11.669723813296107,11.783478608241824,11.632304883052312,11.66583251953125,379055600
2011-12-05,11.779296250655642,11.866708138483434,11.68649665959463,11.76492691040039,357210000
2011-12-06,11.749957107102384,11.813420880148794,11.656259852210455,11.70325756072998,283598000
2011-12-07,11.672723780654014,11.702958861902832,11.577828279507326,11.647578239440918,304746400
2011-12-08,11.718222530546088,11.839460983007244,11.681701274283798,11.694573402404785,376356400
2011-12-09,11.760130633501035,11.795753401739155,11.705647718197788,11.783180236816406,296993200
2011-12-12,11.725107721181343,11.791564290862983,11.658352190061827,11.729897499084473,301067200
2011-12-13,11.764622086888618,11.836467953003869,11.588003031067295,11.639192581176758,338928800
2011-12-14,11.57602898226516,11.596385538179135,11.306011650185626,11.381149291992188,406887600
2011-12-15,11.475147665499575,11.487421072212324,11.324871574906668,11.343730926513672,256200000
2011-12-16,11.386239287520008,11.499694357413675,11.362590158057984,11.405996322631836,421478400
2011-12-19,11.449404216691732,11.520650572313016,11.389831746982928,11.441620826721191,235530400
2011-12-20,11.607763220596938,11.857425654835643,11.592795960582,11.852934837341309,337215200
2011-12-21,11.875084716287544,11.893346145257137,11.734986902145769,11.867900848388672,262948000
2011-12-22,11.884364575349629,11.94812809795123,11.857423671701026,11.930765151977539,202358800
2011-12-23,11.964889409695415,12.081637834611264,11.958902188003005,12.073854446411133,269399200
2011-12-27,12.0669710569895,12.246283972711069,12.06457536864955,12.169649124145508,265076000
2011-12-28,12.180425440095801,12.221136951706562,12.014283623725973,12.053199768066406,228662000
2011-12-29,12.075950985055757,12.143306037920828,11.989438419261047,12.127439498901367,215978000
2011-12-30,12.07924355430011,12.16216538536071,12.078645631423228,12.123847961425781,179662000
2012-01-03,12.255567411068315,12.348366982405945,12.243592963400623,12.310348510742188,302220800
2012-01-04,12.27352515837871,12.413623771459223,12.25197195602288,12.376502990722656,260022000
2012-01-05,12.421709437487893,12.529476277389684,12.353455879861095,12.513910293579102,271269600
2012-01-06,12.565992971107052,12.65520017689554,12.549528511012555,12.644722938537598,318292800
2012-01-09,12.73752334593129,12.804877592428314,12.613290492628005,12.624666213989258,394024400
2012-01-10,12.749798760079983,12.75249341015068,12.617783288758169,12.66987133026123,258196400
2012-01-11,12.653104131630691,12.658193669740331,12.55222224407756,12.649212837219238,215084800
2012-01-12,12.641130384591305,12.659689972288241,12.535457921192904,12.614487648010254,212587200
2012-01-13,12.56389839723089,12.586349280689944,12.53276484282787,12.567190170288086,226021600
2012-01-17,12.698608260223343,12.752193503206602,12.661488279192335,12.713576316833496,242897200
2012-01-18,12.781226306309179,12.856363928409012,12.761469277171871,12.845587730407715,276791200
2012-01-19,12.876726178048143,12.913246642107548,12.767761110123834,12.80488109588623,261738400
2012-01-20,12.79709390230515,12.797392863705527,12.565393221478788,12.581857681274414,413974400
2012-01-23,12.652809478877405,12.825837046923215,12.64173351467739,12.794703483581543,306062400
2012-01-24,12.725549228680876,12.725549228680876,12.559407417458196,12.585151672363281,547638000
2012-01-25,13.603856666515984,13.604155627991847,13.283248461331908,13.370959281921387,958314000
2012-01-26,13.421851031525957,13.434722363337752,13.265588490978399,13.310192108154297,323985200
2012-01-27,13.301508162516898,13.425441274757496,13.284445776804981,13.389518737792969,299709200
2012-01-30,13.342515917523375,13.587687427389032,13.33293716305996,13.561044692993164,379341200
2012-01-31,13.63828092671535,13.717609628663451,13.562843519820488,13.664923667907715,391683600
2012-02-01,13.72269590850829,13.740058049749045,13.63708104776014,13.656238555908203,270046000
2012-02-02,13.647559723633796,13.685577383525192,13.590083992315229,13.624210357666016,186796400
2012-02-03,13.68946994407151,13.770295039393428,13.637381914348362,13.76071548461914,286599600
2012-02-06,13.72180353434853,13.919377115749308,13.716415832504243,13.889142036437988,249412800
2012-02-07,13.927456181158908,14.062166273714807,13.907398588426727,14.034625053405762,316223600
2012-02-08,14.084620646217152,14.272913622826055,14.060671753058035,14.269621849060059,407890000
2012-02-09,14.391757279931786,14.87042496638625,14.385770056944365,14.763256072998047,884214800
2012-02-10,14.697097213592162,14.896466115813261,14.624951586307517,14.770737648010254,631302000
2012-02-13,14.953647656039578,15.082370575322999,14.880605121186619,15.045550346374512,517216000
2012-02-14,15.107212036904741,15.253894987717173,15.02758437771003,15.25090217590332,460398400
2012-02-15,15.39459513347099,15.754717431211192,14.87461636775194,14.897967338562012,1506120000
2012-02-16,14.713255997768348,15.11409116719201,14.56746999468695,15.03386402130127,944552000
2012-02-17,15.060811162838073,15.200311035364816,14.976692693341446,15.03117561340332,535805200
2012-02-21,15.173669668170753,15.41225528717041,15.091047597008476,15.41225528717041,605595200
2012-02-22,15.359267817952189,15.431411845673152,15.239226013549933,15.358070373535156,483302400
2012-02-23,15.419137938264127,15.501461040212755,15.252098444334885,15.458353042602539,568027600
2012-02-24,15.55654062097039,15.653231448888292,15.525707629779506,15.63856315612793,415072000
2012-02-27,15.60564162106454,15.82087793590232,15.455067327989582,15.738855361938477,547582000
2012-02-28,15.804706408990846,16.027725219726562,15.741542419590587,16.027725219726562,600387200
2012-02-29,16.211832254831897,16.392942161489795,16.03641060995756,16.238174438476562,952011200
2012-03-01,16.409696110280773,16.410895153024352,16.128303160493644,16.298934936523438,683270000
2012-03-02,16.29205700596435,16.36869025483053,16.240566893596654,16.3201961517334,431712400
2012-03-05,16.32738281522984,16.389048815078365,15.746035442604109,15.96037483215332,809124400
2012-03-06,15.675990164615087,15.97624186344945,15.453270221182127,15.873563766479492,810238800
2012-03-07,16.069334044751297,16.098670629361443,15.665205405464004,15.886428833007812,798520800
2012-03-08,16.006173214340112,16.254637348352375,15.929239404921798,16.224702835083008,516457200
2012-03-09,16.291152319527335,16.396824755684836,16.258223408402397,16.31989097595215,418919200
2012-03-12,16.433942993775563,16.524349212646484,16.374670317607297,16.524349212646484,407282400
2012-03-13,16.690199767251887,17.00871202780098,16.636613723307057,17.006317138671875,690855200
2012-03-14,17.304171403326148,17.803193917957312,17.224841119289877,17.64932632446289,1418844000
2012-03-15,17.949580252216442,17.96155469662132,17.319140942179715,17.528987884521484,1159718000
2012-03-16,17.5038458520228,17.6379564648604,17.302679932766395,17.5292911529541,825487600
2012-03-19,17.912462808791123,18.014242398645383,17.63346462202273,17.994186401367188,901236000
2012-03-20,17.946587011400798,18.167808871276,17.706206040935854,18.139671325683594,816662000
2012-03-21,18.04326979204677,18.250123825326053,18.003456781537572,18.03608512878418,644042000
2012-03-22,17.89479747189421,18.095964930372787,17.827443223895308,17.941497802734375,623870800
2012-03-23,17.97591923401833,18.015134329938743,17.793611963722267,17.843006134033203,430488800
2012-03-26,17.954966036534728,18.175292592620977,17.819360663976124,18.170202255249023,595742000
2012-03-27,18.146261609274028,18.448609214628796,18.14266927502117,18.394725799560547,607129600
2012-03-28,18.511465968801208,18.603368621144394,18.2698875729132,18.48871612548828,655460400
2012-03-29,18.343830071821863,18.456986171084647,18.177689055538952,18.256418228149414,608238400
2012-03-30,18.22378041929035,18.277364834804274,17.899580077111093,17.947776794433594,731038000
2012-04-02,18.016039698730552,18.52314548737613,17.972632732433848,18.51895523071289,598351600
2012-04-03,18.77849050616414,18.925475603771726,18.635100939120505,18.838960647583008,834559600
2012-04-04,18.690187083993848,18.73538942281407,18.470161014726248,18.688989639282227,572980800
2012-04-05,18.768905030008,18.99880946112739,18.661736199747182,18.969472885131836,641298000
2012-04-09,18.743468885587266,19.15388378705914,18.71862311175423,19.04581642150879,597536800
2012-04-10,19.15657769644112,19.27841487447811,18.739577648429442,18.812620162963867,889725200
2012-04-11,19.04492014812527,19.06497614469782,18.659948931013034,18.74556541442871,696614800
2012-04-12,18.709641538835765,18.899133530635165,18.574931432944197,18.642885208129883,614336800
2012-04-13,18.68299593576236,18.700658638813817,18.066326511683254,18.117815017700195,859644800
2012-04-16,18.26240847663195,18.26899362265129,17.310163428512023,17.36644172668457,1050786800
2012-04-17,17.330820102453288,18.260612726276644,17.120373593876085,18.251632690429688,1025528000
2012-04-18,18.37196494421259,18.56744410260444,18.042375239817904,18.210912704467773,954531200
2012-04-19,17.96784471538962,18.102853807104175,17.49785806388955,17.585269927978516,834719200
2012-04-20,17.70321067297851,17.80020206636862,17.075764223620755,17.15239906311035,1030985200
2012-04-23,17.081455877239623,17.262864735050847,16.662658826313354,17.114084243774414,966529200
2012-04-24,16.84196975193965,16.994041998682253,16.61416114261742,16.772220611572266,1076149200
2012-04-25,18.429448990072462,18.50009662740456,18.140871217349442,18.26061248779297,905777600
2012-04-26,18.388430316947446,18.401004280930465,18.025014780168767,18.191755294799805,536068400
2012-04-27,18.113025954539648,18.14625383309604,17.976219948774272,18.051057815551758,406722400
2012-04-30,17.895399662666883,17.913361331053743,17.452354768137283,17.481691360473633,506144800
2012-05-01,17.509230613547075,17.86426409236147,17.399367885387203,17.42630958557129,610999200
2012-05-02,17.369733726404267,17.584071519075106,17.328422686017188,17.541563034057617,427389200
2012-05-03,17.67686906259775,17.703810761908667,17.371527139200456,17.417028427124023,390549600
2012-05-04,17.275128338671934,17.31344494492161,16.918597009772185,16.920991897583008,529992400
2012-05-07,16.808743804451236,17.146116221044146,16.800660653852287,17.04762840270996,460118400
2012-05-08,17.050615995269993,17.108091718811384,16.725817645560873,17.00870704650879,497252000
2012-05-09,16.87459592038198,17.182332678023982,16.789280021439364,17.03864097595215,480704000
2012-05-10,17.2003002933059,17.239216446661402,17.016498127544036,17.07876205444336,333200000
2012-05-11,16.913516866974202,17.19700586041414,16.89405879330507,16.964706420898438,399546000
2012-05-14,16.840771494639807,16.988651879333947,16.69199262697614,16.710552215576172,352626400
2012-05-15,16.807243849930742,16.860228763022313,16.516869196020036,16.559377670288086,476336000
2012-05-16,16.58572886639001,16.670745852964966,16.19626831788189,16.347143173217773,560896000
2012-05-17,16.324084353463846,16.389643226931675,15.869365692138672,15.869365692138672,717220000
2012-05-18,15.984316532471544,16.26720593040061,15.631678008234323,15.877147674560547,732292400
2012-05-21,16.000481865970485,16.80993491251905,15.98700942047588,16.80215072631836,631106000
2012-05-22,17.049723613097193,17.179344997223346,16.541720913067525,16.673137664794922,694870400
2012-05-23,16.689001397538778,17.147015168981714,16.56117858160585,17.079959869384766,584897600
2012-05-24,17.238912143335416,17.257772291181738,16.80065711164796,16.923093795776367,496230000
2012-05-25,16.901253577032673,16.938972302434507,16.718047654198642,16.832401275634766,328507200
2012-05-29,17.09014071168643,17.18294028935627,16.922802190604838,17.13115119934082,380508800
2012-05-30,17.039241794451208,17.36224479084729,16.960212071721585,17.337697982788086,529429600
2012-05-31,17.384699823673746,17.407451270131897,17.106900681596056,17.29459571838379,491674400
2012-06-01,17.038045095904145,17.142520114144943,16.77940351835902,16.793472290039062,520987600
2012-06-04,16.8087425496451,16.988354427126765,16.419582682406013,16.892261505126953,556995600
2012-06-05,16.801857779528998,16.957522374580464,16.713848002625053,16.848556518554688,388214400
2012-06-06,16.99643700927297,17.178443769655868,16.92848323572055,17.10689926147461,401455600
2012-06-07,17.281425632518964,17.28232251698215,17.07816379535501,17.11468505859375,379766800
2012-06-08,17.11109289338385,17.37991363013706,17.033260587436715,17.372129440307617,347516400
2012-06-11,17.593645265236745,17.6169946284557,17.08204880661603,17.098215103149414,591264800
2012-06-12,17.196702039305077,17.261360827332734,16.964402665435472,17.247591018676758,435380400
2012-06-13,17.19849718558001,17.317040959983114,17.074564113094493,17.127849578857422,293580000
2012-06-14,17.10031436409584,17.167969183521816,16.981172625164838,17.10899543762207,345573200
2012-06-15,17.09312867154697,17.201495001480804,17.049721707794504,17.186826705932617,335255200
2012-06-18,17.09192718377782,17.598732215235234,17.07426448342659,17.535568237304688,440412000
2012-06-19,17.46432785014974,17.661901390805923,17.455347816019643,17.584369659423828,361404400
2012-06-20,17.608313621067122,17.639447171287536,17.386492271599494,17.534374237060547,358943200
2012-06-21,17.52538967530283,17.608609637928485,17.285905663671922,17.29279136657715,326351200
2012-06-22,17.33380912335426,17.42810507465763,17.22544280028627,17.425411224365234,284471600
2012-06-25,17.281726061841482,17.356565561050935,17.074273950055662,17.08624839782715,304382400
2012-06-26,17.103012040184524,17.197608584464135,16.98327075281839,17.12396812438965,276536400
2012-06-27,17.212869936447596,17.264957973240488,17.120669906679236,17.19790267944336,202997200
2012-06-28,17.11317986399334,17.182928982112706,16.931771085637177,17.034748077392578,282836400
2012-06-29,17.30267490008202,17.482288360595703,17.190417286623042,17.482288360595703,421500800
2012-07-02,17.50414270233392,17.765777127153832,17.470315295429238,17.73733901977539,400092000
2012-07-03,17.807981307153025,17.961250957315727,17.781639135193803,17.943588256835938,241712800
2012-07-05,17.97801872652658,18.390529551732797,17.950778063991212,18.258813858032227,484383200
2012-07-06,18.17349799129132,18.213910543059416,18.008554412249534,18.13727569580078,418930400
2012-07-09,18.119918476915892,18.37736271273804,18.0842956933364,18.377063751220703,379405600
2012-07-10,18.499195908020496,18.55607372403179,18.120213505936984,18.207027435302734,511957600
2012-07-11,18.14446210556023,18.19056292266311,17.878037879989396,18.0938720703125,469322000
2012-07-12,17.968444974725035,18.065135840134438,17.742132714050033,17.92833137512207,428041600
2012-07-13,18.04956639535733,18.176490712209045,17.961256065291522,18.110034942626953,311427200
2012-07-16,18.114529257493892,18.309108424693434,18.11153484639722,18.168113708496094,301260400
2012-07-17,18.284252926335107,18.305507958031143,18.055545907583085,18.169002532958984,293624800
2012-07-18,18.15853154802183,18.210918546820892,18.067826324515252,18.148653030395508,252700000
2012-07-19,18.298920855225052,18.42075798787311,18.14086144024279,18.389925003051758,436861600
2012-07-20,18.35131269945937,18.393522213155418,18.07201559913746,18.089977264404297,397471200
2012-07-23,17.79361712272711,18.137875213074693,17.593349731274937,18.075908660888672,487975600
2012-07-24,18.18217598010761,18.25102822600513,17.916648709473908,17.988794326782227,565132400
2012-07-25,17.19670506607765,17.386494405760743,17.06319241509912,17.211971282958984,877312800
2012-07-26,17.35536153135784,17.37452064228781,17.073970083194965,17.209278106689453,406632800
2012-07-27,17.213175237861655,17.53707687258735,17.110796102202404,17.517019271850586,403936400
2012-07-30,17.689448174110897,17.944497530566643,17.596646998215085,17.812482833862305,379142400
2012-07-31,18.05794770082735,18.31150218040299,18.042681482303358,18.283361434936523,462327600
2012-08-01,18.437528369638567,18.452196664273636,18.05106077251501,18.165115356445312,384501600
2012-08-02,18.046271038970254,18.281262694316272,17.96873771759274,18.19445037841797,332158400
2012-08-03,18.36927734031905,18.49949663683035,18.307310784153728,18.431243896484375,344920800
2012-08-06,18.47884704631235,18.705758883223943,18.41807950866424,18.636308670043945,302103200
2012-08-07,18.642886568476747,18.70964290405375,18.501292345537568,18.587207794189453,290446800
2012-08-08,18.541698598112013,18.676109706684706,18.473146918347894,18.555768966674805,244706000
2012-08-09,18.575017437036337,18.69166666915814,18.573514605988795,18.661602020263672,221642400
2012-08-10,18.600865394505437,18.692558919437058,18.600565149549965,18.69075584411621,194938800
2012-08-13,18.74157216551232,18.94029426574707,18.737362312101403,18.94029426574707,278832400
2012-08-14,18.99650321077716,19.19913480477377,18.94659672733609,18.991090774536133,340169200
2012-08-15,18.979380803324972,19.060552956656856,18.872654096776255,18.96525001525879,257342400
2012-08-16,18.976673298947958,19.143527686531414,18.955326996632525,19.130901336669922,254534000
2012-08-17,19.240926851886464,19.48715019648264,19.20515113971533,19.484745025634766,442761200
2012-08-20,19.54187340710806,19.997041702270508,19.538565894715965,19.997041702270508,613384800
2012-08-21,20.16749736601851,20.289557378895015,19.551486225029173,19.723752975463867,812719600
2012-08-22,19.67445126330681,20.112783276445647,19.48474780102648,20.108875274658203,565322800
2012-08-23,20.025899742110813,20.139841924693936,19.876782330037074,19.92127799987793,420128800
2012-08-24,19.827479323047477,20.127216999050503,19.708426544352204,19.939016342163086,437340400
2012-08-27,20.443191926111307,20.469648816821206,20.249280161230477,20.313617706298828,427008400
2012-08-28,20.29256598379823,20.32623838075487,20.16299019457491,20.287155151367188,267416800
2012-08-29,20.300687575834132,20.373441609985804,20.221018271779975,20.247173309326172,202806800
2012-08-30,20.162093073914598,20.18945069715493,19.92789390060918,19.958559036254883,302699600
2012-08-31,20.060174250511626,20.100760316005974,19.75953423074919,19.999746322631836,338321200
2012-09-04,20.015378318661355,20.29737743340861,19.97749767281294,20.292266845703125,367892000
2012-09-05,20.310310037310266,20.33375966019201,20.13082769951784,20.149768829345703,336375200
2012-09-06,20.238154242865715,20.392082013929762,20.166903041274924,20.33135223388672,391196400
2012-09-07,20.38486734799682,20.518052537054146,20.31632316039153,20.456722259521484,329666400
2012-09-10,20.457025533840213,20.542405937298227,19.905351593855638,19.924592971801758,487998000
2012-09-11,19.995836170640814,20.14585431376095,19.736984829968854,19.859947204589844,503983200
2012-09-12,20.04814420270776,20.139839341403103,19.721951310526272,20.136531829833984,712233200
2012-09-13,20.364420121670495,20.6088404380732,20.286253659624332,20.533079147338867,598360000
2012-09-14,20.742930026145036,20.953978226802,20.680695805965915,20.78261375427246,600474000
2012-09-17,21.025228310587725,21.038756999508156,20.88272590654739,21.038156509399414,398031200
2012-09-18,21.04115429304133,21.114810639095626,20.937133068151528,21.102184295654297,373503200
2012-09-19,21.052588996236192,21.16472651783367,21.03184479104391,21.107906341552734,326874800
2012-09-20,21.01951092245704,21.046569899830644,20.85295683957131,21.00568199157715,336568400
2012-09-21,21.117218446527414,21.19718797428746,21.025523308687827,21.047470092773438,571589200
2012-09-24,20.649727148306614,20.8980554715466,20.533680038625583,20.76787757873535,639766400
2012-09-25,20.691817435590202,20.82770802093127,20.233041404308015,20.249277114868164,518789600
2012-09-26,20.104970803769483,20.22372334237501,19.87828899881634,19.997943878173828,576503200
2012-09-27,19.97118309287107,20.508726005328665,19.852730820983616,20.483171463012695,594090000
2012-09-28,20.405906767957354,20.47685770996228,20.045139130170593,20.055662155151367,535110800
2012-10-01,20.177729867014406,20.34578846558103,19.73699249540494,19.823877334594727,543594800
2012-10-02,19.896623314310823,20.033114373616435,19.561109954719516,19.881591796875,627992400
2012-10-03,19.988319559508703,20.198767220627357,19.92127661717418,20.186439514160156,424281200
2012-10-04,20.180428255965722,20.27062057693294,20.009065415069394,20.04664421081543,370725600
2012-10-05,19.998539095525498,20.02258919972469,19.580048978755205,19.61943244934082,594006000
2012-10-08,19.44777008626209,19.46821404199927,19.1239807287043,19.1859130859375,637994000
2012-10-09,19.20033880443413,19.255656122603607,18.746373290355336,19.116159439086914,838597200
2012-10-10,19.233112430609978,19.39064793607216,19.15073772380344,19.268287658691406,510356000
2012-10-11,19.436355207804162,19.457399663180134,18.883176803588867,18.883176803588867,546081200
2012-10-12,18.927054235329038,19.102026361314877,18.798982930362058,18.931564331054688,460014800
2012-10-15,19.01093742546258,19.094514703242975,18.755393644883764,19.083391189575195,432502000
2012-10-16,19.10173374713075,19.550588800368857,18.970353273521287,19.535255432128906,549771600
2012-10-17,19.507599110146387,19.625449300489624,19.361187107323367,19.379526138305664,389037600
2012-10-18,19.228607734969742,19.30286460208298,18.940293795843342,19.019662857055664,476624400
2012-10-19,18.971867872179473,18.99351281961069,18.327596322158723,18.334211349487305,744086000
2012-10-22,18.411768817603907,19.102037025678396,18.36186230863104,19.061450958251953,546730800
2012-10-23,18.97034881033343,19.05753544554504,18.39011663117472,18.440021514892578,707145600
2012-10-24,18.682943753586375,18.83656965649991,18.358252047282242,18.544347763061523,558527200
2012-10-25,18.63964701000416,18.699776281282926,18.205223059940202,18.325178146362305,656325600
2012-10-26,18.32186928583263,18.45926265360201,17.767792140695907,18.15862274169922,1018432800
2012-10-31,17.88444611709853,18.097298981274626,17.668587591296596,17.897674560546875,510003200
2012-11-01,17.98485795941165,18.128562931448766,17.863099774217154,17.934350967407227,361298000
2012-11-02,17.914815659865344,17.946683388201837,17.279264169461637,17.34089469909668,599373600
2012-11-05,17.542914658674665,17.67068574660313,17.364935228210967,17.575984954833984,529135600
2012-11-06,17.74464870488777,17.759980468867926,17.439800445214424,17.522775650024414,374917200
2012-11-07,17.33069995456532,17.351840524992213,16.784358065531926,16.852312088012695,793648800
2012-11-08,16.931740901946792,16.98006405044177,16.166441586262675,16.24073600769043,1056146000
2012-11-09,16.32137160892685,16.758081514085543,16.11902248719894,16.521907806396484,929913600
2012-11-12,16.736021962250845,16.746593044723028,16.26790236551847,16.39414405822754,515802000
2012-11-13,16.275763955214583,16.625192118916956,16.198750176968986,16.39626693725586,532949200
2012-11-14,16.474793734058775,16.533686350554476,16.193317898534044,16.214458465576172,477170400
2012-11-15,16.23408926190039,16.29358511090015,15.78378889561145,15.874391555786133,789910800
2012-11-16,15.861708105308608,16.006674302277325,15.274293229892733,15.936607360839844,1266893600
2012-11-19,16.33012783523724,17.139219383792753,16.305061418376834,17.085763931274414,823317600
2012-11-20,17.27240828661387,17.273616365021258,16.7490200102963,16.94019317626953,642754000
2012-11-21,17.041069816900567,17.135296722868887,16.81002841124281,16.96405601501465,373002000
2012-11-23,17.12925605309475,17.275128720642005,16.99123670286602,17.260026931762695,272826400
2012-11-26,17.392908696496317,17.818745787730045,17.32676762322719,17.80455207824707,630579600
2012-11-27,17.805156280285228,17.831432386396163,17.519754638396375,17.661096572875977,533330000
2012-11-28,17.434283700959003,17.691901146040017,17.282975529065205,17.605525970458984,520864400
2012-11-29,17.825391985481772,17.947101437938592,17.675291886685287,17.79941749572754,514698800
2012-11-30,17.721802710946328,17.77042746511471,17.597675473367453,17.676198959350586,391319600
2012-12-03,17.92898454866841,17.957373586317658,17.6828429953759,17.70368194580078,364280000
2012-12-04,17.5710927508597,17.5710927508597,17.279047531283602,17.391395568847656,557068400
2012-12-05,17.18180048105055,17.192068338938185,16.27153375004102,16.272138595581055,1044638000
2012-12-06,15.974659959407589,16.71066360521322,15.663283789274933,16.52734375,1177212400
2012-12-07,16.713381314878518,16.767743226422276,16.006671626044707,16.104825973510742,787040800
2012-12-10,15.855668724629316,16.26368799765999,15.7523804236662,16.001239776611328,630484400
2012-12-11,16.301743478542363,16.597414700421453,16.22926036737778,16.350669860839844,592345600
2012-12-12,16.543342871579732,16.55028972337714,16.19602931429165,16.278478622436523,487144000
2012-12-13,16.04140660888089,16.237413735614783,15.879828916305648,15.997312545776367,625259600
2012-12-14,15.546099735201812,15.64817992011712,15.269154672541669,15.39630126953125,1009579200
2012-12-17,15.370329898812118,15.704657900183404,15.137780476001003,15.66932201385498,757607200
2012-12-18,15.855664631632795,16.15465674993517,15.712208157464227,16.12445640563965,625685200
2012-12-19,16.051063411147368,16.11841255158219,15.870761394367817,15.895224571228027,449369200
2012-12-20,16.006673544867528,16.012713937198896,15.67083579585267,15.756909370422363,481689600
2012-12-21,15.47724676474385,15.69469607679906,15.409897591611548,15.684428215026855,596268400
2012-12-24,15.71523024995743,15.83301385897196,15.665699036684892,15.709793090820312,175753200
2012-12-26,15.674458735377907,15.68835244448201,15.436473724395638,15.49325180053711,302436400
2012-12-27,15.509561572123767,15.591407688190865,15.241374572617609,15.555468559265137,455120400
2012-12-28,15.411410510250601,15.537953935854201,15.34587264173129,15.390268325805664,354278400
2012-12-31,15.418650696950191,16.169757603693984,15.372443721221321,16.072206497192383,659492400
2013-01-02,16.726058694540544,16.761696184423023,16.357906246445708,16.58139419555664,560518000
2013-01-03,16.54667369375897,16.60073400189522,16.3388890114887,16.37211036682129,352965200
2013-01-04,16.217176700699575,16.267311152830555,15.880734090948101,15.916069984436035,594333600
2013-01-07,15.765068649115538,15.985537407314801,15.5597000709912,15.8224515914917,484156400
2013-01-08,15.98281361257876,16.063753257001828,15.742412449167068,15.865028381347656,458707200
2013-01-09,15.780160698221348,15.855966401880957,15.583550390363834,15.617074966430664,407604400
2013-01-10,15.962882964717418,15.968016895567153,15.56936063275084,15.810669898986816,601146000
2013-01-11,15.734855156654852,15.865324345592727,15.675056106341195,15.713714599609375,350506800
2013-01-14,15.1815739678739,15.327145006297995,15.055635414571608,15.153488159179688,734207600
2013-01-15,15.049289189138813,15.070128133987978,14.598685716889886,14.675397872924805,876772400
2013-01-16,14.938751553643447,15.385730764389542,14.874121795937166,15.284555435180664,690804800
2013-01-17,15.412015243083529,15.425304110538088,15.161949370855444,15.181578636169434,453678400
2013-01-18,15.055938527413446,15.167683379279485,14.991911974106273,15.100637435913086,472922800
2013-01-22,15.238347934955957,15.338615185968804,14.998851706629832,15.24468994140625,461546400
2013-01-23,15.366705266611753,15.553349323048378,15.244692589783071,15.523752212524414,861509600
2013-01-24,13.892583231619458,14.06563682558764,13.59812018327661,13.605671882629395,1460852400
2013-01-25,13.641609569261771,13.778722414792789,13.137549819683992,13.284932136535645,1208026400
2013-01-28,13.223022170857035,13.687517026738272,13.163525519151923,13.585436820983887,785517600
2013-01-29,13.847279838010168,13.898622356568064,13.654595391714558,13.840332984924316,571158000
2013-01-30,13.80198413612935,13.971111942026194,13.726481630628225,13.796850204467773,417155200
2013-01-31,13.801371044288462,13.870833106179136,13.740968760451008,13.756370544433594,319334400
2013-02-01,13.8657028778838,13.87687719853543,13.540737891219884,13.699897766113281,539484400
2013-02-04,13.708654727531528,13.769963484030404,13.348957925752146,13.358622550964355,477117200
2013-02-05,13.410872045858305,13.884730666836354,13.35560367465845,13.827347755432129,573347600
2013-02-06,13.785971868353144,14.088889841969056,13.668488269338146,13.812549591064453,593706400
2013-02-07,14.072275501342816,14.27732075191523,13.794929858041463,14.223250389099121,704580800
2013-02-08,14.39883165887739,14.544946076929437,14.224161131498166,14.428601264953613,633158400
2013-02-11,14.474772531257187,14.731157759273431,14.376047768129162,14.57896614074707,517490400
2013-02-12,14.566213277631784,14.653396874746209,14.208672924061739,14.213533401489258,609053200
2013-02-13,14.192568514787016,14.387894428316553,14.071363236290473,14.186492919921875,475207600
2013-02-14,14.110861071757245,14.327147493576486,14.095672887919445,14.173742294311523,355275200
2013-02-15,14.242386510686659,14.282182061908197,13.97111809977132,13.978408813476562,391745200
2013-02-19,14.006965582695633,14.056480471280103,13.786730509467118,13.973245620727539,435783600
2013-02-20,13.90337964074137,13.90337964074137,13.6333246641879,13.634844779968262,476302400
2013-02-21,13.54826715748848,13.64456412847767,13.45166762346868,13.550089836120605,447182400
2013-02-22,13.646991793340796,13.71837718724178,13.566491385676061,13.694379806518555,330654800
2013-02-25,13.786733132578126,13.825311956160808,13.444076767784978,13.451064109802246,372579200
2013-02-26,13.482044080556102,13.716557185258655,13.29492061779681,13.638487815856934,501499600
2013-02-27,13.622084205510212,13.743897871476038,13.385750021906471,13.504828453063965,587350400
2013-02-28,13.489033670867437,13.6050743123924,13.408534049987793,13.408534049987793,322515200
2013-03-01,13.305247629106564,13.310716475593004,13.0616227666646,13.076507568359375,552448400
2013-03-04,12.995400573468263,13.007551763996103,12.72808087114312,12.759977340698242,582755600
2013-03-05,12.803417860300023,13.219889816146647,12.781242341036457,13.096861839294434,638433600
2013-03-06,13.199236117490823,13.2217158264124,12.893032517686118,12.930397033691406,460250000
2013-03-07,12.895153329337779,13.12328742843612,12.790655543371345,13.07984733581543,468473600
2013-03-08,13.056156874896544,13.227180435385119,13.020007485445054,13.114480972290039,391482000
2013-03-11,13.054636556482052,13.33593094221959,12.914596923146465,13.301300048828125,474236000
2013-03-12,13.232346340948213,13.331983688009563,12.988416419052243,13.014540672302246,465911600
2013-03-13,13.015151227351025,13.198932775980682,12.921285275512151,13.012112617492676,405549200
2013-03-14,13.14820138962239,13.203184323591431,13.075903410457606,13.138177871704102,303875600
2013-03-15,13.303127795356904,13.494505065411767,13.282470763359205,13.477190017700195,643960800
2013-03-18,13.41005286440687,13.896392584779635,13.40245877463749,13.843537330627441,606197200
2013-03-19,13.958358842920248,14.003014870915587,13.624209235777906,13.806170463562012,526775200
2013-03-20,13.895176659834373,13.90155562923312,13.657321568423338,13.73296070098877,308660800
2013-03-21,13.676461592133423,13.912188223052343,13.67281623460445,13.752707481384277,383255600
2013-03-22,13.808905137409912,14.03734103341476,13.764250728302947,14.031570434570312,395105200
2013-03-25,14.116019478980157,14.275805211246576,14.02762240125067,14.082301139831543,501135600
2013-03-26,14.138803795364604,14.150954988437652,13.98965236177891,14.008182525634766,294294000
2013-03-27,13.866013802786583,13.876341503496764,13.69195165000668,13.73296070098877,331237200
2013-03-28,13.664311247761145,13.725065588023035,13.415217479294132,13.446809768676758,442839600
2013-04-01,13.423721051208988,13.4784006004603,12.993579427724928,13.029120445251465,389732000
2013-04-02,12.989324296400392,13.309500018399499,12.952870729006767,13.0558500289917,529519200
2013-04-03,13.103844415268698,13.283374568175885,13.071644578152224,13.122678756713867,363216000
2013-04-04,13.176448266510757,13.21411532967626,12.917936995914594,12.992968559265137,358447600
2013-04-05,12.895154951556455,12.908825445703087,12.748736358668662,12.85566520690918,383695200
2013-04-08,12.90579025514089,12.986289881226394,12.834100649600675,12.947103500366211,300829200
2013-04-09,12.95165977977408,13.01666622500052,12.841997297330195,12.97049331665039,306614000
2013-04-10,13.004515221669761,13.276696237640165,12.941026461774701,13.235078811645508,375928000
2013-04-11,13.175237525381233,13.304948678556887,13.098686627693233,13.193768501281738,328364400
2013-04-12,13.188296709702042,13.188296709702042,13.034588200108173,13.056156158447266,238613200
2013-04-15,12.971096795444488,12.998132784186014,12.74478618293532,12.753899574279785,317520000
2013-04-16,12.80615193029096,12.95925289531656,12.77577476112843,12.948014259338379,305771200
2013-04-17,12.766656111018285,12.776681245978237,12.093495756246863,12.23596477508545,945056000
2013-04-18,12.302498379547291,12.326799955006834,11.839244274105006,11.909416198730469,666299200
2013-04-19,11.785475189203112,12.138763390562696,11.698291603347293,11.863241195678711,609274400
2013-04-22,11.927335138494213,12.217742911002855,11.885719339265735,12.110509872436523,429920400
2013-04-23,12.272117719329458,12.405474197757075,12.11476304492928,12.337125778198242,664238400
2013-04-24,11.954674966629096,12.614164988798633,11.923081872506616,12.316771507263184,969651200
2013-04-25,12.492048911244725,12.574371196819609,12.363552914142458,12.405473709106445,384837600
2013-04-26,12.448915724695649,12.721095955097661,12.401526883767735,12.6734037399292,764097600
2013-04-29,12.772129871322146,13.17219936964683,12.75846018525635,13.065878868103027,640326400
2013-04-30,13.217153738307536,13.52548327519908,13.125110506285614,13.450450897216797,691538400
2013-05-01,13.50148810752421,13.515765352722488,13.195589551123271,13.344437599182129,506909200
2013-05-02,13.42007746845428,13.626946253489798,13.38514400586845,13.533689498901367,421828400
2013-05-03,13.709572019371732,13.767897741782042,13.643957203982184,13.669171333312988,361300800
2013-05-06,13.84322988338726,14.040379297544488,13.800702339278592,13.995118141174316,496641600
2013-05-07,14.124528602889564,14.148222620305468,13.782176413967372,13.93284797668457,483753200
2013-05-08,13.9443921856671,14.136681201848866,13.846274122283456,14.090203285217285,472598000
2013-05-09,14.060236241378137,14.157780590361034,13.93088966822198,13.967277526855469,398487600
2013-05-10,14.003968121784121,14.05717485636247,13.774936327044552,13.851076126098633,334852000
2013-05-13,13.806433463124337,14.001829144209312,13.806128080822933,13.905200958251953,316948800
2013-05-14,13.877984674789976,13.919265167656167,13.520217137162815,13.57250690460205,447118000
2013-05-15,13.428791241928167,13.485055072009676,12.915074531620478,13.113527297973633,741613600
2013-05-16,12.94198186572642,13.388731619095662,12.80927204311442,13.288740158081055,603204000
2013-05-17,13.425427822875386,13.457229226266273,13.179577915350656,13.24837875366211,427904400
2013-05-20,13.207095494326934,13.631829125879138,13.151748636387488,13.544069290161133,451578400
2013-05-21,13.397904350366412,13.622043482765303,13.277119958919451,13.444077491760254,456022000
2013-05-22,13.578317000828916,13.70980447144868,13.400044806650476,13.495755195617676,443038400
2013-05-23,13.33063475754074,13.642839985079311,13.325742108482242,13.519914627075195,353021200
2013-05-24,13.480464242130608,13.627545779585054,13.465480917796576,13.611950874328613,276166800
2013-05-28,13.75720235717119,13.79420097206439,13.480468035875974,13.49850845336914,386145200
2013-05-29,13.454476130444444,13.68381413971203,13.436128697768561,13.605838775634766,330576400
2013-05-30,13.627241717944417,13.897861011105174,13.592382416430295,13.808571815490723,353519600
2013-05-31,13.836704932449699,13.97736695417028,13.744971032408946,13.752004623413086,384302800
2013-06-03,13.782579628451039,13.832422255195079,13.53030858972845,13.78227424621582,372352400
2013-06-04,13.858718899934198,13.895719140805221,13.680447535921116,13.739157676696777,292728800
2013-06-05,13.62724395222403,13.782276907931392,13.567922216781009,13.610732078552246,290589600
2013-06-06,13.621736641232767,13.6685213586237,13.272532087733232,13.407382011413574,416934000
2013-06-07,13.347450800238722,13.553548711298728,13.233392977736463,13.509821891784668,404535600
2013-06-10,13.599112700269139,13.732127925661617,13.356626898902501,13.42053508758545,450153200
2013-06-11,13.32421081184585,13.538870029238803,13.250210326650832,13.381085395812988,286112400
2013-06-12,13.439186570933593,13.49269868806322,13.194559049886633,13.215658187866211,265227200
2013-06-13,13.225138083754672,13.36702080463595,13.110468678260046,13.330938339233398,285832400
2013-06-14,13.313816095919279,13.341031046838598,13.102824697252844,13.150221824645996,271866000
2013-06-17,13.192725902647746,13.322989416056382,13.159701338452173,13.20984935760498,259414400
2013-06-18,13.196392909836685,13.298524488855977,13.15511241648124,13.202814102172852,195025600
2013-06-19,13.191504174438087,13.199454729921555,12.934646606445312,12.934646606445312,310940000
2013-06-20,12.821501587221894,13.025763910480595,12.695212977870213,12.746278762817383,357310800
2013-06-21,12.796735595236962,12.842909561504454,12.479026960622454,12.644149780273438,481118400
2013-06-24,12.457624335283922,12.496153135158856,12.17171624228582,12.309013366699219,480746000
2013-06-25,12.405641343937807,12.469549538207563,12.195567692011787,12.311765670776367,314162800
2013-06-26,12.350595547901058,12.377810493634282,12.09862989625677,12.172324180603027,367724000
2013-06-27,12.208408945142997,12.273845673689031,12.033806214313932,12.041144371032715,337246000
2013-06-28,11.967144575173073,12.239596995318939,11.891003958439278,12.125234603881836,578516400
2013-07-01,12.313601087946658,12.606541967424558,12.268650275415439,12.513277053833008,391053600
2013-07-02,12.535903353100661,12.892752367535296,12.520920023737581,12.796735763549805,469865200
2013-07-03,12.869208210061176,12.934034999652381,12.764936475051963,12.8673734664917,240928800
2013-07-05,12.85483471522382,12.943511520486389,12.700719552220573,12.764016151428223,274024800
2013-07-08,12.846269191538484,12.87348331708828,12.556997138415806,12.69154167175293,298138400
2013-07-09,12.64720575392676,12.949930993587389,12.548743664653466,12.914766311645508,352584400
2013-07-10,12.83067650203429,12.989684309209713,12.789396005877643,12.865229606628418,281405600
2013-07-11,12.933114682628547,13.09518040002013,12.878685600471536,13.065824508666992,326292400
2013-07-12,13.076833373220117,13.142270916662687,12.9471814485126,13.041974067687988,279563200
2013-07-15,12.996108384135301,13.193337997029582,12.989686373812575,13.070412635803223,241917200
2013-07-16,13.042278763078997,13.17040213658178,12.97042003025351,13.154808044433594,216538000
2013-07-17,13.139518702380338,13.216576283533202,13.094262520086886,13.158170700073242,198990400
2013-07-18,13.25204535588677,13.297606917022161,13.167344242582631,13.202508926391602,218878800
2013-07-19,13.243484427048603,13.270393176153577,12.97592384726653,12.994271278381348,268721600
2013-07-22,13.13218013370198,13.141047651154947,13.010172565298898,13.035858154296875,207796400
2013-07-23,13.026381839518235,13.055736921293457,12.803465794207595,12.812027931213379,369395600
2013-07-24,13.421754849625517,13.59482818812728,13.309532595178942,13.47006893157959,591936800
2013-07-25,13.475881540223607,13.49728606192913,13.326352820975604,13.408608436584473,229493600
2013-07-26,13.310756755352962,13.486276430991001,13.281401681995083,13.484747886657715,200152400
2013-07-29,13.478940095758196,13.759955514338333,13.460593477518675,13.692683219909668,248057600
2013-07-30,13.759039016424842,13.978897972653062,13.736716710306714,13.861783027648926,309422400
2013-07-31,13.912847260718213,13.984705187611999,13.742830968027308,13.837623596191406,322957600
2013-08-01,13.936083979272194,13.968189940401532,13.85994255314527,13.964520454406738,206250800
2013-08-02,14.005194486623164,14.153193867775748,13.963913981290592,14.14371395111084,274783600
2013-08-05,14.209453207609823,14.39231184203356,14.13178487101803,14.355006217956543,318855600
2013-08-06,14.311277768054282,14.429615818944178,14.132394022243558,14.22657585144043,334857600
2013-08-07,14.1822393354102,14.280090668727848,14.120165084659401,14.218321800231934,298858000
2013-08-08,14.277728018991468,14.285115448468526,14.095815444843783,14.190004348754883,255777200
2013-08-09,14.117055087231641,14.173075610247828,13.963462623602501,13.988085746765137,266865200
2013-08-12,14.062270031849367,14.4251681502182,14.055189999072827,14.385462760925293,364434000
2013-08-13,14.495657041575988,15.225765124115393,14.406700459888798,15.069093704223633,881941200
2013-08-14,15.32486976490639,15.520939080537477,15.186974391936118,15.343953132629395,756372400
2013-08-15,15.27993550342587,15.464001542531115,15.054007356921037,15.325797080993652,490294000
2013-08-16,15.394737082065019,15.480614688273908,15.355031716643145,15.461838722229004,362306000
2013-08-19,15.523712854359875,15.813047291431605,15.513248150299342,15.628366470336914,510518400
2013-08-20,15.689000031845925,15.715470826847154,15.415362729635499,15.423057556152344,358688400
2013-08-21,15.500629811968153,15.61020674771209,15.42706454653644,15.462770462036133,335879600
2013-08-22,15.543418919673746,15.562194901114934,15.334728044879224,15.481242179870605,244207600
2013-08-23,15.49077436359011,15.493236839640357,15.37011632481291,15.42151927947998,222731600
2013-08-26,15.413205893501337,15.704080494471853,15.405511067862488,15.481538772583008,330965600
2013-08-27,15.328570920209796,15.467391858791535,14.968442620742994,15.038928985595703,424188800
2013-08-28,14.959206606369714,15.260853478635603,14.959206606369714,15.110029220581055,307608000
2013-08-29,15.1331135007034,15.282397459385374,15.117107401360938,15.134652137756348,239657600
2013-08-30,15.14388543248643,15.173126111533435,14.974594262503526,14.996756553649902,272297200
2013-09-03,15.177739936382423,15.408591325639051,15.00075398087518,15.038613319396973,331928800
2013-09-04,15.37659236732607,15.45908373797849,15.275632411338671,15.349812507629395,345032800
2013-09-05,15.397824078826657,15.41106030347469,15.194365618234624,15.244537353515625,236367600
2013-09-06,15.342118858265378,15.371050508656468,15.08079372610786,15.335346221923828,359525600
2013-09-09,15.544025717601183,15.633904463263214,15.497240309372946,15.580039024353027,340687200
2013-09-10,15.58096501321589,15.619440801699882,15.066935317456489,15.22514533996582,743195600
2013-09-11,14.374683209317643,14.58029503708231,14.306966758782485,14.396230697631836,898696400
2013-09-12,14.420547357331964,14.632930186464758,14.343903192839077,14.549516677856445,404051200
2013-09-13,14.446402312900489,14.523044836723559,14.303583611968088,14.309738159179688,298835600
2013-09-16,14.189695178450746,14.208469504557321,13.765542696737324,13.854804992675781,543706800
2013-09-17,13.788322945740752,14.149991410194458,13.774164526347715,14.01486587524414,399380800
2013-09-18,14.256796460867939,14.354370033597602,14.179230097965133,14.302967071533203,456862000
2013-09-19,14.488265843452705,14.646168460950431,14.443633864859988,14.537513732910156,404541200
2013-09-20,14.712962659059023,14.72989095505912,14.343599339021944,14.38700008392334,699302800
2013-09-23,15.270085928597627,15.295018096852047,14.854551982814781,15.102025985717773,762106800
2013-09-24,15.232537308143764,15.250696846809312,15.015229422392673,15.054627418518066,364344400
2013-09-25,15.05770645252483,15.07124843502428,14.818543666187727,14.82162094116211,316957200
2013-09-26,14.959201912347037,15.037997867889977,14.894562730057649,14.965972900390625,237221600
2013-09-27,14.890870251766636,14.918264892483853,14.796682989289922,14.859167098999023,228040400
2013-09-30,14.689874862018314,14.82561517347278,14.60245859459445,14.674485206604004,260156400
2013-10-01,14.726808661963744,15.055850043044993,14.724653584425113,15.019529342651367,353883600
2013-10-02,14.947815430285276,15.13772860253228,14.889948871907029,15.068780899047852,289184000
2013-10-03,15.098021318355881,15.154658281262185,14.797299987881825,14.87948226928711,322753200
2013-10-04,14.893338146515584,14.916115241017174,14.731434363709857,14.867791175842285,258868400
2013-10-07,14.976441996942894,15.163892701087041,14.939197446257173,15.013070106506348,312292400
2013-10-08,15.080475741009444,15.102023232398416,14.791142970230304,14.803455352783203,290917200
2013-10-09,14.91734099981095,15.014298137107186,14.721579045887143,14.977362632751465,301725200
2013-10-10,15.122961038000087,15.155586400574466,14.991220129679638,15.071249008178711,278602800
2013-10-11,14.989676443914608,15.200520675817696,14.933348520426218,15.168817520141602,267738800
2013-10-14,15.077088929728038,15.315635143437813,15.062314072760644,15.268233299255371,261898000
2013-10-15,15.31348067607521,15.451685101328591,15.252229455848193,15.349493980407715,320073600
2013-10-16,15.414440751882672,15.467998789273114,15.366424108066497,15.424290657043457,251101200
2013-10-17,15.389511239388828,15.537256554546575,15.380277773632567,15.528637886047363,253593200
2013-10-18,15.574499785028829,15.67515063546774,15.565881117259453,15.663762092590332,290542000
2013-10-21,15.752410840552477,16.13808762335857,15.744716011828821,16.04759407043457,398106800
2013-10-22,16.203031383236,16.265822884249904,15.63728978927969,16.001728057861328,534063600
2013-10-23,15.974946499937635,16.180252560057834,15.974946499937635,16.158397674560547,313723200
2013-10-24,16.15963775128926,16.389567053371177,16.08114916245149,16.372329711914062,384764800
2013-10-25,16.354165206296294,16.41295560821939,16.16302078326711,16.189184188842773,337792000
2013-10-28,16.28398515083674,16.34431582956468,16.10453668314767,16.30984115600586,550440800
2013-10-29,16.50652783479184,16.598252630319244,15.83767277595266,15.903541564941406,635807200
2013-10-30,15.993727613014308,16.237198816803943,15.914006167813168,16.15655517578125,354163600
2013-10-31,16.159633962592263,16.23627649736927,16.044823037823246,16.088838577270508,275696400
2013-11-01,16.12946595784867,16.153474279281436,15.877683515610219,16.00665283203125,274890000
2013-11-04,16.039586575585417,16.215650332102086,15.969100250804331,16.2134952545166,244627600
2013-11-05,16.146698983751993,16.279361979141957,16.098065912879633,16.173477172851562,265213200
2013-11-06,16.2276646432344,16.249647133748603,16.043453191509847,16.12766456604004,223375600
2013-11-07,16.08618095316264,16.197945278892455,15.863269035093014,15.866673469543457,262620400
2013-11-08,15.931390541528977,16.134178555626775,15.869779995882872,16.116531372070312,279316800
2013-11-11,16.098871109840946,16.150883384004928,15.926114698184554,16.06976890563965,227452400
2013-11-12,16.027045874416498,16.220546371689064,16.006303462379442,16.0994930267334,204276800
2013-11-13,16.037267040287123,16.168847878780888,16.005067929344328,16.11869239807129,197220800
2013-11-14,16.186181350230598,16.38649239078416,16.157079139506664,16.351818084716797,282419200
2013-11-15,16.302894048459844,16.380602423725072,16.23818832571357,16.2536678314209,317920400
2013-11-18,16.253669233898773,16.321781049016227,16.043450848356372,16.0567626953125,244944000
2013-11-19,16.06915320846923,16.203829271037026,16.036335714855255,16.08525276184082,208938800
2013-11-20,16.075347279020168,16.112190905491726,15.92364406451738,15.94438648223877,193916800
2013-11-21,16.024879299293623,16.136645276099575,15.903207559320553,16.134477615356445,262026800
2013-11-22,16.084319979531074,16.166054502098138,16.053670153608596,16.092988967895508,223725600
2013-11-25,16.130754473622968,16.280909963172814,16.130136087106663,16.2149658203125,229311600
2013-11-26,16.22673725973191,16.598877139695073,16.223023632103185,16.51404571533203,401382800
2013-11-27,16.604139127387842,16.904141030104373,16.514044806494987,16.902902603149414,363448400
2013-11-29,17.011879880991454,17.285874775121627,16.96017680372819,17.215906143188477,318127600
2013-12-02,17.275655529096362,17.471631160683295,17.053363746181137,17.066057205200195,472544800
2013-12-03,17.28495193794937,17.535109276267754,17.265757142744384,17.53325080871582,450968000
2013-12-04,17.50785774298155,17.622100547288724,17.36296511577453,17.49237823486328,377809600
2013-12-05,17.72922123090298,17.806311228322418,17.53603162064893,17.58216094970703,447580000
2013-12-06,17.5168312825462,17.546553517560728,17.324261755220753,17.338191986083984,344352400
2013-12-09,17.365437153688358,17.63416907819931,17.365437153688358,17.536645889282227,320493600
2013-12-10,17.448416585140865,17.581544997366972,17.374731010958634,17.50940704345703,278269600
2013-12-11,17.55429740586849,17.67720919407989,17.32798111757028,17.379682540893555,359718800
2013-12-12,17.4038347137317,17.502905558435305,17.338508935111008,17.354297637939453,262290000
2013-12-13,17.425815597594678,17.426744831128378,17.14160406495927,17.165132522583008,332822000
2013-12-16,17.18339845720161,17.41931297673952,17.183089263860143,17.260177612304688,282592800
2013-12-17,17.207857246084153,17.320241592406347,17.13262405288118,17.182470321655273,229902400
2013-12-18,17.018699782967303,17.072879743622526,16.68123574458199,17.05182647705078,565863200
2013-12-19,17.01250481864248,17.027984332417002,16.833865409572525,16.85646629333496,320308800
2013-12-20,16.886494678661958,17.077827518884938,16.86760908004267,16.99764060974121,436413600
2013-12-23,17.585257896459936,17.6694692691352,17.42302893882302,17.649965286254883,501306400
2013-12-24,17.64377293403241,17.70538342920949,17.524267224196272,17.575042724609375,167554800
2013-12-26,17.58836171849591,17.631706675482263,17.442230598966873,17.458330154418945,204008000
2013-12-27,17.45585144886175,17.47411701014563,17.322104616938777,17.340370178222656,225884400
2013-12-30,17.25894462981197,17.3403683166828,17.099809230423546,17.16792106628418,253629600
2013-12-31,17.15707880280124,17.37720292231941,17.15181424986807,17.36915397644043,223084400
2014-01-02,17.2038340387538,17.245629709130423,17.090520450564437,17.12488555908203,234684800
2014-01-03,17.11653050222712,17.142535819980477,16.731697103756858,16.74872589111328,392467600
2014-01-06,16.63943523798658,16.928909715642586,16.52023869769949,16.840055465698242,412610800
2014-01-07,16.852131968267322,16.90290582967211,16.653988577972758,16.719623565673828,317209200
2014-01-08,16.681541119555913,16.890521156166308,16.67782749151098,16.82550621032715,258529600
2014-01-09,16.928908959333334,16.9307674266006,16.5744179021868,16.610641479492188,279148800
2014-01-10,16.713119142079158,16.74315058552048,16.44314865139963,16.499805450439453,304976000
2014-01-13,16.405992777847967,16.795778083431735,16.40506354444137,16.586179733276367,378492800
2014-01-14,16.66327256787294,16.92674169887287,16.645934590718415,16.916215896606445,332561600
2014-01-15,17.13696981376596,17.343782269286248,17.079383755236535,17.255855560302734,391638800
2014-01-16,17.179679453059244,17.240051506694986,17.079986943489686,17.159555435180664,229278000
2014-01-17,17.073806045308793,17.09207160691058,16.715288801923542,16.73912811279297,426739600
2014-01-21,16.749032087571116,17.030148397843668,16.73138491649295,16.999189376831055,328526800
2014-01-22,17.05614780095337,17.253671029332327,16.96017223286908,17.074724197387695,379985200
2014-01-23,17.026126801621057,17.22922390004371,16.86730223506985,17.219316482543945,403239200
2014-01-24,17.151822185901402,17.201977657812392,16.865442939975136,16.90631103515625,429354800
2014-01-27,17.030154713122297,17.176595037348882,16.896407856768477,17.043466567993164,554878800
2014-01-28,15.751192514447387,15.944382165530712,15.54406931957653,15.68122386932373,1065523200
2014-01-29,15.602275901541539,15.708158933036993,15.437259219113772,15.503203392028809,502810000
2014-01-30,15.558619124403695,15.681221726834652,15.377813767985252,15.473169326782227,678501600
2014-01-31,15.330753436852355,15.527349147242425,15.280288784100776,15.498556137084961,464797200
2014-02-03,15.560789864014295,15.719305222355787,15.458312917323056,15.527352333068848,401464000
2014-02-04,15.66109242540754,15.772858353869456,15.565426041969499,15.752114295959473,376681200
2014-02-05,15.683084542417696,15.9530550802588,15.67348631747516,15.869772911071777,328344800
2014-02-06,15.88596226949953,15.993102825583408,15.815884198793773,15.962267875671387,257765200
2014-02-07,16.23852474467362,16.28679978236737,16.11394410955021,16.185577392578125,370280400
2014-02-10,16.15381476250234,16.56898222270501,16.13325923354115,16.47554588317871,345559200
2014-02-11,16.526000675259436,16.74837728831275,16.491428200243444,16.692628860473633,282256800
2014-02-12,16.72346416074432,16.804753149410576,16.607915400443375,16.691383361816406,308100800
2014-02-13,16.652139406725034,16.96951092412663,16.637813077720505,16.956430435180664,307398000
2014-02-14,16.895380165826747,17.004701356891218,16.85613870852663,16.942720413208008,272924400
2014-02-18,17.00532355631364,17.16696669150207,16.993176202781214,17.00501251220703,260251600
2014-02-19,16.966397255756462,17.033048874148182,16.642487123553327,16.73654556274414,313768000
2014-02-20,16.6001212147255,16.725014559163256,16.475851621774897,16.542814254760742,305858000
2014-02-21,16.593899153062324,16.64933820908285,16.33881961519938,16.35906410217285,278784800
2014-02-24,16.293655283305323,16.504508265819005,16.270919122551334,16.430692672729492,288909600
2014-02-25,16.487690192030026,16.493606683614527,16.22669257395114,16.259706497192383,231952000
2014-02-26,16.307984022439715,16.351275714845954,16.058509968808586,16.113014221191406,276217200
2014-02-27,16.10647643785904,16.46900761580204,16.072527708577557,16.434436798095703,301882000
2014-02-28,16.47834578636664,16.592650342798315,16.261574646846185,16.389894485473633,371968800
2014-03-03,16.302061859704363,16.527242809707495,16.283063220248202,16.437232971191406,238781200
2014-03-04,16.53814849525307,16.58922627214053,16.43754816231278,16.545621871948242,259140000
2014-03-05,16.535651087722236,16.65493565275228,16.47989935095289,16.58049964904785,200062800
2014-03-06,16.593903098163068,16.645293601674286,16.44783204568546,16.530366897583008,185488800
2014-03-07,16.540950660328352,16.568670183679195,16.38397815161755,16.520706176757812,220729600
2014-03-10,16.45592388237783,16.610715752688034,16.45530013073787,16.535655975341797,178584000
2014-03-11,16.676740667350057,16.779207242029628,16.5876639588486,16.696672439575195,279224400
2014-03-12,16.647463648805893,16.735914939163084,16.569288456608177,16.712867736816406,199326400
2014-03-13,16.73872130376807,16.807862918977804,16.480837450272183,16.527244567871094,257742800
2014-03-14,16.46931583794348,16.534721604923472,16.28898507584756,16.34162139892578,237199200
2014-03-17,16.43536814529216,16.506066650269716,16.37774846453441,16.405467987060547,199544800
2014-03-18,16.379310701120737,16.56836239754,16.357509326954663,16.550609588623047,209647200
2014-03-19,16.57739157499691,16.70134849683447,16.475856446516705,16.546245574951172,224756000
2014-03-20,16.503569435883445,16.590154450057046,16.424461122098098,16.466506958007812,208398400
2014-03-21,16.56711145600701,16.623796342055464,16.39269885304381,16.59638786315918,374046400
2014-03-24,16.769242335678165,16.83402433849115,16.664593461387998,16.793224334716797,355700800
2014-03-25,16.86516784346925,16.997534553131626,16.805678589129858,16.97386360168457,282293200
2014-03-26,17.021521505733904,17.098761916981495,16.782948984140308,16.811601638793945,299768000
2014-03-27,16.81907764619857,16.865173725619997,16.66646640645853,16.73934555053711,222031600
2014-03-28,16.76612967475564,16.78543936214901,16.639368371752692,16.720657348632812,200564000
2014-03-31,16.794468474362073,16.843678307191535,16.691687538408104,16.716917037963867,168669200
2014-04-01,16.748686683267227,16.87669548012874,16.71785339453658,16.869842529296875,200760000
2014-04-02,16.892582334840927,16.926842106378203,16.826554471999557,16.897876739501953,180420800
2014-04-03,16.86174345084862,16.89631425512251,16.744948889469708,16.780765533447266,162344000
2014-04-04,16.81254028354557,16.818456776981975,16.525068895401944,16.563688278198242,275251200
2014-04-07,16.44533651615308,16.535035345590295,16.25441691480992,16.303625106811523,289850400
2014-04-08,16.357202416233708,16.386167795471273,16.155068513564206,16.302698135375977,243888400
2014-04-09,16.277769623548156,16.522260269204246,16.258459939047235,16.516965866088867,206169600
2014-04-10,16.52818249191608,16.576770259126942,16.29428223471987,16.303937911987305,239652000
2014-04-11,16.16439508762833,16.283682961175863,16.106466051262107,16.183395385742188,271717600
2014-04-14,16.25472459416302,16.262821721971157,16.108653606107303,16.247873306274414,205674000
2014-04-15,16.20395358773592,16.24662151454524,15.925514260898783,16.132007598876953,266490000
2014-04-16,16.134820366488277,16.229502570985144,16.013042381529136,16.16472053527832,214765600
2014-04-17,16.195548215215076,16.437236172361,16.170631416538892,16.34940528869629,284334400
2014-04-21,16.361861628457035,16.573649400532386,16.31888098781972,16.543439865112305,182548800
2014-04-22,16.454366181844268,16.563998439064076,16.397994000729792,16.55994987487793,202563200
2014-04-23,16.47771926537243,16.54219021146435,16.334138343349704,16.343482971191406,394940000
2014-04-24,17.69706338560128,17.752813475995207,17.464096304401483,17.683359146118164,759911600
2014-04-25,17.582450005830772,17.81479336488749,17.564698863418535,17.8132381439209,390275200
2014-04-28,17.840027693209983,18.55481243253062,17.83223994290805,18.503110885620117,669485600
2014-04-29,18.492207233447314,18.56197262713536,18.360462532136925,18.448291778564453,337377600
2014-04-30,18.457936267262898,18.669412956493144,18.369483322635826,18.378515243530273,456640800
2014-05-01,18.438004402320647,18.52521151481441,18.262346001015718,18.421810150146484,244048000
2014-05-02,18.448600384161956,18.50653111375002,18.366687649887986,18.456073760986328,191514400
2014-05-05,18.380077206284586,18.718315221623673,18.375715935384708,18.71706771850586,287067200
2014-05-06,18.743227970769706,18.824516926928393,18.513065338134766,18.513065338134766,374564400
2014-05-07,18.53923645742118,18.602772649589024,18.305023470276243,18.448291778564453,282864400
2014-05-08,18.423545719892072,18.616473340491293,18.365605880996622,18.415403366088867,230297200
2014-05-09,18.30734505772731,18.36090091915477,18.17549015556959,18.338665008544922,291597600
2014-05-12,18.399734130854167,18.592972754314577,18.39691408135054,18.566978454589844,213208800
2014-05-13,18.54099555055743,18.620545757512385,18.500282102544592,18.59611701965332,159737200
2014-05-14,18.554455002983712,18.710111403267266,18.53284465394745,18.59955406188965,166404000
2014-05-15,18.625552808448635,18.685058218012387,18.41696607567775,18.441394805908203,230846000
2014-05-16,18.435443898566966,18.71418566720861,18.33428336254547,18.713560104370117,276256400
2014-05-19,18.724204717138942,19.021111171981183,18.707918342077402,18.9352970123291,317755200
2014-05-20,18.932800032619834,18.991992678132608,18.814413068965912,18.939064025878906,234836000
2014-05-21,18.9114982479598,19.00138360412944,18.856064010735913,18.98917007446289,196859600
2014-05-22,18.998256303119312,19.100044100820675,18.91995889784122,19.01923942565918,200760000
2014-05-23,19.01860502241828,19.252873238988595,18.9941762968506,19.234081268310547,232209600
2014-05-27,19.28890154899843,19.601467322759184,19.28107197465584,19.59426498413086,348866000
2014-05-28,19.606470998524166,19.72579794767034,19.53631596526085,19.543519973754883,315481600
2014-05-29,19.663784312649014,19.94628446578232,19.661278716131665,19.89961814880371,376474000
2014-05-30,19.981050086672028,20.174916034199114,19.696671547932475,19.82508087158203,564020800
2014-06-02,19.855148836257367,19.882395947366266,19.49622961647885,19.6888427734375,369350800
2014-06-03,19.682896990829434,20.00485958239558,19.676320215481034,19.967275619506836,292709200
2014-06-04,19.964137014302985,20.291423460409717,19.922481889124924,20.19527244567871,335482000
2014-06-05,20.238494638099986,20.337776819553767,20.12605890988757,20.274511337280273,303805600
2014-06-06,20.354374770736754,20.396969913393704,20.184311999414085,20.218761444091797,349938400
2014-06-09,20.323051270435553,20.58174822287026,20.1147790231704,20.542285919189453,301660000
2014-06-10,20.76810571577756,20.838260759117787,20.513792638276612,20.662872314453125,251108000
2014-06-11,20.63656041191639,20.77467933471802,20.491866388776486,20.577367782592773,182724000
2014-06-12,20.616836090200376,20.634375271630756,20.14767385902237,20.23317527770996,218996000
2014-06-13,20.213437145531817,20.266054673853183,19.924047430275873,20.011741638183594,218100000
2014-06-16,20.062165340136303,20.334015865582973,20.04901012240508,20.213436126708984,142244000
2014-06-17,20.237553014689436,20.323054407089504,20.125744530860352,20.187129974365234,118904000
2014-06-18,20.228779539634022,20.233165169114734,20.027084071837987,20.209049224853516,134056000
2014-06-19,20.233177498632404,20.235370314709,20.024903459699082,20.138906478881836,142112000
2014-06-20,20.13670730806962,20.290172605057634,19.92843500749139,19.930627822875977,403592000
2014-06-23,20.0205104599456,20.086281531515954,19.86266122627902,19.9130859375,174776000
2014-06-24,19.89554390704781,20.11258573587988,19.77277304187049,19.792503356933594,156144000
2014-06-25,19.77715970674068,19.884584228479753,19.654388824753166,19.81004524230957,147476000
2014-06-26,19.812242145919264,19.961321821652163,19.6872784230717,19.928436279296875,130516000
2014-06-27,19.910899523531267,20.169596590180014,19.899937117202647,20.165212631225586,256116000
2014-06-30,20.191512758387297,20.54886634071977,20.189319943353045,20.373477935791016,197929200
2014-07-01,20.502832412719727,20.62341219032295,20.41733099682957,20.502832412719727,152892000
2014-07-02,20.579561915648984,20.62121537131152,20.40855744443784,20.494060516357422,113860000
2014-07-03,20.535712753656238,20.629983736080597,20.432672183026366,20.61463737487793,91567200
2014-07-07,20.638760836077576,21.044344820590457,20.629991244680237,21.039960861206055,225872000
2014-07-08,21.105725383578267,21.221921188122145,20.59052413525455,20.904029846191406,260888000
2014-07-09,20.923762240271138,21.035570743329703,20.774682563564873,20.912799835205078,145744000
2014-07-10,20.555443273043757,20.94787353583703,20.502825747579276,20.836063385009766,158744000
2014-07-11,20.90622296981689,21.022417103445164,20.796605610148234,20.875530242919922,136072000
2014-07-14,21.01584159593611,21.24165310284083,20.96980250281626,21.14518928527832,171240000
2014-07-15,21.221921427559717,21.2328821599118,20.833875039001995,20.89745330810547,181911600
2014-07-16,21.25919064842534,21.28769055931937,20.77029649647231,20.77906608581543,213585200
2014-07-17,20.83387180781916,20.888680478963643,20.294554684472832,20.40855598449707,229192000
2014-07-18,20.5247557638642,20.770297587861133,20.39321358943358,20.702335357666016,199952000
2014-07-21,20.825107043872407,20.82729985956197,20.546679665916816,20.594911575317383,156316000
2014-07-22,20.757141513558157,20.803180599955144,20.63437061649953,20.765911102294922,220788000
2014-07-23,20.919372507727477,21.45868961320087,20.864563838399352,21.307418823242188,371672000
2014-07-24,21.274537404766736,21.335922858674817,21.138611276378715,21.2723445892334,182916000
2014-07-25,21.232878689068134,21.44992055664722,21.18683960640759,21.41265106201172,173876000
2014-07-28,21.445537206371373,21.75685006325239,21.38634457631065,21.7086181640625,221272000
2014-07-29,21.776583758307037,21.80069970978824,21.5398098742887,21.568309783935547,172572000
2014-07-30,21.58146346909328,21.63846328433388,21.412651820728552,21.517885208129883,132040000
2014-07-31,21.300844787087776,21.36442137976365,20.899644874632607,20.958837509155273,227372000
2014-08-01,20.805379182824396,21.182463239897785,20.785647184539698,21.075037002563477,194044000
2014-08-04,21.12765237414677,21.17369146856596,20.864569684086426,20.956647872924805,159832000
2014-08-05,20.90621730573844,20.9763723300143,20.68698264579792,20.853601455688477,223732000
2014-08-06,20.772484328447366,20.932526368464433,20.763714741208155,20.818523406982422,154232000
2014-08-07,20.915469894953947,21.14020084420526,20.732599587839513,20.81632423400879,186844000
2014-08-08,20.767850589942068,20.891232144833175,20.55193118793501,20.873605728149414,167460000
2014-08-11,20.990375334938353,21.16883984126999,20.895635457560235,21.149009704589844,146340000
2014-08-12,21.16003596534485,21.34510835758855,21.065296046187296,21.14461326599121,135180000
2014-08-13,21.184265770786894,21.424419403076172,21.160029867223138,21.424419403076172,127664000
2014-08-14,21.44425173935403,21.497129315751433,21.32747965437533,21.481706619262695,112464000
2014-08-15,21.56983695985167,21.633731468213643,21.340698554985643,21.58746337890625,195804000
2014-08-18,21.699829182680325,21.89371644078921,21.58746453731042,21.847448348999023,190288000
2014-08-19,21.90252507285289,22.18233728784633,21.8826949342602,22.149288177490234,277596000
2014-08-20,22.12946036887919,22.272670383043174,22.0214998264864,22.15810203552246,210796000
2014-08-21,22.158103208084317,22.239624129541188,22.056753827351503,22.160306930541992,133912000
2014-08-22,22.09641808990309,22.35640193526509,22.07438590252288,22.323352813720703,176736000
2014-08-25,22.42690557253999,22.510628555579373,22.314539233526727,22.371824264526367,161080000
2014-08-26,22.345379253667975,22.363005671417728,22.221997691315146,22.228607177734375,132608000
2014-08-27,22.257247102462586,22.59875177558626,22.186743117933855,22.501808166503906,209476000
2014-08-28,22.382838104467286,22.64502565196287,22.376228616874627,22.52825355529785,273840000
2014-08-29,22.662649264948147,22.671462474295744,22.5172338321345,22.583332061767578,178380000
2014-09-02,22.70672041378704,22.856541655555823,22.6318106333768,22.759599685668945,214256000
2014-09-03,22.715524926096922,22.7375571071356,21.71965588699872,21.798973083496094,501684000
2014-09-04,21.779145474116717,22.052348248820866,21.545601302268647,21.618309020996094,342872000
2014-09-05,21.768130979691822,21.898122044105186,21.660170418694918,21.805585861206055,233828000
2014-09-08,21.878292669612826,21.880494711293842,21.602886174179368,21.671186447143555,185426800
2014-09-09,21.829821714112192,22.711122534083316,21.182065073530087,21.58966636657715,759385200
2014-09-10,21.5940738701242,22.27708167125042,21.53899256872776,22.252845764160156,403478400
2014-09-11,22.12285093160069,22.349785585749242,21.948793847120825,22.34758186340332,249412400
2014-09-12,22.299105174697797,22.515024531732667,22.270463514262946,22.398252487182617,250504400
2014-09-15,22.651631117351084,22.704510370598726,22.34978669789745,22.391647338867188,245266000
2014-09-16,21.98844650814099,22.310120964946492,21.7879498524833,22.22199058532715,267632400
2014-09-17,22.312320943380545,22.42909465212719,22.162499816160064,22.38062286376953,243706000
2014-09-18,22.457746255182748,22.55028242978861,22.376225331297906,22.42690086364746,149197600
2014-09-19,22.537062891971566,22.550281864884752,22.142680617566846,22.244029998779297,283609600
2014-09-22,22.42910554492461,22.504015304441605,22.160308537814746,22.266063690185547,211153600
2014-09-23,22.164710368972003,22.68027210837365,22.15149139750832,22.614173889160156,253608800
2014-09-24,22.508426881133847,22.660450150689464,22.296913175672895,22.418092727661133,240687200
2014-09-25,22.14487918379761,22.188943537213387,21.530171872247703,21.563220977783203,400368000
2014-09-26,21.708644970752896,22.19776725769043,21.68000329556172,22.19776725769043,249482000
2014-09-29,21.735080487890365,22.12946278257465,21.730673042727517,22.05675506591797,199065200
2014-09-30,22.210986233786645,22.3718243937325,22.1492954374068,22.19776725769043,221056400
2014-10-01,22.162510060878297,22.184543924642135,21.746095586148275,21.851852416992188,205965200
2014-10-02,21.87167876330852,22.080988682200253,21.600679747062905,22.01048469543457,191031200
2014-10-03,21.90913671845632,22.07878636961793,21.821006309135022,21.948795318603516,173878400
2014-10-06,22.021501351416923,22.175729987966132,21.904729273468995,21.948795318603516,148204800
2014-10-07,21.90693177894182,22.058956684551756,21.752704831908304,21.757110595703125,168376800
2014-10-08,21.75931855873317,22.277082474335383,21.660171204076587,22.208782196044922,229618800
2014-10-09,22.371817954489153,22.556890290359625,22.166915479233904,22.257247924804688,309506000
2014-10-10,22.184546164794085,22.479781142426432,22.09861946647136,22.193359375,265326400
2014-10-13,22.325556926533295,22.42470261194932,21.99066162109375,21.99066162109375,214333600
2014-10-14,22.11844374099393,22.147085408029394,21.717451997759127,21.757110595703125,254754400
2014-10-15,21.58526229746954,21.845246127018896,20.970554725544844,21.490522384643555,403734400
2014-10-16,21.052067356701706,21.530172497020857,21.021221972226108,21.208498001098633,288618000
2014-10-17,21.481704440906054,21.812192201535378,21.329679533113307,21.5191593170166,272718800
2014-10-20,21.662368396259737,22.023701503038378,21.640336217738597,21.979637145996094,310069200
2014-10-21,22.697895195204712,22.697895195204712,22.312326200000502,22.576717376708984,378495600
2014-10-22,22.658242692991863,22.93805663748103,22.605365115816316,22.69129180908203,273052400
2014-10-23,22.931449125207386,23.14516485592047,22.832301768398754,23.09669303894043,284298800
2014-10-24,23.1738020714005,23.242102338035085,23.03059037085742,23.182615280151367,188215600
2014-10-27,23.10110309973801,23.23990908889386,23.068053974655744,23.158388137817383,136750800
2014-10-28,23.222266989752093,23.517501831054688,23.211250061844957,23.517501831054688,192243600
2014-10-29,23.49767885347272,23.65631323899671,23.433784354806246,23.649702072143555,210751600
2014-10-30,23.565981348958875,23.651908035769168,23.332437193110163,23.570388793945312,162619200
2014-10-31,23.79732205427192,23.803931540412496,23.621061246100943,23.79511833190918,178557200
2014-11-03,23.843589089364244,24.30186582569185,23.797321007467836,24.103572845458984,209130400
2014-11-04,24.094768131680375,24.12340980744281,23.73343487629325,23.92732048034668,166297600
2014-11-05,24.037479553074164,24.08154560268648,23.823763835061218,23.984601974487305,149743600
2014-11-06,24.031064424052396,24.07310826359489,23.854041018860176,24.053192138671875,139874000
2014-11-07,24.064250816007856,24.190380614824388,24.019995397847524,24.121784210205078,134766000
2014-11-10,24.124008563172183,24.192606692322215,24.04656069629655,24.081966400146484,108782000
2014-11-11,24.0532096724732,24.285555065938972,23.986826480224153,24.274490356445312,109769200
2014-11-12,24.203670656197346,24.65729654717254,24.2014590657978,24.61746597290039,187769600
2014-11-13,24.73917071523988,25.10428233930069,24.694913584158286,24.964876174926758,238091600
2014-11-14,25.037893235929197,25.26802519825433,24.608608451569186,25.265811920166016,176254400
2014-11-17,25.28573416335302,25.951789261661858,25.071093393155067,25.22377586364746,186986800
2014-11-18,25.21270297654107,25.599943886349166,25.201638275251998,25.55126190185547,176896000
2014-11-19,25.544624007952873,25.611007151631917,25.181724086817603,25.374237060546875,167476800
2014-11-20,25.427352999768928,25.858849468059233,25.414075016580608,25.737144470214844,173582000
2014-11-21,26.002686447793717,26.015962744920646,25.675190383353083,25.772554397583008,228717200
2014-11-24,25.856639573508684,26.28149794992715,25.805745977376187,26.250518798828125,189803200
2014-11-25,26.34787715689157,26.49834801061913,25.98940202906619,26.022594451904297,275361600
2014-11-26,26.097831059391062,26.354515643626133,26.073490061545048,26.332387924194336,163073200
2014-11-28,26.39213101684475,26.420898569427862,26.122170158223405,26.316896438598633,99257600
2014-12-01,26.290346034310573,26.387710032948878,24.62189020364303,25.462757110595703,335256000
2014-12-02,25.11535001037952,25.613231398250477,24.949389547755864,25.36539649963379,237395600
2014-12-03,25.613230336178383,25.745998363124553,25.471610882337526,25.653060913085938,172253600
2014-12-04,25.617647138547397,25.93407837538118,25.511433425731827,25.555688858032227,168178000
2014-12-05,25.666332917239355,25.686249046481173,25.367604484506273,25.447265625,153275600
2014-12-08,25.24811309773659,25.36981808845165,24.699338220890194,24.871936798095703,230659600
2014-12-09,24.38290599320698,25.29236925025259,24.19702944075726,25.252538681030273,240832000
2014-12-10,25.316709602251393,25.414071900351615,24.681633789235363,24.772357940673828,178261200
2014-12-11,24.840952594053086,25.18172481042085,24.63737322483946,24.69933319091797,165606800
2014-12-12,24.442652268315346,24.754658691415482,24.247925968834583,24.281118392944336,224112400
2014-12-15,24.49575547853477,24.694908305237607,23.53318545241372,23.949193954467773,268872400
2014-12-16,23.537616180585218,24.376269791286713,23.513275181438555,23.621702194213867,243162800
2014-12-17,23.70357536495093,24.30545709974041,23.63719051837956,24.210308074951172,213647200
2014-12-18,24.75465706236497,24.927255630493164,24.486907785110112,24.927255630493164,236024800
2014-12-19,24.840956624641127,25.05781063227413,24.70818862368914,24.7347412109375,353719200
2014-12-22,24.818826010620068,25.113127843790284,24.77678216806581,24.991424560546875,180670000
2014-12-23,25.05559817156092,25.07772588957793,24.885211197532936,24.90291404724121,104113600
2014-12-24,24.911764841069203,24.940530704938997,24.785634994506836,24.785634994506836,57918400
2014-12-26,24.805555652397903,25.341054314981132,24.785641208165565,25.22377586364746,134884000
2014-12-29,25.179519481426826,25.396373522333313,25.159603349697953,25.206073760986328,110395600
2014-12-30,25.14632191829245,25.208280203040292,24.80776294217987,24.898487091064453,119526000
2014-12-31,24.96487089872529,25.033467327108088,24.3873285440074,24.424945831298828,165613600
2015-01-02,24.648443422251393,24.659508126434403,23.754469685489944,24.19260597229004,212818400
2015-01-05,23.962471339063004,24.042132473375155,23.325183952802462,23.511058807373047,257142000
2015-01-06,23.5752353517813,23.77217495093279,23.152588594975892,23.513277053833008,263188400
2015-01-07,23.721272554884127,23.942553088747736,23.610632287952324,23.84297752380371,160423600
2015-01-08,24.170479219019555,24.816618126764887,24.053199089993452,24.759084701538086,237458000
2015-01-09,24.93167928030907,25.060022405088077,24.387329327343235,24.785634994506836,214798000
2015-01-12,24.91618759295084,24.922825738800306,24.075322583368106,24.174898147583008,198603200
2015-01-13,24.657287022815467,24.96044192591161,24.09966088663629,24.389537811279297,268367600
2015-01-14,24.12843047207833,24.44928658228224,24.00893877695945,24.29660415649414,195826400
2015-01-15,24.340862128726783,24.354138422379428,23.601785852626346,23.637189865112305,240056000
2015-01-16,23.68365752291758,23.805362503417978,23.27871370223808,23.45352554321289,314053200
2015-01-20,23.862894935009866,24.11294304990514,23.56637979303794,24.0576229095459,199599600
2015-01-21,24.10851943514098,24.57542161180635,23.958048567472943,24.241289138793945,194303600
2015-01-22,24.398396505882765,24.88742637071064,24.27890479360892,24.871936798095703,215185600
2015-01-23,24.849805728333372,25.17066184134601,24.67941876430255,25.000276565551758,185859200
2015-01-26,25.168446258435488,25.30564079070656,24.960443714443343,25.026826858520508,222460000
2015-01-27,24.8763564222506,24.88963440186182,24.126215571319666,24.150556564331055,382274800
2015-01-28,26.029228465091716,26.13765714169229,25.515857696533203,25.515857696533203,585908400
2015-01-29,25.739356482562314,26.37443234220827,25.571182772424184,26.310260772705078,337745600
2015-01-30,26.199615507769245,26.553664023772246,25.856630005500925,25.925228118896484,334982000
2015-02-02,26.122177324948062,26.370010533740277,25.686254242464035,26.250518798828125,250956400
2015-02-03,26.22175141960428,26.352306164841792,26.02481181826284,26.25494384765625,207662800
2015-02-04,26.221747684954753,26.666522105734966,26.179703836194584,26.4563045501709,280598800
2015-02-05,26.66290499248517,26.70955879365363,26.491847269498656,26.64513397216797,168984800
2015-02-06,26.662906100062138,26.71400223470758,26.31412460021994,26.420759201049805,174826400
2015-02-09,26.336342353208384,26.622919358205184,26.30968327825307,26.596261978149414,155559200
2015-02-10,26.696227782593457,27.13609315192371,26.694007464418103,27.10721206665039,248034000
2015-02-11,27.27382989020448,27.751461049965634,27.213849091024947,27.74257469177246,294247200
2015-02-12,28.004712648563466,28.320172390844654,27.89585774106676,28.09357452392578,297898000
2015-02-13,28.27574571104656,28.27574571104656,27.913635495070917,28.23131561279297,217088800
2015-02-17,28.322396946689228,28.6311923911294,28.195769306193434,28.397930145263672,252609600
2015-02-18,28.353502982829205,28.60898031884703,28.313515211149024,28.595651626586914,179566800
2015-02-19,28.542331765166118,28.664517086594802,28.509010036503504,28.535667419433594,149449600
2015-02-20,28.573432021439938,28.76892852783203,28.446806067835475,28.76892852783203,195793600
2015-02-23,28.884445467268826,29.546463012695312,28.80446994307108,29.546463012695312,283896400
2015-02-24,29.5331371485924,29.679759521946426,29.139923834524474,29.362077713012695,276912400
2015-02-25,29.226563710478064,29.235451763904805,28.469018171309017,28.611196517944336,298846800
2015-02-26,28.61118535377931,29.07326564748885,28.126891714768966,28.973297119140625,365150000
2015-02-27,28.880006901257964,29.00663625092877,28.489017258922594,28.537891387939453,248059200
2015-03-02,28.713380888800554,28.942199049457813,28.5023354403048,28.67783546447754,192386800
2015-03-03,28.648963298182327,28.773368917506,28.45568713477693,28.737823486328125,151265200
2015-03-04,28.680061614131755,28.782250480513657,28.506781893050682,28.555652618408203,126665200
2015-03-05,28.56454922445823,28.602314981152542,27.93807528645344,28.082475662231445,226068400
2015-03-06,28.52454971055372,28.740039191507673,28.04914235660361,28.12467384338379,291368400
2015-03-09,28.426814118126977,28.784483743692554,27.782567440194263,28.244647979736328,354114000
2015-03-10,28.082466301280466,28.262410360171007,27.502644672745152,27.66037368774414,275426400
2015-03-11,27.71369065585145,27.71813298675404,27.12720467255403,27.156084060668945,275756000
2015-03-12,27.171636046173965,27.747015381976055,27.020571364853275,27.647045135498047,193450800
2015-03-13,27.6359451838697,27.85809908133666,27.231625158275826,27.45599937438965,207309200
2015-03-16,27.520422623715213,27.758127212524414,27.296048420518424,27.758127212524414,143497200
2015-03-17,27.96916831579764,28.28462635641722,27.913629856749154,28.222423553466797,204092400
2015-03-18,28.21354126951889,28.693394438520734,28.073584942676437,28.54010772705078,261083600
2015-03-19,28.602311639224784,28.713388577629537,28.302404244511855,28.32461929321289,183238000
2015-03-20,28.491234702958103,28.524556428562374,27.804780037116988,27.969173431396484,274780400
2015-03-23,28.24020746085773,28.402378876416456,28.10691375038762,28.26020050048828,150838800
2015-03-24,28.264639509679526,28.44458191910523,28.11579511873549,28.144676208496094,131369200
2015-03-25,28.111346845968825,28.173549649385247,27.409339904785156,27.409339904785156,206620800
2015-03-26,27.271606553032868,27.742571620841588,27.236061124194826,27.600393295288086,190291600
2015-03-27,27.673703739702116,27.70258312869527,27.30492924720013,27.380460739135742,158184800
2015-03-30,27.55818859325754,28.080249855252642,27.54708022165996,28.073585510253906,188398800
2015-03-31,28.011379353603317,28.100241236455535,27.62705412549918,27.64260482788086,168362400
2015-04-01,27.72924489692644,27.795891733269624,27.34713998434433,27.602617263793945,162485600
2015-04-02,27.775905281544397,27.893646591924394,27.589296796013823,27.840330123901367,128880400
2015-04-06,27.651495311418447,28.3268433490019,27.620393902014577,28.291297912597656,148776000
2015-04-07,28.3557167256603,28.462349622438023,27.98694222319662,27.993606567382812,140049200
2015-04-08,27.958065325202924,28.08025063657794,27.762570521902486,27.90252685546875,149316800
2015-04-09,27.958066080579393,28.12023916234062,27.693704110033863,28.115795135498047,129936000
2015-04-10,27.980276746427457,28.260191072168222,27.826991742366516,28.235754013061523,160752000
2015-04-13,28.517888945434937,28.56232242775019,28.126899385571637,28.18021583557129,145460400
2015-04-14,28.21354576615731,28.277970601609738,27.971398824708327,28.05803871154785,102098400
2015-04-15,28.08246938126436,28.242418731765728,27.993607501052892,28.16466522216797,115881600
2015-04-16,28.053594703562297,28.235760836901022,28.015828946688366,28.029157638549805,113476000
2015-04-17,27.891425060385696,28.022495058348138,27.64927640861287,27.713701248168945,207828000
2015-04-20,27.895867717545602,28.46235919764015,27.80700581040335,28.346839904785156,188217200
2015-04-21,28.457915698279347,28.480129054206348,28.14023386134807,28.193552017211914,129740400
2015-04-22,28.211320800092256,28.6289694851199,28.062478106986084,28.57343101501465,150618000
2015-04-23,28.502332968073574,28.97329793520917,28.466787546833693,28.806682586669922,183083600
2015-04-24,28.98885732208639,29.019958725725385,28.70894129953666,28.942203521728516,178103600
2015-04-27,29.393174637367302,29.57534241704705,29.135475364073407,29.468706130981445,387816800
2015-04-28,29.870809984413906,29.888579310474817,28.784477727247477,29.00440788269043,475696000
2015-04-29,28.91554998584197,29.23322840880269,28.502343631285193,28.5778751373291,253544400
2015-04-30,28.5778695972683,28.5778695972683,27.675925556960287,27.802553176879883,332781600
2015-05-01,28.013601789062115,28.908883280787258,27.835879715578056,28.646739959716797,234050400
2015-05-04,28.76892171399243,29.006627945219055,28.49344973748465,28.591197967529297,203953200
2015-05-05,28.46901617852702,28.53566301536573,27.942512608119188,27.946956634521484,197085600
2015-05-06,28.11578938435379,28.157999156225962,27.404897775923576,27.771451950073242,288564000
2015-05-07,27.83392215617779,28.126160542069265,27.66661076578918,27.943233489990234,175763600
2015-05-08,28.25999863689516,28.469696044921875,28.132842096320815,28.469696044921875,222201600
2015-05-11,28.41839260613247,28.456316106647098,28.025768130626794,28.17969512939453,168143200
2015-05-12,28.01908403166223,28.304628568232697,27.845080436063334,28.079317092895508,192640000
2015-05-13,28.14176788947116,28.3737731531699,28.079305261163608,28.110536575317383,138776800
2015-05-14,28.422858655086724,28.766403198242188,28.367088193902088,28.766403198242188,180814000
2015-05-15,28.793173016301076,28.886866975073346,28.601322509112556,28.726247787475586,152832000
2015-05-18,28.63924649445973,29.161257160981794,28.634783904740452,29.04302406311035,203531600
2015-05-19,29.15457173215365,29.196957834409226,28.92033507502926,29.01626205444336,178532800
2015-05-20,29.000634648785045,29.219253864567587,28.853399840541243,29.014019012451172,145819600
2015-05-21,29.016246656124697,29.364253663076564,28.962705807379187,29.310712814331055,158921600
2015-05-22,29.357566706193726,29.66318768776386,29.312947622321087,29.5672607421875,182384000
2015-05-26,29.58064732858694,29.64980214028677,28.804320232449268,28.915861129760742,282790400
2015-05-27,29.07648815099333,29.504804903930342,29.01179591081366,29.455726623535156,183332800
2015-05-28,29.415567289999302,29.43564383573585,29.246026341626916,29.397720336914062,122933200
2015-05-29,29.275024032017086,29.32410230095591,28.978324825780795,29.06309700012207,203538000
2015-06-01,29.063093713249128,29.310714622542058,29.011785857509594,29.12109375,128451200
2015-06-02,28.969410651865722,29.147876821742443,28.848947944475402,28.99172019958496,134670400
2015-06-03,29.14786512612257,29.210327749922353,28.978320800987998,29.02739906311035,123934000
2015-06-04,28.906938831429102,29.130020622006,28.757474440217543,28.857860565185547,153800400
2015-06-05,28.889089480496622,28.931475561819386,28.63477639651774,28.6994686126709,142507200
2015-06-08,28.75524706027214,28.824405288183716,28.293469433641413,28.509859085083008,210699200
2015-06-09,28.26446398862062,28.57231796852488,28.02353693293006,28.42508316040039,224301600
2015-06-10,28.53662767749891,28.853403471979494,28.521012017263367,28.75078773498535,156349200
2015-06-11,28.817707926451256,29.04078974685961,28.661551332957096,28.68609046936035,141563600
2015-06-12,28.596858599647057,28.6280899177964,28.35592982936992,28.369314193725586,147544800
2015-06-15,28.130612510926355,28.384925607523847,28.043610751668208,28.313539505004883,175955600
2015-06-16,28.338089603058062,28.521016667922336,28.190856454254913,28.465246200561523,125976400
2015-06-17,28.492011296162225,28.527703503552477,28.273390356222063,28.398317337036133,131672400
2015-06-18,28.382704306437173,28.623631409082858,28.38047301140006,28.527706146240234,141628800
2015-06-19,28.48977408108682,28.514313213184263,28.197537492263223,28.24215316772461,218867600
2015-06-22,28.440699738911512,28.567856303688377,28.349237081009143,28.467470169067383,136157200
2015-06-23,28.438471107204354,28.467471131035477,28.304620653881102,28.338083267211914,121075600
2015-06-24,28.378245515773965,28.95602846522309,28.358168963690314,28.57901954650879,221123600
2015-06-25,28.74632161341256,28.822168610386743,28.442930221557617,28.442930221557617,127752400
2015-06-26,28.480858206595123,28.552244327572282,28.22208415629518,28.275623321533203,176267200
2015-06-29,27.98784642073102,28.213159547462322,27.769227178618095,27.780380249023438,196645600
2015-06-30,28.012382898146452,28.135078574808336,27.853995016806024,27.981151580810547,177482800
2015-07-01,28.30907838289561,28.31800185838367,28.106073144994784,28.24215316772461,120955200
2015-07-02,28.20423156559098,28.262233309165225,28.056996763128446,28.206462860107422,108844000
2015-07-06,27.871848285896704,28.159624091112555,27.851770033357234,28.108314514160156,112241600
2015-07-07,28.083775466381088,28.141777227045775,27.6108413063066,28.039159774780273,187787200
2015-07-08,27.76922288363849,27.804915086186213,27.33644365213623,27.343135833740234,243046400
2015-07-09,27.628677848889076,27.67552481800445,26.595809830060187,26.785429000854492,314380000
2015-07-10,27.20259329054447,27.62867861303297,27.039742839324095,27.501522064208984,245418000
2015-07-13,27.891912842931568,28.05476328047001,27.73352499380722,28.032455444335938,165762000
2015-07-14,28.11723415423519,28.19085156686366,27.8941523234672,28.02130889892578,127072400
2015-07-15,28.045841538798527,28.364848550968272,28.014610225885033,28.291231155395508,134596800
2015-07-16,28.496465468239993,28.681625451984694,28.409463712129085,28.668237686157227,144889600
2015-07-17,28.795398458405888,28.915861129760742,28.62362452343796,28.915861129760742,184658800
2015-07-20,29.217031913332566,29.663195640003035,29.156798857123505,29.46242332458496,235600800
2015-07-21,29.636419011620063,29.652032967835815,29.072022320033117,29.167945861816406,307025600
2015-07-22,27.213752036722603,27.996769738636274,27.213752036722603,27.934307098388672,461802400
2015-07-23,28.15292299685926,28.35146566635156,27.898609876341503,27.92091941833496,203998000
2015-07-24,27.95661055225864,28.050304497921413,27.639834811029807,27.773683547973633,168649200
2015-07-27,27.459142467333766,27.575145975546818,27.242754515358953,27.38775634765625,177822000
2015-07-28,27.523834228515625,27.64206902230404,27.338677612162314,27.523834228515625,134472400
2015-07-29,27.47253206543995,27.550610377936973,27.276218934613638,27.436838150024414,148046800
2015-07-30,27.287377710263865,27.343148184794487,27.151297616250762,27.298532485961914,134513200
2015-07-31,27.349835102436668,27.358758580880675,26.972827924559333,27.059829711914062,171540000
2015-08-03,27.104439944865323,27.34313741374917,26.216573591216193,26.421810150146484,279904000
2015-08-04,26.19426574712073,26.25672838166463,25.264015006993834,25.574098587036133,496554400
2015-08-05,25.19708945065277,26.19872799073188,25.007470254866853,25.743640899658203,397250400
2015-08-06,25.987901363976874,26.10666963037693,25.573332274014806,25.799663543701172,211612000
2015-08-07,25.676417121630855,26.05064970055352,25.658489382480674,25.887062072753906,154681600
2015-08-10,26.113390594310268,26.888747227754624,26.113390594310268,26.828243255615234,219806400
2015-08-11,26.400231268115792,26.48314577691837,25.396301841596806,25.43215560913086,388331200
2015-08-12,25.21701866924998,25.86464303033985,24.567152914231453,25.82430648803711,404870000
2015-08-13,26.003589104767435,26.084262216411602,25.66745170947781,25.804147720336914,194143200
2015-08-14,25.618144841291276,26.0640865281702,25.548677010835526,25.985654830932617,171718000
2015-08-17,26.00359060358621,26.364378232100474,25.882580929145096,26.254573822021484,163538800
2015-08-18,26.09098594284168,26.317318945242764,25.996867877967947,26.106672286987305,138242800
2015-08-19,26.01704237749756,26.11116046796728,25.69883261847113,25.772783279418945,193146000
2015-08-20,25.56437622731776,25.624880221468146,25.015350650739393,25.243925094604492,274006400
2015-08-21,24.746435653712144,25.07585058188817,23.67527807072019,23.699928283691406,513102000
2015-08-24,21.25956853943907,24.38116427748664,20.616425097540755,23.10832405090332,648825200
2015-08-25,24.898818722543467,24.898818722543467,23.193481447458115,23.247262954711914,414406400
2015-08-26,23.997963248618984,24.625420271963097,23.540817991525316,24.580602645874023,387098400
2015-08-27,25.149794654217438,25.37612588195541,24.654550839054817,25.30441665649414,338464400
2015-08-28,25.13635164326541,25.391815902863165,24.99517456601919,25.3873348236084,212657600
2015-08-31,25.104980426809615,25.665209398967942,25.098257952693018,25.26856803894043,224917200
2015-09-01,24.683693347945017,25.071370909817738,24.05847749605796,24.139150619506836,307383600
2015-09-02,24.70162008162507,25.17445182800293,24.455117931311904,25.17445182800293,247555200
2015-09-03,25.20805947006531,25.273046228566628,24.659035824002473,24.732986450195312,212935600
2015-09-04,24.41925998608582,24.75091457032204,24.316178063434936,24.486486434936523,199985200
2015-09-08,25.042237668314055,25.22375132713337,24.7217865944172,25.167728424072266,219374400
2015-09-09,25.492652019159635,25.550914583902948,24.598525615487812,24.68368148803711,340043200
2015-09-10,24.71057708457534,25.385093200258346,24.627664296486913,25.225988388061523,251571200
2015-09-11,25.051198903061266,25.5935001373291,25.04447642895034,25.5935001373291,199662000
2015-09-14,26.12460320839511,26.194071068119193,25.73916532279667,25.84000587463379,233453600
2015-09-15,25.978939420966142,26.11339403988128,25.64056062411118,26.057371139526367,173364800
2015-09-16,26.050644696433867,26.11563145610736,25.869131074034687,26.08650016784668,148694000
2015-09-17,25.918433543611794,26.104428259816004,25.483695321581934,25.528512954711914,256450400
2015-09-18,25.145316081669108,25.61366837467434,25.069125764829042,25.423189163208008,297141200
2015-09-21,25.47248759346132,25.853444276933047,25.470247908799738,25.817588806152344,200888000
2015-09-22,25.407504515349082,25.58677847585552,25.214785606193775,25.4119873046875,201384800
2015-09-23,25.463523173916702,25.707783861688494,25.389574258979287,25.618146896362305,143026800
2015-09-24,25.37837608586187,25.882582233263097,25.181176074808743,25.770536422729492,200878000
2015-09-25,26.093216873989558,26.14923975342723,25.550914101674095,25.705537796020508,224607600
2015-09-28,25.512823755502804,25.674169952197932,25.196855545043945,25.196855545043945,208436000
2015-09-29,25.28425655693261,25.436638918856183,24.17052099091989,24.439430236816406,293461600
2015-09-30,24.688171227461435,24.99517733576546,24.365480485186172,24.717304229736328,265892000
2015-10-01,24.441676295563592,24.564927387433492,24.047274511263534,24.55596351623535,255716400
2015-10-02,24.204129776630648,24.876404453917548,24.101047864608606,24.735225677490234,232079200
2015-10-05,24.62317879043792,24.95707642944402,24.44166518283313,24.824861526489258,208258800
2015-10-06,24.791253581160905,25.039995398838375,24.598534664587667,24.943635940551758,192787200
2015-10-07,25.039989208383076,25.046711681304316,24.517857198533786,24.824861526489258,187062400
2015-10-08,24.692656297530114,24.692656297530114,24.248954135106484,24.53803253173828,247918400
2015-10-09,24.650074004172488,25.161002537255133,24.535786818714605,25.12514877319336,211064400
2015-10-12,25.261841954546423,25.266323033422697,24.972763641064162,25.008617401123047,121868800
2015-10-13,24.83382795350022,25.1990966005633,24.80245527017863,25.051197052001953,132197200
2015-10-14,24.93915527238215,24.990695384826164,24.551476038080967,24.69713592529297,177849600
2015-10-15,24.858475967760334,25.120662673656284,24.759875137638975,25.06688117980957,150694000
2015-10-16,25.048956409505504,25.098256830400224,24.76884193595193,24.883129119873047,156930400
2015-10-19,24.829348812117825,25.042235138369406,24.6747250681917,25.03775405883789,119036800
2015-10-20,24.95035524448626,25.584534814719742,24.83382837725812,25.494897842407227,195871200
2015-10-21,25.546449672454457,25.900514911572216,25.479221489442935,25.49266815185547,167180800
2015-10-22,25.620389265700716,25.88257598876953,25.56884745302967,25.88257598876953,166616400
2015-10-23,26.151484970584445,26.718438066579125,26.068572185671435,26.684823989868164,237467600
2015-10-26,26.46073580242905,26.47193935630753,25.752605545474786,25.83327865600586,265335200
2015-10-27,25.860172429236382,26.11563673075913,25.544202434904744,25.669694900512695,279537600
2015-10-28,26.203028261965798,26.734125916866574,26.0080679737833,26.727401733398438,342205600
2015-10-29,26.599673748659985,27.04561728898953,26.50331428679338,27.009761810302734,204909200
2015-10-30,27.112836131292795,27.16437794000668,26.767734939442647,26.778940200805664,197461200
2015-11-02,27.070264209002307,27.195754949768546,26.803594675190933,27.155418395996094,128813200
2015-11-03,27.068020965182114,27.67306752074972,27.04785183483226,27.466903686523438,182076000
2015-11-04,27.59239330450581,27.747017028773147,27.254016278195074,27.339170455932617,179544400
2015-11-05,27.42244163026454,27.611485208849075,27.046607179020967,27.213144302368164,158210800
2015-11-06,27.255897389719234,27.41343223323549,27.145622999257853,27.244644165039062,132169200
2015-11-09,27.22213663822793,27.413429419146773,27.017341362679776,27.134366989135742,135485600
2015-11-10,26.308442047852964,26.57175110364436,26.119398460129865,26.279184341430664,236511600
2015-11-11,26.1891632577425,26.4254655769582,25.928103495178785,26.13064956665039,180872000
2015-11-12,26.164404827590033,26.29043271814813,26.02712371094586,26.042877197265625,130102400
2015-11-13,25.925850995157077,26.00912040774217,25.26645209463557,25.28220558166504,183249600
2015-11-16,25.066157577488287,25.709803005200715,24.980638891296227,25.696300506591797,152426800
2015-11-17,25.86284060822513,25.892098314595156,25.502759628683492,25.586029052734375,110467600
2015-11-18,26.051884134608777,26.44122110260724,25.99337043900729,26.396211624145508,186698800
2015-11-19,26.474984727817052,26.949842210174857,26.276940576460046,26.731542587280273,173183200
2015-11-20,26.82605388031609,26.988090726247066,26.747286446044445,26.848560333251953,137148400
2015-11-23,26.841803652210277,26.94532851378358,26.407455612482668,26.499727249145508,129930000
2015-11-24,26.4052139204153,26.85981583506874,26.35795345282768,26.75404167175293,171212800
2015-11-25,26.828307991056892,26.83280996896848,26.537992227812992,26.562747955322266,85553200
2015-11-27,26.62126598064428,26.64827270150355,26.465980340456596,26.513240814208984,52185600
2015-11-30,26.553741542717557,26.873314961150975,26.499729835278604,26.62350845336914,156721200
2015-12-01,26.72478170171524,26.738284199871483,26.299435839780674,26.407459259033203,139409600
2015-12-02,26.407464317353075,26.580754422891076,26.12390149974809,26.16891098022461,133546400
2015-12-03,26.229671779586834,26.28368349155291,25.70530299645381,25.925851821899414,166278000
2015-12-04,25.946112064996072,26.8373132030574,25.90560284431139,26.78780174255371,231108000
2015-12-07,26.776551368012537,26.974595501438618,26.513240563875687,26.619014739990234,128336800
2015-12-08,26.447969985021057,26.691025267759507,26.29943734579293,26.607757568359375,137238000
2015-12-09,26.474981983845083,26.48623521319984,25.898852354517487,26.0203800201416,185445600
2015-12-10,26.114889985357074,26.31743600956894,25.995613359154813,26.144145965576172,116850800
2015-12-11,25.92360702162482,25.96861650319326,25.396987158865464,25.471254348754883,187544800
2015-12-14,25.246189542327112,25.358714901008014,24.70831846519246,25.313705444335938,257274800
2015-12-15,25.19219623799367,25.385740133547106,24.834364443376703,24.86587142944336,213292400
2015-12-16,24.996390745011965,25.20343705615663,24.485526216013525,25.057153701782227,224954000
2015-12-17,25.2101921054981,25.261954549588157,24.526039123535156,24.526039123535156,179091200
2015-12-18,24.510280346888408,24.647559737854884,23.812621581675568,23.862133026123047,385813200
2015-12-21,24.14344610036852,24.16370156231571,23.75860949338291,24.154699325561523,190362400
2015-12-22,24.17045655812642,24.242472746324506,23.95665726531862,24.132198333740234,131157600
2015-12-23,24.14120100884754,24.49678172098979,24.12544751992992,24.44277000427246,130629600
2015-12-24,24.530534404381786,24.530534404381786,24.294230404511595,24.31223487854004,54281600
2015-12-28,24.213214890470855,24.235721344204507,23.895894153442327,24.039926528930664,106816800
2015-12-29,24.071442249808168,24.6273182057733,24.048937504899055,24.47203254699707,123724800
2015-12-30,24.436009246666014,24.463014236016733,24.120937873901138,24.15244483947754,100855200
2015-12-31,24.08268353077706,24.087183790725035,23.589821791919483,23.688844680786133,163649200
2016-01-04,23.092462030579718,23.7136027006519,22.955180909349973,23.7091007232666,270597600
2016-01-05,23.799120017002906,23.821624751632932,23.0474512349527,23.114965438842773,223164000
2016-01-06,22.631111657212283,23.038454840426148,22.47582774698311,22.66261863708496,273829600
2016-01-07,22.20800826507846,22.534331168517,21.701644073328392,21.706144332885742,324377600
2016-01-08,22.17876222974189,22.304790157866496,21.775920997198742,21.82093048095703,283192000
2016-01-11,22.27328210570374,22.29353585732134,21.906448134391603,22.174259185791016,198957600
2016-01-12,22.628865116175675,22.66037209985096,22.244026626852737,22.496084213256836,196616800
2016-01-13,22.577100767646975,22.77289562148932,21.89744796924307,21.917701721191406,249758400
2016-01-14,22.045975976632942,22.61310494938619,21.546362930112668,22.39705467224121,252680400
2016-01-15,21.64988316778061,21.989710307796816,21.460841347057062,21.859180450439453,319335600
2016-01-19,22.147251166520476,22.201262880477753,21.492352481407988,21.7534122467041,212350800
2016-01-20,21.402328884164366,22.097736688815445,21.024243504208727,21.782665252685547,289337600
2016-01-21,21.843431179047542,22.02797277549586,21.366324558328266,21.672393798828125,208646000
2016-01-22,22.196759780258493,22.83365395617753,22.138247808514276,22.82465171813965,263202000
2016-01-25,22.847161390631662,22.849412379877773,22.327294479891755,22.379056930541992,207178000
2016-01-26,22.48932800591499,22.703125593310077,22.07073335276125,22.502830505371094,300308000
2016-01-27,21.61388191579554,21.746661081313626,21.006243644691438,21.024248123168945,533478800
2016-01-28,21.10751934480162,21.271805503136676,20.79244781263631,21.175033569335938,222715200
2016-01-29,21.33256788400009,21.90644645690918,21.233544971670028,21.90644645690918,257666000
2016-02-01,21.710647133918478,21.76465883566267,21.469842888932693,21.701644897460938,163774000
2016-02-02,21.474350652542302,21.613882790889953,21.217792833355904,21.26280403137207,149428800
2016-02-03,21.37982887826044,21.793921581847044,21.172782526467135,21.68364715576172,183857200
2016-02-04,21.69042934170642,22.02304938559196,21.538827548987342,21.85787010192871,185886800
2016-02-05,21.839773653124055,21.93028280241884,21.19942517660604,21.274093627929688,185672400
2016-02-08,21.07271348257014,21.654232529241604,21.052349828551243,21.498106002807617,216085600
2016-02-09,21.335188239128584,21.70853740455084,21.253730176624874,21.49357795715332,177324800
2016-02-10,21.70401287881343,21.801309921553056,21.292197849935643,21.330663681030273,169374400
2016-02-11,21.22205796546295,21.43249106271939,20.95053044166685,21.201692581176758,200298800
2016-02-12,21.312555076943397,21.382698827553845,21.045554112477838,21.26729965209961,161405600
2016-02-16,21.50036492754937,21.91444310662527,21.40759430416859,21.866926193237305,196231600
2016-02-17,21.87371349855906,22.222172580506005,21.75605281989877,22.20180892944336,179452800
2016-02-18,22.36472335718932,22.376037647567838,21.742475365374155,21.780942916870117,156084000
2016-02-19,21.72210621810742,21.894073375703115,21.67685252068019,21.731157302856445,141496800
2016-02-22,21.792262932206345,21.925764353783066,21.704016961299242,21.92123794555664,137123200
2016-02-23,21.812620317469428,21.83524717134706,21.394017478619176,21.425695419311523,127770400
2016-02-24,21.265047712907315,21.808099244046268,21.115707333421003,21.74474334716797,145022800
2016-02-25,21.733424402142486,21.89407730102539,21.55240612734355,21.89407730102539,110330800
2016-02-26,21.99363975157595,22.179182739750832,21.853352203394042,21.928022384643555,115964400
2016-02-29,21.91670641163121,22.226699678106144,21.869189498022948,21.87824058532715,140865200
2016-03-01,22.095466542598317,22.801434250203698,22.043423210305438,22.747129440307617,201628400
2016-03-02,22.742600717332223,22.828583461581438,22.545743442752926,22.796905517578125,132678400
2016-03-03,22.758436331310968,23.01412304913054,22.729019868849395,22.96660614013672,147822800
2016-03-04,23.163466992110056,23.475721753965253,22.937194975204367,23.30828094482422,184220400
2016-03-07,23.167989888522893,23.267550120715413,22.844420860215557,23.050329208374023,143315600
2016-03-08,22.803688204196146,23.02543548799518,22.717705479544886,22.86025619506836,126247600
2016-03-09,22.923613365367988,22.98470776570407,22.68829030286975,22.88062286376953,108806800
2016-03-10,22.946241865583367,23.134046293258795,22.661138693065695,22.891935348510742,134054400
2016-03-11,23.134050100574946,23.143101188243314,22.966609294506334,23.13857650756836,109632800
2016-03-14,23.059382424585884,23.28565444495634,23.029965957093875,23.197406768798828,100304400
2016-03-15,23.523237271421053,23.799289391840023,23.49834721293617,23.66352653503418,160270800
2016-03-16,23.670310680989743,24.054972335581546,23.66578427489726,23.97804069519043,153214000
2016-03-17,23.87621759339676,24.09117700139507,23.74950584220155,23.9395751953125,137682800
2016-03-18,24.061763944639747,24.09796829371383,23.801552522522893,23.96673011779785,176820800
2016-03-21,23.968994590382625,24.35818273194511,23.790239491580394,23.96446990966797,142010800
2016-03-22,23.81513258163924,24.276727757600753,23.806081492739757,24.14775276184082,129777600
2016-03-23,24.093450220070014,24.22694990967221,23.9622120081663,24.014253616333008,102814000
2016-03-24,23.86490635855755,24.041398229347966,23.73366819390685,23.910160064697266,104532000
2016-03-28,23.984829661205282,24.02782188943492,23.772133449523714,23.801549911499023,77645600
2016-03-29,23.733668302636328,24.389857402577746,23.731405099423505,24.364967346191406,124760400
2016-03-30,24.584450985496314,24.984951630731874,24.573136695962944,24.79035758972168,182404400
2016-03-31,24.826558140293965,24.867287159542954,24.636488808359363,24.661378860473633,103553600
2016-04-01,24.61386824862732,24.88992036893003,24.48263007236564,24.887657165527344,103496000
2016-04-04,24.98495534110106,25.385457772131094,24.951014193778747,25.143346786499023,149424800
2016-04-05,24.77904137254055,25.055093423792876,24.75867599964724,24.846921920776367,106314800
2016-04-06,24.941956318459493,25.11166027082418,24.708894773771636,25.107133865356445,105616400
2016-04-07,24.87860530017105,24.98495341463235,24.464528858985368,24.55956268310547,127207600
2016-04-08,24.64328560848277,24.837877950218115,24.475843076973312,24.58671760559082,94326800
2016-04-11,24.656858365549297,25.027944281096357,24.62518042590393,24.668170928955078,117630000
2016-04-12,24.740578495515074,25.003054831885287,24.58671519996902,24.989479064941406,108929200
2016-04-13,25.07094368136861,25.41940111713498,25.07094368136861,25.351520538330078,133029200
2016-04-14,25.256479829400487,25.430708499941424,25.19086074596297,25.365089416503906,101895600
2016-04-15,25.367353198117787,25.410345429082167,24.828826477849184,24.85597801208496,187756000
2016-04-18,24.63875619218712,24.65233195880117,24.19752651404814,24.319713592529297,243286000
2016-04-19,24.410222977367255,24.437376239107543,24.036875554768923,24.19074058532715,129539600
2016-04-20,24.12964197683712,24.457735632396414,23.998403824086175,24.240514755249023,122444000
2016-04-21,24.195261577040657,24.195261577040657,23.876217273926873,23.97804069519043,126210000
2016-04-22,23.760829848835105,24.09345005807378,23.672583882259804,23.912431716918945,134732400
2016-04-25,23.758562557621605,23.90563971871821,23.64768974905523,23.77666473388672,112126400
2016-04-26,23.511924115124508,23.82644205389541,23.511924115124508,23.611482620239258,224064800
2016-04-27,21.722109559572104,22.335306403522676,21.64970259675959,22.13392448425293,458408400
2016-04-28,22.086412431487112,22.14750511847199,21.32613829168342,21.45737648010254,328970800
2016-04-29,21.267307141980485,21.43248647977647,20.93242551178816,21.210739135742188,274126000
2016-05-02,21.262778613252216,21.287668669598332,20.907531667415565,21.188108444213867,192640400
2016-05-03,21.314824157636163,21.663283284817446,21.19716346370205,21.536571502685547,227325200
2016-05-04,21.54109452081471,21.699485962571515,21.228839770528293,21.31256103515625,164102000
2016-05-05,21.399059769565113,21.414995170133142,21.09856240397627,21.226045608520508,143562000
2016-05-06,21.25565009103631,21.273860744455853,20.90962162362799,21.107677459716797,174799600
2016-05-09,21.171421492100382,21.34671099186233,21.078084284102292,21.123615264892578,131745600
2016-05-10,21.24654308032093,21.301178512140535,20.968810218591916,21.267030715942383,134747200
2016-05-11,21.280688278941234,21.301175912061915,21.048484682600442,21.05986785888672,114876400
2016-05-12,21.107677609384716,21.121336033753508,20.367816184370167,20.56587028503418,305258800
2016-05-13,20.488468800183266,20.86864330441437,20.488468800183266,20.60684585571289,177571200
2016-05-16,21.032550487061453,21.487849775426163,20.864090236678617,21.371747970581055,245039200
2016-05-17,21.52427258084862,21.55841863488551,21.17369195249664,21.282962799072266,187667600
2016-05-18,21.43548802410475,21.674519071535453,21.374021657030653,21.526546478271484,168249600
2016-05-19,21.544761734036086,21.544761734036086,21.30117668934936,21.444595336914062,121768400
2016-05-20,21.54475876994614,21.72460216875046,21.517440191717963,21.676795959472656,128104000
2016-05-23,21.8247663153023,22.125263697700007,21.77923535625507,21.95224952697754,152074400
2016-05-24,22.13209963980563,22.33015372721535,22.045591659714926,22.286901473999023,140560800
2016-05-25,22.462187175661384,22.705772195110654,22.334703946589983,22.678455352783203,152675200
2016-05-26,22.692121841930156,22.93115471825379,22.455365948886282,22.858306884765625,225324800
2016-05-27,22.637480465236077,22.871959313517372,22.59422647840904,22.844640731811523,145364800
2016-05-31,22.67390386881822,22.85602427612958,22.49633742694555,22.73309326171875,169228800
2016-06-01,22.541868093041938,22.660246886366746,22.38479101200226,22.414384841918945,116693200
2016-06-02,22.218607317817746,22.273242751993745,21.99778686128545,22.245925903320312,160766400
2016-06-03,22.26185477016167,22.37112560641008,22.1844530023928,22.29144859313965,114019600
2016-06-06,22.307389304787257,23.19522331053951,22.207224637192535,22.45308494567871,93170000
2016-06-07,22.59422114092693,22.735364507821203,22.52820255335518,22.544137954711914,89638000
2016-06-08,22.541859861473696,22.664790838807125,22.46445984064991,22.523649215698242,83392400
2016-06-09,22.42349380709844,22.762691348934236,22.414387611346097,22.685291290283203,106405600
2016-06-10,22.430319675347505,22.61699231836452,22.418938234975986,22.498615264892578,126851600
2016-06-13,22.466740749496882,22.564630152066556,22.10477696350067,22.159412384033203,152082000
2016-06-14,22.154868149683185,22.41894262839025,22.025107893581765,22.186738967895508,127727600
2016-06-15,22.268689624812268,22.40300382708042,22.088846185371665,22.113887786865234,117780800
2016-06-16,21.95681354707537,22.252758860929475,21.870307283667433,22.207229614257812,125307200
2016-06-17,21.995507675465443,22.00233688641061,21.695010236076318,21.701839447021484,244032800
2016-06-20,21.854369697681026,21.984129948287837,21.633549225968025,21.649484634399414,137647600
2016-06-21,21.613060913354236,21.934046055117438,21.553871510958555,21.833881378173828,142185600
2016-06-22,21.91127473065563,22.056970340567723,21.706389736457794,21.751920700073242,116876400
2016-06-23,21.840709372594816,21.920386407821066,21.68363054827085,21.877132415771484,128960800
2016-06-24,21.150928134085255,21.54931498992115,21.091738743477556,21.262475967407227,301245600
2016-06-27,21.171422459315906,21.182805639240847,20.829947903520488,20.952878952026367,181958400
2016-06-28,21.148648055677793,21.321662236912484,20.9756338744431,21.30572509765625,161779600
2016-06-29,21.392238143336794,21.52427535874932,21.314836358263275,21.490127563476562,146124000
2016-06-30,21.499232979627187,21.802005686783623,21.467362168347563,21.7633056640625,143345600
2016-07-01,21.738268314030943,21.96136577343257,21.701845266945973,21.829328536987305,104106000
2016-07-05,21.715501360026124,21.717778342983515,21.503787102545367,21.624441146850586,110820800
2016-07-06,21.5356536434154,21.776963420972997,21.483295203588348,21.74736785888672,123796400
2016-07-07,21.786068710331573,21.968189107508774,21.767858060076918,21.84070587158203,100558400
2016-07-08,21.96591273121933,22.056972932321376,21.86574807315307,22.009166717529297,115648400
2016-07-11,22.025102967911465,22.229987994048525,22.020550739254617,22.077463150024414,95179600
2016-07-12,22.120715153344364,22.241369184931997,22.109333713415275,22.177627563476562,96670000
2016-07-13,22.175350667633943,22.234538319250756,22.045588714831684,22.052419662475586,103568800
2016-07-14,22.17079971876806,22.53503881870016,22.154864312421935,22.48950958251953,155676000
2016-07-15,22.519106840493237,22.605614833966396,22.423494387861187,22.48723602294922,120548000
2016-07-18,22.46901408052357,22.794553067206586,22.446249468643835,22.726259231567383,145975600
2016-07-19,22.66479806510259,22.764964464531793,22.614714865387988,22.735370635986328,95119600
2016-07-20,22.764961753423556,22.869680369069854,22.705772366552605,22.755855560302734,105104000
2016-07-21,22.726270265791165,22.992620001444084,22.566914431604307,22.635210037231445,130808000
2016-07-22,22.596500765009953,22.605606957825405,22.38023259350751,22.459911346435547,113254800
2016-07-25,22.36657436449665,22.500886801811777,22.06379996389409,22.159412384033203,161531600
2016-07-26,22.041044776403897,22.302842289363245,21.949984545353324,22.00689697265625,224959200
2016-07-27,23.737015016563248,23.755227395255446,23.390988505551636,23.4365177154541,369379200
2016-07-28,23.40921617314791,23.77800752997383,23.40693919011725,23.752965927124023,159479200
2016-07-29,23.718813555670316,23.80076755467956,23.602711767602433,23.723365783691406,110934800
2016-08-01,23.768904712374354,24.165014682425834,23.768904712374354,24.142250061035156,152671600
2016-08-02,24.142249562754643,24.14680179220711,23.675567018146026,23.784839630126953,135266400
2016-08-03,23.859956196315437,24.09443502780804,23.85085000306549,24.083053588867188,120810400
2016-08-04,24.16545245152314,24.26158283232779,24.096786895955468,24.231828689575195,109634800
2016-08-05,24.323382443715563,24.639241929922044,24.302783823087015,24.600332260131836,162213600
2016-08-08,24.609492828405955,24.804044723510742,24.527096576920304,24.804044723510742,112148800
2016-08-09,24.771992464217153,24.93449908368157,24.7216379561109,24.904743194580078,105260800
2016-08-10,24.88185744859045,24.925345754190385,24.664419413066312,24.719350814819336,96034000
2016-08-11,24.83836914609631,24.932211964247323,24.685018036971154,24.70332908630371,109938000
2016-08-12,24.668999846418515,24.8200634057395,24.668999846418515,24.76055335998535,74641600
2016-08-15,24.75139387983984,25.07183025301336,24.73766146618195,25.05809783935547,103472800
2016-08-16,25.092424642625954,25.229755741000236,24.99629427075392,25.03520393371582,135177600
2016-08-17,24.971114366612436,25.032913703563807,24.797162941056897,24.998580932617188,101424000
2016-08-18,25.00088170635739,25.085567267764063,24.95281475726303,24.966548919677734,87938800
2016-08-19,24.895588314079816,25.10616187580563,24.801747248014788,25.030630111694336,101472400
2016-08-22,24.91618537887745,24.971116769936508,24.685013228240997,24.836076736450195,103280800
2016-08-23,24.854386533857703,25.02147177389938,24.840654122377213,24.913896560668945,85030800
2016-08-24,24.849810400994954,24.89100938292654,24.646104808732535,24.726213455200195,94700400
2016-08-25,24.579732636625383,24.691884760216265,24.417225999435953,24.62093162536621,100344800
2016-08-26,24.58430747167917,24.70790267255723,24.33253494260801,24.47673225402832,111065200
2016-08-29,24.403498176447474,24.591182105746302,24.327966391839396,24.44927406311035,99881200
2016-08-30,24.215809358174603,24.37602667538625,24.147143795805157,24.261585235595703,99455600
2016-08-31,24.183764239161054,24.3920467372776,24.179185603989712,24.28447151184082,118649600
2016-09-01,24.29362907409736,24.44469261514723,24.174610743222345,24.42867088317871,106806000
2016-09-02,24.65068095243993,24.719346502330282,24.449264683659027,24.657548904418945,107210000
2016-09-06,24.696463889241397,24.788017393410165,24.607199702892252,24.650686264038086,107521600
2016-09-07,24.68044442841715,24.893305603048898,24.506492929110838,24.8017520904541,169457200
2016-09-08,24.547688186556055,24.552265075682133,24.0876331218055,24.15172004699707,212008000
2016-09-09,23.950308056629332,24.19750202362435,23.604694366455078,23.604694366455078,186228000
2016-09-12,23.494826106333228,24.197496422009813,23.46735953427949,24.13340950012207,181171200
2016-09-13,24.60719754154775,24.900167332164877,24.54539818951082,24.707904815673828,248704800
2016-09-14,24.88644043196196,25.870635931202962,24.85668453504217,25.582242965698242,443554800
2016-09-15,26.06060067510993,26.48861222068165,25.97591339445229,26.451990127563477,359934400
2016-09-16,26.348998373685482,26.580168830453403,26.10180443856475,26.303220748901367,319547600
2016-09-19,26.36502648483263,26.5916201070655,25.920993021300642,25.996524810791016,188092000
2016-09-20,25.875210034920507,26.120114644327742,25.75161307135455,25.99422836303711,138057200
2016-09-21,26.058314539943815,26.090358002216576,25.735590599557394,25.98965072631836,144012800
2016-09-22,26.172756842947617,26.307798649490568,26.092648184610844,26.234556198120117,124296000
2016-09-23,26.188775638778342,26.273462923090836,25.531882967818554,25.797386169433594,209924800
2016-09-26,25.55248937545927,25.95303449057506,25.53189075059047,25.8363037109375,119477600
2016-09-27,25.86376074247659,25.90495972324331,25.712697230919463,25.88435935974121,98429600
2016-09-28,26.021691363229483,26.239129368791218,25.96218133422534,26.081199645996094,118564400
2016-09-29,25.90038091506868,26.0468657811067,25.58910013817855,25.676074981689453,143548000
2016-09-30,25.74016610618626,25.9484503460104,25.58910432733329,25.875207901000977,145516400
2016-10-03,25.7973907439095,25.875211835824874,25.698971029751696,25.753902435302734,86807200
2016-10-04,25.87749431398079,26.163597874842022,25.779074619195026,25.86376190185547,118947200
2016-10-05,25.955316552380403,26.01482658464982,25.79280993208567,25.875207901000977,85812400
2016-10-06,26.023980341230185,26.170465231130333,25.89351718159294,26.067468643188477,115117200
2016-10-07,26.163605005110146,26.220825732876538,25.9804997240005,26.10638427734375,97433600
2016-10-10,26.326110186190167,26.722078368474566,26.257446364463615,26.561861038208008,144944000
2016-10-11,26.93951422421971,27.166109532262723,26.59618990489879,26.61907958984375,256164000
2016-10-12,26.859406016999273,27.003603351129488,26.722076636210637,26.85711669921875,150347200
2016-10-13,26.731230933637267,26.880005150259226,26.486326329501203,26.77471923828125,140769600
2016-10-14,26.9807131513981,27.0470893958653,26.809050992125677,26.923492431640625,142608800
2016-10-17,26.854831181866494,26.97156020403492,26.728944887875503,26.90518569946289,94499600
2016-10-18,27.049379886850563,27.056246094121228,26.882294609566905,26.886873245239258,98214000
2016-10-19,26.83651111173864,26.95324184091527,26.046866067500126,26.8067569732666,80138400
2016-10-20,26.747252002858986,26.866270325468047,26.625944362631184,26.793027877807617,96503200
2016-10-21,26.735807426320722,26.758697110259885,26.6144997848891,26.687742233276367,92770800
2016-10-24,26.80218568949886,26.948670597321588,26.779297750071155,26.928071975708008,94154800
2016-10-25,26.99672980593413,27.090572606881956,26.850244930602738,27.06539535522461,192516000
2016-10-26,26.16359988222903,26.48174692661736,25.93471701597914,26.45656967163086,264536800
2016-10-27,26.410797175324642,26.518372415621062,26.11553803054444,26.2025146484375,138248000
2016-10-28,26.06289532854449,26.369597563133876,25.966763187546174,26.028562545776367,151446800
2016-10-31,26.012535345583657,26.145287813056154,25.909537018929132,25.98735809326172,105677600
2016-11-01,25.969057620770364,26.04001077189304,25.29843055071958,25.518157958984375,175303200
2016-11-02,25.4975481473135,25.714986141889998,25.458638484492432,25.541034698486328,113326800
2016-11-03,25.531838097943226,25.642264957129893,25.20285508147735,25.267271041870117,107730400
2016-11-04,24.96819331187081,25.36389333452078,24.87156937755949,25.03951072692871,123348000
2016-11-07,25.3247819708429,25.423706968979122,25.182145396375798,25.40070152282715,130240000
2016-11-08,25.377701755545395,25.702084433482014,25.2373662111449,25.55024528503418,97016800
2016-11-09,25.278767348173833,25.610051363527035,24.857762626399186,25.508825302124023,236705600
2016-11-10,25.55713908639396,25.55713908639396,24.347035425970823,24.797948837280273,228538000
2016-11-11,24.6438131098981,25.04641460202416,24.512680122670883,24.945188522338867,136575600
2016-11-14,24.779553141585467,24.802558596275126,23.944443025445405,24.31943702697754,204702000
2016-11-15,24.517276594066185,24.772641068697908,24.422953743683106,24.641508102416992,129058000
2016-11-16,24.547186171059305,25.359292328299528,24.524180723718356,25.3040771484375,235362000
2016-11-17,25.262673834190167,25.38690539144753,25.037217928770364,25.29488182067871,110528000
2016-11-18,25.241958218785776,25.430605665066192,25.228155303634452,25.32017707824707,113715600
2016-11-21,25.333986530501825,25.764193849148143,25.308680011145785,25.70438003540039,117058400
2016-11-22,25.75499298387835,25.86312052717091,25.628462134121555,25.72048568725586,103862000
2016-11-23,25.61926047122181,25.653769524216692,25.382300998635436,25.589353561401367,109705600
2016-11-25,25.566346294075945,25.736590487051203,25.524935781622954,25.718185424804688,45903600
2016-11-28,25.63535832574025,25.874618812643458,25.62615579679748,25.667566299438477,108776000
2016-11-29,25.48582580442763,25.77339831396523,25.32248482963467,25.64226531982422,114115200
2016-11-30,25.674473200356314,25.812507653355425,25.3684956301527,25.426010131835938,144649200
2016-12-01,25.39150476644213,25.522637770046657,25.083226101264454,25.18905258178711,148347600
2016-12-02,25.11542977784512,25.32708270259954,25.041811292921707,25.28337287902832,106112000
2016-12-05,25.306380742795778,25.31328220216583,24.90377923097857,25.10162925720215,137298000
2016-12-06,25.191356400566054,25.38920646339775,25.12003896694194,25.29488182067871,104782000
2016-12-07,25.136135021878374,25.58014698705001,25.113129575252483,25.543336868286133,119994800
2016-12-08,25.504233822463927,25.86542486610041,25.44441824209,25.79410743713379,108273200
2016-12-09,25.837815764958435,26.387654294479216,25.837815764958435,26.215110778808594,137610400
2016-12-12,26.06326785277385,26.45666677418299,25.879220773133106,26.065568923950195,105497600
2016-12-13,26.18979988188101,26.668320906667244,26.16909550595621,26.50037956237793,174935200
2016-12-14,26.465870513966813,26.73273686092633,26.452067596683612,26.50037956237793,136127200
2016-12-15,26.544094797742623,26.85467454156549,26.50958749749872,26.645320892333984,186098000
2016-12-16,26.794849990577323,26.801751448315244,26.606202539861673,26.679821014404297,177404400
2016-12-19,26.640717421692816,27.00420773209918,26.629213819473506,26.833965301513672,111117600
2016-12-20,26.856974811680164,27.031819411672224,26.843171891092524,26.90528678894043,85700000
2016-12-21,26.870775857967068,27.008810310809384,26.866173714923793,26.93058967590332,95132800
2016-12-22,26.767247589780606,26.804057711784225,26.6039066225968,26.75344467163086,104343600
2016-12-23,26.592406211739476,26.806360244750977,26.592406211739476,26.806360244750977,56998000
2016-12-27,26.806358364372283,27.100834089471928,26.799456904953356,26.97660255432129,73187600
2016-12-28,27.036420839178867,27.151449862372658,26.732744288155406,26.8615779876709,83623600
2016-12-29,26.790248054702733,26.942087146916545,26.77874621011868,26.854665756225586,60158000
2016-12-30,26.83626947796643,26.96280034100216,26.555598401292904,26.645320892333984,122345200
2017-01-03,26.640715331660193,26.76264578272473,26.401454816935974,26.721235275268555,115127600
2017-01-04,26.65221670589767,26.804055815616383,26.629211258874466,26.691326141357422,84472400
2017-01-05,26.66832582267746,26.884580927728436,26.64301929952454,26.82706642150879,88774400
2017-01-06,26.866173921837206,27.183655096543283,26.794856500946796,27.126140594482422,127007600
2017-01-09,27.13534082970417,27.47582744741152,27.133041513413918,27.374601364135742,134247600
2017-01-10,27.323983892281866,27.464319392177675,27.2158581224632,27.402204513549805,97848400
2017-01-11,27.317088920650892,27.59085852729163,27.284880938128854,27.549448013305664,110354400
2017-01-12,27.353899673806367,27.445923235352577,27.195159074019244,27.434419631958008,108344800
2017-01-13,27.402212390503777,27.51954247853153,27.333194278674867,27.3861083984375,104447600
2017-01-17,27.22506693195707,27.6621775480938,27.197461091175988,27.606964111328125,137759200
2017-01-18,27.606963013236385,27.721992025791536,27.540245975329984,27.60466194152832,94852000
2017-01-19,27.468921682797355,27.627660486905143,27.462020224601755,27.55634307861328,102389200
2017-01-20,27.710489524664204,27.710489524664204,27.544849214367183,27.606964111328125,130391600
2017-01-23,27.606955430689098,27.793301818181305,27.554041327157645,27.6253604888916,88200800
2017-01-24,27.503435567135732,27.629966418453563,27.49193196465079,27.600059509277344,92844000
2017-01-25,27.703586176105624,28.090083717527474,27.671378193920752,28.039470672607422,129510400
2017-01-26,27.991157509373394,28.168303159062784,27.97505351896557,28.053274154663086,105350400
2017-01-27,28.099284091604925,28.14759606117314,27.975052560485274,28.055572509765625,82251600
2017-01-30,27.820918465573875,27.981958389282227,27.758803567915947,27.981958389282227,121510000
2017-01-31,27.871530600128644,27.926744035702466,27.749600125434853,27.91754150390625,196804000
2017-02-01,29.224268361259686,30.020270610409472,29.21966797340711,29.61996841430664,447940000
2017-02-02,29.44282796012069,29.767208875316427,29.39681530020404,29.569358825683594,134841600
2017-02-03,29.51873528379291,29.721187405049676,29.484227995126766,29.695880889892578,98029200
2017-02-06,29.70739378273852,30.022572152503574,29.654477909689444,29.974258422851562,107383600
2017-02-07,30.03177610407307,30.388366781299386,30.011071722207557,30.25953483581543,152735200
2017-02-08,30.218124475940726,30.41827384421646,30.188215807887737,30.376861572265625,92016400
2017-02-09,30.418445586774457,30.603290633697004,30.295986492383804,30.596359252929688,113399600
2017-02-10,30.605598178091757,30.716503776911445,30.510864623071093,30.527036666870117,80262000
2017-02-13,30.748858871211922,30.91984116877839,30.67261015171443,30.797378540039062,92141600
2017-02-14,30.838972553987908,31.213281271299813,30.788140070695363,31.19710922241211,132904800
2017-02-15,31.31263271120233,31.48592428287456,31.104680709820027,31.310319900512695,142492400
2017-02-16,31.347291392120912,31.400433156603963,31.155514952191538,31.27335548400879,90338400
2017-02-17,31.21559910629963,31.3842686322115,31.21559910629963,31.35885238647461,88792800
2017-02-21,31.47667931905758,31.596829126310965,31.418915463250798,31.585275650024414,98028800
2017-02-22,31.522892215602024,31.682321034458894,31.448956307591242,31.680011749267578,83347600
2017-02-23,31.742399984098633,31.765503414548835,31.49285966610156,31.546001434326172,83152800
2017-02-24,31.40274867152735,31.576040267944336,31.25718260233658,31.576040267944336,87106400
2017-02-27,31.68693183762317,31.756249150547458,31.488224087573542,31.638408660888672,81029600
2017-02-28,31.67308258194368,31.75626268778631,31.5852803797691,31.65228843688965,93931600
2017-03-01,31.860247451914173,32.38243168968686,31.793242898309984,32.299251556396484,145658400
2017-03-02,32.347759930593156,32.41245516840426,32.061249930553956,32.10746383666992,104844000
2017-03-03,32.06587675828622,32.308485698692934,32.021975656373144,32.296932220458984,84432400
2017-03-06,32.20219428981536,32.29461857758971,32.02428414639865,32.19526290893555,87000000
2017-03-07,32.13056750423803,32.34313807658122,32.06818155101605,32.236854553222656,69785200
2017-03-08,32.10516099742172,32.30155958253522,32.07512617986917,32.11671447753906,74828800
2017-03-09,32.05662140985935,32.06817135717713,31.666137293520123,32.042755126953125,88623600
2017-03-10,32.174471721726356,32.19988796249569,32.0335277548467,32.14905548095703,78451200
2017-03-13,32.08204699319808,32.21605603640242,32.07511561253668,32.16291427612305,69686800
2017-03-14,32.18602176003566,32.26688904429549,32.07973471209646,32.11439514160156,61236400
2017-03-15,32.211439243327874,32.52105268203677,32.12363704927191,32.45404815673828,102767200
2017-03-16,32.51413353208871,32.583450894228214,32.40784644005779,32.5072021484375,76928000
2017-03-17,32.57880838879118,32.57880838879118,32.322336777471435,32.34544372558594,175540000
2017-03-20,32.44017885400737,32.69434122074406,32.40089985653458,32.68510055541992,86168000
2017-03-21,32.83528783751306,32.99471665093121,32.2853747768826,32.310791015625,158119600
2017-03-22,32.31310613499406,32.71745317302266,32.292308464990825,32.67586135864258,103440800
2017-03-23,32.638883610183065,32.712823028388804,32.488699014687725,32.560325622558594,81385200
2017-03-24,32.694343799918045,32.749798373115034,32.42863146197127,32.495635986328125,89582400
2017-03-27,32.206831476542945,32.62966353646561,32.028917724136335,32.55110549926758,94300400
2017-03-28,32.55802651752383,33.281227727729544,32.49101845812078,33.22577667236328,133499200
2017-03-29,33.19804055798778,33.38519840692117,33.084825660277524,33.299705505371094,116760000
2017-03-30,33.315886458343975,33.38751308494501,33.15645763106996,33.25580978393555,84829200
2017-03-31,33.207279354099846,33.33436051768321,33.043228483724,33.193416595458984,78646800
2017-04-03,33.20498386217642,33.299713927446234,33.052486402532196,33.20267105102539,79942800
2017-04-04,33.09869627711697,33.47762710917722,33.080211416330286,33.44990158081055,79565600
2017-04-05,33.3228255391489,33.60933563737764,33.22809193502159,33.276615142822266,110871600
2017-04-06,33.3389790868133,33.39212436243698,33.14489341459069,33.193416595458984,84596000
2017-04-07,33.20961072325856,33.31358500783382,33.10332715258255,33.11949920654297,66688800
2017-04-10,33.17956349994475,33.24425874286062,33.01782186702875,33.08020782470703,75733600
2017-04-11,33.02707408133784,33.12180768348435,32.361633106140886,32.72439193725586,121517600
2017-04-12,32.71745385970046,32.84453153953262,32.58112846168498,32.76366424560547,81400000
2017-04-13,32.789074157625386,32.89767048263503,32.59036636352539,32.59036636352539,71291600
2017-04-17,32.689724731172724,32.78214902839294,32.54878076283502,32.77059555053711,66328400
2017-04-18,32.67356135659814,32.81912393421984,32.60424399668776,32.625038146972656,58790000
2017-04-19,32.78214066369432,32.80986618297272,32.45172961458277,32.5048713684082,69313600
2017-04-20,32.6296492538494,33.0224427935341,32.615786491662185,32.911537170410156,93278400
2017-04-21,32.91152859444215,32.9669796287418,32.77520676762184,32.872249603271484,69283600
2017-04-24,33.156457004558625,33.260431251712454,33.08251756841505,33.188804626464844,68537200
2017-04-25,33.25118646452234,33.47992907478972,33.241942273336754,33.394439697265625,75486000
2017-04-26,33.38057192327901,33.410610251682364,33.12872239849438,33.198036193847656,80164800
2017-04-27,33.25350712370632,33.30896171291005,33.11256312773726,33.22346878051758,56985200
2017-04-28,33.29277364954495,33.34129683760354,33.103310044002505,33.19110870361328,83441600
2017-05-01,33.52615710631896,34.011371579238464,33.49380947479099,33.86811828613281,134411600
2017-05-02,34.089912489635154,34.216993665971486,33.928174413218755,34.08298110961914,181408800
2017-05-03,33.63937109555477,34.07837868307375,33.3343796534977,33.97902297973633,182788000
2017-05-04,33.85423521005775,33.997488417226116,33.690184339247764,33.856544494628906,93487600
2017-05-05,33.90969733385166,34.42264072641439,33.90969733385166,34.41802215576172,109310800
2017-05-08,34.43419436903658,35.51322292684159,34.43419436903658,35.35379409790039,195009600
2017-05-09,35.55249784919626,35.78586608965602,35.455454991771575,35.58022689819336,156521600
2017-05-10,35.49705297990931,35.56867961150019,35.145847678377294,35.41156005859375,103222800
2017-05-11,35.36979026885097,35.74564745729754,35.3373091330769,35.717803955078125,109020400
2017-05-12,35.89181032003133,36.29086629146974,35.884850329613776,36.21662521362305,130108000
2017-05-15,36.19574734555601,36.34423306457839,35.973020537111836,36.12382507324219,104038800
2017-05-16,36.17952115710794,36.20736113282338,35.89646960340086,36.07047653198242,80194000
2017-05-17,35.63661097305999,35.86166015777353,34.73409541690228,34.859378814697266,203070800
2017-05-18,35.09602929903596,35.57628645594224,35.063548155767805,35.39067840576172,134272800
2017-05-19,35.5855666531375,35.72477002721877,35.411559780401745,35.511322021484375,107843200
2017-05-22,35.7294001152807,35.863965813263476,35.47651105501651,35.727081298828125,91865600
2017-05-23,35.93822189937736,35.93822189937736,35.56932813913295,35.683013916015625,79675600
2017-05-24,35.69228325002992,35.768846686765585,35.420832996246155,35.57627868652344,76712000
2017-05-25,35.666760503466904,35.81060856307925,35.504354829883454,35.699241638183594,76942400
2017-05-26,35.72939559361616,35.7850790430311,35.56930877420341,35.638912200927734,87710400
2017-05-30,35.59483738289763,35.829165310531,35.573957412551486,35.65283966064453,80507600
2017-05-31,35.722451704755954,35.76885283009231,35.35355797909039,35.44171905517578,97804800
2017-06-01,35.536831421631696,35.573953725184595,35.31642349707515,35.53915023803711,65616400
2017-06-02,35.631966612345444,36.06582260131836,35.47187972823621,36.06582260131836,111082800
2017-06-05,35.808289880411884,35.83381102746354,35.604124244177186,35.713165283203125,101326800
2017-06-06,35.706203171247324,36.149341452740536,35.6783632089096,35.83380889892578,106499600
2017-06-07,35.96605159431426,36.1887783473258,35.84076469808959,36.0472526550293,84278400
2017-06-08,36.01941227722577,36.08669335761769,35.822203128879956,35.95909118652344,85003200
2017-06-09,36.00550242241281,36.00550242241281,33.87797883138676,34.56472396850586,259530800
2017-06-12,33.81302180331773,33.8942228985397,33.063629544575214,33.73877716064453,289229200
2017-06-13,34.14247031488895,34.20975141652605,33.67612961736451,34.010223388671875,136661600
2017-06-14,34.2213443869501,34.2213443869501,33.37219017828201,33.678443908691406,126124800
2017-06-15,33.25154743721436,33.52067531502955,32.994017182789065,33.476593017578125,128661600
2017-06-16,33.3582631702228,33.52530998067635,32.99168842173737,33.007930755615234,201444400
2017-06-19,33.330430553899184,34.04501905813801,33.330430553899184,33.952213287353516,130165600
2017-06-20,34.075179545849174,34.075179545849174,33.62740362744633,33.64364242553711,99600400
2017-06-21,33.76196909580847,33.88957482348066,33.55083994094887,33.843170166015625,85063200
2017-06-22,33.81996052633173,34.03572724556644,33.66915251831375,33.787479400634766,76425200
2017-06-23,33.6714768183079,34.1424549381907,33.666835645746936,33.93828582763672,141757600
2017-06-26,34.144775991864364,34.40230621312439,33.72948129496707,33.831565856933594,102769600
2017-06-27,33.643643468366285,33.91045609832989,33.321150911590316,33.34667205810547,99047600
2017-06-28,33.523005208444474,33.89885891933453,33.214432597089726,33.83389663696289,88329600
2017-06-29,33.57404423508429,33.67148764914415,33.010260183521176,33.3350715637207,125997600
2017-06-30,33.513733218824164,33.63206019414612,33.35828745651529,33.413970947265625,92096400
2017-07-03,33.613489674835854,33.71093310139228,33.20051363554381,33.29331588745117,57111200
2017-07-05,33.337392618356084,33.592600538490956,33.11234347794667,33.43019485473633,86278400
2017-07-06,33.18194297823651,33.293306356681505,33.040417283475556,33.11465835571289,96515200
2017-07-07,33.15410508801684,33.58332341824197,33.15410508801684,33.45107650756836,76806800
2017-07-10,33.43483496042663,33.86173089842264,33.263146934412056,33.655242919921875,84362400
2017-07-11,33.578685629676194,33.838538303117105,33.49748454562129,33.7642936706543,79127200
2017-07-12,33.84317758457734,33.91509986316414,33.59957078037794,33.813018798828125,99538000
2017-07-13,33.75732349829698,34.45103197042361,33.743403518952945,34.28398513793945,100797600
2017-07-14,34.33039583744347,34.645928438020356,34.18191011600604,34.578643798828125,80528400
2017-07-17,34.527610503350445,35.010186519241415,34.4696082039215,34.69929504394531,95174000
2017-07-18,34.615773237805755,34.83154364283876,34.492808640381405,34.819942474365234,71475200
2017-07-19,34.912730369299176,35.13081950217448,34.78976582249554,35.03801727294922,83692000
2017-07-20,35.14938813106929,35.2050716045532,34.845456694516386,34.88025665283203,68974800
2017-07-21,34.79904758976671,34.90345098095028,34.54151733675225,34.864009857177734,105010400
2017-07-24,34.93594515949075,35.367482405670145,34.77817706531301,35.286277770996094,85972800
2017-07-25,35.21899499762855,35.69229217743829,35.21899499762855,35.43708419799805,75415600
2017-07-26,35.57860101630619,35.71316319451389,35.51131638702401,35.604122161865234,63124000
2017-07-27,35.67141095788023,35.72709443481554,34.174952474512295,34.93130111694336,129905200
2017-07-28,34.775843360935134,34.85472560416631,34.61343770128921,34.685359954833984,68854800
2017-07-31,34.778167945206754,34.877933714220624,34.36751432489266,34.506717681884766,79383600
2017-08-01,34.59255746097682,34.852406514372724,34.432470619089045,34.812965393066406,141474400
2017-08-02,36.95442727963152,37.06347189329879,36.23055966565275,36.45792770385742,279747200
2017-08-03,36.43703478509722,36.47415709575455,35.96605653168981,36.09366226196289,108389200
2017-08-04,36.209663954052346,36.51823295889064,36.12149935828248,36.283905029296875,82239600
2017-08-07,36.439355248149226,36.87089239354546,36.34887182444575,36.84537124633789,87481200
2017-08-08,36.79665353312838,37.54604211525849,36.720090086877995,37.1400260925293,144823600
2017-08-09,36.94976876745259,37.41610933395925,36.91496881779299,37.36738586425781,104526000
2017-08-10,37.2439491201272,37.267242568364914,36.01646187697015,36.17717742919922,163217200
2017-08-11,36.47531138153877,36.93416454339408,36.35186393739302,36.68027877807617,105028400
2017-08-14,37.10885236838199,37.316151228789415,36.97608613268702,37.2322998046875,88490800
2017-08-15,37.42095847556554,37.779654003384806,37.2998389819559,37.6399040222168,117862000
2017-08-16,37.71911011424637,37.85187282362059,37.302180829366435,37.48851776123047,110686400
2017-08-17,37.388359923307966,37.43261533993221,36.76413179853818,36.76879119873047,111762400
2017-08-18,36.76878794908287,37.15077698722718,36.50325902688598,36.6849365234375,109712400
2017-08-21,36.6849464447683,36.77578521761113,36.128267082150636,36.617401123046875,105474000
2017-08-22,36.85495359377293,37.267223246074856,36.80604235354691,37.215980529785156,86418400
2017-08-23,37.05061855764048,37.37670542162071,37.006363150225965,37.2625732421875,77596400
2017-08-24,37.36739856702638,37.43960683877667,36.92951086030106,37.09721374511719,79275600
2017-08-25,37.18571195968431,37.39767021433604,37.097204692244226,37.23462677001953,101920400
2017-08-28,37.29983867949579,37.73307037035567,37.25092387633161,37.609622955322266,103864000
2017-08-29,37.290525026344106,37.993941463572725,37.267231584971434,37.945030212402344,118067600
2017-08-30,38.15233307291767,38.17329503991752,37.87515744009567,38.04751968383789,109078400
2017-08-31,38.11506596467956,38.32003690260881,38.07779787522322,38.198917388916016,107140400
2017-09-01,38.385257660727085,38.41786635335139,38.11274139649231,38.210567474365234,66364400
2017-09-05,38.140685318075796,38.25714542591725,37.397669261394455,37.751708984375,117874000
2017-09-06,37.89844547386948,37.963662842390605,37.388349691873536,37.71210861206055,86606800
2017-09-07,37.754050440577984,37.78899061790352,37.3510993181451,37.560726165771484,87714000
2017-09-08,37.46755420442734,37.53509951790412,36.92484955709291,36.948143005371094,114446000
2017-09-11,37.38369886793957,37.74472595411591,37.24161737805395,37.61661911010742,126323200
2017-09-12,37.87515877319203,38.18960250557941,36.98074594224573,37.46754837036133,286856000
2017-09-13,37.236957458568185,37.257922981172236,36.78043578057349,37.18571472167969,179629600
2017-09-14,37.03199022957224,37.127484826851486,36.822359881166186,36.866615295410156,95042800
2017-09-15,36.91086994556379,37.49317053339173,36.80139715072568,37.239288330078125,196458400
2017-09-18,37.29285270270575,37.38369143693135,36.80139094725952,36.95744705200195,113077600
2017-09-19,37.1531092499511,37.21367079192962,36.90388642083373,36.971431732177734,83242400
2017-09-20,36.77810863561706,36.86196007366764,35.83012499967972,36.35186767578125,211805600
2017-09-21,36.28897691957961,36.28897691957961,35.57856942162137,35.727638244628906,150046800
2017-09-22,35.296726627935186,35.466760938093564,35.06846582006925,35.37825012207031,186581600
2017-09-25,34.93569686789998,35.364269119012555,34.74237270423862,35.066131591796875,177549200
2017-09-26,35.35262386670793,35.85107289889718,35.33166190394329,35.669395446777344,146640000
2017-09-27,35.82314766029029,36.037433938569706,35.76258609954723,35.923301696777344,102016800
2017-09-28,35.844084925287866,35.934923649693694,35.56690935351426,35.702003479003906,88022000
2017-09-29,35.68571220984077,35.899998408208205,35.40387715030918,35.897666931152344,105199200
2017-10-02,35.93027956667778,35.97453498662579,35.571583914714,35.82546615600586,74795200
2017-10-03,35.87205640355522,36.12361077003381,35.84876650452396,35.981529235839844,64921200
2017-10-04,35.783543995485715,35.83711466510488,35.511027692534164,35.74860382080078,80655200
2017-10-05,35.911634993358895,36.20511672212214,35.881357783911426,36.1934700012207,85135200
2017-10-06,36.09564414626003,36.21676364697264,36.00014601004277,36.172508239746094,69630400
2017-10-09,36.29130674360093,36.505592965768344,36.21677410523374,36.29829406738281,65051600
2017-10-10,36.34953921685477,36.801405139755445,36.125937732873545,36.31227111816406,62468000
2017-10-11,36.32857084016647,36.56381900777948,36.277328102020135,36.46366500854492,67622400
2017-10-12,36.41707953274286,36.65465560938733,36.27266657277076,36.33555603027344,64500400
2017-10-13,36.505581510008696,36.63368832927769,36.43104889503047,36.56614303588867,65576800
2017-10-16,36.778103705580264,37.26723762098803,36.719873646797474,37.239288330078125,96486000
2017-10-17,37.21599725793115,37.46987947743301,37.0878904096244,37.376712799072266,75989200
2017-10-18,37.3650624314904,37.43261128768263,37.17406969325437,37.211334228515625,65496800
2017-10-19,36.51024786606347,36.5871119722712,36.107296843290385,36.33089828491211,170336800
2017-10-20,36.47764263581559,36.74317159423828,36.326245886061336,36.39379119873047,95896400
2017-10-23,36.542859273307,36.72919619122614,36.21910025562893,36.37515640258789,87937200
2017-10-24,36.403105592236166,36.66630662132224,36.3821436219765,36.591773986816406,71028800
2017-10-25,36.54750179317839,36.69657054784606,36.165512887212536,36.4310417175293,84828400
2017-10-26,36.6220320305241,36.761785533917546,36.51721868001864,36.66395950317383,68002000
2017-10-27,37.10185976956351,38.1057488893798,36.96443769463346,37.97764205932617,177816800
2017-10-30,38.173301361603585,39.146909898881574,38.13370534379751,38.83246612548828,178803200
2017-10-31,39.107304337739436,39.514914731300486,38.883702912128214,39.372833251953125,144187200
2017-11-01,39.56615630845578,39.58246242968022,38.57391745889112,38.87205505371094,134551200
2017-11-02,38.80451499973989,39.2470620522876,38.497058564350645,39.15622329711914,165573600
2017-11-03,40.528114119819975,40.58867209133476,39.85730281777248,40.178733825683594,237594400
2017-11-06,40.14845077688652,40.75870407267221,39.997054079679806,40.586341857910156,140105200
2017-11-07,40.50715105237085,40.8192632536564,40.43494636220121,40.71677780151367,97446000
2017-11-08,40.68185130490328,41.04986572265625,40.60498719669403,41.04986572265625,97638000
2017-11-09,40.786657677747385,41.017249962642765,40.32780458464305,40.966007232666016,117930400
2017-11-10,40.933290614042214,40.996406160345416,40.73693509982965,40.83043670654297,100582000
2017-11-13,40.55694272704739,40.790700322015965,40.5335655408074,40.66680908203125,67928400
2017-11-14,40.449412033186846,40.5522659440664,40.01462277065098,40.052024841308594,99130000
2017-11-15,39.7317676613305,39.81358422357712,39.36009404465854,39.52372360229492,116632400
2017-11-16,40.014615739111214,40.17590901947847,39.80891152035712,39.99591827392578,94550000
2017-11-17,39.981897418561154,40.06371400342983,39.654638212802126,39.77385330200195,87598000
2017-11-20,39.80657606378088,39.869691608046615,39.63593403195173,39.73411178588867,65049600
2017-11-21,39.92111417337202,40.60368579254124,39.92111417337202,40.472782135009766,100525200
2017-11-22,40.52420279815348,40.90756497870825,40.45173853945968,40.898216247558594,102355600
2017-11-24,40.930948094323455,41.0244496868098,40.82575434420491,40.90055847167969,56106800
2017-11-27,40.91927124568592,40.92628368879183,40.51954415435885,40.694862365722656,82867200
2017-11-28,40.743930160849146,40.87717007191908,40.17356132938426,40.4564094543457,105715200
2017-11-29,40.35356790075893,40.421356022358474,39.07491378830195,39.61722946166992,166665600
2017-11-30,39.83929907290369,40.2390260682573,39.37412381322835,40.17123794555664,166108800
2017-12-01,39.72709530718462,40.12915858256177,39.38814756965987,39.984230041503906,159037200
2017-12-04,40.31849261914353,40.35121852648377,39.65228588396219,39.69202423095703,130169600
2017-12-05,39.51906035805063,40.09410563907776,39.36477948181677,39.654640197753906,109400800
2017-12-06,39.154378406334494,39.78552289712508,38.911272193407385,39.50735092163086,114240000
2017-12-07,39.51204229074438,39.84164132481947,39.48399252337033,39.579833984375,102693200
2017-12-08,39.853333145307786,39.97254823316245,39.46295839467937,39.591522216796875,93420800
2017-12-11,39.55178354518181,40.41434962364538,39.455942077161914,40.36292266845703,141095200
2017-12-12,40.241367263998576,40.29747036907101,40.08007752477358,40.13617706298828,77636800
2017-12-13,40.323187690009654,40.56629403478115,40.20630888511107,40.26942443847656,95273600
2017-12-14,40.29979940805167,40.470444984363944,40.12448124896759,40.25772476196289,81906000
2017-12-15,40.587332355787815,40.713559887653396,40.31383639769752,40.66680908203125,160677200
2017-12-18,40.87952071700584,41.421836368046534,40.874844567373735,41.239505767822266,117684400
2017-12-19,40.91458368227419,40.99873654293022,40.69485101462472,40.80004119873047,109745600
2017-12-20,40.877185677769134,41.005753056380755,40.49849955063809,40.75563430786133,93902400
2017-12-21,40.71356039788378,41.14601338073836,40.69719922079701,40.909915924072266,83799600
2017-12-22,40.83277548874296,41.00575739525637,40.79070083321309,40.909915924072266,65397600
2017-12-26,39.92578777056952,40.08240489130736,39.66397690538748,39.87202453613281,132742000
2017-12-27,39.76216479201962,39.921118230359454,39.67099948077001,39.87904357910156,85992800
2017-12-28,39.97254042334844,40.17123576447634,39.850985500534065,39.991241455078125,65920800
2017-12-29,39.860352904833775,39.8767140845116,39.556467266069475,39.55880355834961,103999600
2018-01-02,39.776189634537445,40.27643070005527,39.565805677893536,40.2670783996582,102223600
2018-01-03,40.330187330739136,40.802378551359595,40.196947390215975,40.26005935668945,118071600
2018-01-04,40.33252097704683,40.54991732565844,40.22499451516484,40.44706344604492,89738400
2018-01-05,40.54290490942475,40.994055211711675,40.451739619141776,40.90756607055664,94640000
2018-01-08,40.75563430786133,41.05016756597909,40.65745298829791,40.75563430786133,82271200
2018-01-09,40.80237298108045,40.92158802389,40.53588956955712,40.750946044921875,86336000
2018-01-10,40.47746023211193,40.74394370972359,40.44005816620148,40.74160385131836,95839600
2018-01-11,40.8117367825329,41.02212075365002,40.788363163647276,40.97303009033203,74670800
2018-01-12,41.18340176092249,41.45923751339591,41.05951054984298,41.396121978759766,101672400
2018-01-16,41.5854802262497,41.93378037295478,41.17406808868144,41.18575668334961,118263600
2018-01-17,41.176390621417674,41.901040446396664,40.92393560860837,41.8659782409668,137547200
2018-01-18,41.92907955526688,42.099725089944926,41.66727230963817,41.90336608886719,124773600
2018-01-19,41.75143564894141,41.97818075507873,41.47092730566695,41.716373443603516,129700400
2018-01-22,41.44521953992409,41.55742217931307,41.28158994771982,41.375091552734375,108434400
2018-01-23,41.445205349564546,41.94544625551665,41.333002748592435,41.38442611694336,130756400
2018-01-24,41.433527740131495,41.44521633156787,40.48680890350173,40.725242614746094,204420400
2018-01-25,40.793030969529916,40.89588486778186,39.862676869004524,39.99825668334961,166116000
2018-01-26,40.20631269584493,40.20631269584493,39.75282231915957,40.09177017211914,156572000
2018-01-29,39.7761868421077,39.7761868421077,39.05387684544463,39.26192092895508,202561600
2018-01-30,38.693887061115404,39.124000098125286,38.499867866116375,39.03049850463867,184192800
2018-01-31,39.00711592226718,39.37411693794769,38.92062678192371,39.13801956176758,129915600
2018-02-01,39.07724875688061,39.41619648711814,38.98140730643512,39.21984100341797,188923200
2018-02-02,38.803763796607285,38.990770600564964,37.42459530527834,37.518096923828125,346375200
2018-02-05,37.19082244248908,38.30818309023463,36.466172711856956,36.58071517944336,290954000
2018-02-06,36.19267480505928,38.270778874823534,35.998655648541124,38.1094856262207,272975200
2018-02-07,38.12352220639921,38.195986484247946,37.18381931919892,37.29368209838867,206434400
2018-02-08,37.46899249081761,37.63496190465887,36.2394291809823,36.267478942871094,217562000
2018-02-09,36.86599229990847,37.05845311203358,35.2629186182967,36.711082458496094,282690400
2018-02-12,37.20164380833702,38.46673426525093,36.969278939409655,38.18977737426758,243278000
2018-02-13,38.01137241019179,38.668562658760024,37.94095852973828,38.572330474853516,130196800
2018-02-14,38.26721478410091,39.32341248785229,38.22966380983118,39.283512115478516,162579600
2018-02-15,39.85152308844231,40.62606901581881,39.666103234935505,40.60260009765625,204588800
2018-02-16,40.454721563931344,41.03211125006785,40.31624316123592,40.47114944458008,160704400
2018-02-20,40.381959561813375,40.900667983713674,40.23409073734247,40.335018157958984,135722000
2018-02-21,40.56503256469426,40.86780765643654,40.13785756271119,40.15194320678711,149886400
2018-02-22,40.323271240899,40.8278974662437,40.30214815196426,40.48756790161133,123967600
2018-02-23,40.76218681135434,41.22691276622604,40.73167328929835,41.191707611083984,135249600
2018-02-26,41.391216287340875,42.10473494491624,41.35835694616437,42.00615692138672,152648800
2018-02-27,42.036664084160634,42.360562232054455,41.81603557762197,41.870018005371094,155712400
2018-02-28,42.074233534488116,42.393440189851454,41.79023562856521,41.806663513183594,151128400
2018-03-01,41.90522226538842,42.19626465227854,40.52512659282956,41.07434844970703,195208000
2018-03-02,40.55800369148841,41.37949102026867,40.475853526050166,41.358367919921875,153816000
2018-03-05,41.12364926720145,41.71746684872899,40.961698366530335,41.50153350830078,113605600
2018-03-06,41.757377828368675,41.83717859982234,41.33959310558097,41.46633529663086,95154000
2018-03-07,41.0602787275082,41.27386626316505,40.903023033099316,41.08140182495117,126814000
2018-03-08,41.18701833932262,41.57194361047891,41.09078970758341,41.52969741821289,95096400
2018-03-09,41.76910835419292,42.24791649869535,41.63532156620826,42.243221282958984,128740800
2018-03-12,42.315992224817634,42.80888614715199,42.2972185196974,42.65163040161133,128828400
2018-03-13,42.855812120337546,43.069399648429766,42.069533676140765,42.24087142944336,126774000
2018-03-14,42.3230244232332,42.369965835063375,41.73389842335402,41.88176727294922,117473600
2018-03-15,41.89584037623486,42.30423809273555,41.79491654145905,41.93104553222656,90975200
2018-03-16,41.931049301369676,42.04136357525891,41.68929765809745,41.78318405151367,157618800
2018-03-19,41.61888802159753,41.65409318133053,40.759846310114575,41.144771575927734,133787200
2018-03-20,41.13068389892578,41.49683183577984,41.060270007669395,41.13068389892578,78597600
2018-03-21,41.08375108302355,41.09548733194154,40.19654510210862,40.19889450073242,148219600
2018-03-22,39.900805674877645,40.529828421739076,39.57221223717389,39.630889892578125,165963200
2018-03-23,39.522916102330775,39.88202301847782,38.713165283203125,38.713165283203125,164115200
2018-03-26,39.4478137655839,40.62840784209897,39.06523432694473,40.55095291137695,150164800
2018-03-27,40.764534600998445,41.10955946368787,39.177892261077965,39.51118087768555,163690400
2018-03-28,39.2553474561917,39.905496814461294,38.77184419806612,39.07461929321289,166674000
2018-03-29,39.38679033049858,40.31155078767656,39.17320279721128,39.3797492980957,153594000
2018-04-02,39.11217610913106,39.65201123119887,38.60285451256873,39.12156295776367,150347200
2018-04-03,39.34688954482369,39.60741848522696,38.69908950068041,39.52292251586914,121112000
2018-04-04,38.69908151081114,40.37256550802131,38.67326320379897,40.278682708740234,138422000
2018-04-05,40.50636584058401,40.89363699423224,40.389010511429944,40.55800247192383,107732800
2018-04-06,40.12846839403067,40.482880082690045,39.47831908067078,39.52056884765625,140021200
2018-04-09,39.87262862871892,40.62604747443878,39.8655875988635,39.91252899169922,116070800
2018-04-10,40.60493852359392,40.839649150897934,40.25991361494503,40.66361618041992,113634400
2018-04-11,40.42420468274402,40.820866160421915,40.29980835418697,40.47349548339844,89726400
2018-04-12,40.70115984930123,41.07434878731882,40.61431450508529,40.87249755859375,91557200
2018-04-13,41.02271875981588,41.271511425086416,40.8044396188746,41.010982513427734,100497200
2018-04-16,41.08139942006313,41.353664598056646,41.0344580124711,41.266822814941406,86313600
2018-04-17,41.42407623230813,41.99911650197846,41.40529895401935,41.83481979370117,106421600
2018-04-18,41.73389143307444,41.970951432420364,41.515612292995044,41.74093246459961,83018000
2018-04-19,40.78332269831539,41.165902217405765,40.52514312301671,40.55800247192383,139235200
2018-04-20,40.04163301530664,40.1871524529709,38.82817596401007,38.896244049072266,261964400
2018-04-23,39.156765922577186,39.17788901493464,38.51365765341196,38.78357696533203,146062000
2018-04-24,38.88450280085499,39.039412648935595,37.84004139740122,38.243743896484375,134768000
2018-04-25,38.16864110139597,38.825831574734394,38.11935387520056,38.41039276123047,113528400
2018-04-26,38.52070932702644,38.89859360300027,38.3446763459467,38.54418182373047,111852000
2018-04-27,38.49255212824001,38.570007083632,37.70157827018967,38.09823989868164,142623200
2018-04-30,38.053638592508214,39.25770178412414,37.98557049884984,38.78828048706055,169709600
2018-05-01,39.05819917447311,39.71304029620329,38.79062918324785,39.689571380615234,214277600
2018-05-02,41.128337096986456,41.71980880691432,40.79270266081835,41.44285202026367,266157600
2018-05-03,41.280895582468375,41.66112555415438,40.942911793681255,41.51795196533203,136272800
2018-05-04,41.837179786848424,43.245443903095776,41.818402502197024,43.14686584472656,224805200
2018-05-07,43.463706525898886,44.04813720028736,43.36278268851024,43.459014892578125,169805600
2018-05-08,43.41911505261652,43.70780808695571,43.10929534247727,43.66790771484375,113611200
2018-05-09,43.78526492315641,43.98476679241279,43.473099382720285,43.975379943847656,92844800
2018-05-10,44.06458419658544,44.681870847448714,44.04345751359562,44.60441589355469,111957200
2018-05-11,44.64681348749568,44.78111254653238,44.16615551938289,44.434757232666016,104848800
2018-05-14,44.53371864959899,44.65623981059255,44.26276205405801,44.33108901977539,83115200
2018-05-15,44.00829297134428,44.0766235265029,43.61246038568903,43.928184509277344,94780800
2018-05-16,43.841012012369504,44.404133352868826,43.82451718880194,44.338157653808594,76732400
2018-05-17,44.29574794788918,44.510159080061804,43.90933837555642,44.057777404785156,69176000
2018-05-18,44.104906917053825,44.250987512042556,43.85515483070127,43.89756393432617,73190800
2018-05-21,44.295752863411764,44.59498581760541,44.03893260593715,44.20857620239258,73603200
2018-05-22,44.385283144558365,44.503090985077776,44.00829661681228,44.09783172607422,60962800
2018-05-23,43.90699078528495,44.41356314433773,43.76797477836174,44.380577087402344,80233600
2018-05-24,44.47717318699425,44.49366441518397,43.873997617810524,44.33108901977539,92936000
2018-05-25,44.34994044932966,44.6845142986647,44.21328291731223,44.43240737915039,69844000
2018-05-29,44.20150444915725,44.472461051919346,44.02950240859062,44.272186279296875,90056400
2018-05-30,44.229779925474894,44.295752034505206,44.00830059006872,44.17794418334961,74762000
2018-05-31,44.11196979829037,44.349940351070494,43.8575044214986,44.029502868652344,109931200
2018-06-01,44.293393009412675,44.82823801484715,44.23684395189632,44.82352828979492,93770000
2018-06-04,45.153383085968876,45.57277865594449,45.085056129264544,45.198150634765625,105064800
2018-06-05,45.49032190729074,45.69530640222667,45.32303318949462,45.54686737060547,86264000
2018-06-06,45.622267652366574,45.72829399486384,45.219363236624766,45.70473098754883,83734400
2018-06-07,45.74242747573462,45.756563841147845,45.3183185372882,45.582210540771484,85388800
2018-06-08,45.04265021927023,45.23821166989341,44.71278969726127,45.16752624511719,106627200
2018-06-11,45.08506572699524,45.23114631083224,44.81646397224416,45.05678939819336,73234000
2018-06-12,45.09448614256514,45.381937568012425,45.0379370834704,45.30418395996094,67644400
2018-06-13,45.337159196554886,45.44554396849408,44.870641254749685,44.93190002441406,86553600
2018-06-14,45.132190452604284,45.13690377351365,44.818821123524955,44.95547866821289,86440400
2018-06-15,44.77405085873973,44.80468204998491,44.35701006610469,44.49366760253906,246876800
2018-06-18,44.26746319934367,44.58318726275227,44.1072427105395,44.4700927734375,73939600
2018-06-19,43.62189455131984,43.90227783524535,43.22370340659945,43.75148391723633,134314000
2018-06-20,43.90699230036049,44.10726351180362,43.76090810442532,43.94233322143555,82514800
2018-06-21,44.11903902665944,44.37821773005367,43.57476734474176,43.697288513183594,102847600
2018-06-22,43.852783531530534,43.8598517133983,43.51820974068812,43.570045471191406,108801600
2018-06-25,43.21191397426476,43.570050812040066,42.58282054445238,42.9221076965332,126652400
2018-06-26,43.115317704014764,43.94939568980616,43.00928776415795,43.4546012878418,98276800
2018-06-27,43.64309815806819,44.12611109590688,43.36036001732693,43.3909912109375,101141200
2018-06-28,43.37685028509541,43.87399953844859,43.30616485853516,43.70671081542969,69460800
2018-06-29,43.89284718810203,44.104903475310294,43.09646856653667,43.61482238769531,90950800
2018-07-02,43.31088510715263,44.13082683886514,43.216636658259354,44.1025505065918,70925200
2018-07-03,44.24626991591381,44.28396929007822,43.24490320913668,43.33443832397461,55819200
2018-07-05,43.65016137767174,43.92112157794117,43.41925900843449,43.68314743041992,66416800
2018-07-06,43.687867834498626,44.39706988118077,43.63603208674531,44.28868865966797,69940800
2018-07-09,44.649160186138324,44.927184893259316,44.602037780973134,44.90362548828125,79026400
2018-07-10,44.934267130145,45.06856619589097,44.80938751433222,44.84944534301758,63756400
2018-07-11,44.41354804479918,44.71513577573598,44.20385026945704,44.2674674987793,75326000
2018-07-12,44.65623911158645,45.09919773617647,44.60440337487018,45.00966262817383,72164400
2018-07-13,45.02145266730081,45.20051932204773,44.97903996775959,45.08035659790039,50055600
2018-07-16,45.12511762037944,45.391360903359555,44.86593892521994,44.98139190673828,60172400
2018-07-17,44.708069985718346,45.20757401770042,44.57848065802218,45.10861587524414,62138000
2018-07-18,45.18638360966393,45.191096930839265,44.750493078817286,44.86123275756836,65573600
2018-07-19,44.69393159004951,45.36779246822645,44.69393159004951,45.209930419921875,81147200
2018-07-20,45.1863706680151,45.33951940784949,44.80702931428614,45.10626220703125,82704800
2018-07-23,44.92719968848247,45.22879109031837,44.66331125648758,45.146324157714844,63957600
2018-07-24,45.344238015820956,45.62933457754806,45.24999317957946,45.47382736206055,74791600
2018-07-25,45.487963024230176,45.90971710862951,45.33952399399678,45.90264892578125,66839600
2018-07-26,45.853178878033745,46.17126156215479,45.617563140228775,45.758934020996094,76304000
2018-07-27,45.942700152902404,45.98982256720947,44.790539686327264,44.99787902832031,96096000
2018-07-30,45.21465005836353,45.2853354853208,44.547860810814726,44.74577713012695,84118000
2018-07-31,44.837670347683925,45.27120239138466,44.61147768411243,44.83531188964844,157492000
2018-08-01,46.918146914157724,47.53781364713079,46.489324692851646,47.47655487060547,271742800
2018-08-02,47.25978457536614,49.09758725034946,47.205593985888,48.86432647705078,249616000
2018-08-03,48.779521745629395,49.18242620477099,48.414316664168645,49.005714416503906,133789600
2018-08-06,49.00805569446865,49.30257525994022,48.78893486345839,49.26016616821289,101701600
2018-08-07,49.319074957057836,49.36148405297779,48.715895807364944,48.798362731933594,102349600
2018-08-08,48.548614122141466,48.96329644635382,48.1881224005045,48.83135223388672,90102000
2018-08-09,49.36856474449613,49.42746867833868,48.81957964965833,49.215415954589844,93970400
2018-08-10,49.02861098938335,49.44002134910859,48.865465439702334,49.06880569458008,98444800
2018-08-13,49.489674247514394,49.87743898167193,49.10900248470338,49.38563919067383,103563600
2018-08-14,49.69065012134938,49.78522547543453,49.241408169898676,49.59370803833008,82992000
2018-08-15,49.46839617036378,49.82778902521528,49.25796293194664,49.70956802368164,115230400
2018-08-16,50.066597106681336,50.55366708451775,50.00039363053768,50.43781280517578,114001600
2018-08-17,50.46617583676359,51.53252784763982,50.399972372237514,51.445045471191406,141708000
2018-08-20,51.568000978126,51.82335515995268,50.86103810842803,50.94379425048828,121150800
2018-08-21,51.26062646675485,51.35283870270329,50.60568111471057,50.844486236572266,104639200
2018-08-22,50.622239772637556,51.15659745852468,50.560762536189785,50.846858978271484,76072400
2018-08-23,50.75227175897287,51.319734700207334,50.74045254571631,50.95088577270508,75532800
2018-08-24,51.213329930910355,51.28425963258918,50.861030112027564,51.10929489135742,73905600
2018-08-27,51.34337923890554,51.719324763645,51.1494986735286,51.53017044067383,82100400
2018-08-28,51.783170179590904,52.14492621424723,51.761891261745056,51.94631576538086,91107200
2018-08-29,52.052704797907644,52.84242381895519,51.877740027109745,52.72183609008789,109019200
2018-08-30,52.78567649739625,53.97024961852312,52.58469935427872,53.20654296875,195175200
2018-08-31,53.556486775291695,54.11449015060924,53.43590263011833,53.82130432128906,173360400
2018-09-04,54.00571549067332,54.18777322429528,53.58484903952322,53.993892669677734,109560400
2018-09-05,54.142868814226496,54.30364768385519,53.223109341809504,53.64160919189453,133332000
2018-09-06,53.49027852572328,53.755096048130156,52.324621069428616,52.75021743774414,137160000
2018-09-07,52.4546669488255,53.28694031504542,52.185123173027854,52.324623107910156,150479200
2018-09-10,52.24185229212232,52.45465222876304,51.18259328193886,51.62237548828125,158066000
2018-09-11,51.54672332040395,53.03394564193792,51.203883114038426,52.927547454833984,142996000
2018-09-12,53.18525475027796,53.19944069054456,51.97939931816509,52.270225524902344,197114800
2018-09-13,52.849519642275006,53.99153499554689,52.6249004519719,53.5328369140625,166825600
2018-09-14,53.37677978449687,53.63450069033738,52.61307315923123,52.925174713134766,127997200
2018-09-17,52.52559609238329,52.71475044000342,51.371761426756805,51.5159912109375,148780400
2018-09-18,51.49470294727404,52.454660523096074,51.3362872360447,51.601104736328125,126286800
2018-09-19,51.66258218448119,51.927396096554034,50.90596843011665,51.63184356689453,108495200
2018-09-20,52.07398454389715,52.55632461019828,51.81626003598558,52.024330139160156,106435200
2018-09-21,52.20166812140533,52.33880492393241,51.37648418489235,51.46397018432617,384986800
2018-09-24,51.265365127852924,52.31516476068613,51.220440562753595,52.204036712646484,110773600
2018-09-25,51.958126598742545,52.68400522996359,51.94630377783899,52.5350456237793,98217600
2018-09-26,52.25368342754412,52.903898945307674,51.96049404071963,52.116546630859375,95938800
2018-09-27,52.920445089288755,53.539921915292425,52.85423801645415,53.1876220703125,120724800
2018-09-28,53.14980496952614,53.398069834890045,52.967747195035955,53.374427795410156,91717600
2018-10-01,53.89695216428858,54.24452218637405,53.51864713609809,53.73380661010742,94403200
2018-10-02,53.73146011448484,54.381675803439,53.58486718638655,54.2114372253418,99152800
2018-10-03,54.39348370673561,55.20211492695663,54.3296433555075,54.871097564697266,114619200
2018-10-04,54.56609722279109,54.93731298129252,53.60850617745029,53.90642547607422,128168000
2018-10-05,53.89932343564714,54.00572162104816,52.15438020692258,53.031578063964844,134322000
2018-10-08,52.53977004297461,53.15215385960508,52.064519389631826,52.90861892700195,118655600
2018-10-09,52.877902345519175,53.73618818092864,52.549248025242136,53.64160919189453,107564000
2018-10-10,53.30821307731672,53.5186463057796,51.08329306782395,51.15658950805664,167962400
2018-10-11,50.721543060089694,51.89902330763163,50.201371338479035,50.70499038696289,212497600
2018-10-12,52.11654858627355,52.698197531427574,51.27008573845108,52.516136169433594,161351600
2018-10-15,52.29151237472821,52.449928078120834,51.37175316034392,51.39303207397461,123164000
2018-10-16,51.76424545871344,52.72420301170054,51.251166750358514,52.52558898925781,116736000
2018-10-17,52.56105380461304,52.64144321335758,51.86118394400235,52.29860305786133,91541600
2018-10-18,51.51125481132157,51.955766930543895,50.36214653480621,51.076202392578125,130325200
2018-10-19,51.55853916023749,52.31515279784084,51.409579553774584,51.85409164428711,132314800
2018-10-22,51.9675848788607,52.811684539021144,51.76661134631194,52.17092514038086,115168400
2018-10-23,51.0312826427505,52.78568203373293,50.764102000238935,52.6627311706543,155071200
2018-10-24,52.632005471465256,53.01740358672918,50.72627938398572,50.8563232421875,163702000
2018-10-25,51.47578872209439,52.3435304176031,51.248802817676285,51.96995162963867,119423200
2018-10-26,51.04783511210514,52.0621734864531,50.284128331310725,51.14241409301758,189033600
2018-10-29,51.825720452520564,51.94394144771941,48.72832893518345,50.18244934082031,183742000
2018-10-30,49.924733859271434,50.8775949642934,49.480225290241705,50.43308639526367,146640000
2018-10-31,51.27954555631616,52.12364167690508,51.21806832318598,51.74769973754883,153435600
2018-11-01,51.79262026173322,52.57524269602282,51.26298888864335,52.54214096069336,233292800
2018-11-02,49.546428313026276,50.51583847534508,48.572284692079506,49.05699157714844,365314800
2018-11-05,48.305108099645274,48.32638701675462,46.85571728176754,47.66434860229492,264654800
2018-11-06,47.74237888525882,48.40441735489596,47.6879982232851,48.1797981262207,127531600
2018-11-07,48.69995691663436,49.66700378881958,48.26490452137793,49.640995025634766,133697600
2018-11-08,49.82132566766374,49.85454290419516,49.0549542402841,49.46780014038086,101450400
2018-11-09,48.77022964453493,48.87937043055105,47.98724786748592,48.513980865478516,137463200
2018-11-12,47.21613325998762,47.41781165926097,45.97997059020177,46.070133209228516,204542000
2018-11-13,45.46748614938422,46.784315386331606,45.42477619758487,45.60984420776367,187531600
2018-11-14,46.006077416821554,46.14369273389911,44.11505882624037,44.32148361206055,243204000
2018-11-15,44.69873575688715,45.5481521610165,44.345206577891304,45.415283203125,185915200
2018-11-16,45.19936660019544,46.25995045257277,44.95261049624972,45.91828536987305,147713200
2018-11-19,45.080719453626,45.24680559068968,43.892013365063484,44.09843444824219,167701200
2018-11-20,42.32131712569472,43.05684633458593,41.64273330485172,41.99151611328125,271300800
2018-11-21,42.64400210541268,42.77212832849176,41.889494691042145,41.94406509399414,124496800
2018-11-23,41.507486637209176,41.901350698379524,40.83364927354388,40.878726959228516,94496000
2018-11-26,41.34140913508516,41.50986670109431,40.39708373701015,41.43156814575195,179994000
2018-11-27,40.693658680506765,41.467151357006,40.544182944086934,41.341400146484375,165549600
2018-11-28,41.93219192550799,43.01412876378861,41.50511064186913,42.931087493896484,184250000
2018-11-29,43.33919219005899,43.37240942608668,42.16234624717858,42.60129165649414,167080000
2018-11-30,42.77687945690844,42.786372167358834,42.003390093980876,42.37115478515625,158126000
2018-12-03,43.76627212076378,43.8801592662894,42.99515437591232,43.851688385009766,163210000
2018-12-04,42.9334627157085,43.27512777330079,41.823054898940676,41.922706604003906,165377200
2018-12-06,40.75297231428439,41.46951955718573,40.43503545235043,41.455284118652344,172393600
2018-12-07,41.16344662894883,41.40071359145735,39.93203051426459,39.97711181640625,169126400
2018-12-10,39.14904532256053,40.3567331851287,38.7528099649567,40.240474700927734,248104000
2018-12-11,40.72926047741938,40.76010273038026,39.623595215094355,40.01034164428711,189126800
2018-12-12,40.430300935727146,40.79094783925062,40.10287489238267,40.121856689453125,142510800
2018-12-13,40.45165022819319,40.9451659993989,40.22861867943218,40.560791015625,127594400
2018-12-14,40.09812024955147,40.117102042698306,39.21548678046134,39.262939453125,162814800
2018-12-17,39.25582050641888,39.94389690996211,38.610454041222965,38.89754867553711,177151600
2018-12-18,39.239220208007154,39.74934284350836,39.00432455915935,39.40293502807617,135366000
2018-12-19,39.386319792315824,39.73035619895045,37.746804045316345,38.173885345458984,196189200
2018-12-20,38.05763571529184,38.463363988754615,36.84757585802534,37.210594177246094,259092000
2018-12-21,37.21770799988889,37.5261558756445,35.502268316215726,35.76325988769531,382978400
2018-12-24,35.15110406579586,35.957814025738095,34.78096813070543,34.837913513183594,148676800
2018-12-26,35.186695107435334,37.30548757627083,34.81181283127579,37.29125213623047,234330000
2018-12-27,36.975680308293434,37.19634045254991,35.60665262499373,37.049232482910156,212468400
2018-12-28,37.3695521467641,37.61156549819046,36.669615227461684,37.06822204589844,169165600
2018-12-31,37.61393391895783,37.81086594612177,37.12753588756801,37.42649459838867,140014000
2019-01-02,36.75028523353009,37.6898641400753,36.59368814570471,37.46920394897461,148158800
2019-01-03,34.16169817620422,34.57454401761466,33.69191057763836,33.73699188232422,365248800
2019-01-04,34.29220295413125,35.24601741169735,34.11899903898665,35.177207946777344,234428400
2019-01-07,35.281600249745665,35.31244611659193,34.617251961933846,35.09890365600586,219111200
2019-01-08,35.485649452234306,36.02187515169098,35.23889338251769,35.76799774169922,164101200
2019-01-09,35.89612398881753,36.66487039683081,35.50226350768915,36.375404357910156,180396400
2019-01-10,36.18322463099874,36.53200747936951,35.794106819127585,36.49167251586914,143122800
2019-01-11,36.27338262516767,36.467939696000656,35.948324350827995,36.133392333984375,108092800
2019-01-14,35.79172814036254,35.891379845195914,35.404981774617916,35.590049743652344,129756800
2019-01-15,35.65411777539392,36.39438975385984,35.601918738921825,36.31846618652344,114843600
2019-01-16,36.320829274052095,36.98517753374155,36.30184748144305,36.76214599609375,122278800
2019-01-17,36.58657033252364,37.40751573779752,36.363538775351834,36.98043441772461,119284800
2019-01-18,37.36955746448795,37.459720094996186,37.008910562862575,37.20821762084961,135004000
2019-01-22,37.11093212681015,37.186855683764556,36.21168817452131,36.37303161621094,121576000
2019-01-23,36.57470436511674,36.80959998409829,35.99340097474768,36.52013397216797,92522400
2019-01-24,36.56522212472766,36.6530097672651,36.00290042236398,36.230674743652344,101766000
2019-01-25,36.890271619149736,37.51903133240946,36.61504465459194,37.43124008178711,134142000
2019-01-28,36.96383036040819,37.09195658871479,36.45845402993215,37.0848388671875,104768400
2019-01-29,37.07297331497307,37.519036488429236,36.565222017267494,36.700462341308594,166348800
2019-01-30,38.73383622739391,39.421909052183295,38.017288901847,39.208370208740234,244439200
2019-01-31,39.41242410665209,40.098125636928835,39.04465950838577,39.49072265625,162958400
2019-02-01,39.614098831561684,40.09337555178489,39.369710497458655,39.509700775146484,130672400
2019-02-04,39.72086513717964,40.72924978051158,39.690019271912284,40.6319694519043,125982000
2019-02-05,41.01397692943241,41.54070999970741,40.89297205344229,41.32716751098633,144406400
2019-02-06,41.43867685735861,41.656965666225744,41.01159918712273,41.341400146484375,112958400
2019-02-07,40.90481834388098,41.270211452977485,40.41604903467955,40.55841064453125,126966800
2019-02-08,40.26771540968325,40.665650250891964,40.131891443963546,40.6060791015625,95280000
2019-02-11,40.7585744212062,40.79670082315533,40.329661489113064,40.37255096435547,83973600
2019-02-12,40.53221193539128,40.7466666211287,40.436895913781186,40.720455169677734,89134000
2019-02-13,40.83960316682641,41.09933254456883,40.48932446490647,40.55127716064453,89960800
2019-02-14,40.43927960962729,40.80861781758018,40.36064525814671,40.69900894165039,87342800
2019-02-15,40.80624378561589,40.913471144288906,40.44881683274918,40.60846710205078,98507200
2019-02-19,40.4392766336708,40.851507928428646,40.38685373654159,40.72998046875,75891200
2019-02-20,40.791941569049854,41.29948893444707,40.74428537587072,40.99209976196289,104457600
2019-02-21,40.93729152317362,41.07311184292857,40.57986465359283,40.76095962524414,68998800
2019-02-22,40.884871894446135,41.223235588397145,40.837215701877646,41.216087341308594,75652800
2019-02-25,41.49964124582385,41.90710582108216,41.44959988672047,41.516319274902344,87493600
2019-02-26,41.39242582162674,41.7712975211783,41.26375008174526,41.5401611328125,68280800
2019-02-27,41.27326982515091,41.699797583479636,41.15889061962103,41.668819427490234,111341600
2019-02-28,41.537772157173244,41.67835919496109,41.20417154412631,41.258975982666016,112861600
2019-03-01,41.52822911316134,41.73553549832862,41.197013749810466,41.69264602661133,103544800
2019-03-04,41.86422496802693,42.35509069759693,41.45437513566205,41.90235137939453,109744800
2019-03-05,41.92378549254291,41.938081984197204,41.59018493156289,41.826087951660156,78949600
2019-03-06,41.621163745570044,41.81655883042522,41.44721703446925,41.58542251586914,83241600
2019-03-07,41.43053652305642,41.566360471567705,40.98971225542988,41.104087829589844,99185600
2019-03-08,40.584637390153304,41.23992008169563,40.3892422605175,41.2017936706543,95997600
2019-03-11,41.81655706066394,42.681527506223055,41.78319736904366,42.62910461425781,128044000
2019-03-12,42.89123050226052,43.527449985065225,42.74111003200352,43.108070373535156,129870400
2019-03-13,43.42736668986569,43.677566237487994,43.11044774766869,43.2986946105957,124130000
2019-03-14,43.82054487971694,43.868204717594026,43.501244327177254,43.78003692626953,94318000
2019-03-15,44.04690286026948,44.63784755758058,43.782406850290364,44.34952163696289,156171600
2019-03-18,44.27328821787753,44.890444582071645,44.27090304440481,44.80228042602539,104879200
2019-03-19,44.88089180058987,45.0333937513648,44.30185851334864,44.44721221923828,126585600
2019-03-20,44.375741144089886,45.15255128641642,44.018314235196435,44.83563232421875,124140800
2019-03-21,45.27884496121636,46.782420346635014,45.228803590706896,46.48694610595703,204136800
2019-03-22,46.54651613890854,47.106486442351226,45.45993886884796,45.52427673339844,169630800
2019-03-25,45.633876819634864,45.7458708587234,44.4639023409663,44.97383117675781,175381200
2019-03-26,45.66963053267575,45.96033805607303,43.98257500926579,44.50918197631836,199202000
2019-03-27,44.97621952108113,45.21688566494624,44.45199411345279,44.90950012207031,119393600
2019-03-28,45.02387105568849,45.169224796190974,44.685507385455566,44.96906661987305,83121600
2019-03-29,45.23355682812209,45.29312796597149,44.926167720696284,45.262149810791016,94256000
2019-04-01,45.66485430363971,45.67438408651486,44.88804792365926,45.569541931152344,111448000
2019-04-02,45.533811111682674,46.33683282315308,45.52428132586758,46.23198699951172,91062800
2019-04-03,46.048497688881305,46.822922617672326,46.024667775160154,46.54889678955078,93087200
2019-04-04,46.41545501139502,46.791945110655476,46.02228688104425,46.629913330078125,76457200
2019-04-05,46.811005131413616,46.965892290363215,46.68709613144077,46.94206237792969,74106400
2019-04-08,46.80385131353777,47.71171487580084,46.78478811304698,47.68074035644531,103526800
2019-04-09,47.73317206117505,48.33603179875124,47.473439087978925,47.537776947021484,143072800
2019-04-10,47.342384260292086,47.833253607870596,47.22324195607037,47.804656982421875,86781200
2019-04-11,47.85945826640106,47.89519949822014,47.28519156894748,47.406715393066406,83603200
2019-04-12,47.466280056636435,47.69026810794802,46.753811602792396,47.38764572143555,111042800
2019-04-15,47.31855853470994,47.621181009035936,47.182734561059235,47.47344207763672,70146400
2019-04-16,47.528248000421726,47.98336882392176,47.313789678479274,47.478206634521484,102785600
2019-04-17,47.54731119326293,48.46232689195172,47.32570824322464,48.40275573730469,115627200
2019-04-18,48.400358790031696,48.6457915965976,48.257390235218836,48.576690673828125,96783200
2019-04-22,48.33127168618853,48.83405239829377,48.21451090916323,48.73635482788086,77758000
2019-04-23,48.71252407529548,49.503630774436516,48.58623351509709,49.439292907714844,93292000
2019-04-24,49.41070093750083,49.677578559143974,49.33683328407709,49.36304473876953,70162400
2019-04-25,49.28439611749792,49.50599901366292,48.87692791895943,48.91505432128906,74172800
2019-04-26,48.8245100123111,48.84833992518488,48.16207915688333,48.681541442871094,74596400
2019-04-29,48.70537549946289,49.07948410291866,48.57670340282082,48.75541687011719,88818800
2019-04-30,48.38607033097731,48.46708622241454,47.44484688744978,47.81657028198242,186139600
2019-05-01,50.011167604108095,51.30505109696013,49.85628044929439,50.16366958618164,259309200
2019-05-02,50.001632355540394,50.67121140289478,49.594167784628695,49.837215423583984,127985200
2019-05-03,50.251827921445944,50.47819751368422,50.09455924795819,50.45675277709961,83569600
2019-05-06,48.679157328406795,49.763352940920356,48.490914101974354,49.67757034301758,129772400
2019-05-07,49.05803760722793,49.42499431382498,47.854699576559206,48.338417053222656,155054800
2019-05-08,48.109665351644786,48.92936506074803,48.07392411151205,48.34794998168945,105358000
2019-05-09,47.752215532417296,48.05721942189739,46.86103376994049,47.828468322753906,139634400
2019-05-10,47.22330340337194,47.56536448730354,46.11101450339134,47.1658935546875,164834800
2019-05-13,44.90064286413654,45.32402809525781,43.73812012203512,44.42462921142578,229722400
2019-05-14,44.58968277824102,45.3766564067439,44.350480579312546,45.12788772583008,146118800
2019-05-15,44.556202404072714,45.867029661329525,44.49640184388846,45.66849136352539,106178800
2019-05-16,45.42688825122322,46.039245266520595,45.17094015892705,45.467552185058594,132125600
2019-05-17,44.7140705245547,45.66370365738736,44.673406583972145,45.20922088623047,131516400
2019-05-20,43.89838725228515,44.09692550943149,43.123370837032205,43.795528411865234,154449200
2019-05-21,44.30503541950881,44.97001729820006,44.18064924329761,44.635135650634766,113459200
2019-05-22,44.17108734343066,44.422250430132046,43.666370461560184,43.72138595581055,118994400
2019-05-23,43.00855529990352,43.18556258786972,42.53254161888472,42.975067138671875,146118800
2019-05-24,43.10423814743245,43.56829102566304,42.72629821206873,42.810020446777344,94858800
2019-05-28,42.79807246927908,43.19753984793731,42.556479474982694,42.63302230834961,111792800
2019-05-29,42.20005178150852,42.900916127061286,42.09958729527348,42.4296875,113924800
2019-05-30,42.56602753223366,42.87220603302129,42.25984903144603,42.649749755859375,84873600
2019-05-31,42.1546157237426,42.57561406192938,41.85800723995142,41.87714385986328,108174400
2019-06-03,42.003904918771,42.558852087002684,40.72895684162504,41.453739166259766,161584400
2019-06-04,41.96564243887218,43.01574014822659,41.74557681150609,42.97029113769531,123872000
2019-06-05,44.0801764153884,44.25001156521852,43.3290817336173,43.663963317871094,119093600
2019-06-06,43.79314581301077,44.36483901115955,43.57068583552247,44.30503845214844,90105200
2019-06-07,44.61360655057878,45.90769148933359,44.43659923654732,45.48430252075195,122737600
2019-06-10,45.881376473575656,46.73293577866847,45.835927468539325,46.0655632019043,104883600
2019-06-11,46.61094460560243,46.8836349896468,46.309551123217446,46.59898376464844,107731600
2019-06-12,46.393277552125554,46.87646713884036,46.259324870645045,46.450687408447266,73012800
2019-06-13,46.57267830320191,47.07261014000274,46.309558012750465,46.44111633300781,86698400
2019-06-14,45.81918484080178,46.307155751593456,45.52018207317705,46.10383605957031,75046000
2019-06-17,46.14209859491775,46.634858146675334,45.96748202726741,46.378910064697266,58676400
2019-06-18,46.89559690653218,47.90981200382238,46.69466791366559,47.46968078613281,106204000
2019-06-19,47.76389181421512,47.811735172431156,47.19698378872574,47.330936431884766,84496800
2019-06-20,47.9289444249456,47.98635426785553,47.369212143833636,47.711273193359375,86056000
2019-06-21,47.55339956808391,48.04376482331306,47.39791594328948,47.548614501953125,191202400
2019-06-24,47.491215693151446,47.87872584119384,47.40271202381546,47.50078582763672,72881600
2019-06-25,47.464891779808674,47.66343004792434,46.713797002206945,46.78077697753906,84281200
2019-06-26,47.30702611814578,48.07725759186515,47.20656161939147,47.792606353759766,104270000
2019-06-27,47.90981377120324,48.215995988213024,47.73759152091885,47.778255462646484,83598800
2019-06-28,47.52469551117032,47.720843084338505,47.13479837293914,47.34290313720703,124442400
2019-07-01,48.59871861867151,48.91446732715429,47.99592795243673,48.211212158203125,109012000
2019-07-02,48.17772796836317,48.58915614675348,48.1657671253992,48.493473052978516,67740800
2019-07-03,48.62503642210949,48.90251192712014,48.48390796091745,48.89533615112305,45448000
2019-07-05,48.641776546255905,49.055595395919944,48.534132619231094,48.852272033691406,69062000
2019-07-08,48.03418676516845,48.17531516828361,47.46010302202534,47.845218658447266,101354400
2019-07-09,47.649076111025046,48.20163259281211,47.55578740176146,48.13705062866211,82312000
2019-07-10,48.28297103527144,48.73266874059022,48.21360034539757,48.613067626953125,71588400
2019-07-11,48.63220718977892,48.8905460488803,48.24948579291271,48.25905227661133,80767200
2019-07-12,48.426486993480296,48.797251151333036,48.36668644059876,48.62981033325195,70380800
2019-07-15,48.81878382184684,49.2445635130071,48.79725649643611,49.086692810058594,67789600
2019-07-16,48.93837836621987,49.30196674070282,48.6776488381085,48.91685104370117,67467200
2019-07-17,48.8092217046724,49.05799044819137,48.62264423454898,48.641780853271484,56430000
2019-07-18,48.79725175606653,49.246953087288276,48.72549036173215,49.19432830810547,74162400
2019-07-19,49.225418684647934,49.395253851076205,48.404956898073856,48.4599723815918,83717200
2019-07-22,48.71353210630533,49.56987651762095,48.7039656231899,49.56748580932617,89111600
2019-07-23,49.864099833734244,49.971740110187,49.58423000504602,49.954994201660156,73420800
2019-07-24,49.67512729577653,50.029145578681785,49.5555261792605,49.914329528808594,59966400
2019-07-25,49.9669526841349,50.050674922943,49.450275001634395,49.51964569091797,55638400
2019-07-26,49.62968434831801,50.16788943836609,49.54835645514004,49.69187927246094,70475600
2019-07-29,49.86410236528758,50.38556151543497,49.85931729833176,50.15592575073242,86693600
2019-07-30,49.935858243770845,50.27074356929918,49.5890157262072,49.940643310546875,135742800
2019-07-31,51.76815294335434,52.952203406591565,50.54343853369576,50.95964813232422,277125600
2019-08-01,51.165354806371035,52.15326117014312,49.452669637980264,49.85691833496094,216071600
2019-08-02,49.163241840121984,49.37852242130375,48.230354455085056,48.80204772949219,163448400
2019-08-05,47.35965283602837,47.517523540558116,46.065567840975476,46.24736022949219,209572000
2019-08-06,46.957790753154114,47.3787890279519,46.4148006509655,47.122840881347656,143299200
2019-08-07,46.74251147526255,47.73519932999547,46.36218078247986,47.61081314086914,133457600
2019-08-08,47.88827805859261,48.68482179511622,47.6945248672639,48.6609001159668,108038000
2019-08-09,48.33435586806552,48.68491595492223,47.851730305039446,48.25992202758789,98478800
2019-08-12,47.93096696496544,48.514438725738295,47.818114477569125,48.1374626159668,89927600
2019-08-13,48.267127875565244,50.93716177711402,48.13746584722147,50.17601013183594,188874000
2019-08-14,48.78096824288931,49.568532297848215,48.64410316767906,48.68252182006836,146189600
2019-08-15,48.8530052642296,49.2563901473788,47.94298215754146,48.44001388549805,108909600
2019-08-16,49.04988847143179,49.74140951677776,48.944239015747925,49.58293533325195,110481600
2019-08-19,50.57219353284465,51.07882804853604,50.43052887765902,50.50736618041992,97654400
2019-08-20,50.634624409226056,51.22769905454453,50.50016279412302,50.509765625,107537200
2019-08-21,51.14126080341854,51.299731333447795,50.80750654514709,51.057220458984375,86141600
2019-08-22,51.189276167751544,51.48941498513007,50.60340461002002,51.01399612426758,89014800
2019-08-23,50.28646541152127,50.91555897861763,48.26233061738834,48.65611267089844,187272000
2019-08-26,49.429264742992345,49.74861290398016,49.23717515529538,49.580535888671875,104174400
2019-08-27,49.90949029926712,50.07516753420753,48.86980886104783,49.021080017089844,103493200
2019-08-28,49.00667570095276,49.39565450041869,48.81938934092808,49.350032806396484,63755200
2019-08-29,50.06315640226348,50.26004923163214,49.621352927714746,50.185611724853516,83962000
2019-08-30,50.46173818969739,50.5313687808023,49.751007883111264,50.12078094482422,84573600
2019-09-03,49.56612630727239,49.69818812822895,49.03548289552534,49.390846252441406,80092000
2019-09-04,50.03673886776175,50.29845901885149,49.779821963278366,50.22882843017578,76752400
2019-09-05,50.90353466187631,51.37655364971593,50.78587894675467,51.21087646484375,95654800
2019-09-06,51.395778829958495,51.484618759601176,51.02600570478871,51.20608901977539,77449200
2019-09-09,51.585461226459756,51.96964040269282,50.680245133535024,51.42458724975586,109237600
2019-09-10,51.35015933860669,52.0512833020213,50.83392194570283,52.032073974609375,127111600
2019-09-11,52.3610251708255,53.71525152055803,52.27938461882768,53.68643569946289,177158400
2019-09-12,53.97696341496987,54.365942133767874,53.511147403478866,53.56637191772461,128906800
2019-09-13,52.82443080357143,53.01411692029238,52.10890090309722,52.5242919921875,159053200
2019-09-16,52.27937831072937,52.855647033642335,52.23855987155783,52.800418853759766,84632400
2019-09-17,52.81483570644543,53.02133138546332,52.61313961117362,52.992515563964844,73274800
2019-09-18,53.07894858894895,53.50874942392138,52.68996985697935,53.489540100097656,101360000
2019-09-19,53.30706444018717,53.72725886871977,52.91328237942879,53.05495071411133,88242400
2019-09-20,53.155792256513266,53.439121573319625,52.21695705097918,52.27938461303711,221652400
2019-09-23,52.57231436011538,52.78601305088982,52.26016925822585,52.51708984375,76662000
2019-09-24,53.07174174905982,53.42230547207564,52.14971625438767,52.26736831665039,124763200
2019-09-25,52.476268656643114,53.18459549366252,52.13771121007937,53.07174301147461,87613600
2019-09-26,52.82443558822323,53.050140581036125,52.54350607497872,52.79802322387695,75334000
2019-09-27,52.95409101125522,53.054940879557066,52.17133028274097,52.54110336303711,101408000
2019-09-30,53.04052537419581,53.924135874983264,53.01411301418795,53.77766799926758,103909600
2019-10-01,54.04180778638815,54.798156296373676,53.832908635098924,53.926551818847656,139223200
2019-10-02,53.55918326581723,53.684042068079286,52.32741210702432,52.574729919433594,138449200
2019-10-03,52.447447680485034,53.054931924145485,51.65508425549117,53.02131652832031,114426000
2019-10-04,54.17865934180888,54.622866267592265,53.7584649875072,54.50761032104492,138478800
2019-10-07,54.32993665616627,55.20874044968746,54.22668698362583,54.519622802734375,122306000
2019-10-08,54.22189285608822,54.759739400006644,53.864125981653,53.88093185424805,111820000
2019-10-09,54.51240921020508,54.69489228194408,54.17865501059328,54.51240921020508,74770400
2019-10-10,54.728505896765036,55.331186933368876,54.577238437627656,55.24714660644531,113013600
2019-10-11,55.93386847365883,57.059989886560345,55.78019754791175,56.71663284301758,166795600
2019-10-14,56.40209028471779,57.17765169810714,56.34686576310509,56.6349983215332,96427600
2019-10-15,56.759854250095415,57.06239287164702,56.39728786256741,56.50293731689453,87360000
2019-10-16,56.03472259479586,56.48373281401713,55.99390415010381,56.27483367919922,73903200
2019-10-17,56.447706408334824,56.70222353757521,56.07073396138555,56.49332809448242,67585200
2019-10-18,56.32765975363138,57.04559323208137,56.255625693832314,56.76466369628906,97433600
2019-10-21,57.03118896744375,57.86437476979903,56.983167480651296,57.74911880493164,87247200
2019-10-22,57.90519803823814,58.154911988634055,57.53542486515749,57.6170654296875,82293600
2019-10-23,58.13089626006461,58.40462275566765,57.91959732879052,58.39021301269531,75828800
2019-10-24,58.7095571851868,58.77919144814045,58.06125802035155,58.48625564575195,69275200
2019-10-25,58.38541307794069,59.24260775751769,58.318182266358356,59.20659255981445,73477200
2019-10-28,59.408273742307344,59.84767739008357,59.24019674518622,59.79965591430664,96572800
2019-10-29,59.78045498091568,59.96774132739238,58.24374555756727,58.416622161865234,142839600
2019-10-30,58.76958279527963,58.89924482176762,57.91719144782321,58.40941619873047,124522000
2019-10-31,59.36505627876599,59.828468838504534,56.968745403896456,59.73002243041992,139162000
2019-11-01,59.91730831812791,61.45161774300314,59.82606861277858,61.425209045410156,151125200
2019-11-04,61.78777210588694,61.912634539198656,61.31955996379076,61.82859420776367,103272000
2019-11-05,61.720540736224365,61.99427084278033,61.54526436432109,61.73975372314453,79897600
2019-11-06,61.65331800351261,61.82619827037496,61.317163964504836,61.766170501708984,75864400
2019-11-07,62.31285597676723,62.70059923548496,62.161130673338896,62.47903060913086,94940400
2019-11-08,62.300826541440614,62.72228251352526,61.857696572744686,62.6500358581543,69986400
2019-11-11,62.20689807124033,63.21117067098467,62.20208407745483,63.146148681640625,81821200
2019-11-12,62.989602578419984,63.28823923680265,62.83788460192321,63.08834457397461,87388800
2019-11-13,62.888436196787694,63.76747117547861,62.87398687053245,63.692813873291016,102734400
2019-11-14,63.51943713712157,63.79157846079341,63.122065824953324,63.25211715698242,89182800
2019-11-15,63.502574886013555,64.00832351523762,63.34122157477898,64.00350952148438,100206400
2019-11-18,64.01313169523063,64.40568896392628,63.635031105699284,64.32621765136719,86703200
2019-11-19,64.51887757210454,64.54296223689062,63.91439437873861,64.13114166259766,76167200
2019-11-20,63.9505046207332,64.08054855468487,62.71262513008036,63.38454818725586,106234400
2019-11-21,63.50497968466305,63.58204767524024,62.90048911733583,63.10038375854492,121395200
2019-11-22,63.2400638402488,63.38215381547278,62.81860790794425,63.04499053955078,65325200
2019-11-25,63.26896005744073,64.1672658843364,63.22320139858819,64.15040588378906,84020400
2019-11-26,64.28766285310961,64.34064616087346,63.21836871431615,63.64945983886719,105207600
2019-11-27,63.9601500849875,64.53815268116317,63.89512810024147,64.50443267822266,65235600
2019-11-29,64.20580352668654,64.54296680875088,64.0372182108502,64.36234283447266,46617600
2019-12-02,64.36713626465993,64.60315416150887,63.44716403527394,63.6181526184082,94487200
2019-12-03,62.20929663764317,62.50311189277975,61.72281877405297,62.483848571777344,114430400
2019-12-04,62.87400131746364,63.41346255389857,62.7800733256157,63.03535461425781,67181600
2019-12-05,63.52907152465446,64.03482016421954,63.273790207946085,63.96015548706055,74424400
2019-12-06,64.41772007388622,65.26544572676671,64.37436474563619,65.19560241699219,106075600
2019-12-09,65.02460345272102,65.21726600459068,63.79877014365754,64.28284454345703,128042400
2019-12-10,64.68745273051618,65.04147593348435,64.02756829699055,64.65855407714844,90420400
2019-12-11,64.73803916107421,65.28954641231785,64.66338184077233,65.21006774902344,78756800
2019-12-12,64.48999124414951,65.64116788478415,64.3792105844826,65.37625122070312,137310400
2019-12-13,65.37625995795521,66.30105405920706,65.24861927769518,66.26493072509766,133587600
2019-12-16,66.71044750574998,67.62320261796066,66.70563351279964,67.39922332763672,128186000
2019-12-17,67.32937171566562,67.8591974518186,67.14392646084711,67.53166961669922,114158400
2019-12-18,67.38477250929151,67.89052104298418,67.22100855730946,67.37032318115234,116028400
2019-12-19,67.31250658669452,67.71710235790785,67.18005200015853,67.43773651123047,98369200
2019-12-20,67.9699882290766,68.0711335089849,67.08613194245461,67.29806518554688,275978000
2019-12-23,67.5605836287108,68.45647873677,67.52204963647512,68.39627075195312,98572000
2019-12-24,68.56244109414793,68.61061041883474,68.13617123413715,68.46128845214844,48478800
2019-12-26,68.59375403067095,69.83644770700805,68.56485537418061,69.81958770751953,93121200
2019-12-27,70.11099073385043,70.79736320865955,69.38849493923185,69.7930908203125,146266000
2019-12-30,69.7112155576161,70.48910541724575,68.69009042144484,70.20732879638672,144114400
2019-12-31,69.82441117567208,70.72753106158736,69.72566918619233,70.72030639648438,100805600
2020-01-02,71.34405442839761,72.39408555090253,71.0911838210517,72.33387756347656,135480400
2020-01-03,71.56319023271006,72.38924180059009,71.40665098377971,71.63062286376953,146322800
2020-01-06,70.75402098693286,72.23995000976231,70.50355369984423,72.201416015625,118387200
2020-01-07,72.21104883104543,72.46633010238772,71.64268897397623,71.86184692382812,108872000
2020-01-08,71.56560624404386,73.31886213203573,71.56560624404386,73.017822265625,132079200
2020-01-09,73.99318724898775,74.76144156312063,73.74272737606113,74.56877899169922,170108400
2020-01-10,74.8024026801614,75.30092656417412,74.23644614635045,74.73737335205078,140644800
2020-01-13,75.05287832688332,76.36059415429726,74.93486566437117,76.33409881591797,121532000
2020-01-14,76.27147857331117,76.48100118582082,75.18051017572739,75.30332946777344,161954400
2020-01-15,75.10345563091921,75.98249090201921,74.54953765831824,74.98062896728516,121923600
2020-01-16,75.52249718552835,76.03065646802948,75.16124922768141,75.91986846923828,108829200
2020-01-17,76.16792404225187,76.76277929851412,75.86207008807327,76.7603759765625,137816400
2020-01-21,76.38947268651397,76.83019183971173,76.1028821310267,76.24015808105469,110843200
2020-01-22,76.72423213565071,77.06380603496487,76.4183782339569,76.5123062133789,101832400
2020-01-23,76.56529382668359,76.96025438766408,76.01860061750638,76.88078308105469,104472000
2020-01-24,77.1264324079885,77.86819158420508,76.46895853504518,76.65921783447266,146537600
2020-01-27,74.67236453066312,75.08418516629278,73.42485661478304,74.40504455566406,161940000
2020-01-28,75.2840767149778,76.68089922753784,75.18533472345831,76.5099105834961,162234000
2020-01-29,78.13792264122904,78.95674973344263,77.39856685210137,78.1114273071289,216229200
2020-01-30,77.19624784731732,78.0511980258145,76.76515675229342,77.99821472167969,126743200
2020-01-31,77.29020649112265,77.71166246110458,74.24609404973549,74.53990936279297,199588400
2020-02-03,73.28514366287956,75.498389394716,72.78421654858387,74.33517456054688,173788400
2020-02-04,75.93672133535755,76.97952779146334,75.53212542449515,76.78926849365234,136616400
2020-02-05,77.91394467954083,78.21258127557842,76.81334832632962,77.4154281616211,118826800
2020-02-06,77.68516086755363,78.3233640404218,77.12883967256218,78.32095336914062,105425600
2020-02-07,77.82126159942887,78.0699069624119,76.76632925971391,77.25637817382812,117684000
2020-02-10,75.84413352382079,77.62327575683594,75.76447362748293,77.62327575683594,109348800
2020-02-11,78.11817322586252,78.19059132825674,76.93770658748598,77.15496826171875,94323200
2020-02-12,77.60397618630914,78.99204618157108,77.60397618630914,78.98722076416016,113730400
2020-02-13,78.26062912894116,78.75067811380296,78.05785100076243,78.4247817993164,94747600
2020-02-14,78.3933612458328,78.69270656111114,77.93711251400148,78.44406127929688,80113600
2020-02-18,76.12900862033511,77.18877358272158,75.94795598487916,77.00772094726562,152531200
2020-02-19,77.24912913343354,78.35234502696264,77.24912913343354,78.12300872802734,93984000
2020-02-20,77.88400744802773,78.3716398349872,76.81700080414447,77.321533203125,100566000
2020-02-21,76.91597690115918,77.35774940247184,74.95578178960817,75.57135772705078,129554000
2020-02-24,71.75960237227564,73.43011036441114,69.82113268068633,71.981689453125,222195200
2020-02-25,72.65038734565039,73.03180163978591,69.07278565467855,69.54351806640625,230673600
2020-02-26,69.16935530367469,71.90928692764982,69.16211349223191,70.64674377441406,198054800
2020-02-27,67.85852928583456,69.04140503149553,65.89350114490772,66.0286865234375,320605600
2020-02-28,62.10347552395671,67.20915879544067,61.88862284247871,65.99006652832031,426510000
2020-03-02,68.14337454443714,72.76866613954134,67.04257525684778,72.13377380371094,341397200
2020-03-03,73.30700681770827,73.3866667341741,68.99311992366323,69.84286499023438,319475600
2020-03-04,71.5616724101691,73.24183913660247,70.76262721041282,73.08251190185547,219178400
2020-03-05,71.33956494467967,72.31242082695749,70.34740002247567,70.71192169189453,187572800
2020-03-06,68.0757689182747,70.20494899083147,67.88989092478414,69.77283477783203,226176800
2020-03-09,63.670179502443226,67.1319051551366,63.48912685930832,64.25437927246094,286744800
2020-03-10,66.90257561810807,69.14762542571471,65.0268655374001,68.882080078125,285290000
2020-03-11,66.96292517997638,67.88749740945617,65.62795665733853,66.4897689819336,255598800
2020-03-12,61.7848064103127,65.1789387030404,59.868062216126,59.923583984375,418474000
2020-03-13,63.94538103600016,67.57367559511492,61.06301877546382,67.10293579101562,370732000
2020-03-16,58.40756965352153,62.54280864814437,57.93683361708763,58.4703369140625,322423600
2020-03-17,59.74978379495811,62.187957132183904,57.55059758461941,61.04129409790039,324056000
2020-03-18,57.88132191691277,60.350878847985236,57.24160039100893,59.54700469970703,300233600
2020-03-19,59.72081110917334,61.036459434063396,58.566902685612334,59.09074783325195,271857200
2020-03-20,59.67010772190427,60.79263606329375,55.03999095282429,55.339332580566406,401693200
2020-03-23,55.05931643178171,55.16070547027294,51.32480360482342,54.1637077331543,336752800
2020-03-24,57.05813231967632,59.79323446043245,56.56084169108887,59.59769821166992,287531200
2020-03-25,60.53192552123785,62.34245170831376,58.97487373705756,59.269386291503906,303602000
2020-03-26,59.51079165439952,62.446255405203736,59.472166210481355,62.38832092285156,252087200
2020-03-27,61.014739603264104,61.76791740598874,59.638740277699725,59.8053092956543,204216800
2020-03-30,60.529517371062305,61.68342585318123,60.206033868463194,61.512027740478516,167976400
2020-03-31,61.70274302705608,63.3660094986333,60.8336888557072,61.38650131225586,197002000
2020-04-01,59.50596949204973,60.04188561745125,57.726826674200176,58.156524658203125,176218400
2020-04-02,58.01891202578832,59.18006218576405,57.1884834576866,59.126953125,165934000
2020-04-03,58.61277624472143,59.31284498948773,57.68820030765842,58.277225494384766,129880000
2020-04-06,60.568135335844495,63.51566994282337,60.201204676104986,63.361175537109375,201820400
2020-04-07,65.37206847487805,65.58933753055518,62.52350996388426,62.62731170654297,202887200
2020-04-08,63.42634690897305,64.54404618126709,63.06183266990903,64.230224609375,168895200
2020-04-09,64.86511973614601,65.19584133375365,63.899505790640596,64.69371795654297,161834800
2020-04-13,64.77096719479518,66.07213548949194,64.17228391165321,65.9635009765625,131022800
2020-04-14,67.59300658916055,69.58458624759118,67.12226663216481,69.2948989868164,194994800
2020-04-15,68.17235803124424,69.12107217268907,67.74507641878203,68.66240692138672,131154400
2020-04-16,69.37453102131897,69.57248363661981,68.16027185080422,69.20796203613281,157125200
2020-04-17,68.72515410233876,69.27072829912615,66.83496081662895,68.2688980102539,215250000
2020-04-20,67.09809629652644,67.9985265094596,66.83255101061553,66.85186004638672,130015200
2020-04-21,66.69495629705587,66.92911797835283,64.07572694243713,64.78545379638672,180991600
2020-04-22,66.05040482183006,67.08602784822331,65.71003238672124,66.65150451660156,116862400
2020-04-23,66.59598944224571,68.0154433517939,66.35458591659604,66.3932113647461,124814400
2020-04-24,66.91706365013007,68.3196176159111,66.8687799957314,68.3099594116211,126161200
2020-04-27,68.02750161594408,68.68895219864656,67.58091104598891,68.35823059082031,117087600
2020-04-28,68.81932145434843,69.00037411858965,67.15847120269908,67.25019836425781,112004800
2020-04-29,68.73481966758834,69.92735352024151,68.53204161617626,69.45903015136719,137280800
2020-04-30,69.99737340670072,71.1005894315717,69.6087172156617,70.92436218261719,183064000
2020-05-01,69.10174168301795,72.17963585405194,69.00518177066984,69.78250122070312,240616800
2020-05-04,69.80666159250394,70.89780288941466,69.11866006272429,70.76985931396484,133568000
2020-05-05,71.2285300116976,72.66246767070962,71.08368641004002,71.83203887939453,147751200
2020-05-06,72.53210878963873,73.20321036598678,72.14827802802382,72.57315063476562,142333600
2020-05-07,73.19837114485792,73.66911092684012,72.89661676334377,73.32389831542969,115215200
2020-05-08,73.98228146501447,75.12236750357918,73.65550314168313,75.0691146850586,133838400
2020-05-11,74.57775171164975,76.74415709638575,74.36957888241814,76.2503662109375,145946400
2020-05-12,76.93295343320654,77.38318317958411,75.25792355724299,75.37895202636719,162301200
2020-05-13,75.55809815483286,76.47791927324582,73.39410778103768,74.46884155273438,200622400
2020-05-14,73.7087840752181,74.98684482021679,72.98745151047878,74.92633056640625,158929200
2020-05-15,72.70181680027588,74.52934407916516,72.66792527667609,74.48335266113281,166348400
2020-05-18,75.80498930633232,76.61103581678174,75.11512542110488,76.23826599121094,135178400
2020-05-19,76.25520568719914,77.09998213452099,75.76625327530091,75.79772186279297,101729600
2020-05-20,76.65460086911052,77.34204178986873,76.61587086677298,77.2718505859375,111504800
2020-05-21,77.13387754437865,77.67366726497515,76.4585365069764,76.69575500488281,102688800
2020-05-22,76.43432834001963,77.27185079219365,76.33266854723075,77.1895523071289,81803200
2020-05-26,78.30543299444078,78.48455279572174,76.61103413521022,76.66670989990234,125522000
2020-05-27,76.52390248864035,77.14598335609439,75.78562421645006,77.00074768066406,112945200
2020-05-28,76.67637525704153,78.29089831885972,76.4004341829612,77.03462219238281,133560800
2020-05-29,77.27669643163954,77.73660324937043,76.60377827424547,76.95960235595703,153532400
2020-06-01,76.91360886615988,78.02707250180976,76.78289602270274,77.90604400634766,80791200
2020-06-02,77.63977407114822,78.29090791932163,77.19922860751555,78.2667007446289,87642800
2020-06-03,78.58620379313693,78.95897353375568,78.01494559700772,78.69754791259766,104491200
2020-06-04,78.52085794063949,78.81858326292213,77.64702850562604,78.0197982788086,87560400
2020-06-05,78.26911957554665,80.30239656428226,78.24007392223491,80.24188232421875,137250400
2020-06-08,79.93932296340279,80.75021537775042,79.23009773769596,80.71632385253906,95654400
2020-06-09,80.3968056767083,83.65730597576551,80.36533708864444,83.26517486572266,147712400
2020-06-10,84.21162466782144,85.87455499385788,83.77350211039672,85.40738677978516,166651600
2020-06-11,84.55295489821151,84.9765547725525,81.20530885584053,81.30696868896484,201662400
2020-06-12,83.44186857843707,84.18740070270101,80.90027071068629,82.0088882446289,200146000
2020-06-15,80.665491974399,83.67425858934295,80.50331054070764,83.02312469482422,138808800
2020-06-16,85.07334504214955,85.49452921505798,83.44188334314991,85.22341918945312,165428800
2020-06-17,85.96653487900272,86.02704912393895,84.98378413219785,85.10481262207031,114406400
2020-06-18,85.06125001022909,85.55504835135272,84.53114459703605,85.13871002197266,96820400
2020-06-19,85.84308414219812,86.30782937031772,83.54595856056092,84.65216064453125,264476000
2020-06-22,85.04430780115948,87.0098095125726,84.99831637895207,86.86699676513672,135445200
2020-06-23,88.10874933547481,90.13718820813904,87.68998805980996,88.72115325927734,212155600
2020-06-24,88.35076807996579,89.26816579496162,86.78223671610631,87.1550064086914,192623200
2020-06-25,87.30994555491553,88.35078749388231,86.55230611311778,88.31205749511719,137522400
2020-06-26,88.20798383985682,88.42825657527817,85.45095132716905,85.5986099243164,205256800
2020-06-29,85.50664216317482,87.66579402801841,85.02978953914176,87.5713882446289,130646000
2020-06-30,87.15987418081895,88.58801627360432,87.14051287267962,88.30238342285156,140223200
2020-07-01,88.37986357552768,88.92206897093759,88.08697663107799,88.13538360595703,110737200
2020-07-02,89.04068194142937,89.67487019220228,88.02162389084378,88.13538360595703,114041600
2020-07-06,89.56108299075036,90.9601720457748,89.52961440129422,90.49300384521484,118655600
2020-07-07,90.87062222466152,91.64762315168353,90.10088271239697,90.21222686767578,112424400
2020-07-08,91.18769953716944,92.34473152661032,91.10055518911935,92.31326293945312,117092000
2020-07-09,93.20404179945581,93.25729463316677,91.66456287634601,92.71025085449219,125642800
2020-07-10,92.30600122922262,92.93051232943125,91.69602034280251,92.8724136352539,90257200
2020-07-13,94.17470651308925,96.77924249240976,92.2309888780557,92.44400024414062,191649200
2020-07-14,91.82673375082925,94.16500509879575,90.89482027358295,93.97378540039062,170989200
2020-07-15,95.84488685944433,96.09420527190387,93.42431687945134,94.62007904052734,153198000
2020-07-16,93.49449476804814,94.31022548870118,92.8578838224014,93.45576477050781,110577600
2020-07-17,93.90600938284572,94.06092201052024,92.79496133182224,93.26697540283203,92186800
2020-07-20,93.35411815070974,95.37044953138843,93.01039399095433,95.23247528076172,90318000
2020-07-21,96.02158177786353,96.09661884897764,93.66878769091768,93.91810607910156,103433200
2020-07-22,93.620364272229,94.86211761268852,93.53322731563136,94.18193817138672,89001600
2020-07-23,93.91568941051719,93.99314942038049,89.08665688068213,89.89512634277344,197004400
2020-07-24,88.0966534330444,90.01616378626149,86.31268703007238,89.67243957519531,185438800
2020-07-27,90.73264959796012,91.88968182119616,90.50996128337569,91.79769897460938,121214000
2020-07-28,91.36925259131361,91.54595685387366,90.28483461346657,90.28968048095703,103625600
2020-07-29,90.77137831946693,92.20435906214746,90.73507124553788,92.02039337158203,90329200
2020-07-30,91.1949712384762,93.23793283077006,90.7883172670131,93.13385009765625,158130000
2020-07-31,99.61611202784769,103.03395473140316,97.6215578817257,102.88388061523438,374336800
2020-08-03,104.7622549635953,108.09053834247213,104.4645296144692,105.47632598876953,308151200
2020-08-04,105.6651273181697,107.26996618839969,104.94379489849536,106.18070983886719,173071600
2020-08-05,105.9023409518437,106.88509160009556,105.43758834706337,106.5655746459961,121776800
2020-08-06,106.89720218347466,110.77737527223312,106.30900549573542,110.28357696533203,202428800
2020-08-07,109.80586023116359,110.26174899503663,106.98081367668276,107.77619171142578,198045600
2020-08-10,109.21902314455248,110.35874505613272,106.69709332777636,109.34269714355469,212403600
2020-08-11,108.60797228128783,109.10508091522647,105.83141919822033,106.09088897705078,187902400
2020-08-12,107.17965891895842,109.87376452711321,106.98566715289093,109.6167221069336,165598000
2020-08-13,110.99409224252035,112.55817781440562,110.50667808377885,111.55667877197266,210082000
2020-08-14,111.38208013380518,111.54697388434195,109.65067355223327,111.4572525024414,165565200
2020-08-17,112.57757328432733,112.60182410704658,110.54062998121614,111.166259765625,119561600
2020-08-18,110.91892299463439,112.51695384329368,110.58428087027461,112.09259033203125,105633600
2020-08-19,112.49996719549999,113.64453639963617,112.13865437861999,112.23322296142578,145538000
2020-08-20,112.27444791147464,114.83760501028006,112.25747159683876,114.7236328125,126907200
2020-08-21,115.68148161330981,121.1181872782855,115.66935990258521,120.63562774658203,338054800
2020-08-24,124.83317459173283,124.91805616382935,120.21610549023623,122.07845306396484,345937600
2020-08-25,120.95326822987052,121.42127865068156,119.35765773569334,121.07693481445312,211495600
2020-08-26,122.39127306939878,123.17937664467517,121.32672345710665,122.7234878540039,163022400
2020-08-27,123.32487721481381,123.65709200762272,120.11425938434616,121.25640869140625,155552400
2020-08-28,122.22877945314914,122.6458683430527,120.83686988582103,121.05996704101562,187630000
2020-08-31,123.74923681098468,127.06654483126823,122.21667670793738,125.16539001464844,225702700
2020-09-01,128.7737011544299,130.75245576113278,126.61066398001222,130.15106201171875,151948100
2020-09-02,133.45868391206912,133.8369730802814,123.186665513161,127.45454406738281,200119000
2020-09-03,123.09935930505591,124.97140134269283,116.8818246649217,117.25041198730469,257599600
2020-09-04,116.46474218511382,119.98574406174012,107.56038329847304,117.32801818847656,332607200
2020-09-08,110.52848630276392,115.41715402612338,109.29662311428591,109.43241882324219,231366600
2020-09-09,113.7391061983007,115.56265389882519,111.79915900187885,113.79730224609375,176940500
2020-09-10,116.74602745349068,116.88182317054356,109.12203408038299,110.08230590820312,182274400
2020-09-11,111.12989436180371,111.77008060116817,106.69711453574045,108.6370620727539,180860300
2020-09-14,111.27536620520715,112.4490333059739,109.41301877590674,111.89614868164062,140150100
2020-09-15,114.77697452888815,115.26196131479541,110.19869808587379,112.07074737548828,184642000
2020-09-16,111.77005407703663,112.51693044540818,108.67583612168845,108.76313018798828,154679000
2020-09-17,106.42549948987329,108.83102975873638,105.44582412860575,107.0268783569336,178011000
2020-09-18,107.08509211161683,107.5506753180143,102.9045006607274,103.6319808959961,287104900
2020-09-21,101.40104892896447,106.88140167582651,100.0042844680874,106.77470397949219,195713800
2020-09-22,109.29662320835186,109.47121874863322,105.88231946545223,108.45274353027344,183055400
2020-09-23,108.26846907252015,108.74375412227577,103.56409061974239,103.9035873413086,150718700
2020-09-24,102.01211308896369,106.93958033536623,101.84721936701546,104.97053527832031,167743300
2020-09-25,105.17424837255975,109.06384497371614,104.4370662899755,108.90864562988281,149981400
2020-09-28,111.5566650919616,111.85735453793174,109.39362072171006,111.50816345214844,137672400
2020-09-29,111.11048577797068,111.84766043177646,110.15990833447874,110.66429138183594,99382200
2020-09-30,110.37330565840851,113.73911550361659,110.20841190929694,112.33264923095703,142675200
2020-10-01,114.10769446919807,114.18529413378772,112.35204460964711,113.28321838378906,116120400
2020-10-02,109.50030229467706,111.90583970936628,108.85042185856183,109.62639617919922,144712000
2020-10-05,110.4897020352033,113.14742776439395,110.14051092914185,113.0019302368164,106243800
2020-10-06,112.22594105943094,112.63333559022071,108.87953514429641,109.76221466064453,161498200
2020-10-07,111.1783781507114,112.08045390652613,110.70308575226879,111.62456512451172,96849000
2020-10-08,112.75944080327828,112.90493833599005,111.14928093514196,111.51787567138672,83477200
2020-10-09,111.81855926916633,113.48691510258755,111.46936816913343,113.45781707763672,100506900
2020-10-12,116.45502931013961,121.42129686008033,115.69845107798898,120.66471862792969,240226800
2020-10-13,121.50859444916024,121.62499394990238,116.05734733652297,117.46380615234375,262330500
2020-10-14,117.36683480419042,119.33588051809492,116.02827356723056,117.55113220214844,150712000
2020-10-15,115.15527240046332,117.56080289760202,114.60238771843201,117.08551788330078,112559200
2020-10-16,117.63840880188037,117.90030584427576,115.24257258596,115.4462661743164,115393800
2020-10-19,116.35801840331845,116.80420531849914,112.18713685690224,112.49752807617188,120639300
2020-10-20,112.71092747344602,115.40746025257594,112.15804282671203,113.98159790039062,124423700
2020-10-21,113.16682541230045,115.14557257156684,112.9534300225298,113.36082458496094,89946000
2020-10-22,113.92339674553574,114.49568501963495,111.14927164811971,112.27444458007812,101988000
2020-10-23,112.89524032049677,113.05043966735408,110.84859518576691,111.58577728271484,82572600
2020-10-26,110.58668561250266,113.05041929759861,109.49061077367527,111.595458984375,111850700
2020-10-27,112.02225141814819,113.75850508779021,111.10077943831497,113.09892272949219,92276800
2020-10-28,111.59546536731106,111.96405267029793,107.76406521649079,107.8610610961914,143937800
2020-10-29,108.99593410290058,113.41901126991604,108.83103296967955,111.85735321044922,146129200
2020-10-30,107.72527053869118,108.6273463236584,104.48556211975591,105.5913314819336,190272600
2020-11-02,105.8338155489353,107.35667373960923,104.09756199136386,105.50402069091797,122866900
2020-11-03,106.36730031348367,108.14234624016166,105.46522463913784,107.1238784790039,107624400
2020-11-04,110.71279779031768,112.119256698551,108.97654397513469,111.49847412109375,138235500
2020-11-05,114.40839736997158,116.0282591074031,113.3608313760952,115.45597076416016,126387100
2020-11-06,114.96530169353447,115.82034860014043,112.8373918555085,115.32481384277344,114457900
2020-11-09,117.08348090470506,118.53123307425452,112.75965407719045,113.0219955444336,154515300
2020-11-10,112.27383288243148,114.25598657554706,110.8940882741732,112.68192291259766,138023400
2020-11-11,113.86733537997074,116.2381494579348,113.1385999950758,116.10211944580078,112295000
2020-11-12,116.22841881317535,117.1126137436234,115.20818648034917,115.83003997802734,103162300
2020-11-13,116.05352836084144,116.27700303551688,114.52804275815001,115.87863159179688,81581900
2020-11-16,115.54826720324448,117.55957633149036,114.80010222486767,116.88914489746094,91183000
2020-11-17,116.16039565890526,117.24863549686008,115.58712010448728,116.00492858886719,74271000
2020-11-18,115.24707460935673,116.42276682795455,114.65436922624248,114.68351745605469,76322100
2020-11-19,114.25597458875419,115.68429695756758,113.49809106564801,115.27620697021484,74113000
2020-11-20,115.27622108410968,115.40253254906611,113.9644988709724,114.01307678222656,73604300
2020-11-23,113.85761126601786,114.28513837643995,110.52486130551306,110.62202453613281,127959300
2020-11-24,110.68031687022992,112.56530706965945,109.39773567263003,111.90458679199219,113874200
2020-11-25,112.27381743371453,113.43979090606146,111.90458681744444,112.74020385742188,76499200
2020-11-27,113.26491022315516,114.15882383972767,112.92483519653295,113.28433990478516,46691300
2020-11-30,113.65356330256418,117.54015173092947,113.49809620715159,115.67459106445312,169410200
2020-12-01,117.57901628913943,119.96926723797301,116.60736920035771,119.24053192138672,127728200
2020-12-02,118.56036589233359,119.87209529729249,117.46240743053765,119.59031677246094,89004200
2020-12-03,120.01785729073868,120.270487635051,118.74500184780301,119.45430755615234,78967600
2020-12-04,119.12392660773527,119.37655691588907,118.07454601670749,118.78385162353516,78260400
2020-12-07,118.84214367939516,121.03806800243322,118.78384723085345,120.24131774902344,86712000
2020-12-08,120.84375871454999,121.43646406909802,119.60004413555974,120.85346984863281,82225500
2020-12-09,120.99920059491815,122.37893756571138,117.56928784632052,118.3271713256836,115089200
2020-12-10,117.0834850101648,120.35793867044406,116.74340998030307,119.74579620361328,81312200
2020-12-11,118.95875310526962,119.27939842297663,117.13205925122674,118.93932342529297,86939800
2020-12-14,119.12392157489586,119.85265683014165,118.09397811966689,118.3271713256836,79184500
2020-12-15,120.81460252887871,124.27367140820184,120.61055751786674,124.25423431396484,157243700
2020-12-16,123.79757294273104,124.73034594931227,122.97166689471923,124.18622589111328,98208600
2020-12-17,125.24529842903367,125.90602613060179,124.40968137555939,125.05097198486328,94359800
2020-12-18,125.3036393584578,125.4396693841838,122.54415723712954,123.06884765625,192541500
2020-12-21,121.47530568083864,124.67202522679207,119.94982017477122,124.59429168701172,121251600
2020-12-22,127.8784592702847,130.599073771845,125.9740246713456,128.14080810546875,168904800
2020-12-23,128.4128836440795,128.67521768491736,127.07200590849821,127.24691009521484,88223700
2020-12-24,127.59675233837353,129.67607732235018,127.38298870978274,128.2283172607422,54930100
2020-12-28,130.19099379190865,133.44600251933943,129.72459253226933,132.81443786621094,124486200
2020-12-29,134.13588116304936,134.85489050709643,130.53106400488656,131.04603576660156,121047300
2020-12-30,131.73594502265215,132.13432398091498,129.6177461619134,129.92868041992188,96452100
2020-12-31,130.27844532518537,130.91973597132423,127.98535756948488,128.9278564453125,99116600
2021-01-04,129.73433032505793,129.82177500940742,123.16599358092327,125.74085998535156,143301900
2021-01-05,125.23560676408721,128.00480720900393,124.7886425294723,127.29549407958984,97664900
2021-01-06,124.09877604874403,127.33436285992687,122.79676500387103,123.01052856445312,155088000
2021-01-07,124.720639051932,127.89792964576662,124.23481543686934,127.20805358886719,109578200
2021-01-08,128.67520026141898,128.86954151504634,126.53757990692247,128.3059844970703,105158200
2021-01-11,125.5271038877366,126.47931399049689,124.85666494889938,125.32305145263672,100384500
2021-01-12,124.85665049211372,126.01291289609365,123.26314986487158,125.14814758300781,91951100
2021-01-13,125.10925836684517,127.72299108513502,124.84692436009828,127.17887115478516,88636800
2021-01-14,127.0914246638891,127.28575108963446,125.10925657328106,125.25501251220703,90221800
2021-01-15,125.12871028033413,126.52788445335536,123.39917965706009,123.53520965576172,111598500
2021-01-19,124.15705738304294,125.06069683837403,123.340877429049,124.20564270019531,90757300
2021-01-20,125.01208447435442,128.73349360549489,124.90520273020637,128.28652954101562,104319500
2021-01-21,130.00638521290585,135.7099489572785,129.80233279797613,132.9893341064453,120150900
2021-01-22,132.41607964346215,135.88486727485233,131.19180950505606,135.12698364257812,114459400
2021-01-25,139.01355380816258,140.97627022018892,132.6686847833474,138.8677978515625,157611700
2021-01-26,139.5285097015661,140.2086596098709,137.36172630104042,139.10098266601562,98390600
2021-01-27,139.36334793740457,140.20869106595407,136.42898412808006,138.03219604492188,140843800
2021-01-28,135.564189064389,137.96415826033868,132.8241374993332,133.2030792236328,142621100
2021-01-29,131.97883669271752,132.86303917443942,126.51818434944722,128.21856689453125,177523800
2021-02-01,129.95777399701672,131.54156320206033,127.2177225988055,130.3367156982422,106239800
2021-02-02,131.8816527763116,132.4452098565485,130.79341280132044,131.1626434326172,83305400
2021-02-03,131.91081569341782,131.92054165395052,129.82178018887643,130.14242553710938,89880900
2021-02-04,132.43550657690793,133.5043095225396,130.7739834636992,133.49459838867188,84183100
2021-02-05,133.65516390896917,133.7232731231055,132.20524094162676,133.08102416992188,75693800
2021-02-08,132.37065786118401,133.27564766652046,131.29051736028654,133.22698974609375,71297200
2021-02-09,132.9448026300194,134.1709170758531,132.1955269668042,132.35121154785156,76774200
2021-02-10,132.80855342312873,133.3048434386966,130.78450562896475,131.7478790283203,73046600
2021-02-11,132.24413324277845,132.72095704438246,130.17144270344224,131.49485778808594,64280000
2021-02-12,130.73585850968206,131.88410821935858,130.0936095966532,131.72840881347656,60145100
2021-02-16,131.84518629017936,132.35118706954955,129.2178071626484,129.6070556640625,80576300
2021-02-17,127.7192714814344,128.66317890424816,125.98715607320858,127.32029724121094,97918500
2021-02-18,125.72440543319924,126.50288771185818,123.98256451257895,126.22069549560547,96856700
2021-02-19,126.7364300489586,127.19378780631597,125.33516499223074,126.37637329101562,87668800
2021-02-22,124.56640502266376,126.23041094448011,122.22124015432108,122.61048126220703,103916400
2021-02-23,120.43073670834654,123.30137584564321,115.20519230196524,122.4742431640625,158273000
2021-02-24,121.57899955251936,122.1823162213377,118.94190197736167,121.97796630859375,111039900
2021-02-25,121.32599026278942,123.05810538980377,117.29736077604736,117.7352523803711,148199500
2021-02-26,119.29220956982277,121.49141551253575,117.93960247752109,117.99799346923828,164560400
2021-03-01,120.42101187120407,124.48856634693102,119.4868376397081,124.35233306884766,116307900
2021-03-02,124.95565484356455,125.25731317881322,121.6471165286429,121.75415802001953,102260900
2021-03-03,121.45248092660913,122.32827149061751,118.56237577745944,118.77645874023438,112966300
2021-03-04,118.47481493176636,120.27504677444026,115.4290174341431,116.89839172363281,178155000
2021-03-05,117.72552038212189,118.65969453198089,114.40724922583529,118.15367889404297,153766600
2021-03-08,117.67685145453473,117.74496808125187,113.08382341259126,113.22978973388672,154376600
2021-03-09,115.82796105806665,118.7764495417566,115.59441940046939,117.8325424194336,129525800
2021-03-10,118.4164168777091,118.88350022910564,116.23666982400522,116.7524185180664,111943300
2021-03-11,119.24356031125248,119.89553490297892,117.99799469596714,118.67916107177734,103026500
2021-03-12,117.16113540841165,117.91041846338683,115.95449457965704,117.77418518066406,88105100
2021-03-15,118.14394380720245,120.66426645422422,117.18057052802266,120.65453338623047,92403800
2021-03-16,122.31854732264155,123.79766203262986,121.36491441345117,122.19204711914062,115227900
2021-03-17,120.71293967926185,122.47424657756945,119.04893377660937,121.40383911132812,111932600
2021-03-18,119.57439391707281,119.86632656590932,117.08326303051578,117.28761291503906,121229700
2021-03-19,116.67454015570114,118.16338003678085,116.4604572455046,116.76211547851562,185549500
2021-03-22,117.09299830303091,120.53776947303844,117.02488167357409,120.0706787109375,111912300
2021-03-23,120.0123099463268,120.89782623844285,118.8543196786337,119.24356079101562,95467100
2021-03-24,119.51603034411634,119.5938800533793,116.8400078374971,116.85946655273438,88530500
2021-03-25,116.32425121223295,118.3872236915313,115.7987768800299,117.34600067138672,98844700
2021-03-26,117.11246742653448,118.21207408800578,115.72093550893463,117.94933319091797,94071200
2021-03-29,118.37748900748083,119.28247132989765,117.48223975334861,118.12448120117188,80819200
2021-03-30,116.87891806940085,117.16111766205535,115.66254435493632,116.67456817626953,85671900
2021-03-31,118.37750988637804,120.19720049628938,117.8909603245139,118.86405944824219,118323800
2021-04-01,120.33342627373456,120.83943448866229,119.19489479787379,119.69117736816406,75089100
2021-04-05,120.53777850848313,122.7661761594041,119.75929632134557,122.51316833496094,88651200
2021-04-06,123.09702657327624,123.71007628588559,122.26989388745704,122.81482696533203,80171300
2021-04-07,122.44505868103397,124.47883218903853,121.77361794195266,124.4593734741211,83466700
2021-04-08,125.48112948683244,126.88239460577601,125.06270398931379,126.85320281982422,88844600
2021-04-09,126.3082511367721,129.4610823431084,125.987126690143,129.4221649169922,106686700
2021-04-12,128.955060856529,129.27618525159716,127.11590466536393,127.7094955444336,91420000
2021-04-13,128.87726276289945,131.03754421397457,128.38097265896974,130.813720703125,91266500
2021-04-14,131.3099466105929,131.36833015937881,128.11818392495562,128.4782257080078,87222800
2021-04-15,130.22013564136392,131.36838551347583,130.04497007288896,130.8818359375,89347100
2021-04-16,130.6872281698665,131.0472701296793,129.69466280828593,130.55099487304688,84922400
2021-04-19,129.91846854593953,131.82574950678435,129.75304346412022,131.2126922607422,94264200
2021-04-20,131.38784340823202,131.88411859918818,128.2641887932471,129.5292205810547,94812300
2021-04-21,128.79937448295544,130.15198139662152,127.76789199677557,129.90870666503906,68847100
2021-04-22,129.46108603950333,130.54122653689166,127.8749447465964,128.39068603515625,84566500
2021-04-23,128.60475261832673,131.4851170121257,128.60475261832673,130.70664978027344,78657500
2021-04-26,131.20294297565732,131.426751593288,129.9671030596472,131.0959014892578,66905100
2021-04-27,131.3781122600293,131.76736083305914,130.5023289552631,130.77479553222656,66015800
2021-04-28,130.69693041123548,131.3878372667235,129.50002274292763,129.986572265625,107760100
2021-04-29,132.79882309453924,133.38268843991688,128.886960916459,129.88925170898438,151101000
2021-04-30,128.2350137894491,129.96712921001927,127.54412165956818,127.92362976074219,109839500
2021-05-03,128.48798358801744,130.46338819019584,128.28364111599663,128.9745330810547,75135100
2021-05-04,127.66085225567952,127.95278490720769,123.2916326716947,124.41069793701172,137564700
2021-05-05,125.72439172337612,126.94076551104096,124.5274840738415,124.65399169921875,84000900
2021-05-06,124.44963120105919,126.25959594495404,123.71007387822482,126.24987030029297,78128300
2021-05-07,127.54628780481441,127.94592476658238,126.21086763240989,126.92244720458984,78973300
2021-05-10,126.14265555263232,126.26936319427197,123.60829449035425,123.64728546142578,88071200
2021-05-11,120.38186236478138,123.08192191649415,119.67029018955704,122.73101806640625,126142800
2021-05-12,120.28437887697672,121.49306907963458,119.1634127705143,119.67028045654297,112172300
2021-05-13,121.43458279999426,122.96494285084451,121.12266251691543,121.81473541259766,105861300
2021-05-14,123.06243260302256,124.66102519199373,122.67253033910511,124.23213195800781,81918000
2021-05-17,123.61803331863223,123.72525662054227,122.0096912267483,123.08191680908203,74244600
2021-05-18,123.36460169987382,123.78374532662899,121.62954445690447,121.6977767944336,63342900
2021-05-19,120.05045503106065,121.76601312715728,119.75802646818856,121.54182434082031,92612000
2021-05-20,122.06817912472063,124.49530918227134,121.94145662294912,124.09565734863281,76857100
2021-05-21,124.59278661639331,124.76824225453443,122.04868358173061,122.26313018798828,79295400
2021-05-24,122.82849985689472,124.70977148763245,122.76026751533502,123.89097595214844,63092900
2021-05-25,124.59279202902988,125.08017543327662,123.1306641265909,123.6960220336914,72009500
2021-05-26,123.75450877268065,124.17365241574042,123.228141818366,123.64728546142578,56575900
2021-05-27,123.24762857840483,124.41732784538095,121.92196544288971,122.11691284179688,94625600
2021-05-28,122.3995899273286,122.6237861257757,121.40534630909178,121.46382904052734,71311100
2021-06-01,121.92198599710954,122.18516577367905,120.81076927511776,121.14218139648438,67637100
2021-06-02,121.14216813753484,122.07792909380578,120.91797935921073,121.90247344970703,59278900
2021-06-03,121.5320538514475,121.69775987143738,120.02118559755706,120.42083740234375,76229200
2021-06-04,120.93746163646239,122.97469686847107,120.72301503974921,122.71150970458984,75169300
2021-06-07,122.98443979955707,123.13065406520676,121.67827588309044,122.72126007080078,71057600
2021-06-08,123.40358202860334,125.21662849111421,123.0234294041827,123.54004669189453,74403800
2021-06-09,123.99819373222839,124.52456067367201,123.32561251203367,123.92021179199219,56877900
2021-06-10,123.81298472926724,124.95345011953233,122.76025831506651,122.92596435546875,71186400
2021-06-11,123.33536251537065,124.22239035571975,122.91621888119515,124.13465881347656,53522400
2021-06-14,124.59278699385679,127.24410590291394,123.8617230721818,127.18562316894531,96906500
2021-06-15,126.6592574474217,127.30259723643738,126.12314095657528,126.36682891845703,62746300
2021-06-16,127.07842216944793,127.58529740869534,125.21665702603657,126.86397552490234,91815000
2021-06-17,126.52280804022224,129.20337594415264,126.37658632134162,128.46255493164062,96721700
2021-06-18,127.40985624306948,128.18964604081222,126.95172155645028,127.16616821289062,108953300
2021-06-21,127.0101523182265,129.06687904605207,125.94767651117064,128.95965576171875,79663300
2021-06-22,128.79400746985203,130.69477120433336,128.2968743499232,130.5972900390625,74783600
2021-06-23,130.39255006678223,130.9286665216875,129.8661757752273,130.32431030273438,60214200
2021-06-24,131.05539194095186,131.240597184488,129.5737648661965,130.04165649414062,68711000
2021-06-25,130.09039090512184,130.50952706925113,129.45679326652197,129.7492218017578,70783700
2021-06-28,130.04168479997963,131.83522514355917,129.98320205214029,131.37709045410156,62111300
2021-06-29,131.39658519851488,133.0439186165466,130.95794973108042,132.88795471191406,64556100
2021-06-30,132.73195190270366,133.94064949902392,132.43952338561445,133.50201416015625,63261400
2021-07-01,133.1510868534501,133.86265142282898,132.33228412965926,133.80416870117188,52485800
2021-07-02,134.41829838230024,136.4652835854969,134.27209152787285,136.42630004882812,78852600
2021-07-06,136.53353205806397,139.5357553993497,136.53353205806397,138.43429565429688,108181800
2021-07-07,139.91589835234652,141.2318195282519,139.0581266890823,140.91990661621094,104911600
2021-07-08,138.0053823208354,140.42276298269945,137.11835448019005,139.62347412109375,105575500
2021-07-09,139.14587332881246,141.97264869395812,139.04839216165382,141.4462890625,99890800
2021-07-12,142.5184400812916,142.62566335381342,140.36423246918253,140.8516082763672,76299700
2021-07-13,140.3934939298509,143.7369001800956,140.00359917768813,141.9628448486328,100827100
2021-07-14,144.36076918149035,145.79365573228569,143.95136027537654,145.38424682617188,127050800
2021-07-15,145.47197634550716,146.21278242197315,143.37625087333885,144.7311553955078,106820300
2021-07-16,144.7116829108476,145.97884856339024,142.1968210625346,142.69393920898438,93251400
2021-07-19,140.12058929133983,140.43251704679776,138.0931035014654,138.85340881347656,121434600
2021-07-20,139.83793618290784,143.38603306380864,139.35056015600642,142.4600067138672,96350000
2021-07-21,141.8556195804996,142.4404765741107,140.97834896361408,141.72889709472656,74993500
2021-07-22,142.25527975346566,144.45821346206498,142.1285572602189,143.09356689453125,77338200
2021-07-23,143.82464898024415,144.9651069434816,143.2105505102186,144.80914306640625,71447400
2021-07-26,144.52644902049065,146.04705940106285,143.97083337261068,145.228271484375,72434100
2021-07-27,145.35500444699645,145.4427434254304,141.87514775749966,143.06434631347656,104818600
2021-07-28,141.15382825419624,143.25929604709813,138.94113715127986,141.3195343017578,118931200
2021-07-29,141.0368336570977,142.8498725143642,140.92961036922324,141.9628448486328,56699500
2021-07-30,140.73467853831747,142.63544169374407,140.47149137109437,142.17730712890625,70440600
2021-08-02,142.66467417357075,143.23977416644965,141.5826990796388,141.84588623046875,62880000
2021-08-03,142.12856645538005,144.30225894055675,141.51446802349406,143.63943481445312,64786600
2021-08-04,143.55168904021573,144.05854922239413,142.58667948918819,143.23976135253906,56368300
2021-08-05,143.26900294123843,144.1072900112852,142.47945643165977,143.34698486328125,46397700
2021-08-06,142.86869219057516,143.61060825982952,142.16581806356817,142.66368103027344,54126800
2021-08-09,142.72226739584752,143.21037365568,142.05845003246944,142.61488342285156,48908700
2021-08-10,142.9565505100319,144.196344465899,141.84366893661831,142.13653564453125,69023100
2021-08-11,142.57578725696132,143.22984760890972,142.06815276895088,142.3903045654297,48493500
2021-08-12,142.7124810649403,145.50444888855472,142.37080079552103,145.34825134277344,72282600
2021-08-13,145.42634081402107,145.88516176552068,144.74299521470792,145.55325317382812,59375000
2021-08-16,145.00660783223563,147.59358006664493,142.9858555687735,147.52523803710938,103296000
2021-08-17,146.6563820290242,148.07188700426227,145.5435005089824,146.61734008789062,92229700
2021-08-18,146.23665278463994,147.13476660342323,142.6734678004844,142.87847900390625,86326000
2021-08-19,141.58005455752308,144.4794059910355,141.06266328178802,143.2103271484375,86960300
2021-08-20,143.9327425154178,144.9675251601663,143.28843882859866,144.66490173339844,60549600
2021-08-23,144.78202147056598,146.61730507779947,144.3720141553827,146.1487274169922,60131800
2021-08-24,145.89494350289067,147.27140659304087,145.60207679709836,146.06089782714844,48606400
2021-08-25,146.24637657624294,146.74425443123712,144.28419502392072,144.83087158203125,58991300
2021-08-26,144.82114019917077,145.57281315038713,144.00111032248313,144.0303955078125,48597200
2021-08-27,143.97177197062845,145.21156564308194,143.33723999505236,145.0651397705078,55802400
2021-08-30,145.45565533870288,149.83885461039787,145.07493307828,149.47764587402344,90956700
2021-08-31,149.02861147557854,149.1652806367618,147.6911901527622,148.21835327148438,86453100
2021-09-01,149.1945209265185,151.293371319359,148.71617155840954,148.8821258544922,80313700
2021-09-02,150.20976298790652,151.03954929712242,148.77472989529102,149.9949951171875,71115500
2021-09-03,150.10239938899159,150.9517142276546,149.44833892893834,150.6295623779297,57808700
2021-09-07,151.2836060822293,153.5191254698615,150.71740121777114,152.9626922607422,82278300
2021-09-08,153.24581573453693,153.3043860941943,150.31717858511598,151.42030334472656,74420200
2021-09-09,151.79121811280663,152.39646482151565,150.28784320329777,150.40499877929688,57305700
2021-09-10,151.31292061025323,151.7814983871202,145.1627795675759,145.42636108398438,140893200
2021-09-13,147.04688016056696,147.818081410703,145.21159606216116,145.99256896972656,102404300
2021-09-14,146.77355269563384,147.47642687466802,143.4153793726529,144.59658813476562,109296300
2021-09-15,145.02608811276684,145.88515965134906,142.88818092204215,145.4849090576172,83281300
2021-09-16,144.90894501042473,145.4263362978241,143.71796490468603,145.2506103515625,68034100
2021-09-17,145.27995796165817,145.27995796165817,142.29273506424897,142.58560180664062,129868800
2021-09-20,140.37932278347847,141.39457695669392,137.90950701335717,139.53977966308594,123478900
2021-09-21,140.50626423071614,141.16033974315945,139.38362576406158,140.01815795898438,75834000
2021-09-22,141.01387841720836,142.94677480134484,140.28171911608493,142.38058471679688,76404300
2021-09-23,143.16153904107028,143.581318108749,142.1755699033987,143.33726501464844,64838200
2021-09-24,142.1950877231893,143.96202960944674,142.09746053449825,143.42510986328125,53477900
2021-09-27,142.00962976919416,142.48797924389808,140.39888514559524,141.91200256347656,74150700
2021-09-28,139.8424227657557,141.30674132874793,138.31953384357482,138.5343017578125,108972300
2021-09-29,139.0809361025626,141.01383184837374,138.6514004044236,139.432373046875,74602000
2021-09-30,140.24265523549735,140.94552924628812,137.91926531672686,138.134033203125,89056700
2021-10-01,138.52452409983053,139.5202648503588,135.80089824481317,139.25668334960938,94639600
2021-10-04,138.3878720570302,138.82717957779718,134.98090012736012,135.8302001953125,98322000
2021-10-05,136.17188224652747,138.85646652806082,136.04496985928344,137.7533416748047,80861100
2021-10-06,136.15236065284557,138.7686030429388,135.07852092806354,138.62217712402344,83221100
2021-10-07,139.65692980871162,140.7893396562003,139.32502120039112,139.88145446777344,61732700
2021-10-08,140.60387247260306,140.75029837603776,139.16883903566588,139.50074768066406,58773200
2021-10-11,138.88572424122802,141.36529686032225,138.43666004151856,139.41287231445312,64452200
2021-10-12,139.82288519545196,139.84241361250955,137.68497785008697,138.143798828125,73035900
2021-10-13,137.8802114942071,138.03639411972742,135.88873033671427,137.5580596923828,78762700
2021-10-14,138.72954178771872,140.45744186952987,138.1438084019397,140.3402862548828,69907100
2021-10-15,140.35006796929892,141.45317790755652,140.09624319922384,141.3946075439453,67940300
2021-10-18,140.03766984054468,143.347029376178,139.75457479053856,143.06393432617188,85589200
2021-10-19,143.51297237963328,145.62159463310732,143.06392303976392,145.22134399414062,76378900
2021-10-20,145.16281124011374,146.18783745350981,144.5966061422776,145.70948791503906,58418800
2021-10-21,145.27016433537898,146.0804224119474,144.35252229936606,145.92422485351562,61421000
2021-10-22,146.129212114762,146.60754657748723,145.10418628692474,145.1529998779297,58883400
2021-10-25,145.14325947301697,145.8168484447923,144.1084766625064,145.10421752929688,50720600
2021-10-26,145.77777738990952,147.25185252804923,145.4653823192533,145.7680206298828,60893400
2021-10-27,145.80705169170784,146.168245431377,144.95775186240334,145.30918884277344,56094900
2021-10-28,146.256135746264,149.52643805425132,146.1585085567286,148.9407196044922,100077900
2021-10-29,143.7179883048137,146.373287179863,142.92725865743117,146.2366180419922,124953200
2021-11-01,145.44588063726485,146.1389830509936,144.28418557941234,145.41659545898438,74588300
2021-11-02,145.12369070330908,147.96447141770574,145.11391904923408,146.4513397216797,69122000
2021-11-03,146.81257403590004,148.35499132920407,146.25614074482093,147.88641357421875,54511500
2021-11-04,147.9742807485948,148.80405236999567,147.05663868837075,147.36903381347656,60394600
2021-11-05,148.49328605752575,148.79635114627666,146.7042085245969,147.8969268798828,65463900
2021-11-08,148.02403856122066,148.18046407919945,146.80199217243356,147.0757293701172,55020900
2021-11-09,146.84107977637362,148.0435691533501,146.70421118808,147.43743896484375,56787900
2021-11-10,146.6651351263565,146.77267581374304,144.54366421842147,144.61209106445312,65187100
2021-11-11,145.62883774477925,146.0883134852804,144.37744845730748,144.56320190429688,41000000
2021-11-12,145.11064651980587,147.03659252052734,144.18189439318962,146.63577270507812,63804000
2021-11-15,147.00727451410145,148.48351596746593,146.08829332480207,146.6455535888672,59222800
2021-11-16,146.58693684556133,148.1022776202638,146.00034850775356,147.62322998046875,59256200
2021-11-17,147.62321886773208,151.53376771191043,147.61344786594324,150.0575408935547,88807000
2021-11-18,150.2726099643279,155.12168178008048,149.627365877677,154.33956909179688,137827700
2021-11-19,154.1245139086052,157.41916174351337,153.02956490955935,156.9596710205078,117305600
2021-11-22,158.06434223873075,161.9944471367291,157.39955624235793,157.4191131591797,117467900
2021-11-23,157.51689191338718,158.18169292863084,155.502961782972,157.8004150390625,96041900
2021-11-24,157.1551823252834,158.5140974575523,156.07000441983408,158.31857299804688,69463600
2021-11-26,156.00155632601601,156.8618668141861,152.8633347292546,153.3032684326172,76959800
2021-11-29,155.8060160344783,157.58532267329434,155.2389847402696,156.6565704345703,88748200
2021-11-30,156.41214364910118,161.81847488073362,156.3437019010155,161.6033935546875,174048100
2021-12-01,163.73466976035556,166.49161375206606,160.8506430799377,161.0852813720703,152052500
2021-12-02,155.19009727061072,160.52798674829987,154.27111613625055,160.0978240966797,136739200
2021-12-03,160.3520514474846,161.271032766341,156.14820866843903,158.22079467773438,118023100
2021-12-06,160.61602098349957,164.12575013017414,160.60624998109355,161.6230010986328,107497000
2021-12-07,165.2988844701773,167.7429772469704,164.57542763792551,167.35191345214844,120405400
2021-12-08,168.280661937793,172.02501344578044,166.8826332677211,171.16468811035156,116998900
2021-12-09,170.9985205283445,172.7973693361273,170.03065436230736,170.65634155273438,108923700
2021-12-10,171.29179439045112,175.61294836881706,170.78341894665584,175.4369659423828,115402700
2021-12-13,177.06959785970832,178.0570207166816,171.60461094345368,171.80992126464844,153237000
2021-12-14,171.33086641701877,173.76518766396276,168.3588568100855,170.4314422607422,139380400
2021-12-15,171.19398257805545,175.4858075818224,168.45659652363045,175.290283203125,131063300
2021-12-16,175.27077720416733,177.08918279763162,166.93153397693786,168.4077606201172,150185800
2021-12-17,166.12985777423478,169.59070130648584,165.89523442801953,167.31280517578125,195432700
2021-12-20,164.51676029378936,166.76532847471316,163.71510567618958,165.95388793945312,107499100
2021-12-21,167.72343104614094,169.3267554134747,165.33799395674112,169.1214599609375,91185900
2021-12-22,169.17031112645324,171.9272548095711,168.300214735498,171.71217346191406,92135300
2021-12-23,171.91751377429944,172.8951510094844,171.35048238778492,172.337890625,68356600
2021-12-27,173.12973764737882,176.38527073958,173.11019564746687,176.2972869873047,74919600
2021-12-28,176.1310871789595,177.27492068975482,174.5375340801528,175.28053283691406,79144300
2021-12-29,175.31966069433915,176.59059189162147,174.15627017338588,175.36854553222656,62348900
2021-12-30,175.45652327947462,176.53193000592643,174.10737937130014,174.2149200439453,59773000
2021-12-31,174.1073900997929,175.2218958133562,173.29594950484335,173.59902954101562,64062300
2022-01-03,173.8532266687499,178.79029755777358,173.73591497728762,177.9397430419922,104487900
2022-01-04,178.5458811499138,178.8489462858369,175.1143651356069,175.681396484375,99310400
2022-01-05,175.5934060632604,176.14088047095728,170.7345483186125,171.00828552246094,94537600
2022-01-06,168.83795333412328,171.37981619996555,167.80166021603034,168.1536102294922,96904000
2022-01-07,169.02369367342152,170.24574016447164,167.20528789803654,168.31979370117188,86709100
2022-01-10,165.2988731483881,168.64239004792708,164.40921985835627,168.33932495117188,106765600
2022-01-11,168.46641535499305,171.26244286002324,166.99995985190662,171.16468811035156,76138300
2022-01-12,172.18144710369126,173.21774007794218,170.91053076473975,171.60464477539062,74805200
2022-01-13,171.8490383580425,172.6702498945838,167.94826118313497,168.33932495117188,84505800
2022-01-14,167.50832321300913,169.89375992557677,167.26391395832079,169.19964599609375,80440800
2022-01-18,167.67452813175186,168.6814931182034,165.6214992398613,166.00277709960938,90956700
2022-01-19,166.19833085017333,167.25418085979933,162.22912604138475,162.51263427734375,94815000
2022-01-20,163.24581922868165,165.8854360990158,160.50843269303434,160.8310546875,91420500
2022-01-21,160.74310631081485,162.61039693927614,158.6705202245997,158.77806091308594,122848900
2022-01-24,156.44151145113545,158.67052310978175,151.24047430258736,158.00572204589844,162294600
2022-01-25,155.4247355135648,159.1202024043847,153.5085752311325,156.20684814453125,115798400
2022-01-26,159.84366081362626,160.7137572085088,154.29068942101793,156.11886596679688,108275300
2022-01-27,158.8171416631375,160.1760566161972,154.74039680395836,155.6593780517578,121954600
2022-01-28,162.0042414218655,166.5404767176366,159.1593140383979,166.5209197998047,179935700
2022-01-31,166.3547206203823,171.0864802658057,165.71924760028926,170.87139892578125,115541600
2022-02-01,170.1186120178827,170.93005253238587,168.4566320719076,170.7052001953125,86213900
2022-02-02,170.84207875406224,171.94681342176997,169.45383589849953,171.90769958496094,84914300
2022-02-03,170.57813105955574,172.29878204430065,168.27090671710556,169.03346252441406,89418100
2022-02-04,168.05457472378333,170.4234840013588,167.07569202403184,168.7495880126953,82465400
2022-02-07,169.20965988540354,170.2766384169295,167.33999039041194,168.03500366210938,77251200
2022-02-08,168.1035342150904,171.6471000057892,167.80986639624405,171.13807678222656,74829200
2022-02-09,172.3322647747442,172.91958530484067,171.20654095307694,172.55740356445312,71285000
2022-02-10,170.46266869779612,171.77436820740164,167.92736555537172,168.48532104492188,90865900
2022-02-11,168.6908451580762,169.42500712943504,164.49143031742815,165.07876586914062,98670700
2022-02-14,163.83559821712237,165.9989356288058,163.04270559336564,165.313720703125,86185500
2022-02-15,167.35953966665278,169.29772280484622,166.6547430824804,169.14109802246094,62527400
2022-02-16,168.22095896225642,169.67948428764964,166.45896752351715,168.9061737060547,61177400
2022-02-17,167.41831260412283,168.2797341887302,164.91237519788157,165.313720703125,69589300
2022-02-18,166.23383213199764,166.93861378532614,162.68048390268257,163.7670440673828,82772700
2022-02-22,161.49607262837773,163.16996871038384,158.7258326412145,160.8500213623047,91162800
2022-02-23,162.0442012768804,162.64132019491717,156.37647821597528,156.68972778320312,90009200
2022-02-24,149.35790916683425,159.4110376690062,148.79015546543386,159.30335998535156,141147500
2022-02-25,160.38013909716133,161.6331077669388,157.47285626304333,161.3688201904297,91974200
2022-02-28,159.61659142915732,161.92675492011216,158.99989062280463,161.63308715820312,95056600
2022-03-01,161.2220016361372,163.08188800417662,158.54965565066482,159.75367736816406,83474400
2022-03-02,160.9185355637426,163.82581854222389,159.5089420061074,163.04270935058594,79724800
2022-03-03,164.91238359654656,165.34309441078548,162.05404766344782,162.7196807861328,76678400
2022-03-04,161.01643666085187,162.05405003585454,158.67690737340956,159.72430419921875,83737200
2022-03-07,159.91029698865853,161.53524604361925,155.68151606537282,155.93603515625,96418800
2022-03-08,155.4661583222758,159.44041971330986,152.50992837199067,154.11529541015625,131148300
2022-03-09,158.06996768709067,159.95921898709753,156.04368834876885,159.50892639160156,91454900
2022-03-10,156.81700107101284,157.0029911685478,152.6861150001443,155.1724853515625,105342000
2022-03-11,155.57379764949783,155.91641251914996,151.23735509056115,151.46249389648438,96970100
2022-03-14,148.25179027503273,150.86540543880508,146.93030751756515,147.43931579589844,108732100
2022-03-15,147.713390079557,152.28478532825997,147.20438184151632,151.81491088867188,92964300
2022-03-16,153.73355381345266,156.62125521924412,151.1982508293672,156.21990966796875,102300200
2022-03-17,155.26055517399735,157.6000837703935,154.30125449850178,157.2281036376953,75615400
2022-03-18,157.12042735161046,161.00659213717293,156.38626546421042,160.51715087890625,123511700
2022-03-21,160.0571133745572,162.8371517415441,159.5676719986422,161.88763427734375,95811400
2022-03-22,162.01484532225444,165.8422796739602,161.42752475473955,165.2549591064453,81532000
2022-03-23,164.44251031244588,168.99430889731204,164.1096788423283,166.61563110351562,98062700
2022-03-24,167.4476727675763,170.46263328488442,166.61563143205333,170.3941192626953,90131400
2022-03-25,170.20812239603873,171.57855215101324,169.1019802060181,171.03038024902344,80546200
2022-03-28,168.53423961902578,172.01905978493204,168.3678313455488,171.89181518554688,90371900
2022-03-29,172.95876428530602,175.22976408859992,172.61614940998814,175.1808319091797,100589400
2022-03-30,174.77950323773482,175.81711647524634,172.96856432856262,174.01597595214844,92633200
2022-03-31,174.08448573079536,174.27047582290578,170.7171270473916,170.92269897460938,103049300
2022-04-01,170.35494237968112,171.18699858724577,168.30908127405286,170.6290283203125,78751300
2022-04-04,170.8835430731966,174.72076108227714,170.75628355518236,174.67181396484375,76468400
2022-04-05,173.7516656886956,174.53477477488693,170.73670541562527,171.36318969726562,73401800
2022-04-06,168.72023795719042,169.96342328033663,166.53733352192953,168.20143127441406,89058800
2022-04-07,167.5455515170426,169.69909027693134,166.26321768469555,168.50485229492188,77594700
2022-04-08,168.15243700693318,168.15243700693318,165.6269183292227,166.4981231689453,76575500
2022-04-11,165.1472853633742,165.46052001953282,162.0050657338506,162.24978637695312,72246700
2022-04-12,164.47185939466212,166.28278325109693,163.1209966207163,164.1194610595703,79265200
2022-04-13,163.85517369033073,167.42808955183875,163.24827119923606,166.80160522460938,70618900
2022-04-14,167.01694559853848,167.65322825491936,161.55477886000992,161.79949951171875,75329400
2022-04-18,160.45845861462905,163.08187215208477,160.1158586140106,161.5841827392578,69023900
2022-04-19,161.53522902332887,164.27610359926777,160.44866861751814,163.86495971679688,67723800
2022-04-20,165.19620588083708,165.31368193809578,162.59238977382873,163.69851684570312,67929800
2022-04-21,165.34307817395856,167.90774603308134,162.4064301142371,162.90565490722656,87227800
2022-04-22,162.9447923826861,164.32500539707067,158.08952846576778,158.37339782714844,84882400
2022-04-25,157.71755627231695,159.72426854560663,155.113739965227,159.44039916992188,96046400
2022-04-26,158.82372320771267,158.91181906878418,153.4105028966986,153.4888153076172,95623200
2022-04-27,152.61759051221244,156.41564486229873,152.0987839265491,153.26365661621094,88063200
2022-04-28,155.88706244158715,161.04577820352466,155.57381282317428,160.18435668945312,130216800
2022-04-29,158.42238298865084,162.6903124384376,153.9293146853147,154.32086181640625,131747600
2022-05-02,153.40072515321864,154.8886162063275,150.03336604127583,154.62432861328125,123055300
2022-05-03,154.81028218380573,157.31623426694395,153.0189401124905,156.11219787597656,88966500
2022-05-04,156.29820309411934,162.96439206944154,155.89685759161674,162.5141143798828,108256500
2022-05-05,160.38993331507154,160.61507214954577,151.67786848905013,153.45944213867188,130525300
2022-05-06,152.93987884779835,156.302387766656,151.14588956385867,154.1848907470703,116124600
2022-05-09,151.88114377776745,152.76344175992415,148.50885169375428,149.067626953125,131577900
2022-05-10,152.45950928453797,153.65550196924158,149.92046680625165,151.46937561035156,115366700
2022-05-11,150.4792663261752,152.3908891933398,142.94059580220576,143.6170196533203,142689800
2022-05-12,139.96043637411066,143.32293029647687,136.0685607235715,139.7545623779297,182602000
2022-05-13,141.74459868206603,145.18553469561974,140.2937279042498,144.2150115966797,113990900
2022-05-16,142.68574662285644,144.61698048840304,141.34269647322668,142.67593383789062,86643800
2022-05-17,145.9306042866854,146.82270010671917,143.79349644080855,146.30313110351562,78336300
2022-05-18,143.9601314929513,144.46008977155722,137.14688920750964,138.04879760742188,109742900
2022-05-19,137.1273056487035,138.87227582415818,133.91185397987616,134.6470947265625,136095600
2022-05-20,136.3527898729997,137.93110665133486,130.00031651705376,134.88230895996094,137426100
2022-05-23,135.07840236616943,140.4407585737006,134.941158046499,140.29371643066406,117726300
2022-05-24,138.03898075989613,139.17615657107172,134.62746828487894,137.59783935546875,104132700
2022-05-25,135.7058176181396,138.99969650386015,135.61759232548434,137.75469970703125,92482700
2022-05-26,134.68629593603174,141.49952360823445,134.44121569632296,140.95054626464844,90601500
2022-05-27,142.52888671431893,146.73445772780877,142.40144018228455,146.69525146484375,90978500
2022-05-31,146.13644955191023,147.69515625482543,143.95032308788612,145.9109649658203,103718400
2022-06-01,146.95012359470607,148.75392574652264,144.77380960507372,145.78355407714844,74286600
2022-06-02,144.920824891666,148.29313081917098,143.96991252402043,148.23431396484375,72348100
2022-06-03,144.0091352358549,145.05808578629097,141.6171647882395,142.51905822753906,88570300
2022-06-06,144.13655344098794,145.64625571792195,142.04846553260185,143.26406860351562,71598400
2022-06-07,141.50935357913772,146.06784060799566,141.26427330966123,145.78355407714844,67808200
2022-06-08,145.65608826850138,146.92069570984725,144.5581335933167,145.0482940673828,53950200
2022-06-09,144.18560463111925,145.0384790561678,139.72514139394366,139.83297729492188,69473000
2022-06-10,137.51940103001422,137.98995082700978,134.36276684809005,134.431396484375,91437900
2022-06-13,130.25520640425938,132.53935542645704,128.853354985689,129.28469848632812,122207100
2022-06-14,130.51011351307002,131.25515193955982,128.8925752102517,130.1473846435547,84784300
2022-06-15,131.64728162043858,134.63726323315953,129.5592083618082,132.7648468017578,91533000
2022-06-16,129.48077871917013,129.78467578709342,126.50059498012912,127.50052642822266,108123900
2022-06-17,127.51036998343507,130.46113104749855,127.25547692933145,128.97103881835938,134520300
2022-06-21,130.7943843000857,134.36275100339577,130.696361206463,133.1961669921875,81000500
2022-06-22,132.13745484401576,135.04900927487205,131.2747825760473,132.6864471435547,73409200
2022-06-23,134.1275183400123,135.86267563561398,132.96093402675356,135.54898071289062,72433800
2022-06-24,137.1468791706762,139.117333627322,137.01944763359853,138.87225341796875,89116800
2022-06-27,139.89178050713437,140.66624234545563,138.19582964679236,138.87225341796875,70207900
2022-06-28,139.33299738336785,140.59760460905184,134.61765682035212,134.73529052734375,67083400
2022-06-29,134.75490940956817,137.90173093297278,133.98044756827542,136.4900665283203,66242400
2022-06-30,134.5490488814723,135.64700354645933,131.13753620204082,134.02947998046875,98964500
2022-07-01,133.36287185008192,136.30383506160413,132.99036001507756,136.1959991455078,71051600
2022-07-05,135.05879144662464,138.82321946775843,134.23531066321448,138.77420043945312,73353800
2022-07-06,138.56835645511603,141.28383440664965,138.30366564043456,140.10745239257812,74064300
2022-07-07,140.47020604245932,143.66606245207848,140.46040821637013,143.47000122070312,66253700
2022-07-08,142.40140757015126,144.64635079248632,142.1465295229667,144.14637756347656,64547800
2022-07-11,142.8033331399919,143.7542455393016,140.95052737444695,142.01907348632812,63141600
2022-07-12,142.89160118673854,145.52866739512638,142.19558156771848,142.98963928222656,77588800
2022-07-13,140.17610485424197,143.56800712971256,139.3232154144063,142.6269073486328,71185600
2022-07-14,141.24459562470227,146.01875222020254,140.4309277214179,145.54820251464844,78140700
2022-07-15,146.83245817528143,147.8912065060331,145.2835494113212,147.21478271484375,76259900
2022-07-18,147.77360356027648,148.58727184385728,143.813098058474,144.1758270263672,81420900
2022-07-19,145.0090674390563,148.25392726287154,144.01894870347078,148.02845764160156,82982400
2022-07-20,148.1460756395822,150.6949157224323,147.41083503397257,150.02828979492188,64823400
2022-07-21,151.45958316742,152.50853373902038,148.94996398855773,152.29286193847656,65086600
2022-07-22,152.3320525114364,153.2045374479934,150.3910214648786,151.05763244628906,66675400
2022-07-25,150.97921649648936,151.9889458272938,149.28326552705713,149.94007873535156,53623900
2022-07-26,149.2636538636445,150.07732200029463,147.83239373585778,148.6166534423828,55138700
2022-07-27,149.57735592146827,154.23387992265205,149.16562296270044,153.70449829101562,78620700
2022-07-28,153.8907958162713,154.53781130593885,151.37137847040182,154.25352478027344,81378700
2022-07-29,158.06695385906744,160.40992030893383,156.36119003723385,159.31195068359375,101786900
2022-08-01,157.84145882480365,160.3706884793457,157.72382510643268,158.3316192626953,67829400
2022-08-02,156.94938527079637,159.21392420256825,156.48863324172908,156.86114501953125,59907000
2022-08-03,157.67481177613547,163.311657015849,157.58658648416494,162.8607177734375,82507500
2022-08-04,162.7430888021846,163.89987539598906,161.19417977979222,162.54702758789062,55474100
2022-08-05,160.22044287042655,162.81208464474912,160.0142829089203,162.3212432861328,56697000
2022-08-08,163.32253000929188,164.73615535552312,161.1922805564501,161.85000610351562,60276900
2022-08-09,161.0156156250441,162.78264764526216,160.25971568153318,161.8991241455078,63135500
2022-08-10,164.60851631297595,166.23811287684435,163.8428051524665,166.13995361328125,70170500
2022-08-11,166.94495103045548,167.85792369494868,165.10920924668594,165.40371704101562,57149200
2022-08-12,166.70935086886797,169.01629605421468,166.29703098384923,168.9475860595703,68039400
2022-08-15,168.37818541775778,170.21392688656005,168.21130119143814,170.01759338378906,54091700
2022-08-16,169.61512926108554,170.52810192661653,168.51564947224608,169.8605499267578,56377100
2022-08-17,169.60531301748716,172.92339013736907,169.4089794863745,171.3527069091797,79542000
2022-08-18,170.56737014082248,171.69629926083016,169.9489052427666,170.9600372314453,62290100
2022-08-19,169.8605242913159,170.5575254675204,168.1720291679761,168.37818908691406,70346300
2022-08-22,166.58172694573366,166.74861119438174,164.07843325743647,164.5005645751953,69026800
2022-08-23,164.01951691966545,165.61966421752064,163.59738564765863,164.16676330566406,54147100
2022-08-24,164.25509777095772,165.03062023552891,163.20469046781537,164.46124267578125,53841500
2022-08-25,165.688378388784,167.02346724627097,165.2662620854037,166.9154815673828,51218200
2022-08-26,167.44563181749547,167.91683533755338,160.5640262370915,160.6229248046875,78961000
2022-08-29,158.19813716461735,159.91608162954805,156.89251255304256,158.42393493652344,73314000
2022-08-30,159.16016386655522,159.5822800861176,154.8309411170662,155.9991455078125,77906200
2022-08-31,157.3735291899389,157.63858767600124,154.2615972644816,154.3401336669922,87991100
2022-09-01,153.77076113952282,155.5181549609377,151.83684522830168,155.06658935546875,74229900
2022-09-02,156.82379496598037,157.42262194968552,152.13135334781393,152.95596313476562,76957800
2022-09-06,153.60388383195894,154.21252227519972,150.87480729194033,151.6994171142578,73714800
2022-09-07,151.98409298992328,153.80019664109167,150.7962505650505,153.10321044921875,87449600
2022-09-08,151.80738719524012,153.49588236025656,149.88328282837716,151.6306915283203,84923800
2022-09-09,152.62220516793604,154.92916542303703,151.91539245059826,154.48739624023438,68028800
2022-09-12,156.66672837890903,161.25118449428555,156.38204700518378,160.43638610839844,104956000
2022-09-13,156.97104316313002,157.59931943362142,150.56065692569356,151.0220489501953,122656600
2022-09-14,151.95463927472932,154.22233860679495,150.79626102566698,152.46511840820312,87965400
2022-09-15,151.81718374523024,152.39638777057854,148.60709294324934,149.57894897460938,90481100
2022-09-16,148.44025825358446,148.577693242223,145.65226780231728,147.93959045410156,162278800
2022-09-19,146.57504690151106,151.7288812650201,146.368901915373,151.6503448486328,81474200
2022-09-20,150.5900968013731,155.1843789131033,150.2759661753886,154.02598571777344,107689800
2022-09-21,154.45795295017905,155.8323177224437,150.78646922639234,150.90426635742188,101696800
2022-09-22,149.58882383167358,151.6405372059972,148.1457489754599,149.94223022460938,86652500
2022-09-23,148.42058784002563,148.6954577569954,145.83875792782328,147.67449951171875,96029900
2022-09-26,146.91863241520423,150.95334879982894,146.89899456754617,148.00830078125,93339400
2022-09-27,149.9422080635759,151.88593544780034,147.20330517830297,148.9801483154297,84442700
2022-09-28,144.93562286555536,147.8806707549768,142.1869085062377,147.09532165527344,146691400
2022-09-29,143.4238023459897,144.0324406309188,138.1030706410149,139.87010192871094,128138200
2022-09-30,138.69214875072967,140.4788186878684,135.4722302730186,135.66856384277344,124925300
2022-10-03,135.67834355315813,140.44932105441077,135.16786446408517,139.84066772460938,114311700
2022-10-04,142.3734205948832,143.54162523892447,141.61752082886468,143.423828125,87830100
2022-10-05,141.43104557154376,144.68041318278895,140.39044924017614,143.71835327148438,79471000
2022-10-06,143.13912691743977,144.8374334955695,142.5599378213271,142.76608276367188,68402200
2022-10-07,139.9290453992253,140.47880029356153,136.8956494527264,137.52392578125,85925600
2022-10-10,137.84783935546875,139.2909136665795,136.03173592220895,137.84783935546875,74899000
2022-10-11,137.33735003488817,138.76080137670354,135.68813093384563,136.4342041015625,77033700
2022-10-12,136.58152223774053,137.78898779453903,135.62928879673916,135.8059844970703,70433700
2022-10-13,132.5173428390662,140.9598044199806,131.90868942611982,140.3708038330078,113224000
2022-10-14,141.66664791660483,141.87280790341703,135.6587537430503,135.84527587890625,88598000
2022-10-17,138.48597103526853,140.282437004532,137.7006219624551,139.80142211914062,85250900
2022-10-18,142.82500010106065,144.0128276023933,138.03438444661543,141.1168670654297,99136600
2022-10-19,139.09461918905455,142.29489928414645,138.90809708603376,141.22486877441406,61758300
2022-10-20,140.40024050696854,143.21766459219867,140.0370077826972,140.76345825195312,64522000
2022-10-21,140.25299045906925,145.1417806685085,140.03701908535325,144.57240295410156,86548600
2022-10-24,144.4938810962025,147.47818995640918,143.32567626964715,146.7124786376953,75981900
2022-10-25,147.34077415249868,149.6968219607416,146.6241498720804,149.549560546875,74732300
2022-10-26,148.19481318791426,149.20594507644813,145.32828678897533,146.6143035888672,88194300
2022-10-27,145.35775035197634,146.31979510961392,141.48991849585923,142.14764404296875,109180200
2022-10-28,145.48537216958695,154.6150242142885,145.11234293200243,152.88726806640625,164762400
2022-10-31,150.35452378899333,151.41474288743174,149.13723186575905,150.53121948242188,97943200
2022-11-01,152.23934967138234,152.60256746450293,146.39834080336652,147.89048767089844,80379300
2022-11-02,146.22160672381153,149.38262560122348,142.34396380900958,142.3734130859375,93604600
2022-11-03,139.45781809061094,140.18426855678922,136.20845130657773,136.33607482910156,97918500
2022-11-04,139.71869406725023,140.2890164015465,132.13737261509453,136.07061767578125,140814800
2022-11-07,134.82177198830993,136.827719829141,133.40580174577732,136.6015625,83374600
2022-11-08,138.06672226567503,139.069688836373,135.19545550623369,137.17190551757812,89908500
2022-11-09,136.18857977969958,136.23774833279379,132.3438299914245,132.61915588378906,74917800
2022-11-10,138.88285345399055,144.41888427734375,137.17188688278108,144.41888427734375,118854000
2022-11-11,143.38642351170455,147.50648417895965,141.96061049585242,147.20166015625,93979700
2022-11-14,146.48386123047396,147.77199641885335,144.96955367768106,145.8053741455078,73374100
2022-11-15,149.67962155098414,151.02675299903876,146.0806992107757,147.53599548339844,89868300
2022-11-16,146.64120672406102,147.36884742264508,144.831902680013,146.30686950683594,64218300
2022-11-17,143.98622301357588,148.9519465811487,143.71089713297823,148.2046356201172,80389400
2022-11-18,149.7680875657841,150.15157823399846,147.4671435564981,148.76510620117188,74829600
2022-11-21,147.65399909356225,147.8604860232478,145.2547175972566,145.5398712158203,58724100
2022-11-22,145.65786938764137,147.9096450709946,144.47788413446048,147.67364501953125,51804100
2022-11-23,146.95583870512687,149.29612388958984,146.84767388557262,148.54881286621094,58301400
2022-11-25,145.8348427804778,146.3953372169929,144.66470036386627,145.63818359375,35195900
2022-11-28,142.71777000634125,144.19273663104678,140.98714790150922,141.81312561035156,69246000
2022-11-29,141.8819517027843,142.39327767480953,138.007718580844,138.81402587890625,83763800
2022-11-30,139.04018245155586,146.23802684928043,138.2043770255708,145.55953979492188,111380900
2022-12-01,145.7365320270306,146.64117635966434,144.1632284025417,145.83485412597656,71250400
2022-12-02,143.52408428382984,145.53003217962117,143.21924526160134,145.34320068359375,65447400
2022-12-05,145.30389650239576,148.40132070138284,143.33727415278167,144.18292236328125,68826400
2022-12-06,144.61555599946504,144.84171332835018,139.55149534602168,140.5249786376953,64727200
2022-12-07,139.817029693259,140.97732977170875,137.663575645007,138.587890625,69721100
2022-12-08,139.9841640195035,141.12480845757423,138.7451974772698,140.26931762695312,62128300
2022-12-09,139.9645101732408,143.14061609699272,138.5485396692002,139.7875213623047,76097000
2022-12-12,140.31849324023466,142.08845624970894,138.70586361029962,142.07862854003906,70462700
2022-12-13,147.00502505789572,147.46718252429508,141.8328135242381,143.0422821044922,93886200
2022-12-14,142.92424628798724,144.21238117508022,138.80417118832523,140.81996154785156,82291200
2022-12-15,138.75501875197617,139.43350575702271,133.7597969655739,134.22195434570312,98931900
2022-12-16,134.4087776749108,135.35274779526193,131.49817062820333,132.26515197753906,160156900
2022-12-19,132.8551509782634,132.94364536804903,129.12840885731634,130.16087341308594,79592600
2022-12-20,129.19723960857664,131.0261987808424,127.72227301817315,130.09205627441406,77432800
2022-12-21,130.7607190395491,134.52680273214906,130.53456166494178,133.1894989013672,85928000
2022-12-22,132.10785363301125,132.31434056379908,128.12544063659777,130.02322387695312,77852100
2022-12-23,128.73507853958517,130.21004508793624,127.47644161865645,129.65939331054688,63814900
2022-12-27,129.18740012847,129.21689825725943,126.57178934548489,127.85992431640625,69007800
2022-12-28,127.50594763388183,128.84325132058044,123.76936998157427,123.93653106689453,85438400
2022-12-29,125.8539710621533,128.30241331797103,125.59831560715067,127.44693756103516,75703700
2022-12-30,126.26697469654857,127.78126710171549,125.30332657301084,127.7615966796875,77034200
2023-01-03,128.1057773178633,128.7154254385632,122.0977455022682,122.98272705078125,112117500
2023-01-04,124.77235152537197,126.51281646624362,122.99256074022561,124.2511978149414,89113600
2023-01-05,125.00832719533365,125.63764564758301,122.67788488068354,122.93354034423828,80962700
2023-01-06,123.90704074173942,128.11560378272642,122.80572954739813,127.456787109375,87754700
2023-01-09,128.29260255023266,131.18353963295718,127.72228030225448,127.97793579101562,70790800
2023-01-10,128.08610610497774,129.06941726347972,125.98182082594903,128.5482635498047,63896200
2023-01-11,129.05959971999454,131.2818777117784,128.2827904454057,131.26222229003906,69458900
2023-01-12,131.64572074057682,132.0193688291939,129.24643878440378,131.18356323242188,71379600
2023-01-13,129.8265664212103,132.6683349676498,129.46274610687883,132.51100158691406,57809700
2023-01-17,132.57984966159466,134.99878678874634,131.89153482883353,133.67132568359375,63646600
2023-01-18,134.53663801277594,136.2967583598761,132.77650266153844,132.95350646972656,69672800
2023-01-19,131.84232408727254,133.97610688822573,131.53750011629828,133.01246643066406,58280400
2023-01-20,133.02233471040634,135.71661273457056,131.98002726434026,135.56910705566406,80223600
2023-01-23,135.81492969380113,140.92815961902411,135.59860004292767,138.75503540039062,81760300
2023-01-24,137.96839974299797,140.77084282048162,137.95857203194126,140.15135192871094,66435100
2023-01-25,138.53869500355867,140.0529874380773,136.49340619294276,139.4925079345703,65799300
2023-01-26,140.78067082207204,141.842648779811,139.53186132489677,141.5574951171875,54105100
2023-01-27,140.7708371263728,144.77290596887224,140.69217042868402,143.49459838867188,70555800
2023-01-30,142.54077586673455,143.12092578303154,140.46598895897412,140.6134796142578,64015300
2023-01-31,140.31848180314623,141.93111130163894,139.9054929686203,141.88194274902344,65874500
2023-02-01,141.56728874190614,144.16322923439725,138.96152054070433,143.00291442871094,77663600
2023-02-02,146.41503824093917,148.6569866770964,145.69722523392414,148.30300903320312,118339000
2023-02-03,145.55951636317744,154.7534795979514,145.36285717719954,151.92153930664062,154357300
2023-02-06,150.02377712562708,150.54493079230497,148.26364190831887,149.19778442382812,69858300
2023-02-07,148.12598902287087,152.63938353904294,148.12598902287087,152.06906127929688,83322600
2023-02-08,151.31190929849808,152.0002240332312,148.64712974900903,149.38461303710938,64120100
2023-02-09,151.213581264491,151.75440537570756,147.9096553354024,148.35214233398438,56007100
2023-02-10,147.19012025204333,149.04155800396558,146.95375978226497,148.71656799316406,57450700
2023-02-13,148.65744714640496,151.91717418893083,148.62790397291747,151.51341247558594,62199000
2023-02-14,149.8096612758476,151.43461079325414,148.56880303013764,150.87326049804688,61707600
2023-02-15,150.78463194852628,153.13833305811258,150.5581292969133,152.97091674804688,65573800
2023-02-16,151.17855953849067,153.95573796607766,151.02100096105386,151.3755340576172,68167900
2023-02-17,150.03621003527854,150.67633223329352,148.55899109181487,150.23316955566406,59144100
2023-02-21,147.9188545173904,149.00215442484804,146.15604651567105,146.2249755859375,58867200
2023-02-22,146.60902132895072,147.67262055430007,144.9250004924314,146.64842224121094,51011300
2023-02-23,147.8105044744373,148.05670759936388,145.00379786650186,147.1309814453125,48394200
2023-02-24,144.87574571223192,144.95453250364176,143.50685714395402,144.48182678222656,55469600
2023-02-27,145.46665970602933,146.90447752822308,145.21059884097443,145.6734619140625,44998500
2023-02-28,144.81670098117985,146.81586942805245,144.60004099931746,145.17123413085938,50547000
2023-03-01,144.60000744430354,144.9939263960711,142.80764165155819,143.10308837890625,55479000
2023-03-02,142.1872382713636,144.48185327566276,141.7145174362223,143.69400024414062,52238100
2023-03-03,145.79162671403117,148.81500811176437,145.09241829817535,148.73622131347656,70732300
2023-03-06,151.4542819528968,153.9261705239575,151.12930710707832,151.49368286132812,87558000
2023-03-07,151.36568955134143,151.69067950386318,148.83472905134718,149.29759216308594,56182000
2023-03-08,150.48917721139935,151.1391569879468,149.5240652876753,150.5482635498047,47204800
2023-03-09,151.22781194000862,152.19292402611515,147.94838436334126,148.30291748046875,53833600
2023-03-10,147.92869544727571,148.64760438030467,145.3681768808884,146.24465942382812,68572400
2023-03-13,145.56513330123872,150.81418573238946,145.45680332509693,148.1847381591797,84457100
2023-03-14,148.98240499263105,151.07020228030825,147.82033368029548,150.2725067138672,73695900
2023-03-15,148.89377768233683,150.92248866561948,147.64306182318006,150.66644287109375,77167900
2023-03-16,149.84907174243986,154.08376844517147,149.33696504123728,153.4830322265625,76161100
2023-03-17,153.70954970993674,154.35952962100535,151.9368840556802,152.6459503173828,98944600
2023-03-20,152.71486085947325,155.4230948668754,151.80882025865256,155.00946044921875,73641400
2023-03-21,154.93070734117964,156.9791040860205,154.16253977805687,156.86093139648438,73938300
2023-03-22,156.88061300312046,159.6774765177441,155.41323716716616,155.4329376220703,75701800
2023-03-23,156.41774787367245,159.09643867673987,155.28520465118157,156.51622009277344,67622100
2023-03-24,156.44731907052963,157.9048374069247,155.4526638252611,157.8162078857422,59196500
2023-03-27,157.5108907515981,158.3282868109909,155.4723219600322,155.8760986328125,52390300
2023-03-28,155.57082346557496,156.0829301456233,153.6110412861723,155.25567626953125,45992200
2023-03-29,156.94954647836764,158.60403911493316,156.92986104995282,158.3282928466797,51305700
2023-03-30,159.07673846378026,160.0024644815908,158.82069266127598,159.89413452148438,49501700
2023-03-31,159.97295363930863,162.49407137264149,159.4510041879724,162.3955841064453,68749800
2023-04-03,161.7751332479675,163.76444342844442,161.725889623748,163.64627075195312,56976200
2023-04-04,164.06975594835677,164.30610131295074,162.60238002597387,163.11448669433594,46278300
2023-04-05,162.2380152446489,162.54330471265868,159.34266411557562,161.27288818359375,51511700
2023-04-06,159.963052724609,162.4546416380935,159.5395906537556,162.15919494628906,45390100
2023-04-10,158.96843186504725,159.5691680908203,157.6487867222166,159.5691680908203,47716900
2023-04-11,159.88429605818737,159.8941387722609,158.0722298566841,158.3578338623047,47644200
2023-04-12,158.77145737665472,159.59869619161648,157.35332510698044,157.66847229003906,50133100
2023-04-13,159.17525665056672,163.28192316496492,158.9684394039646,163.04556274414062,68445600
2023-04-14,162.09027277975596,163.794009087704,161.33197803499354,162.70086669921875,49386500
2023-04-17,162.5826774005875,162.8781241294329,161.53877864877254,162.72055053710938,41516200
2023-04-18,163.57736611842117,164.86746811951792,163.13418846133288,163.94174194335938,49923000
2023-04-19,163.2819281451353,165.60608642613127,163.02586725800396,165.08413696289062,47720200
2023-04-20,163.56748026442403,165.3204450523275,163.04553091898333,164.1189727783203,52456400
2023-04-21,162.5432913390932,163.9220227028112,161.991798793606,162.5137481689453,58337300
2023-04-24,162.49405610505224,163.0849495926161,161.40091367199096,162.8190460205078,41949600
2023-04-25,162.68117729099055,163.78416246885476,161.24334444666383,161.28274536132812,48714100
2023-04-26,160.58352244501583,162.7698073781101,160.32747660698578,161.27288818359375,45498800
2023-04-27,162.68115222078845,165.99996498511996,162.68115222078845,165.8522491455078,64902300
2023-04-28,165.93103698503495,167.2703823718156,165.33030085507355,167.1029510498047,55275900
2023-05-01,166.70903856930101,167.86126725124362,166.07875924686118,167.0143280029297,52472900
2023-05-02,167.50677876345898,167.76283966783083,164.99550351956748,165.98031616210938,48425700
2023-05-03,166.925713661642,168.32414556576836,164.6212560883793,164.90684509277344,65136000
2023-05-04,162.3857237588548,164.50306450874902,161.81453073644045,163.2720489501953,81235400
2023-05-05,168.38322333782398,171.65280778469676,168.1665634032941,170.93389892578125,113453200
2023-05-08,169.86043164324718,171.20963479482143,169.49605587870553,170.8649444580078,55962800
2023-05-09,170.42179836441701,170.9043468501181,168.993823309898,169.16123962402344,45326900
2023-05-10,170.39223444016065,171.38688948895523,169.28923440637098,170.9240264892578,53724500
2023-05-11,171.2096322648924,171.9383837832071,169.55513971049686,171.11114501953125,49514700
2023-05-12,171.21964497087455,171.65356424240227,168.63587209674515,170.18417358398438,45533100
2023-05-15,170.76601261404946,170.815324358024,169.09937498339835,169.6910858154297,37266700
2023-05-16,169.61219003463674,170.74628490689332,169.42481443623242,169.6910858154297,42110300
2023-05-17,169.3360585337975,170.53917778241149,168.06388478776768,170.30250549316406,57951600
2023-05-18,170.60822168470452,172.8172584115987,170.1940301198803,172.6298828125,65496700
2023-05-19,173.95136353170963,173.95136353170963,172.52141315393132,172.73837280273438,55809500
2023-05-22,171.57463586444004,172.2945540862593,171.05196458153654,171.79159545898438,43570900
2023-05-23,170.73639628329747,170.98293990870613,168.91196743614205,169.18809509277344,50747300
2023-05-24,168.72461766792532,170.03623176135926,168.16250594092847,169.46424865722656,45143500
2023-05-25,170.02637505144457,171.49576564962197,169.31632809947834,170.59835815429688,56058300
2023-05-26,170.92377905521317,173.3399036765556,170.7166757800904,173.0045928955078,54835000
2023-05-30,174.51347436884586,176.51540772383512,174.1288668535482,174.84877014160156,55964400
2023-05-31,174.87834951174753,176.87042648421155,174.3162227478627,174.79945373535156,99625300
2023-06-01,175.24321733975688,177.62975798334406,174.4838587106697,177.6001739501953,68901800
2023-06-02,178.52718373632618,179.2668146743205,176.78165050926717,178.4482879638672,61996900
2023-06-05,180.1050954524954,182.39301299737724,175.57854201305094,177.09725952148438,121946500
2023-06-06,177.4818328127375,177.62975297431,174.97694105936182,176.7323455810547,64848400
2023-06-07,175.97302631817985,178.70473461267676,174.86851540394252,175.36160278320312,61944600
2023-06-08,175.44047811466785,178.33983422301452,175.00657387447097,178.07357788085938,50214900
2023-06-09,178.99067275354267,179.7105759291869,178.13270574903748,178.45814514160156,48900000
2023-06-12,178.7638742754878,181.34764691680866,178.468018885392,181.2490234375,54274900
2023-06-13,180.27275208218578,181.60407900123244,179.91772856087343,180.77569580078125,54929100
2023-06-14,180.83483150172444,181.84073380664427,179.50350482104812,181.4068145751953,57462900
2023-06-15,181.416663079911,183.94126732878541,181.23914384950322,183.4383087158203,65433200
2023-06-16,184.14839232814637,184.4048073735327,181.7224110612984,182.36341857910156,101256200
2023-06-20,181.86046794433722,183.52710548415504,181.86046794433722,182.45216369628906,49799100
2023-06-21,182.34367850052172,182.84663717983523,180.0656175699355,181.41668701171875,49515700
2023-06-22,181.19973368511316,184.46396933431626,181.13069423738702,184.41465759277344,51245300
2023-06-23,182.98470820219737,184.96691381940127,182.45216546765664,184.0990753173828,53117000
2023-06-26,184.24698696904443,185.45012108460458,182.66910172140945,182.70855712890625,48088700
2023-06-27,183.32000947784528,185.78544616190248,183.10304984582174,185.4600067138672,50730800
2023-06-28,185.33177206150037,187.27453708797546,185.0063477089331,186.63352966308594,51216800
2023-06-29,186.46586748106895,187.44218560729155,186.32780365948648,186.96881103515625,46347300
2023-06-30,188.9806243235532,191.79121262094537,188.61572952588827,191.28826904296875,85213200
2023-07-03,191.10089105870892,191.19951452662892,189.1088143797874,189.7991485595703,31458200
2023-07-05,188.92148652956726,190.31198136153697,187.98460856583768,188.68479919433594,46920300
2023-07-06,187.2153769807983,189.36524537083605,186.5842258571581,189.15814208984375,45094300
2023-07-07,188.76369580404943,190.0062704618662,187.60987325439862,188.0437774658203,46815000
2023-07-10,186.6434031135775,187.36332142042107,184.4540942539423,186.0023956298828,59922200
2023-07-11,186.5447760995126,186.68283993061024,184.02017173211044,185.47970581054688,46638100
2023-07-12,187.05761040387253,189.04968751691854,185.86434744027207,187.14637756347656,60750200
2023-07-13,187.8662603208446,188.54672319895087,187.15621340871894,187.90570068359375,41342300
2023-07-14,187.6000029338883,188.53686585918993,187.00830716161786,188.05364990234375,41616200
2023-07-17,189.2469126832782,191.6334686208352,189.1581605746784,191.3080291748047,50520200
2023-07-18,190.6768538720752,191.64330071063998,189.75970372238763,191.0515899658203,48288200
2023-07-19,190.4303301514657,195.48939585264796,189.9865395225249,192.40267944335938,80507300
2023-07-20,192.39279363664537,193.75371936128715,189.83860510668907,190.45989990234375,59581200
2023-07-21,191.4164870851642,192.2744541324422,188.58615588066942,189.28634643554688,71951700
2023-07-24,190.73603816687742,192.21530010696893,189.59207198839397,190.0851593017578,45377800
2023-07-25,190.65714646634552,191.75180092732498,190.25281124926505,190.94313049316406,37283200
2023-07-26,190.99241694846552,192.93518195125802,190.64726489612826,191.81094360351562,47471900
2023-07-27,193.3099522093675,194.47363103189025,189.8879250921341,190.5486602783203,47460200
2023-07-28,191.9785925358936,193.91150122150714,191.45592124266818,193.12255859375,48291400
2023-07-31,193.34938604539337,193.77344894031904,192.56044337061044,193.73399353027344,38824100
2023-08-01,193.52693454400202,194.01015053136803,192.58020018161,192.9056396484375,35175100
2023-08-02,192.34350758944402,192.48157144604934,189.19762292480593,189.9175262451172,50389300
2023-08-03,188.92148694956984,189.71041463976601,188.0536484329567,188.52700805664062,61235200
2023-08-04,182.95513345446872,184.7894189873242,179.40489853673822,179.47393798828125,115956800
2023-08-07,179.6119861039443,180.59816071157974,174.89807268327345,176.37733459472656,97576100
2023-08-08,177.20569866966517,177.77768168655697,175.1248698685598,177.31417846679688,67823000
2023-08-09,178.36941190145535,178.42857997538025,174.5627769846933,175.72647094726562,60378500
2023-08-10,176.99860916334498,178.25105509162734,175.14461118800062,175.50949096679688,54686900
2023-08-11,175.10462674008653,176.3883728930982,174.34424265962002,175.56874084472656,52036700
2023-08-14,175.74649049543365,177.44500246999712,175.09473274674426,177.21788024902344,43675600
2023-08-15,176.64514364841483,177.23763842738072,174.8380051896738,175.23300170898438,43622600
2023-08-16,174.9169842350172,176.30935657463468,174.29485048513217,174.36398315429688,46964900
2023-08-17,174.9269113516055,175.29228395682054,171.31263372738547,171.82614135742188,66062900
2023-08-18,170.14737119397137,172.91239237884375,169.8116226038202,172.3100128173828,61172200
2023-08-21,172.88274314562352,173.92949746098708,171.56935789788312,173.6431121826172,46311900
2023-08-22,174.8478727981476,175.46012191641384,174.04799506153495,175.0157470703125,42038900
2023-08-23,176.28962468028294,179.28176749229362,176.1019960768648,178.8571319580078,52722800
2023-08-24,178.4127876208845,178.8374232276998,173.8110039705464,174.1763916015625,54945800
2023-08-25,175.16388093182096,176.91175631972774,173.62337343895007,176.37850952148438,51449600
2023-08-28,177.8400250704037,178.33377827348758,176.31927183489213,177.93878173828125,43820700
2023-08-29,177.45488030453177,182.58991008586239,177.2573820568172,181.8196563720703,53003900
2023-08-30,182.62942352828824,185.50307057198083,182.43192527543482,185.30555725097656,60813900
2023-08-31,185.49317264844964,186.75717945843076,185.1376697913831,185.52279663085938,60794500
2023-09-01,187.1225652663115,187.54718572230075,185.92767607044595,187.0929412841797,45766500
2023-09-05,185.92768366781115,187.6064413525269,185.26605625958229,187.32994079589844,45280000
2023-09-06,186.04615504969036,186.4905448774819,179.2027445739978,180.624755859375,81755800
2023-09-07,172.99134398653018,175.98350189646143,171.37183427986267,175.34161376953125,112488800
2023-09-08,176.121777292026,177.9881638364286,175.56876103562882,175.95388793945312,65551300
2023-09-11,177.82027676778657,178.0473990105972,175.12437356668377,177.119140625,58953100
2023-09-12,177.2475294233725,177.8795329175836,172.63587633671216,174.09738159179688,90370200
2023-09-13,174.30474566083996,175.0848841389881,171.80635572558617,172.0334930419922,84267900
2023-09-14,171.82610607332606,173.89987544974738,171.41135521167203,173.54437255859375,60895800
2023-09-15,174.27512191376346,174.29487626046748,171.64836639188815,172.823486328125,109259500
2023-09-18,174.2751007250675,177.13887792290447,173.9689761950564,175.74649047851562,67257600
2023-09-19,175.30212586469654,177.38576479928514,174.91699900323943,176.832763671875,51826900
2023-09-20,177.0203732393163,177.45487842056565,173.20859833310675,173.2974853515625,58436200
2023-09-21,172.36925276684747,174.0973890433764,171.68787090976878,171.75698852539062,63149100
2023-09-22,172.48773574692532,174.8676297137013,171.87548661966315,172.60623168945312,56725400
2023-09-25,172.02361011818323,174.7590070374673,171.97423178505466,173.880126953125,46172700
2023-09-26,172.63586851438868,173.01111068359924,169.51534481079926,169.8115997314453,64588900
2023-09-27,170.46333088230946,170.87808171574733,166.93794126401278,168.30068969726562,66921800
2023-09-28,167.2243249736919,169.8807195182162,165.5258128129139,168.55746459960938,56294400
2023-09-29,169.870831028669,170.90771561508154,168.21181267677895,169.07095336914062,51861100
2023-10-02,169.08081880430257,172.12233981703872,168.79443355791753,171.57920837402344,52164500
2023-10-03,170.1078434596355,171.46073744550782,168.6858469308082,170.24609375,49594600
2023-10-04,168.9524578917983,172.03348795172127,168.8339619515459,171.4903564453125,53020300
2023-10-05,171.61874445939648,173.25800883188634,170.52261166431626,172.72476196289062,48527900
2023-10-06,171.6285909459562,175.76624458491796,171.016326818613,175.27249145507812,57266700
2023-10-09,174.6009972191987,176.81301689163445,173.60362121945622,176.75376892089844,42390800
2023-10-10,175.8748846750232,177.47464011941017,175.72674968355904,176.1612548828125,43698000
2023-10-11,175.9736034231689,177.60299770884345,175.38110873868183,177.55361938476562,47551100
2023-10-12,177.82026707710477,180.06189553412176,176.80312172309905,178.4522705078125,56743100
2023-10-13,179.1533924067404,179.6570151987734,175.91437292525092,176.61550903320312,51427100
2023-10-16,174.5417330268598,176.84262444155877,174.3047260977915,176.48712158203125,52517000
2023-10-17,174.44298390478113,176.19087429527403,172.61610626933813,174.93673706054688,57549400
2023-10-18,173.3863659573123,175.36137864838344,172.9222367694585,173.6431121826172,54764400
2023-10-19,173.84059314667203,175.61810740546204,173.00122187734726,173.26785278320312,59302900
2023-10-20,173.11972583296543,173.22835212793277,170.4830858385587,170.7200927734375,64244000
2023-10-23,168.77472302133776,171.8359838309846,167.80695589693704,170.83860778808594,55980100
2023-10-24,170.88797493724758,171.50022404547477,169.30795876796012,171.27310180664062,43816600
2023-10-25,169.7325797223047,170.8978298690587,168.51793618108192,168.9623260498047,57157000
2023-10-26,168.24143389027685,169.23882483986895,163.60015755926395,164.80491638183594,70625300
2023-10-27,164.82468576422622,166.8490767618186,164.7456834493569,166.11831665039062,58499100
2023-10-30,166.90830774256386,169.0314401165317,166.7601727667049,168.1624298095703,51131000
2023-10-31,167.23421730907862,168.76484019690602,165.80232095364974,168.636474609375,44846000
2023-11-01,168.86356825336904,172.0532092124064,167.99455793411695,171.7964630126953,56934900
2023-11-02,173.32709544733643,175.55885407348563,173.2678474852133,175.3514862060547,77334800
2023-11-03,172.06308417750907,174.61085195895754,171.18420427007575,174.44296264648438,79829200
2023-11-06,174.17636920813592,177.18825142381783,174.00849494223715,176.99075317382812,63841300
2023-11-07,176.94135477067297,180.1606346460721,176.73398690556192,179.5483856201172,70530000
2023-11-08,180.07177947416378,181.15802736111343,179.32126504404005,180.6050262451172,49340300
2023-11-09,180.67415869856794,181.81965455110011,179.53851741631973,180.1310272216797,53763500
2023-11-10,181.9108804268445,184.48178544542026,181.475802800193,184.3136749267578,66133400
2023-11-13,183.74015491726047,183.94779597294095,182.1481747757102,182.7315673828125,43627500
2023-11-14,185.59912547957174,186.00454008995078,184.21480130754796,185.342041015625,60108400
2023-11-15,185.7474572062222,187.3789832148446,185.67823345303117,185.90565490722656,53790500
2023-11-16,187.44820698590362,188.82264852852316,186.5384909930313,187.58663940429688,54412900
2023-11-17,188.12057839811112,188.24912816814668,186.4593894684262,187.5668487548828,50922700
2023-11-20,187.76462241033667,189.7620174322178,187.75473976876387,189.30715942382812,46505100
2023-11-21,189.26759612132614,189.37636552049437,187.61628985249988,188.50621032714844,38134500
2023-11-22,189.34669431189826,190.7705639920827,188.69407794514686,189.168701171875,39617700
2023-11-24,188.73363999587542,188.76330300712377,187.13177703645835,187.84371948242188,24048300
2023-11-27,187.79426021241986,188.5358656068872,186.7856726513042,187.66571044921875,40552600
2023-11-28,187.65588035429923,188.94133308224764,187.2801286877285,188.26893615722656,38415400
2023-11-29,188.76328577486603,189.9399687403027,186.85489514809922,187.2504119873047,43014200
2023-11-30,187.71517468500207,188.18981305356235,186.08364867108205,187.82394409179688,48794400
2023-12-01,188.1996843513192,189.4159130354433,187.11199034893104,189.09950256347656,45704800
2023-12-04,187.85361573572166,187.9228394923183,185.35193435249073,187.3097686767578,43389500
2023-12-05,188.081033613139,192.2241233156588,188.05135551468544,191.25509643554688,66628400
2023-12-06,192.2735994925461,192.5801273781731,189.95979375458376,190.16744995117188,41089700
2023-12-07,191.46276025185608,192.81742141001197,191.42319951100376,192.09559631347656,47477700
2023-12-08,192.02637677770835,193.79635031367135,191.50231010992096,193.5194854736328,53406400
2023-12-11,190.9485830810774,191.3243346926335,189.27749628821252,191.01779174804688,60943700
2023-12-12,190.9189246189266,192.54056806660662,189.57414602172835,192.5306854248047,52696900
2023-12-13,192.90639105920806,195.78382360297798,192.6690869899489,195.74427795410156,70404200
2023-12-14,195.80361960949875,197.38570218691584,193.96443748585023,195.89260864257812,66831600
2023-12-15,195.3191123528845,196.1793699091571,194.79504567055722,195.35867309570312,128538400
2023-12-18,193.8952224343076,194.4291868327445,192.21425301938103,193.6974639892578,55751900
2023-12-19,193.964464462268,194.74561567460933,193.6974822378966,194.73573303222656,40714100
2023-12-20,194.69613029502625,195.46739869863922,192.64930725097656,192.64930725097656,52242800
2023-12-21,193.90511142023345,194.87413831888384,191.33420648650613,192.50099182128906,46482500
2023-12-22,192.99537700889314,193.22281352230834,190.8101216032956,191.43307495117188,37149600
2023-12-26,191.44299668429173,191.71986154255086,190.67172813799795,190.88926696777344,28919300
2023-12-27,190.33551208827305,191.3342019743918,188.9511728919884,190.9881134033203,48087700
2023-12-28,191.96704448132198,192.48122849088116,191.00790021395272,191.41331481933594,34049900
2023-12-29,191.72975289130503,192.22415660179112,189.58404259835586,190.37509155273438,42672100
