Date,Open,High,Low,Close,Volume
2010-01-04,15.560829144501684,15.624368969757269,15.493568318419097,15.555865287780762,78169752
2010-01-05,15.566538647973083,15.582919942994092,15.426554669728127,15.4873628616333,120067812
2010-01-06,15.533774571776659,15.533774571776659,15.049787227822211,15.096944808959961,158988852
2010-01-07,15.125241271670488,15.140133788634198,14.709508786369819,14.74549674987793,256315428
2010-01-08,14.693374919866347,14.97259849179563,14.621644917526195,14.942070960998535,188783028
2010-01-11,15.002630629433716,15.002630629433716,14.744006886730208,14.91948413848877,288227484
2010-01-12,14.833607425010028,14.846265827431758,14.594095657989532,14.655649185180664,193937868
2010-01-13,14.308417395269844,14.603525659974146,14.24413413017102,14.571508407592773,259604136
2010-01-14,14.492333268362037,14.74797850733287,14.465279871224102,14.64001178741455,169434396
2010-01-15,14.726630715824246,14.732092092549676,14.346886266485978,14.39553451538086,217162620
2010-01-19,14.425321505486108,14.6541602357485,14.303455408864382,14.584664344787598,172495332
2010-01-20,14.543958566507458,14.543958566507458,14.278635312536652,14.405712127685547,129897972
2010-01-21,14.480917026040874,14.564807907577888,14.203182241803582,14.469499588012695,252055692
2010-01-22,14.010827234006092,14.162227693341691,13.275165358298876,13.6511869430542,271743984
2010-01-25,13.566303739495943,13.647962404678243,13.291299624417205,13.402741432189941,176619204
2010-01-26,13.352358031649482,13.641012764681058,13.31066087375814,13.46280574798584,174045780
2010-01-27,13.43425992696555,13.59261148273977,13.286333604429153,13.45486068725586,158417424
2010-01-28,13.514181092159438,13.576479002214521,13.16943238041088,13.261017799377441,129034836
2010-01-29,13.365262882442469,13.427312038031559,13.045582182361663,13.15305233001709,165454380
2010-02-01,13.268712179711457,13.298745025523413,13.161987371058574,13.229496955871582,89941968
2010-02-02,13.277647987225249,13.277647987225249,13.095221523728139,13.182339668273926,163684152
2010-02-03,13.121530983456614,13.454861326881579,13.110610120756004,13.423091888427734,119844036
2010-02-04,13.32828013308655,13.353099415690544,13.044340540756483,13.074621200561523,134972892
2010-02-05,13.11482872612867,13.24141085178772,12.967399916296461,13.186558723449707,126113760
2010-02-08,13.216589590519492,13.452379379604983,13.192514698922285,13.2406644821167,107664228
2010-02-09,13.391323272020907,13.44071497168923,13.2803780451055,13.31438159942627,112671216
2010-02-10,13.255560627935314,13.347890458881741,13.097209032609525,13.264992713928223,106873020
2010-02-11,13.236941828174258,13.414900993536047,13.142130092731037,13.313386917114258,96303600
2010-02-12,13.22825646997989,13.332002771833043,13.166950762229401,13.231978416442871,91096812
2010-02-16,13.325054069234307,13.50524641531156,13.261266430842522,13.435006141662598,146029824
2010-02-17,13.452380907837703,13.487128850833882,13.343421036608953,13.358312606811523,81106812
2010-02-18,13.341683171517486,13.527088134463897,13.306935229370529,13.482660293579102,93382524
2010-02-19,13.415894956946369,13.502763392615611,13.395294195533971,13.421603202819824,102021876
2010-02-22,13.585166268219664,13.58889010670967,13.427560975846273,13.472236633300781,85698216
2010-02-23,13.477199787581847,13.49283574665455,13.211379024777727,13.280377388000488,114789096
2010-02-24,13.253324604020248,13.364021070220721,13.167199607396356,13.19102668762207,92970936
2010-02-25,13.083059873265848,13.117063427239584,12.906342599286004,13.065935134887695,132235632
2010-02-26,13.090506201780228,13.197976346169817,12.992715010300627,13.075117111206055,81890028
2010-03-01,13.134685232958324,13.236199316526202,13.098448512198306,13.221306800842285,89426484
2010-03-02,13.290553350543556,13.54322007285361,13.278889044701728,13.429048538208008,174097728
2010-03-03,13.461313925537839,13.604276388147426,13.384124448815708,13.534781455993652,123452424
2010-03-04,13.564069896946211,13.803085090321385,13.556624111668787,13.764863014221191,127224648
2010-03-05,13.932644065073232,14.089505895475066,13.896655161334353,14.00362777709961,156331512
2010-03-08,14.01777578288971,14.027704441180978,13.92420501230953,13.960689544677734,95360544
2010-03-09,13.895414489524391,14.014799594146398,13.812267998053994,13.903854370117188,126936936
2010-03-10,13.992459910015501,14.358305974423656,13.953989075921184,14.307425498962402,225969804
2010-03-11,14.25306882907135,14.54966682104457,14.251579104611066,14.423830032348633,169162668
2010-03-12,14.597568636086974,14.601043713933521,14.374685996229047,14.38411808013916,110025864
2010-03-15,14.06493391598042,14.133685408178284,13.799857551727513,13.97806453704834,185969844
2010-03-16,13.944557090916936,14.108120315971309,13.9180002708329,14.028200149536133,137122740
2010-03-17,14.105145109558398,14.183328701265346,14.004624159526873,14.037138938903809,132731136
2010-03-18,14.01628625675492,14.10861701044345,13.972603753911152,14.057984352111816,71016912
2010-03-19,13.899137496948242,14.097696482437346,13.831626968953556,13.899137496948242,191576232
2010-03-22,13.802588450291147,14.069153597181192,13.757167460883549,13.837087631225586,160031808
2010-03-23,13.825671761061647,13.85719244034866,13.452380845330707,13.626119613647461,219831948
2010-03-24,13.539497826292687,13.895415262676282,13.395295321851354,13.832869529724121,262345392
2010-03-25,13.874814311868407,14.196976948929478,13.865879747771453,13.970620155334473,157078764
2010-03-26,14.029939693097031,14.082557711844427,13.899635610467204,13.965904235839844,107740152
2010-03-29,13.973598184283805,14.016287541440137,13.913285622320863,13.959946632385254,124055820
2010-03-30,13.96937808532225,14.088513479325153,13.906087023003879,14.065679550170898,79036884
2010-03-31,14.02447820448963,14.140883857217727,13.968881686587439,14.075855255126953,121110768
2010-04-01,14.180843821949265,14.232966209051984,14.03688819411409,14.117552757263184,84023892
2010-04-05,14.16967455433248,14.268457001165416,14.122516025897188,14.172405242919922,75983940
2010-04-06,14.133933331794807,14.169426607960368,14.033164586615582,14.103157043457031,82321596
2010-04-07,14.080323427972992,14.116311388042329,13.945303313592797,13.987000465393066,103136760
2010-04-08,13.981539697423333,14.143614150360428,13.900378563715098,14.085038185119629,77822100
2010-04-09,14.085038974631658,14.116808414325337,13.998417404810676,14.053518295288086,82181736
2010-04-12,14.081565130933301,14.246616207826325,14.05351858320505,14.215096473693848,94001904
2010-04-13,14.210129803889227,14.6159354501705,14.175382810702683,14.563565254211426,156335508
2010-04-14,14.64522266471449,14.701812330109563,14.495063171328429,14.618914604187012,135971892
2010-04-15,14.697592989381873,14.838322291863975,14.601292472033952,14.77527904510498,270201528
2010-04-16,13.973598454665115,14.117800955050969,13.641756868986064,13.6546630859375,488930580
2010-04-19,13.619912519238214,13.749969714161882,13.526839269120515,13.653419494628906,155604240
2010-04-20,13.754437575795567,13.89069865089442,13.677247148978163,13.776030540466309,118976904
2010-04-21,13.81127585796871,13.905344165259201,13.704551039362784,13.757665634155273,95564340
2010-04-22,13.700580033830336,13.712989676222085,13.485887545311732,13.577969551086426,131096772
2010-04-23,13.582684385138185,13.634061435097475,13.459080763656726,13.526590347290039,83492424
2010-04-26,13.526095112714945,13.52659074169546,13.134933181838747,13.195245742797852,174577248
2010-04-27,13.12847963866027,13.361289985876079,13.085789339309752,13.131210327148438,153634212
2010-04-28,13.206663188851424,13.274421534842443,12.931906912390174,13.134437561035156,136107756
2010-04-29,13.238185217531564,13.315871279218282,13.071891284966979,13.204180717468262,122233644
2010-04-30,13.182589545666152,13.345158704371963,13.041363648436393,13.04781723022461,97318584
2010-05-03,13.067672638316123,13.227015467273539,13.0324271743865,13.16943359375,74237688
2010-05-04,13.06816938535883,13.073629817440892,12.514438251990255,12.568048477172852,242808948
2010-05-05,12.434268544155103,12.800113687694045,12.421610141582157,12.65218734741211,183104712
2010-05-06,12.62711888874291,12.844789886668764,11.417150346144611,12.376935005187988,199803996
2010-05-07,12.409199584632773,12.541986529967444,11.94655642835327,12.239680290222168,203356440
2010-05-10,12.75667949063035,12.976335841518722,12.72267688046764,12.947296142578125,164954880
2010-05-11,12.79887393822164,12.903364641234223,12.613964590199133,12.634565353393555,132771096
2010-05-12,12.70877606473566,12.70877606473566,12.459584414284247,12.543723106384277,153917928
2010-05-13,12.819469566051392,12.95597938216621,12.667324739402096,12.679983139038086,132898968
2010-05-14,12.652434515918648,12.682715176404312,12.316870051544312,12.596837997436523,164475360
2010-05-17,12.578224148961155,12.617439374956305,12.36899209572524,12.607759475708008,111640248
2010-05-18,12.658143396202782,12.682218289448645,12.337221749278022,12.369487762451172,112906980
2010-05-19,12.317118043573231,12.396045067707897,12.1056528295306,12.271697998046875,137690172
2010-05-20,12.039385917419537,12.052044321326473,11.759665742256564,11.789697647094727,196335468
2010-05-21,11.642017502861748,12.037646720794571,11.52635718193001,11.716228485107422,387244368
2010-05-24,11.931664549917787,12.156532541246406,11.834123069284473,11.843057632446289,173650176
2010-05-25,11.619430264123011,11.850256219334764,11.516677107273372,11.840825080871582,120575304
2010-05-26,11.964924179405646,12.15578862688202,11.789446930658375,11.80111312866211,138884976
2010-05-27,12.03640387021418,12.219078120024212,11.93960584166719,12.173161506652832,112251636
2010-05-28,12.229753163742204,12.247376369966984,11.988007267447966,12.05328369140625,115676208
2010-06-01,11.92421940610399,12.188054819311034,11.916524860769762,11.972369194030762,106565328
2010-06-02,12.079343816236063,12.257798626434587,11.949784129578125,12.245388984680176,101530368
2010-06-03,12.28857461327056,12.60850406086355,12.278399085625628,12.548935890197754,145881972
2010-06-04,12.40299501074946,12.63952826459839,12.328038694922618,12.378174781799316,156655188
2010-06-07,12.386613397801222,12.432530016199681,11.991729533717669,12.050552368164062,145162692
2010-06-08,12.108382845329782,12.132955260767698,11.852489783818973,12.032186508178711,107296596
2010-06-09,12.092746417176532,12.133946994666248,11.714988226240163,11.76512336730957,109050840
2010-06-10,11.922729747079865,12.124516007311565,11.810296690612951,12.087533950805664,103012884
2010-06-11,11.975597001134568,12.129728150277327,11.953755275886923,12.124515533447266,71196732
2010-06-14,12.272939227628255,12.273435802480755,11.992722511291504,11.992722511291504,81534384
2010-06-15,11.9899913537991,12.419871896533945,11.967654000783783,12.360054969787598,170213616
2010-06-16,12.314883257247063,12.509222761779885,12.31339353291755,12.4414644241333,91480428
2010-06-17,12.49557218609914,12.555635033631784,12.327789500231624,12.4119291305542,79012908
2010-06-18,12.472240965436972,12.496068042486733,12.363530813138128,12.410687446594238,114801084
2010-06-21,12.407462855110014,12.434020624252229,12.03491631876187,12.126005172729492,119220660
2010-06-22,12.159263491490552,12.325556467609017,12.055764056760347,12.068670272827148,88699212
2010-06-23,12.084556506221466,12.084556506221466,11.867879602809627,11.964427947998047,81082836
2010-06-24,11.90510858393071,11.98180149488455,11.746260438715327,11.791929244995117,75668256
2010-06-25,11.840576998123643,11.85522075442119,11.679247864346697,11.731865882873535,89718192
2010-06-28,11.729631706355669,11.852737806958908,11.64077602647991,11.716973304748535,70421508
2010-06-29,11.502529496326918,11.530078521359723,11.196748182115202,11.274682998657227,139943916
2010-06-30,11.292055940548247,11.363289364153442,11.037901373181105,11.043609619140625,143983872
2010-07-01,11.052048139377598,11.12923857300012,10.762649040953228,10.908093452453613,140403456
2010-07-02,10.960960821090309,10.977341171314883,10.821472462811728,10.835124015808105,77362560
2010-07-06,11.020030270940637,11.111120066256126,10.762648442021032,10.823209762573242,102301596
2010-07-07,10.87880474394973,11.200967343203505,10.80608254619625,11.17391300201416,125062812
2010-07-08,11.257059530811624,11.350880010037649,11.160511200650657,11.331767082214355,106649244
2010-07-09,11.71399449502999,11.746259561481383,11.486148001350069,11.603049278259277,173086740
2010-07-12,11.724169975448985,11.899647216135408,11.692152723601575,11.810047149658203,133242624
2010-07-13,11.969391767954297,12.23595692690322,11.92049664430725,12.141889572143555,158892948
2010-07-14,12.158766797742166,12.25680485433721,12.073882771567455,12.1950044631958,124595280
2010-07-15,12.20468290416343,12.278397298666754,11.9800618056409,12.261519432067871,194133672
2010-07-16,11.643507382548263,11.67924752979079,11.405235635551703,11.407469749450684,312679008
2010-07-19,11.442216943389106,11.656660650368872,11.355594432135465,11.570535659790039,181829988
2010-07-20,11.442713221713856,11.987758502176286,11.432042064733444,11.953010559082031,162017820
2010-07-21,12.012825806463164,12.055020477938024,11.800119639446585,11.851495742797852,131052816
2010-07-22,11.993715150320746,12.136429810995503,11.975099742214255,12.032930374145508,85822092
2010-07-23,11.932658466679891,12.176389695479205,11.913795243665783,12.163235664367676,90485424
2010-07-26,12.139159388825897,12.180360914626533,12.034668687305052,12.136181831359863,79728192
2010-07-27,12.176142644365145,12.347896069916144,12.165966169956448,12.227023124694824,97949952
2010-07-28,12.284355218075975,12.29204976274074,11.97981488256913,12.021512031555176,99740160
2010-07-29,12.061225418862307,12.13394762471594,11.896917783491919,12.037398338317871,106912980
2010-07-30,11.904858146922647,12.096219148542792,11.892199746484309,12.033921241760254,85678236
2010-08-02,12.136678165260761,12.243155164120804,12.085797686991935,12.17192268371582,74273652
2010-08-03,12.174154169784199,12.222801473276702,12.08132779000596,12.157525062561035,72019908
2010-08-04,12.215853245230104,12.583683716255926,12.187806699129554,12.56680679321289,152347500
2010-08-05,12.556134570104996,12.623396343926895,12.498303935145428,12.61098575592041,96719184
2010-08-06,12.543972760549053,12.552410749708839,12.31190677687532,12.4154052734375,132647220
2010-08-09,12.465789607309475,12.546454169773922,12.44370006682268,12.542730331420898,74813112
2010-08-10,12.468269867533694,12.55886402978713,12.37445127952204,12.502025604248047,82877040
2010-08-11,12.353603895149705,12.360305291071956,12.198976159938155,12.204933166503906,88831080
2010-08-12,12.011337154233518,12.27963984042821,11.975844823610803,12.211633682250977,88095816
2010-08-13,12.13692568789628,12.191281242975212,12.062713760155264,12.07115364074707,77310612
2010-08-16,12.004884569612924,12.15852010264541,11.925957542254087,12.052290916442871,52147800
2010-08-17,12.125259451565356,12.278398390972978,12.063210301977145,12.174651145935059,75552372
2010-08-18,12.172667339593001,12.18333944281976,11.952018791455558,11.966910362243652,107348544
2010-08-19,11.93861495359433,11.975845771966632,11.597093465344102,11.614964485168457,156843000
2010-08-20,11.614963671747505,11.704811556009691,11.442464927692304,11.46728515625,156547296
2010-08-23,11.454377948656113,11.621911875813657,11.360807180087685,11.51816463470459,119328552
2010-08-24,11.360064255216006,11.376694311742728,11.191784957253192,11.203451156616211,110397492
2010-08-25,11.168949858085577,11.362793756872264,11.168949858085577,11.283617973327637,103580316
2010-08-26,11.319360062128375,11.349143204621193,11.179871705521306,11.19327449798584,71008920
2010-08-27,11.232488334305327,11.416900142177662,11.110622252948962,11.38810920715332,92403504
2010-08-30,11.396050871613303,11.41119120042918,11.22901351742108,11.23571491241455,49206744
2010-08-31,11.171679151395749,11.289821384019099,11.119308956960861,11.169445037841797,77794128
2010-09-01,11.292551808307739,11.539757129372122,11.230998292494416,11.425337791442871,129002868
2010-09-02,11.487638594896847,11.527100688566602,11.424843158576168,11.496076583862305,67300632
2010-09-03,11.678254773867307,11.712010514559614,11.601809674156117,11.672794342041016,101514384
2010-09-07,11.528838633363648,11.605532492948385,11.492105335415436,11.526357650756836,68327604
2010-09-08,11.54596271787078,11.727396014362544,11.529085795828113,11.679741859436035,95975928
2010-09-09,11.859687876605868,11.923474567286648,11.679742404390563,11.818734169006348,97126776
2010-09-10,11.889223591476922,11.90833557606675,11.79143428380649,11.817742347717285,78893028
2010-09-13,11.935884176572682,12.021511639540277,11.901879681646768,11.969886779785156,89570340
2010-09-14,11.963434354851374,12.031441459558089,11.915532382518037,11.924219131469727,88571340
2010-09-15,11.912306223818382,11.96045601127839,11.876316371682025,11.929430961608887,96015888
2010-09-16,11.912307508239879,11.974356668412394,11.898903769748015,11.939857482910156,78701220
2010-09-17,12.006621967048995,12.191529418069393,11.942835271522254,12.1654691696167,225438336
2010-09-20,12.22379522857334,12.66831859355988,12.21287436619277,12.615452766418457,175963860
2010-09-21,12.65020091865152,12.905846147540906,12.631088936237276,12.744019508361816,178473348
2010-09-22,12.729129231940364,12.851242194241427,12.699841719142906,12.807064056396484,101382516
2010-09-23,12.772563874797385,12.898648489678987,12.690409583078045,12.74451732635498,92603304
2010-09-24,12.949529456757821,13.100682111391473,12.863155700518428,13.087279319763184,134141724
2010-09-27,13.125999036405764,13.324558998574116,13.125999036405764,13.164719581604004,124171704
2010-09-28,13.24091406402988,13.243643806750217,12.867870980290173,13.08430004119873,146041812
2010-09-29,13.101176814412943,13.227510167134627,13.023242950021052,13.09720516204834,86801112
2010-09-30,13.1336918995193,13.200953669001416,12.879536391209555,13.050049781799316,129634236
2010-10-01,13.154539929194845,13.169929018856791,12.9808011740956,13.045829772949219,88911000
2010-10-04,13.02920126713315,13.111106798080039,12.877799847547422,12.964670181274414,77542380
2010-10-05,13.114332910311447,13.402739782397589,13.068911920909615,13.358808517456055,140143716
2010-10-06,13.38437352405138,13.401499207773321,13.15305194070392,13.262507438659668,110381508
2010-10-07,13.30867326883489,13.333244738335377,13.133196958372192,13.154789924621582,95736168
2010-10-08,13.223293348844862,13.343172190749643,13.095470255331223,13.31214714050293,114253632
2010-10-11,13.365013533763602,13.516911517100382,13.332499705781052,13.373948097229004,104946948
2010-10-12,13.405718016004608,13.55141022772274,13.347887386546713,13.437238693237305,149993856
2010-10-13,13.576478109414232,13.588638989058746,13.46056904546797,13.484643936157227,122101776
2010-10-14,13.506486816344974,13.533043637301041,13.331009573854276,13.425822257995605,265098636
2010-10-15,14.873815454005678,14.932638291058456,14.683446630685783,14.927922248840332,592399008
2010-10-18,14.90558445824578,15.380637260230607,14.90558445824578,15.331493377685547,283644072
2010-10-19,15.111588095433609,15.259763175351441,14.962917386582012,15.086272239685059,183332484
2010-10-20,15.093967044818571,15.32330327268364,15.078083271249968,15.089996337890625,140862996
2010-10-21,15.177609684735144,15.289050532083062,15.040852034466546,15.189523696899414,116703180
2010-10-22,15.187785360052812,15.25976411684228,15.1413731126264,15.202926635742188,90153756
2010-10-25,15.278875105279552,15.505977214480557,15.263486961013403,15.301461219787598,126209664
2010-10-26,15.217074439025112,15.41885975403852,15.1656973871403,15.353583335876465,100415484
2010-10-27,15.283343855538904,15.388332072127207,15.197963251068618,15.3007173538208,89586324
2010-10-28,15.389571004546621,15.413150267836562,15.222037070936473,15.353086471557617,87284628
2010-10-29,15.31560908502813,15.363511058909449,15.214343759862627,15.231966018676758,91040868
2010-11-01,15.28235051506267,15.40471222840516,15.170164329386944,15.26423168182373,123360516
2010-11-02,15.355320586088546,15.388331935072433,15.253807448403473,15.279123306274414,79824096
2010-11-03,15.32628293743069,15.433752143255978,15.227002960568669,15.392799377441406,135084780
2010-11-04,15.503496556649756,15.634545972774063,15.440453304103636,15.494312286376953,142689168
2010-11-05,15.467257213912195,15.524591268145052,15.415880165644074,15.514415740966797,70557372
2010-11-08,15.488105330223188,15.623870770019415,15.466016737626427,15.556360244750977,83967948
2010-11-09,15.636529701184926,15.657626090770306,15.400988662801241,15.507962226867676,89398512
2010-11-10,15.439955793314027,15.46279066724837,15.326528650483844,15.45981216430664,99780120
2010-11-11,15.3808852170114,15.384608109470296,15.244624137102605,15.318587303161621,90373536
2010-11-12,15.239162831656888,15.31138845458808,14.92196408881098,14.973589897155762,135584280
2010-11-15,14.96837912288512,14.991213999828874,14.744255496157693,14.779500961303711,139016844
2010-11-16,14.712237836745443,14.839563412113474,14.481165005818422,14.487866401672363,132163704
2010-11-17,14.51963624735481,14.631324920230295,14.429539595485084,14.483646392822266,97602300
2010-11-18,14.618916645603377,14.891438831329127,14.607995781676328,14.806554794311523,103496400
2010-11-19,14.817475163044172,14.839563758814588,14.65217437673726,14.664336204528809,91808100
2010-11-22,14.580938941707076,14.729114022905144,14.463788907831365,14.674013137817383,87376536
2010-11-23,14.56952438308159,14.619163897867045,14.350860244295825,14.470244407653809,86417496
2010-11-24,14.576967891639391,14.807545076744193,14.570515256610575,14.767088890075684,95760144
2010-11-26,14.655150469698983,14.717697141499006,14.569274240230422,14.643733978271484,52391556
2010-11-29,14.623133067628773,14.638769971882782,14.394293424614562,14.447904586791992,114273612
2010-11-30,14.25455758468016,14.25455758468016,13.73309254373016,13.7926607131958,284411304
2010-12-01,13.973596944088445,14.186303105079244,13.958704429326035,14.00710391998291,150013836
2010-12-02,14.11407730189857,14.229986371805865,14.03192302192617,14.19250774383545,101814084
2010-12-03,14.133686638734346,14.308169801080483,14.097697730753644,14.221796989440918,105142752
2010-12-06,14.409682861656886,14.44517519225016,14.311396043915204,14.354829788208008,83668248
2010-12-07,14.675255420120788,14.718193534324143,14.544454778281112,14.572749137878418,121566312
2010-12-08,14.692630203558206,14.706281755601275,14.487121992132892,14.657137870788574,70205724
2010-12-09,14.74003606637691,14.782228847751876,14.61891531614848,14.680964469909668,74681244
2010-12-10,14.721670118025676,14.742768402784893,14.650934207251979,14.698588371276855,68119812
2010-12-13,14.820451970775771,14.966392951034633,14.745247839731979,14.758401870727539,95844060
2010-12-14,14.819707953854959,14.849492040460834,14.705288595582985,14.76560115814209,65666268
2010-12-15,14.747979268437861,14.803823604597962,14.622638097885329,14.6511812210083,86621292
2010-12-16,14.714470659680027,14.737304588136826,14.595830898267284,14.686176300048828,63812124
2010-12-17,14.668554287662765,14.70727293548206,14.585903429381453,14.663590431213379,123360516
2010-12-20,14.759146867733728,14.839314853607378,14.610475202200586,14.769322395324707,78853068
2010-12-21,14.856438608828439,15.009080961449698,14.832611532952356,14.968128204345703,75104820
2010-12-22,14.991213316643577,15.065673059036296,14.973343243309241,15.028194427490234,48251700
2010-12-23,15.024471501959557,15.040851849699017,14.942317219501634,14.996920585632324,44387568
2010-12-27,14.959939545191894,14.985751976872324,14.879523747132586,14.951004981994629,48275676
2010-12-28,14.9428126717238,14.987985845210137,14.842540503805008,14.865127563476562,42549408
2010-12-29,14.941573043400183,14.951748570799156,14.865127951383789,14.916752815246582,40727232
2010-12-30,14.842292774339757,14.924942685246966,14.827153390789777,14.863637924194336,39540420
2010-12-31,14.811021024812657,14.852719126560741,14.694120677954333,14.742270469665527,61510428
2011-01-03,14.804567186753026,15.03067709959652,14.804567186753026,14.999899864196777,94513392
2011-01-04,15.031421798546223,15.045321164953158,14.894911954564277,14.944551467895508,72907020
2011-01-05,14.893670003253458,15.148323026031171,14.893173428440257,15.117049217224121,101190708
2011-01-06,15.157008734237731,15.349362898534917,15.141372775788653,15.227001190185547,82229688
2011-01-07,15.286818502780099,15.344896951764706,15.143360392305116,15.299972534179688,83963952
2011-01-10,15.259267901960403,15.273912604081836,15.10439235006053,15.244625091552734,63104832
2011-01-11,15.331492736132146,15.358546131627175,15.251821328211815,15.289299011230469,57514428
2011-01-12,15.37220054364414,15.37220054364414,15.258525563483913,15.310647010803223,65242692
2011-01-13,15.31312730323761,15.380141261099824,15.243382656647828,15.306178092956543,53306640
2011-01-14,15.323798552826771,15.49431099535344,15.315856193294858,15.492077827453613,94529376
2011-01-18,15.538740072639987,15.934122433502965,15.519132459657941,15.875547409057617,144535320
2011-01-19,15.937346846803273,15.958195422748945,15.628091393847772,15.679965019226074,136107756
2011-01-20,15.691380349431107,15.73779448582967,15.469987444247469,15.556360244750977,219212568
2011-01-21,15.87430467883981,15.92766613426351,15.173886391851791,15.185551643371582,355819824
2011-01-24,15.07981967896443,15.201933576278092,14.922462211135493,15.166936874389648,183784032
2011-01-25,15.095455959958201,15.405456751900763,15.053758807553606,15.386096954345703,145726128
2011-01-26,15.396521719820582,15.450132883199117,15.271180560218077,15.301461219787598,81442476
2011-01-27,15.335960755309817,15.380884222255839,15.220796073449685,15.308658599853516,80687232
2011-01-28,15.365247694866918,15.397265892926994,14.88597638630206,14.916504859924316,169074756
2011-01-31,14.981284203434194,15.002877167284932,14.781484260163005,14.900867462158203,112083804
2011-02-01,15.003373074995428,15.22327815352833,14.969122655418259,15.16594409942627,109702188
2011-02-02,15.164951423887173,15.24785009741903,15.078826432804574,15.18977165222168,70357572
2011-02-03,15.127225993181366,15.176122063823975,15.044079499595732,15.143856048583984,59744196
2011-02-04,15.143853700815392,15.175870950736185,15.055991178521673,15.164454460144043,61969968
2011-02-07,15.144102459547542,15.34837063506539,15.120523195942148,15.246609687805176,71912016
2011-02-08,15.26249512450561,15.379147646357794,15.252069890613981,15.348122596740723,67728204
2011-02-09,15.31064454345101,15.374679994613505,15.19821054573036,15.301461219787598,73626300
2011-02-10,15.236930228375849,15.326282488692591,15.178851779391241,15.299972534179688,93282624
2011-02-11,15.23420021031106,15.512431568515744,15.214591652029656,15.500020980834961,103492404
2011-02-14,15.47123015077756,15.627595422262802,15.389324622462132,15.59061336517334,85034880
2011-02-15,15.570013162306772,15.638763711806325,15.46527276044971,15.4913330078125,83596320
2011-02-16,15.528067313064417,15.549660278710492,15.440452594601238,15.493071556091309,67292640
2011-02-17,15.419356869240334,15.568276358920105,15.39528197422484,15.518884658813477,59092848
2011-02-18,15.537250151297572,15.665816683193245,15.492077922067892,15.63851547241211,128587284
2011-02-22,15.389075975212823,15.510694250245722,15.084784364847028,15.145345687866211,145450404
2011-02-23,15.148323954580913,15.256786304857265,14.99121334919417,15.172894477844238,115468416
2011-02-24,15.174631303036065,15.216825974907934,14.925439653794301,15.110844612121582,108359532
2011-02-25,15.186296944950763,15.257280657662307,15.127721927151248,15.14112377166748,77218704
2011-02-28,15.140132276722257,15.30121358321213,15.09073963409386,15.224519729614258,91168740
2011-03-01,15.333230953848705,15.3689720454097,14.874558499076151,14.910796165466309,132795072
2011-03-02,14.88696952379919,15.040852865665347,14.772550167087076,14.911541938781738,80986932
2011-03-03,15.05028535289213,15.17711530066481,15.016033038038733,15.129212379455566,77734188
2011-03-04,15.09868200476941,15.114816430249517,14.896896696162045,14.90732192993164,120319560
2011-03-07,14.905583120450563,14.983516985740675,14.569273355581124,14.68493366241455,138369492
2011-03-08,14.716457023137211,14.841797242562052,14.64869867654296,14.701068878173828,91304604
2011-03-09,14.668555854462557,14.755674003682353,14.538250825320644,14.687666893005371,85953960
2011-03-10,14.530555126303346,14.559841689080919,14.381883469470852,14.40298080444336,124998876
2011-03-11,14.351356699805045,14.395536728326439,14.229988129727522,14.313879013061523,121158720
2011-03-14,14.21683270445482,14.353093786650758,14.098193881040874,14.147089004516602,112531356
2011-03-15,13.837088677861463,14.172157528858396,13.78744821751289,14.1364164352417,160063776
2011-03-16,14.097945459330207,14.14212548752084,13.682709567407267,13.827159881591797,151788060
2011-03-17,14.010332001999286,14.122517249436342,13.91254175047937,13.932893753051758,115856028
2011-03-18,14.014301242553033,14.097448674950536,13.892684868853483,13.925446510314941,131812056
2011-03-21,14.152795645096035,14.390570785649187,14.12301250830346,14.308664321899414,120715164
2011-03-22,14.327775721421268,14.376423026123291,14.20963348324647,14.32901668548584,75400524
2011-03-23,14.27615190273001,14.456344249012579,14.196976119569175,14.44914722442627,72575352
2011-03-24,14.530307818739816,14.603774412141375,14.365751427071912,14.566545486450195,83864052
2011-03-25,14.566297702924164,14.567041146411345,14.376672320850075,14.389082908630371,114221664
2011-03-28,14.446912464123814,14.519386853176828,14.264238185745288,14.28037166595459,88647264
2011-03-29,14.296255619704434,14.44244535415739,14.222044641460379,14.43847370147705,64127808
2011-03-30,14.504245425009518,14.532044155587457,14.409930262680549,14.441204071044922,56835108
2011-03-31,14.469996239703724,14.598066203639057,14.43872242867162,14.563319206237793,81094824
2011-04-01,14.612958811371355,14.772550401834586,14.612958811371355,14.688410758972168,104423472
2011-04-04,14.718194646301196,14.761380578242614,14.472477116896988,14.586153030395508,82097820
2011-04-05,14.422342253240453,14.432517781401971,14.04011487280107,14.124751091003418,241658100
2011-04-06,14.20144576435211,14.275407992070575,14.097698502221983,14.25108528137207,106625268
2011-04-07,14.28955316114965,14.411419233206782,14.251330145068708,14.39553451538086,101158740
2011-04-08,14.5169051889748,14.5169051889748,14.347385884515214,14.34986686706543,75995928
2011-04-11,14.301219627506349,14.348377210211568,14.22179603162699,14.330259323120117,74253672
2011-04-12,14.271433537412886,14.318839873796989,14.098934818630404,14.162474632263184,83340576
2011-04-13,14.284094452695735,14.335968079275142,14.190771487751126,14.303205490112305,82693224
2011-04-14,14.276151786292553,14.381884390684572,14.199458877924542,14.358553886413574,218033748
2011-04-15,13.534037283655417,13.545453775470936,13.156030334888827,13.171915054321289,561186252
2011-04-18,13.065685598378538,13.096462832788113,12.881522550168196,13.076109886169434,201390408
2011-04-19,13.153299183910855,13.176381872930971,12.928679951800117,12.944315910339355,107256636
2011-04-20,13.052779609774637,13.075614485033936,12.940842184848714,13.04856014251709,122277600
2011-04-21,13.092244076625285,13.111851690567125,12.96566288265544,13.032925605773926,98705196
2011-04-25,13.036646824976229,13.080081518153174,12.956230074167149,13.031682968139648,65166768
2011-04-26,13.068167814885284,13.339200249283914,13.035653040817198,13.224533081054688,139860000
2011-04-27,13.353099225626348,13.355829914188003,13.262506953697619,13.347142219543457,91844064
2011-04-28,13.354589124948982,13.384125395413621,13.255805731898548,13.35235595703125,79920000
2011-04-29,13.402740388466794,13.504501342773438,13.36575833176392,13.504501342773438,168970860
2011-05-02,13.544212510603046,13.544957845760534,13.331257581627458,13.366998672485352,85262652
2011-05-03,13.331506791789202,13.45262753380168,13.145356505562239,13.251090049743652,83176740
2011-05-04,13.28286109913414,13.377920661277086,13.229497745764712,13.298249244689941,84595320
2011-05-05,13.250346361131491,13.388344032674915,13.191771340374785,13.26052188873291,79832088
2011-05-06,13.356823886618445,13.438977229299962,13.283108532907887,13.286087036132812,82161756
2011-05-09,13.278639291622053,13.36526180131459,13.181842200556057,13.3451566696167,77870052
2011-05-10,13.402740635237649,13.512692711828755,13.341683683186748,13.468761444091797,81634284
2011-05-11,13.406214877683189,13.490850144273875,13.24612672232996,13.289809226989746,93458448
2011-05-12,13.284598481523851,13.326793159378864,13.177128324894342,13.27988338470459,57874068
2011-05-13,13.268961518289204,13.301475347962135,13.130961947803353,13.143372535705566,84263652
2011-05-16,13.062955700682421,13.086782779044196,12.816990372089373,12.867125511169434,118209672
2011-05-17,12.792916248121593,13.184821627609892,12.782988534671714,13.165958404541016,132011856
2011-05-18,13.143124653963113,13.16273226663719,13.04781633348599,13.149826049804688,78049872
2011-05-19,13.222298285779464,13.316861255646652,13.147589793991838,13.185564994812012,98649252
2011-05-20,13.199216534811335,13.203932577011276,12.984028428766406,13.006366729736328,92607300
2011-05-23,12.821955708206556,12.906343168910961,12.742532104501597,12.86638355255127,91908000
2011-05-24,12.915524608387198,13.004628098578333,12.860424668707413,12.863154411315918,75924000
2011-05-25,12.84007200794313,12.975092117530917,12.838086654560446,12.898151397705078,52011936
2011-05-26,12.849256036278966,12.958960295149264,12.782243025547299,12.859929084777832,84655260
2011-05-27,12.868616623471455,12.950770915419618,12.814508880043816,12.928681373596191,69762168
2011-05-31,13.030441957061026,13.130961949353948,12.993213030920584,13.130218505859375,107384508
2011-06-01,13.105895194957542,13.233965163471964,13.038136845060068,13.045334815979004,118117764
2011-06-02,13.094228180097007,13.161987471628766,12.967895758558885,13.106390953063965,88091820
2011-06-03,12.955980598422911,13.09497235545279,12.943571903779398,12.982786178588867,69870060
2011-06-06,12.994204095616997,13.075613988706415,12.887726160276516,12.93265151977539,77606316
2011-06-07,12.978071903036037,13.021258782053664,12.881274802247455,12.882267951965332,76227696
2011-06-08,12.820216054367341,12.93711732664919,12.80160064783316,12.885740280151367,66069864
2011-06-09,12.90634118405538,12.90634118405538,12.798126658881708,12.825180053710938,67496436
2011-06-10,12.759407976373357,12.824186867583434,12.640520403945478,12.645980834960938,97498404
2011-06-13,12.658144406222585,12.66310826312887,12.463804868228564,12.52734375,96994908
2011-06-14,12.612225848145313,12.75940873397671,12.583434912834647,12.617687225341797,93566340
2011-06-15,12.534787744976496,12.617189844954131,12.42508443385371,12.483162879943848,82849068
2011-06-16,12.479688792561745,12.573010809817644,12.327294233490191,12.41912841796875,110169720
2011-06-17,12.563330116025384,12.575988517041909,12.03268082735353,12.038142204284668,209606184
2011-06-20,12.037645967329919,12.068174440966317,11.894434737164682,12.0272216796875,121022856
2011-06-21,12.092002600047117,12.259536552447555,12.03094470146022,12.236205101013184,110505384
2011-06-22,12.197734785135081,12.22007214021944,12.080584740617454,12.087533950805664,96187716
2011-06-23,11.966412698205328,11.984531531033854,11.757925996863886,11.919007301330566,191875932
2011-06-24,11.930425104453201,11.932162643582723,11.740304083663762,11.786470413208008,152071776
2011-06-27,11.764627349797802,12.122033527602591,11.754699636878534,11.983041763305664,137650212
2011-06-28,12.01332322674412,12.315878243404748,12.01332322674412,12.252339363098145,108495396
2011-06-29,12.324067645622168,12.416149642568202,12.220816971594395,12.349632263183594,93626280
2011-06-30,12.459335605050713,12.57549249540525,12.447173778298124,12.568294525146484,97038864
2011-07-01,12.57722932881817,12.935629584478239,12.56829382011645,12.931905746459961,145322532
2011-07-05,13.037887401537049,13.288567821286152,13.037887401537049,13.215100288391113,153814032
2011-07-06,13.241410336358873,13.36575739752696,13.229992899205563,13.287574768066406,107716176
2011-07-07,13.427560393137586,13.667816539939574,13.30048169084244,13.56655216217041,157262580
2011-07-08,13.227759842114805,13.344414259435005,13.086783661691992,13.203932762145996,190617192
2011-07-11,13.10936966553331,13.302964806858935,13.04285228295625,13.087031364440918,113458428
2011-07-12,13.108873682963845,13.388345071526135,13.055262514605369,13.254070281982422,113534352
2011-07-13,13.328280472705185,13.502020184644252,13.315373310394053,13.359553337097168,111496392
2011-07-14,13.380897778167496,13.452379958494461,13.073378929988717,13.1282320022583,265714020
2011-07-15,14.829881490134726,14.898136403564296,14.598064301479852,14.832859992980957,548734716
2011-07-18,14.705534931322228,14.942812558894335,14.69337310506327,14.766343116760254,178553268
2011-07-19,14.79612808257363,15.008089866521392,14.780988698322004,14.95522403717041,118581300
2011-07-20,14.946040017924593,14.962173496942796,14.776520729064941,14.776520729064941,89022888
2011-07-21,14.743758876774171,15.09198174113501,14.743262301942334,15.065424919128418,138641220
2011-07-22,15.025712864279134,15.375921076140232,14.997914132738446,15.344399452209473,140986872
2011-07-25,15.223525886178415,15.52260579593212,15.21459037729972,15.363014221191406,125138736
2011-07-26,15.339932917938969,15.574480825082365,15.319332155691383,15.450878143310547,93622284
2011-07-27,15.318339922513431,15.411910703182103,15.009828847665501,15.071133613586426,157218624
2011-07-28,15.020747981241453,15.288555038402725,14.966392428438791,15.16346263885498,124211664
2011-07-29,14.996922346303464,15.263239704640835,14.983519554138184,14.983519554138184,165330504
2011-08-01,15.17041377755513,15.276642015939688,14.871581652091093,15.059964179992676,158485356
2011-08-02,15.04085316795655,15.131942021554622,14.682702574593756,14.703303337097168,127895976
2011-08-03,14.749716929332692,14.966393825611533,14.485632739888182,14.920973777770996,152874972
2011-08-04,14.755422172429926,14.863388883757725,14.332740542093314,14.333980560302734,196387416
2011-08-05,14.458579203421948,14.643735417090024,13.948778424328383,14.371708869934082,236926836
2011-08-08,13.973101515559957,14.122516629245396,13.510706156140847,13.552155494689941,299564136
2011-08-09,13.923958192495776,14.26175773538245,13.427808965811252,14.231973648071289,258529212
2011-08-10,13.933388890590015,14.001395047675283,13.594597177553856,13.62636661529541,214569216
2011-08-11,13.745748067134343,14.110104350895789,13.611473309015956,13.952001571655273,193030776
2011-08-12,14.134925322412741,14.15974554848844,13.90906419727969,13.992707252502441,126045828
2011-08-15,13.736071005087059,14.022989097233328,13.552900161442993,13.830387115478516,285510204
2011-08-16,13.711251420711438,13.711499235186473,13.161986716359856,13.37791919708252,277298424
2011-08-17,13.403483476835817,13.494324505073296,13.173651636586666,13.232722282409668,163000836
2011-08-18,12.992466208433715,13.027709776983626,12.422105126571148,12.531064987182617,251376372
2011-08-19,12.393563110683536,12.779015822831212,12.183090117017473,12.184578895568848,216183600
2011-08-22,12.509223898948425,12.583683638204896,12.274179429225942,12.364523887634277,196039764
2011-08-23,12.49681408865716,12.94133843805934,12.386614197387187,12.877055168151855,173698128
2011-08-24,12.889714034303285,13.15454166903346,12.837592590051207,12.98799991607666,143636220
2011-08-25,13.16397369373961,13.334982728033223,12.864149355231278,12.907336235046387,131588280
2011-08-26,12.906095245077,13.165711206604447,12.736078415001629,13.076607704162598,143708148
2011-08-29,13.26771951067653,13.38908997075786,13.242900226768317,13.379905700683594,93338568
2011-08-30,13.357815649934272,13.476951045718112,13.174645747425288,13.420113563537598,119440440
2011-08-31,13.520385669303971,13.55910526390106,13.303460029679187,13.426567077636719,107624268
2011-09-01,13.42135566610367,13.497800766650377,13.184822393451554,13.216591835021973,96523380
2011-09-02,13.017286860791394,13.102915275623356,12.924460475818357,13.026470184326172,95951952
2011-09-06,12.677999347606013,12.974845167729068,12.670553562532158,12.960450172424316,108523368
2011-09-07,13.165710501630624,13.301971583728394,13.090009795369994,13.254565238952637,110121768
2011-09-08,13.248856084082218,13.380401114956488,13.201698502890066,13.277647018432617,95124780
2011-09-09,13.189287256771983,13.269952756014776,12.93587710591974,13.026717185974121,130621248
2011-09-12,12.855709666091585,13.2039325354656,12.844292228222274,13.157519340515137,106709184
2011-09-13,13.204180295279642,13.250842250384794,12.9907297298037,13.142627716064453,94073832
2011-09-14,13.218825482697644,13.327040020997265,13.050794956127277,13.20591926574707,107668224
2011-09-15,13.291050540072044,13.526342830026683,13.26771908973895,13.466279029846191,118313568
2011-09-16,13.521874806174232,13.57250746516154,13.48067328508389,13.568536758422852,141230628
2011-09-19,13.41142696048027,13.648456790479884,13.288072096078999,13.568288803100586,98637264
2011-09-20,13.636047525471668,13.862405259104866,13.46900920459908,13.567296028137207,111052836
2011-09-21,13.593605796630106,13.775039110522767,13.374446036671502,13.38288402557373,100471428
2011-09-22,13.06146581782118,13.124260303398325,12.757422048525026,12.922722816467285,175835988
2011-09-23,12.820960214453107,13.065684562439317,12.769830983335536,13.043098449707031,110980908
2011-09-26,13.086284721755796,13.22726277860298,12.738807219287883,13.20145034790039,105262632
2011-09-27,13.358064858728357,13.577722156859718,13.304703394792108,13.386360168457031,120315564
2011-09-28,13.439970818992949,13.502516551193452,13.097456178909196,13.125750541687012,90441468
2011-09-29,13.304453898084843,13.335726763663388,12.89169898694863,13.09249210357666,116147736
2011-09-30,12.911553319128764,13.005621614098262,12.766853310387763,12.783235549926758,108835056
2011-10-03,12.654422427139504,12.707784838591477,12.285846566669516,12.298752784729004,178797024
2011-10-04,12.162490121002916,12.495325787972657,11.92843879513788,12.457101821899414,166185648
2011-10-05,12.319352228810862,12.603540593611683,11.932658519937835,12.52659797668457,181182636
2011-10-06,12.596094014404361,12.787952565403605,12.474476685417955,12.775046348571777,136835028
2011-10-07,12.827663586221512,12.918752433714317,12.665589131681289,12.785221099853516,114121764
2011-10-10,13.03490930847459,13.339945288816823,12.985765426731065,13.332499504089355,92795112
2011-10-11,13.240418216212484,13.571516352547826,13.240418216212484,13.481667518615723,114021864
2011-10-12,13.604526125395266,13.780747773409695,13.517656738532898,13.613709449768066,126984888
2011-10-13,13.651683153977887,13.87431702834043,13.601794884601063,13.874069213867188,227276496
2011-10-14,14.878778800292663,14.88200511787272,14.583421769269727,14.685431480407715,340854804
2011-10-17,14.487865657425145,14.689155337200416,14.345895387584962,14.455351829528809,160167672
2011-10-18,14.400250300869367,14.707272570674084,14.331002235061787,14.656392097473145,151879968
2011-10-19,14.577712744187183,14.69486183316937,14.376175260954446,14.412908554077148,117142740
2011-10-20,14.442693444376228,14.616184392659518,14.383373088516326,14.486623764038086,135024840
2011-10-21,14.631574430990675,14.711990236552502,14.56182978268015,14.65589714050293,135504360
2011-10-24,14.562324979183696,14.89118803282752,14.556864547967532,14.80307674407959,136938924
2011-10-25,14.720676327607332,14.767833911659784,14.46627299904261,14.473966598510742,101518380
2011-10-26,14.632564605561669,14.648200563375612,14.21832096994594,14.55214786529541,114809076
2011-10-27,14.852718145291062,14.958948273362482,14.725640386508294,14.85892391204834,151060788
2011-10-28,14.755921235824978,14.949019804823356,14.749219839995627,14.89540958404541,100219680
2011-10-31,14.770069127115617,14.88424067620147,14.685185091147432,14.709259986877441,102209688
2011-11-01,14.39801798196668,14.53229276273668,14.314870546029004,14.362029075622559,124878996
2011-11-02,14.517153535682683,14.593102056146234,14.407450222330533,14.515167236328125,84751164
2011-11-03,14.569273543270768,14.82988166809082,14.48786459930491,14.82988166809082,106685208
2011-11-04,14.730603091550643,14.885479570886906,14.704046271001705,14.796127319335938,113278608
2011-11-07,14.72613775590705,15.109852981319056,14.699084356978748,15.09868335723877,134161704
2011-11-08,15.115312990481073,15.248596519485247,14.981286017977737,15.198211669921875,121054824
2011-11-09,14.99766732880609,15.124992905524799,14.858674607594049,14.915513038635254,148291560
2011-11-10,15.039116082943707,15.039612657812432,14.682455203374142,14.769821166992188,114621264
2011-11-11,14.924200486903834,15.19200661325756,14.857186528763005,15.099180221557617,158920920
2011-11-14,15.090491775600023,15.340676576307898,15.085032290107497,15.214591026306152,127420452
2011-11-15,15.209626944869761,15.340676349459056,15.152541649814673,15.302949905395508,106932960
2011-11-16,15.191756998519548,15.346136908056994,15.155272464123081,15.176616668701172,104235660
2011-11-17,15.141374001302763,15.196970521541456,14.812013401455946,14.913527488708496,139592268
2011-11-18,14.94157263472745,15.0036227304859,14.736808832095397,14.764854431152344,131376492
2011-11-21,14.588137636133558,14.606504283456104,14.199210778961984,14.418866157531738,119931948
2011-11-22,14.39553451538086,14.518889365921854,14.27739133539011,14.39553451538086,96115788
2011-11-23,14.280121680798421,14.401739943528503,14.150066375732422,14.150066375732422,92938968
2011-11-25,14.027952122137078,14.253316678224861,13.932146292971522,13.973596572875977,62433504
2011-11-28,14.379900139167075,14.614448055709413,14.308666710893467,14.598811149597168,113042844
2011-11-29,14.591115228183638,14.652668747247548,14.428545155152788,14.468256950378418,73198728
2011-11-30,14.84105181771791,14.879771410702654,14.69560742126334,14.876792907714844,135744120
2011-12-01,14.891933376064792,15.289051372420877,14.867114092453065,15.23370361328125,144679176
2011-12-02,15.315113048300669,15.48761084760762,15.29550449064142,15.397266387939453,163264572
2011-12-05,15.577955196190185,15.683686853792372,15.44789893901601,15.528563499450684,127772100
2011-12-06,15.462542332405185,15.602278493447347,15.394288356590629,15.481903076171875,92966940
2011-12-07,15.430029694003286,15.528812146924324,15.341174008831285,15.472471237182617,90201708
2011-12-08,15.414145138008056,15.573240155321187,15.271678284476359,15.29029369354248,96427476
2011-12-09,15.338690997018661,15.61493700330898,15.314120473578523,15.572495460510254,110537352
2011-12-12,15.434992789386385,15.541717597098698,15.395528805550121,15.522109985351562,87268644
2011-12-13,15.605753649470314,15.799348791965517,15.459068277452738,15.528067588806152,160966872
2011-12-14,15.434249805595034,15.495554574698202,15.201935054866233,15.34043025970459,155991852
2011-12-15,15.450878138482201,15.487611435194657,15.355817633121319,15.376914024353027,96247656
2011-12-16,15.495553747998825,15.619653004201545,15.424816897664787,15.536258697509766,178193628
2011-12-19,15.587138816274296,15.599299697506263,15.388332007259503,15.433751106262207,85654260
2011-12-20,15.586891920254395,15.682200243242972,15.586642214037203,15.64571475982666,95432472
2011-12-21,15.636778576426845,15.681702047164354,15.362517926357414,15.532783508300781,99816084
2011-12-22,15.585648942460477,15.67946848028757,15.562318438175335,15.629083633422852,72819108
2011-12-23,15.686169826841832,15.752687207395095,15.650429681209616,15.71446418762207,58089852
2011-12-27,15.687411137412623,15.996170022100099,15.686170173243223,15.890933990478516,64191744
2011-12-28,15.952982842764703,16.008828117732996,15.837569400611134,15.87728214263916,85002912
2011-12-29,15.921708823990539,15.959187451849505,15.765592329845424,15.944295883178711,62952984
2011-12-30,15.934862716719557,16.052508371279725,15.934862716719557,16.031164169311523,71220708
2012-01-03,16.205898567610433,16.5834089464379,16.191752332829555,16.51540184020996,146912940
2012-01-04,16.505967240475275,16.635528797878212,16.396512704544925,16.586633682250977,114445440
2012-01-05,16.433993219030068,16.4796610768875,16.287555669767666,16.35655403137207,131184684
2012-01-06,16.360031284308878,16.381129568820697,16.12771747387595,16.133426666259766,107608284
2012-01-09,16.046057665797314,16.058467307004648,15.418859076298522,15.449387550354004,232671096
2012-01-10,15.630325488858796,15.730845476037226,15.311637006257074,15.466265678405762,175648176
2012-01-11,15.475200800314928,15.621390543233765,15.416130148360535,15.536258697509766,95904000
2012-01-12,15.666810171743416,15.708259509490487,15.549660128933837,15.627594947814941,74932992
2012-01-13,15.54370291395873,15.560828597386509,15.41463980618208,15.512182235717773,92199708
2012-01-17,15.685673388552177,15.685673388552177,15.52930812187229,15.601285934448242,76295628
2012-01-18,15.552886805479126,15.735809844346495,15.440950322900969,15.708756446838379,110357532
2012-01-19,15.909301335083363,15.909301335083363,15.672768068069837,15.874056816101074,251959788
2012-01-20,14.656888433359988,14.668554631317516,14.437729625872501,14.544206619262695,422628948
2012-01-23,14.544456241848117,14.610476105599624,14.473967204380282,14.53254222869873,136379484
2012-01-24,14.552397348979705,14.5861521402351,14.345895057073644,14.418618202209473,122109768
2012-01-25,14.333733459359472,14.363517544287152,14.057488412650828,14.134678840637207,199308492
2012-01-26,14.196480183328484,14.258529335604448,14.012068373738078,14.100178718566895,128918952
2012-01-27,14.166697416082663,14.403479447285623,14.130707561298403,14.395040512084961,144555300
2012-01-30,14.34713703196024,14.395535578253373,14.231723585954107,14.338201522827148,93126780
2012-01-31,14.469995837033148,14.49481606605735,14.275158789028287,14.398265838623047,85610304
2012-02-01,14.51814453971155,14.532043904760611,14.3741898705287,14.41613483428955,92735172
2012-02-02,14.516407610286246,14.554630629311681,14.44716143417449,14.522364616394043,96491412
2012-02-03,14.660115830839471,14.819211786165361,14.59533598869421,14.800844192504883,126613260
2012-02-06,14.768081305958903,15.160732003713319,14.743262023404226,15.117545127868652,147036816
2012-02-07,15.069396264626773,15.124992785155012,14.985256621555099,15.059964179992676,83600316
2012-02-08,15.106375961557617,15.173638674330444,15.009578871015162,15.136408805847168,73382544
2012-02-09,15.190269033492735,15.251822559847557,15.115312715545677,15.176369667053223,90497412
2012-02-10,15.087513217210482,15.093718037844523,14.991212698427907,15.038619041442871,92914992
2012-02-13,15.152542751944889,15.23544048492285,15.140629684764882,15.19473648071289,72579348
2012-02-14,15.178355326433326,15.189771818155064,15.010076049283553,15.134175300598145,72075852
2012-02-15,15.212854095780534,15.212854095780534,14.955471330476918,15.02993106842041,96938964
2012-02-16,14.961924435067571,15.110595145887276,14.835591077405804,15.053757667541504,101134764
2012-02-17,15.015289326623249,15.081311085025725,14.951502628106807,15.007099151611328,97866036
2012-02-21,14.987986533444648,15.335712819684652,14.963414119284174,15.239411354064941,99132768
2012-02-22,15.188779163715607,15.308411137207239,15.058475087465387,15.089003562927246,78601320
2012-02-23,15.065673411161224,15.089003916595354,14.900621388204291,15.043583869934082,82117800
2012-02-24,15.074360376305682,15.181086137204405,15.028691568635429,15.137651443481445,77346576
2012-02-27,15.055495340419034,15.198705621459121,15.017521083027104,15.123005867004395,72483444
2012-02-28,15.14013261165483,15.382622873305811,15.082549793633095,15.348371505737305,113790096
2012-02-29,15.353583065602367,15.527322776367413,15.276641396375737,15.34489631652832,125350524
2012-03-01,15.4444237868444,15.529804388921153,15.342414076278356,15.447898864746094,89418492
2012-03-02,15.437972709462906,15.487612225456655,15.396275553862434,15.419357299804688,62869068
2012-03-05,15.399003690054572,15.450133874328824,15.174384440542083,15.245617866516113,63668268
2012-03-06,15.091733308049509,15.110596531070565,14.73904315426783,15.015040397644043,126849024
2012-03-07,15.11655333274834,15.169667923050802,15.037378495058944,15.060708999633789,50529420
2012-03-08,15.141123973259418,15.177361638157588,15.049539498966897,15.069147109985352,53766180
2012-03-09,15.08925220328279,15.187290264271091,14.89193322542448,14.898138046264648,106717176
2012-03-12,14.891932278854354,15.065671980619843,14.873565631992157,15.019755363464355,66693240
2012-03-13,15.109107361555177,15.334968511265785,15.02968376449835,15.333230972290039,89742168
2012-03-14,15.264231632202607,15.457330193038448,15.226009558241165,15.288803100585938,117358524
2012-03-15,15.303942123696448,15.475198944296553,15.260010861741335,15.416376113891602,97306596
2012-03-16,15.410421052504804,15.535015930826095,15.389571531124705,15.513422966003418,121897980
2012-03-19,15.465768812724509,15.816970170887087,15.419107805194644,15.735312461853027,86825088
2012-03-20,15.659363564141254,15.786936942450541,15.568770348142221,15.723150253295898,61558380
2012-03-21,15.750949950892212,16.068147768958013,15.698828510136845,15.884233474731445,98685216
2012-03-22,15.847498906959807,16.10314414053493,15.661349556866933,16.034889221191406,96311592
2012-03-23,16.048539592189883,16.095698120485917,15.90706779072898,15.949012756347656,77530392
2012-03-26,16.008830414767942,16.12027127450939,15.873313713540682,16.11629867553711,72695232
2012-03-27,16.059213497478023,16.21979728999539,16.00386384634635,16.0589656829834,80207712
2012-03-28,16.18331367029971,16.346133487147608,16.159735348036527,16.27589225769043,101454444
2012-03-29,16.218309457934513,16.296492097981645,15.991457029571565,16.09346580505371,76895028
2012-03-30,16.176362296033783,16.219548224747875,15.909547449586263,15.915504455566406,92335572
2012-04-02,15.9038399503415,16.070878255025484,15.756657070866611,16.056482315063477,91276632
2012-04-03,16.01900373431933,16.0820469796022,15.850973225388511,15.949755668640137,81714204
2012-04-04,15.846258325308401,15.85990893116387,15.663831863228404,15.764352798461914,65038896
2012-04-05,15.692125517071997,15.79612057350626,15.601036675803499,15.694110870361328,92655252
2012-04-09,15.598803178441408,15.76881904178072,15.51962739963771,15.657378196716309,87220692
2012-04-10,15.723897397512621,15.748220107265727,15.501262550187086,15.55859661102295,99180720
2012-04-11,15.73506550792086,15.78545035641767,15.6687959394996,15.784457206726074,87872040
2012-04-12,15.943054952272501,16.210861049575666,15.891182276285342,16.157995223999023,230033736
2012-04-13,16.072118234037156,16.10786027148602,15.476193441823513,15.502503395080566,326045628
2012-04-16,15.462790786407448,15.482894026169712,14.933133696489628,15.04258918762207,227456316
2012-04-17,15.104392297708676,15.330998797268728,15.065921460834648,15.129461288452148,120835044
2012-04-18,15.091731969512082,15.209626393544584,14.961675719270247,15.0768404006958,106673220
2012-04-19,15.033157827691783,15.295504457120192,14.86711360980652,14.874558448791504,131652216
2012-04-20,14.99741872469694,15.111590271111913,14.788435430486972,14.794143676757812,122213664
2012-04-23,14.715712520713602,14.853463335558411,14.648699505518596,14.832366943359375,87824088
2012-04-24,14.848250156393354,15.05648904352325,14.825416227395662,14.923454284667969,77086836
2012-04-25,14.991213198054568,15.173639660059319,14.963414465659422,15.133182525634766,72771156
2012-04-26,15.16271863590016,15.33869056898942,15.132686735835566,15.275897026062012,83616300
2012-04-27,15.26472987461951,15.307420180846561,15.15502560561082,15.263736724853516,65390544
2012-04-30,15.21434314168214,15.29103604884597,14.907073046491593,15.012309074401855,96195708
2012-05-01,14.986001647974232,15.179843657692746,14.896649389573748,15.001886367797852,80011908
2012-05-02,14.921717181748729,15.093222779223192,14.907073426350355,15.072126388549805,64395540
2012-05-03,15.130701192877456,15.26001211543468,15.114071138380803,15.165448188781738,74645280
2012-05-04,15.038867813578214,15.087762938316196,14.812758838477349,14.816729545593262,88207704
2012-05-07,14.76783325697202,15.154279127951245,14.76783325697202,15.079322814941406,79700220
2012-05-08,15.029185912862209,15.311387945854316,14.90930613814514,15.209378242492676,106984908
2012-05-09,15.061206032465416,15.298483684116286,14.936858014639006,15.119035720825195,93058848
2012-05-10,15.213597847456805,15.293765827746661,15.145839507685173,15.230972290039062,61374564
2012-05-11,15.14881962626699,15.253063455308338,15.0103244290569,15.02174186706543,83892024
2012-05-14,14.911293619273431,15.10290245492268,14.906328816860903,14.991212844848633,72903024
2012-05-15,15.024718281133225,15.264230010516883,14.985006486904553,15.167680740356445,83999916
2012-05-16,15.337698603789011,15.639011704646023,15.287562516119689,15.609972953796387,193210596
2012-05-17,15.731589489935557,15.83136413356369,15.41885803982179,15.464030265808105,134017848
2012-05-18,15.514912642020997,15.696594717844619,14.810027956863927,14.901862144470215,238701060
2012-05-21,14.904591904613564,15.281357902431685,14.891933502350133,15.242142677307129,122892984
2012-05-22,15.225511667615384,15.234695937082051,14.792653547981297,14.911788940429688,121953924
2012-05-23,14.93288700583737,15.130205051277278,14.820452996157044,15.126730918884277,126996876
2012-05-24,15.119285567473593,15.187788313837734,14.863889993361234,14.98277759552002,75576348
2012-05-25,14.916753772293935,14.934871660361676,14.601044725197195,14.681709289550781,143132724
2012-05-29,14.787937926982076,14.870340027336752,14.602037335745852,14.751452445983887,104123772
2012-05-30,14.59806447837583,14.690890859090741,14.483148559295158,14.599802017211914,76191732
2012-05-31,14.611964507668539,14.643733945382344,14.370714275940447,14.416879653930664,118613268
2012-06-01,14.191764610337145,14.213109761564878,14.10638400542621,14.171660423278809,122193684
2012-06-04,14.15279617727126,14.407697009407649,14.147584506479284,14.360538482666016,97210692
2012-06-05,14.282605063878263,14.349122443185621,14.059722422180927,14.157512664794922,93502404
2012-06-06,14.308168196859638,14.444430213738368,14.23693572409696,14.409682273864746,83748168
2012-06-07,14.584167964482795,14.591364989377062,14.327281752357777,14.351604461669922,70269660
2012-06-08,14.292534307599542,14.420357408948435,14.26101268057902,14.406705856323242,56359584
2012-06-11,14.50002840446072,14.527578377558433,14.065183003903737,14.110107421875,106337556
2012-06-12,14.141627762899507,14.154782739073642,13.86389299737319,14.025718688964844,128839032
2012-06-13,13.941826325318328,14.072874768978865,13.866373445869115,13.926189422607422,78089832
2012-06-14,13.931404131915947,14.024974910218457,13.812764364276555,13.875558853149414,93702204
2012-06-15,13.907577478782732,14.011323788006953,13.826911968552809,14.011075973510742,119927952
2012-06-18,13.9641669001308,14.251829394698142,13.880522888150427,14.168434143066406,99776124
2012-06-19,14.236439617908326,14.501764744582074,14.224774366075907,14.433509826660156,82964952
2012-06-20,14.39081884317723,14.39553488492507,14.23445358894825,14.333732604980469,93774132
2012-06-21,14.391565386464887,14.391565386464887,13.991715762765633,14.028449058532715,80371548
2012-06-22,14.097695879512067,14.18406867980957,14.043589090324748,14.18406867980957,89026884
2012-06-25,14.08106698404062,14.099930206638458,13.833365053681874,13.916512489318848,63200736
2012-06-26,13.967640869981278,14.062949187391768,13.886231918657359,14.015295028686523,53953992
2012-06-27,14.09025207384094,14.246368588941197,14.048554919280408,14.129963874816895,67624308
2012-06-28,14.04557417151314,14.053764344901296,13.829888570629876,14.006110191345215,76759164
2012-06-29,14.270442173015793,14.398761834429584,14.201939440857666,14.397272109985352,100679220
2012-07-02,14.440705880597704,14.469994334235713,14.308664281118748,14.407198905944824,66153780
2012-07-03,14.395784447048284,14.60427116271173,14.34589617265087,14.589875221252441,47532420
2012-07-05,14.612957129845194,14.89342162792309,14.607495752962425,14.790667533874512,93742164
2012-07-06,14.704542441123147,14.731100208506264,14.465527263959105,14.543957710266113,86385528
2012-07-09,14.518393529888874,14.608986751586105,14.426561235739191,14.544703483581543,68535396
2012-07-10,14.648449689816534,14.70404620468657,14.364261349222243,14.437728881835938,76847076
2012-07-11,14.30370123583103,14.342172068782643,14.021747949694147,14.176871299743652,139832028
2012-07-12,14.075853107177405,14.19523724480742,13.951008538970626,14.159247398376465,92299608
2012-07-13,14.200698847241242,14.374438556243097,14.111347537387038,14.309162139892578,78960960
2012-07-16,14.305440049315877,14.375431565810656,14.191517264744713,14.269451141357422,58445496
2012-07-17,14.35656865084346,14.412165169200955,14.10762480946163,14.314374923706055,67136796
2012-07-18,14.320579609378177,14.487121348391128,14.299483218936917,14.414399147033691,61866072
2012-07-19,14.547929286370389,14.854207176926499,14.544455154342307,14.719682693481445,186801012
2012-07-20,15.10935507811065,15.213102328441847,14.846760634695361,15.160484313964844,258289452
2012-07-23,14.90384764617829,15.347378845573475,14.8484989402263,15.276890754699707,142325532
2012-07-24,15.26423148936619,15.336953690034992,14.999651693800338,15.079819679260254,80295624
2012-07-25,15.09843446748873,15.224023445430454,15.025215690413695,15.09024429321289,72847080
2012-07-26,15.26423094725521,15.310644139166287,15.140876090188264,15.223526000976562,67340592
2012-07-27,15.360782273847104,15.76063098238711,15.326283089258842,15.759637832641602,141846012
2012-07-30,15.786691076874012,15.949262121764052,15.624120977840864,15.69361686706543,87380532
2012-07-31,15.593343847976218,15.797858905711587,15.592350698293846,15.710245132446289,74549376
2012-08-01,15.817715881036808,15.872568013012646,15.670781744573384,15.703048706054688,73710216
2012-08-02,15.525089185572746,15.835834376087556,15.472967743515726,15.605504989624023,79028892
2012-08-03,15.884727560567734,15.977058312160258,15.788922677166905,15.91773796081543,75808116
2012-08-06,15.875048151662067,16.11753934343786,15.865368253480389,15.954721450805664,71224704
2012-08-07,15.92915547362721,15.990462128060539,15.79711481002195,15.898131370544434,79192728
2012-08-08,15.861149804783222,16.030421289023405,15.847499199005684,15.94007682800293,52835112
2012-08-09,15.99666918490843,16.042832678406242,15.922457249903756,15.943058013916016,42769188
2012-08-10,15.84973192590254,15.940323247628543,15.788674981123972,15.934368133544922,57326616
2012-08-13,16.068891665354407,16.384847545108844,16.050525019025287,16.38137435913086,130585284
2012-08-14,16.362510781233745,16.700060582693286,16.356305960744674,16.596065521240234,146321532
2012-08-15,16.63627302963915,16.734808600633393,16.482887226710904,16.568267822265625,96331572
2012-08-16,16.567521063358797,16.744487059426948,16.556848016903324,16.7005558013916,68639292
2012-08-17,16.731584160230806,16.809271170227586,16.671520355852408,16.80653953552246,87020892
2012-08-20,16.765833480023133,16.849477486500643,16.69534444959603,16.766826629638672,70253676
2012-08-21,16.706515922923654,16.827884487656338,16.434986911616097,16.617164611816406,88799112
2012-08-22,16.564296709311993,16.89241633104992,16.5474188402588,16.807531356811523,76291632
2012-08-23,16.73530408135185,16.889435200597962,16.654142016718456,16.798097610473633,71296632
2012-08-24,16.76831604300128,16.88869334781598,16.730591489891076,16.843521118164062,57006936
2012-08-27,16.455335717635688,16.67896272517912,16.36226152677721,16.60996437072754,104443452
2012-08-28,16.505227058064257,16.8184532373055,16.498774422464166,16.80927085876465,82261656
2012-08-29,16.812248846080223,17.10065764001402,16.781970075028962,17.076332092285156,119492388
2012-08-30,16.982760755498408,17.060943388164617,16.881992953788625,16.919221878051758,65010924
2012-08-31,16.976803263069737,17.09047822363001,16.878517392459,17.003856658935547,84998916
2012-09-04,16.990452759254477,17.001621435484562,16.716194034464287,16.903335571289062,75508416
2012-09-05,16.87752615046186,17.038855285977032,16.856180052045396,16.895395278930664,68259672
2012-09-06,17.025450670868302,17.371191596556972,16.994922196979484,17.35902976989746,121618260
2012-09-07,17.37391938478794,17.6779631253588,17.316089706897575,17.526561737060547,129190680
2012-09-10,17.616165390959317,17.691864204781865,17.33396143885931,17.393033981323242,102297600
2012-09-11,17.323290692500343,17.390056836001623,17.150543180394884,17.180078506469727,74877048
2012-09-12,17.11108035898287,17.24759020509763,16.899367325283976,17.147565841674805,105586308
2012-09-13,17.20241695133101,17.59730081853341,17.139125888857404,17.523834228515625,106253640
2012-09-14,17.612193311804358,17.696580768957038,17.547910988024285,17.614179611206055,104635260
2012-09-17,17.575212702921746,17.693603717503066,17.4980232142509,17.621625900268555,60271668
2012-09-18,17.567019070804452,17.83705928115069,17.54219978969045,17.82762908935547,82589328
2012-09-19,17.808270461068446,18.082777024986175,17.781217064537625,18.056468963623047,123808068
2012-09-20,17.981265181688492,18.15276982480702,17.90060062375049,18.071857452392578,116179704
2012-09-21,18.173373100450256,18.240634877119522,18.121498524012395,18.217552185058594,254109636
2012-09-24,18.143340593417197,18.615911524002637,18.124726129054295,18.599531173706055,142409448
2012-09-25,18.69061781252017,18.984486081744944,18.55683960103581,18.59406852722168,242097660
2012-09-26,18.611193188489334,18.89389276431739,18.39153875264041,18.70079231262207,226689084
2012-09-27,18.86187542574705,18.933603530939745,18.6558697046357,18.7762451171875,157086756
2012-09-28,18.717919604549135,18.845740800540092,18.643459865683678,18.726604461669922,111228660
2012-10-01,18.839537838407935,18.987216366587695,18.769048799427658,18.907297134399414,126593280
2012-10-02,18.992179901232472,19.01178751425998,18.621619661434444,18.788408279418945,111496392
2012-10-03,18.756884005711264,18.96040587205711,18.66951711898514,18.925161361694336,88243668
2012-10-04,18.931367923575003,19.10858364117713,18.848221441553587,19.06291389465332,98069832
2012-10-05,19.128934657149546,19.2200244438409,18.98746097407305,19.05298614501953,109326564
2012-10-08,18.887935910168842,18.951970416889335,18.717920038470236,18.809505462646484,78265656
2012-10-09,18.854927799289754,18.89587962115103,18.429515400739895,18.468233108520508,120007872
2012-10-10,18.412882591577524,18.553610948769258,18.324274727145053,18.479896545410156,81514404
2012-10-11,18.686893991831457,18.8258857594499,18.622114150114307,18.651649475097656,95260644
2012-10-12,18.660832172704882,18.73578753575008,18.468477071361598,18.484609603881836,96071832
2012-10-15,18.41486502473168,18.46177573324166,18.135890268485873,18.39103889465332,120643236
2012-10-16,18.369946467341926,18.54021016722494,18.27885666481132,18.48337173461914,82245672
2012-10-17,18.46475438527759,18.772273223022157,18.37316896804612,18.751176834106445,91624284
2012-10-18,18.75242030660754,18.84872177846832,16.778246754459666,17.24982261657715,497198304
2012-10-19,17.51241950730722,17.54021635000107,16.67896634609186,16.921953201293945,458828712
2012-10-22,16.902590434874938,16.992439258123515,16.62187718048132,16.844512939453125,162061776
2012-10-23,16.67921063988928,17.059452601877233,16.678962825432748,16.88620948791504,116547336
2012-10-24,17.046299495617152,17.05126335214558,16.760126734926985,16.810510635375977,99760140
2012-10-25,16.8775216631271,16.927160219802484,16.71644038494625,16.821924209594727,95947956
2012-10-26,16.79065477715534,16.95272924701028,16.659110676003294,16.75714874267578,77953968
2012-10-31,16.874048849027723,16.902343208470292,16.75342373504393,16.88496971130371,61418520
2012-11-01,16.8651143731679,17.14805986077006,16.845754576682477,17.065906524658203,81921996
2012-11-02,17.244608162726415,17.263472329195572,17.060444183758104,17.0740966796875,92883024
2012-11-05,16.989212749356554,17.047787768023596,16.767324207354527,16.950990676879883,65370564
2012-11-06,17.013537626739932,17.03885443113334,16.81671616695456,16.920215606689453,63248688
2012-11-07,16.753424652340772,16.833593584912148,16.542207256995802,16.557844161987305,89202708
2012-11-08,16.634290262720988,16.666307516283247,16.16345597670199,16.18976593017578,103776120
2012-11-09,16.24833923505328,16.58812313020911,16.140371581478597,16.456329345703125,124439436
2012-11-12,16.474201647377377,16.6243639984578,16.402721349087845,16.527565002441406,56179764
2012-11-13,16.45558579338935,16.56975637461827,16.33719290776292,16.357545852661133,63704232
2012-11-14,16.397506241485196,16.435232682232385,16.145335167377855,16.196216583251953,66669264
2012-11-15,16.132927547034754,16.381127945744677,15.98152613617571,16.064922332763672,73882044
2012-11-16,16.033399552283893,16.207883640612838,15.78544887765087,16.06293487548828,137390472
2012-11-19,16.274401567668846,16.60252119977759,16.27018304612903,16.584897994995117,94633272
2012-11-20,16.617163602164332,16.82788346520101,16.49455218900957,16.62858009338379,83464452
2012-11-21,16.60425459131476,16.62435972058838,16.391052823858526,16.52681541442871,84403512
2012-11-23,16.6285798922932,16.62932522741931,16.532526246701003,16.57893943786621,36863100
2012-11-26,16.540966152243715,16.55486646399074,16.35680404701829,16.409669876098633,88095816
2012-11-27,16.385348438336923,16.753426775797763,16.331489452316966,16.646949768066406,100247652
2012-11-28,16.57993362041192,16.999390851754526,16.47767703982336,16.968612670898438,121558320
2012-11-29,17.07062346611886,17.22252050544972,16.927163469672028,17.17263412475586,110948940
2012-11-30,17.158238033913108,17.354561966624864,17.018748745639083,17.333465576171875,126417456
2012-12-03,17.429516233671308,17.520108492356584,17.22772906664548,17.256025314331055,87612300
2012-12-04,17.24982268065763,17.26248202911828,17.01899955147775,17.151288986206055,79588332
2012-12-05,17.179085354557973,17.23741255679127,16.935353204259837,17.07161521911621,74421504
2012-12-06,17.065907912024496,17.264963486656725,16.98946376119638,17.153770446777344,58433508
2012-12-07,17.24981979065052,17.296482686072217,16.93758681225683,16.982013702392578,76695228
2012-12-10,17.011303386122812,17.166677397671478,16.971592532512496,17.012048721313477,54613332
2012-12-11,17.125720903312388,17.421573524769094,17.069132189434256,17.29648208618164,107396496
2012-12-12,17.35481146304666,17.461040652492425,17.212098680908326,17.31336212158203,96942960
2012-12-13,17.769056688755725,17.782707295378255,17.36275440350262,17.440937042236328,137658204
2012-12-14,17.35332310455476,17.56801560266494,17.33495645465167,17.422571182250977,85118796
2012-12-17,17.51043199616733,17.917975223894253,17.473698699986556,17.889680862426758,121294584
2012-12-18,17.785933954646396,18.096182570560913,17.747462172849286,17.89687728881836,120075804
2012-12-19,17.887940350726975,17.944778773427142,17.78791600138692,17.873048782348633,76667256
2012-12-20,17.951231395520676,17.985730573915788,17.795113958693708,17.92889404296875,66213720
2012-12-21,17.72065836498469,17.84103379579415,17.63502993515127,17.761859893798828,140898960
2012-12-24,17.734056785357048,17.750684946467207,17.55932489033293,17.609708786010742,33602364
2012-12-26,17.574220727559545,17.693604899847756,17.43374016189863,17.59407615661621,47248704
2012-12-27,17.551137133256095,17.593331809548495,17.339424091698593,17.530040740966797,65830104
2012-12-28,17.415871276330485,17.54542908776793,17.374174118041992,17.374174118041992,56023920
2012-12-31,17.373921818243264,17.636268449335628,17.27464279467598,17.557092666625977,79816104
2013-01-02,17.855926336107593,18.04406105749221,17.784693852761478,17.950984954833984,101550348
2013-01-03,17.992682425003363,18.16642118909812,17.8881898386888,17.961408615112305,92635272
2013-01-04,18.102136934290222,18.40320123617156,18.060935415619195,18.31633186340332,110429460
2013-01-07,18.253787437497383,18.35132797268966,18.132914507109778,18.236412048339844,66161772
2013-01-08,18.256021677994923,18.27488584781924,17.980274126990977,18.20042610168457,66976956
2013-01-09,18.174858432743573,18.32576230745448,18.08376864604064,18.32005500793457,80907012
2013-01-10,18.43695795318579,18.49081882657767,18.205389491762404,18.403451919555664,73354572
2013-01-11,18.41635861018863,18.4270297670801,18.274884910616667,18.366470336914062,51356592
2013-01-14,18.292259583915275,18.421323650009338,17.92864759821864,17.950984954833984,114441444
2013-01-15,17.85368974245474,18.242616588279628,17.674241795787996,17.9926815032959,156950892
2013-01-16,17.929888869450043,17.978040553479648,17.713211966458342,17.750938415527344,80855064
2013-01-17,17.813483731102693,17.861385707778844,17.647438552888133,17.654884338378906,88371540
2013-01-18,17.631053572248582,17.690869546684457,17.406929056017105,17.485857009887695,128942928
2013-01-22,17.489579151943722,17.506457017251762,17.26272490314975,17.44515037536621,151544304
2013-01-23,18.267190167243335,18.59009813946864,18.26222631033328,18.403947830200195,236127636
2013-01-24,18.397493246858183,18.784435688944,18.379374414369167,18.71940803527832,135172692
2013-01-25,18.634027287716567,18.82538924662204,18.621120126190913,18.706005096435547,88946964
2013-01-28,18.65859645880996,18.753904758965298,18.562542823609146,18.633031845092773,65018916
2013-01-29,18.534250887988964,18.78741513035465,18.52903921712997,18.706253051757812,69814116
2013-01-30,18.70774398966495,18.886696329710347,18.687145118327773,18.709978103637695,69250680
2013-01-31,18.627577025828145,18.80404554646527,18.621122498386285,18.75614356994629,65302632
2013-02-01,18.818438325403225,19.275124440862296,18.815956397331604,19.250303268432617,149694156
2013-02-04,19.05397899312049,19.122979247458073,18.820176431520917,18.838790893554688,121498380
2013-02-05,18.891162502528267,19.138865394293305,18.849962868496522,19.005582809448242,74753172
2013-02-06,18.840034110218454,19.18478189888353,18.82588598377366,19.11553382873535,83040876
2013-02-07,19.103868652828634,19.329977609169497,18.999623884760435,19.209352493286133,113494392
2013-02-08,19.362742527866278,19.525062922121958,19.34859440036193,19.4927978515625,120683196
2013-02-11,19.319802002275015,19.43397449387509,19.204390438169415,19.419578552246094,86625288
2013-02-12,19.402948523787504,19.555590906398123,19.343877870182357,19.376888275146484,74285640
2013-02-13,19.362738823921404,19.492296602105014,19.358766225702976,19.430496215820312,47880072
2013-02-14,19.352808198137332,19.576435198610984,19.304162789664733,19.55360221862793,69342588
2013-02-15,19.54318132570989,19.68862573795381,19.534990205139998,19.679443359375,109082808
2013-02-19,19.75638387925871,20.029649482423125,19.738760674923213,20.02592658996582,117154728
2013-02-20,19.987455448647992,20.078543346756533,19.652139767162048,19.66876792907715,110457432
2013-02-21,19.806269339428443,19.991176755315085,19.637990084138078,19.744962692260742,140115744
2013-02-22,19.837542337397416,19.886933084693652,19.702025658701928,19.848711013793945,82073844
2013-02-25,19.912996179447994,20.064645398012864,19.61987326962644,19.62682342529297,92063844
2013-02-26,19.731811958296603,19.755390276652278,19.46871999715782,19.610939025878906,88011900
2013-02-27,19.726849737697908,19.97380729399087,19.6352643076967,19.850452423095703,80962956
2013-02-28,19.883216389855882,20.029404255958216,19.881477904789655,19.885698318481445,90541368
2013-03-01,19.801308332958858,20.033126490562406,19.760354624136237,20.009546279907227,86928984
2013-03-04,19.98745598179497,20.422797919423743,19.98001019714837,20.389537811279297,110912976
2013-03-05,20.573947965025315,20.852427098605812,20.5732026299351,20.81395721435547,161602236
2013-03-06,20.874269734779496,20.947984135111177,20.570971307772584,20.63475799560547,114805080
2013-03-07,20.701274835494637,20.764813710114524,20.59008180490984,20.6650390625,82025892
2013-03-08,20.71219540001546,20.722620633223624,20.477647515823758,20.638233184814453,116359524
2013-03-11,20.642453451462522,20.841261208933698,20.637737409258634,20.72014045715332,63724212
2013-03-12,20.618134674431175,20.64742029814999,20.44340083994636,20.54119110107422,80251668
2013-03-13,20.548386464564345,20.61763453676792,20.4096425056607,20.484102249145508,65586348
2013-03-14,20.525798523218185,20.525798523218185,20.28752962433393,20.390531539916992,65981952
2013-03-15,20.315077376364655,20.35975397442559,20.187006479751062,20.210834503173828,123864012
2013-03-18,19.98000921457816,20.172610239716334,19.8923945044795,20.049257278442383,73458468
2013-03-19,20.13488503860803,20.333694679659786,20.015998405547098,20.136871337890625,83844072
2013-03-20,20.273626307673986,20.29050417420273,20.139848122829818,20.22100830078125,58493448
2013-03-21,20.136130848574386,20.275866077748418,20.100390698239526,20.135385513305664,59044896
2013-03-22,20.221758953593756,20.23416859644788,20.095176813054003,20.111806869506836,59468472
2013-03-25,20.163927230659198,20.333197768885704,20.025183275751434,20.09517478942871,68411520
2013-03-26,20.190980616105012,20.20339025770233,20.04925910397903,20.164175033569336,47628324
2013-03-27,20.021706867357107,20.029648280770797,19.888919927585636,19.921932220458984,86441472
2013-03-28,19.954940796739354,19.98919216209187,19.6896166224942,19.711706161499023,91420488
2013-04-01,19.732062635072133,19.91175842806109,19.688379178200417,19.88545036315918,72219708
2013-04-02,19.968592043455658,20.223988489057565,19.955187362151324,20.1795597076416,81578340
2013-04-03,20.18998945310022,20.208356102814236,19.872542844607114,20.009796142578125,69470460
2013-04-04,19.961392748489505,19.998623561393146,19.63997549536052,19.73354721069336,97806096
2013-04-05,19.509920639253473,19.53300332760362,19.270159192805142,19.435213088989258,137218644
2013-04-08,19.32848654287926,19.348343859831918,19.0716013037075,19.231689453125,113170716
2013-04-09,19.24782416218215,19.452588933250762,19.188505694231353,19.30118751525879,86205708
2013-04-10,19.431987415624736,19.6660396898247,19.26023305610615,19.612180709838867,79064856
2013-04-11,19.679193869499123,19.684653354938423,19.4602809886929,19.61739158630371,81066852
2013-04-12,19.657103243826818,19.659832986395656,19.432233369328944,19.608951568603516,65402532
2013-04-15,19.507191933124652,19.7814506818647,19.285549306977916,19.40741539001465,98025876
2013-04-16,19.523077360522777,19.756632115798595,19.45680873833889,19.691354751586914,69610320
2013-04-17,19.52704689611979,19.628560029924135,19.31235443090066,19.423051834106445,81398520
2013-04-18,19.492294647445632,19.503465214173,18.89438462468769,19.009798049926758,132767100
2013-04-19,19.090465293048922,19.94129190645639,19.018489370095985,19.852685928344727,231895872
2013-04-22,19.87080251358631,19.954198710663444,19.23541372660053,19.858642578125,115220664
2013-04-23,19.880729875248917,20.240617009794274,19.864845157366737,20.051986694335938,91600308
2013-04-24,20.057200096053187,20.30266885516895,20.05447035330192,20.189739227294922,73090836
2013-04-25,20.259235399366442,20.264694884946817,20.045286369508776,20.081771850585938,79608312
2013-04-26,20.044542952337714,20.048018030308715,19.771027642857657,19.891155242919922,99408492
2013-04-29,19.936575647991116,20.41932206249833,19.930370827114185,20.3289794921875,91939968
2013-04-30,20.327489961166375,20.541934636176514,20.294727370071627,20.46573829650879,92175732
2013-05-01,20.43322301920643,20.469460687641774,20.26196428245971,20.36298179626465,58141800
2013-05-02,20.354791266577354,20.71343936022433,20.328729128024094,20.59082794189453,80651268
2013-05-03,20.77325276643332,21.017480553654206,20.749426634167495,20.99067497253418,100403496
2013-05-06,21.053719222293637,21.39102122437326,21.053719222293637,21.383575439453125,85566348
2013-05-07,21.419813837196873,21.44115804302039,21.113535928497374,21.27635383605957,78281640
2013-05-08,21.2706424446573,21.68960402077643,21.169129313888156,21.683399200439453,98633268
2013-05-09,21.61415258826617,21.833063582924417,21.54937085450936,21.630037307739258,87935976
2013-05-10,21.725097937868856,21.854905437206096,21.646915304194383,21.847211837768555,75832092
2013-05-13,21.81395289947339,21.90280858636375,21.677195236822715,21.78019905090332,57882060
2013-05-14,21.779452292772383,22.057186121607224,21.770517729280755,22.017723083496094,63108828
2013-05-15,22.22620957328415,22.74444827956212,22.18947627986594,22.73228645324707,159276564
2013-05-16,22.809478332189553,22.83380387909257,22.387788856931785,22.4339542388916,128255616
2013-05-17,22.586594882829765,22.672718927364567,22.35080602604255,22.565746307373047,111568320
2013-05-20,22.461999237099832,22.849189502282673,22.461999237099832,22.54961395263672,90817092
2013-05-21,22.53695693202892,22.627301399622976,22.278582877987063,22.510896682739258,79240680
2013-05-22,22.401439231594583,22.56897316740801,22.012262677168437,22.07530403137207,102321576
2013-05-23,21.76704352738382,22.088708634878326,21.69258378405381,21.910751342773438,90912996
2013-05-24,21.72385091980948,21.812210956022,21.61836709486683,21.675701141357422,91780128
2013-05-28,21.928371744235406,22.142816401457974,21.851430075717293,21.873023986816406,90209700
2013-05-29,21.735023716128005,21.791612433385275,21.451580717481026,21.551355361938477,80455464
2013-05-30,21.59132068679911,21.81420241909641,21.504203478042065,21.61216926574707,84743172
2013-05-31,21.54664496296708,21.767044756307556,21.531751500089253,21.623584747314453,78697224
2013-06-03,21.667763608599802,21.691837556279665,21.221500795974464,21.53447914123535,98928972
2013-06-04,21.539941669379903,21.607948778081212,21.19792360988117,21.32276725769043,74669256
2013-06-05,21.407401627434165,21.579651614129236,21.273871235793454,21.337657928466797,84187728
2013-06-06,21.451829086545136,21.502212984866844,21.02790554166254,21.460268020629883,103060836
2013-06-07,21.60372600561357,21.841501153890327,21.47714577841999,21.83479881286621,106877016
2013-06-10,21.893622060265937,22.11451743385012,21.843733794511362,22.09515953063965,93418488
2013-06-11,21.940035999889453,22.01524107512078,21.82958829979183,21.8367862701416,70233696
2013-06-12,21.977020706709514,21.990423498795074,21.58461873523573,21.64244842529297,88103808
2013-06-13,21.567986597428455,21.833062964357673,21.48161284658013,21.76704216003418,82713204
2013-06-14,21.843984208939,21.958156693002774,21.69581006419719,21.718395233154297,89710200
2013-06-17,21.822389622322866,22.075551973646224,21.79881130444311,21.996625900268555,85766148
2013-06-18,22.05619313050197,22.362720734757772,22.048749237300132,22.353288650512695,86589324
2013-06-19,22.371902065292772,22.606947474955373,22.275850309352183,22.35477638244629,116519364
2013-06-20,22.188728597721504,22.36271703996504,21.923652266699957,21.959144592285156,134745120
2013-06-21,22.04849825093502,22.086722214671564,21.669499118859104,21.86458396911621,159132708
2013-06-24,21.639963572982126,21.750163452256725,21.4257686347718,21.588090896606445,120555324
2013-06-25,21.773495675504297,21.83355947615863,21.45704224636318,21.49898910522461,102025872
2013-06-26,21.686378946817964,21.79186279490897,21.607450975764703,21.683897018432617,73182744
2013-06-27,21.81171786796977,21.957905704871717,21.758354521465368,21.768779754638672,76982940
2013-06-28,21.71492250889383,21.887172511598546,21.697301194576173,21.85068702697754,93878028
2013-07-01,22.001588436984424,22.141323634541976,21.965598588560464,22.037080764770508,68923008
2013-07-02,22.094666361113283,22.11452178885778,21.773746578366037,21.89883804321289,75584340
2013-07-03,21.839020361595843,22.0691000312136,21.804271474021668,22.001094818115234,41838120
2013-07-05,22.08994727424078,22.22397327328085,22.023676772210102,22.176319122314453,68007924
2013-07-08,22.31829337201826,22.49352092662738,22.26542753905983,22.464235305786133,78701220
2013-07-09,22.610919017018198,22.659318510204326,22.28776325299606,22.46795654296875,79096824
2013-07-10,22.42352711170509,22.61439155276639,22.34733078065293,22.486570358276367,68267664
2013-07-11,22.660558071789776,22.85440006359469,22.549365043300178,22.840253829956055,103264632
2013-07-12,22.834296521565832,22.908756256103516,22.716153339200496,22.908756256103516,102625272
2013-07-15,22.941022768715765,23.032856005706346,22.743953503837947,22.950702667236328,78341580
2013-07-16,23.011261411517975,23.032109986547667,22.682895881871925,22.824617385864258,79240680
2013-07-17,22.85911846326987,23.00456287160023,22.742464045839945,22.798309326171875,60183756
2013-07-18,22.80923130823098,22.83430029950025,22.417077145907545,22.602977752685547,145234620
2013-07-19,22.005564517401144,22.411121496557026,21.732546690198276,22.253515243530273,294077628
2013-07-22,22.387540223654575,22.65236878641954,22.263440023828103,22.603473663330078,116011872
2013-07-23,22.603475402873666,22.660561650524244,22.327230326883136,22.432218551635742,81746172
2013-07-24,22.518093258242768,22.59354425842448,22.35527346168667,22.40987777709961,83056860
2013-07-25,22.185753641807384,22.25971585843729,21.992405382630213,22.03261375427246,119923956
2013-07-26,22.014994852828877,22.089454598276426,21.89114246101473,21.97429084777832,71036892
2013-07-29,21.963119766924354,22.209331961457263,21.863591041570658,21.897842407226562,75600324
2013-07-30,21.977018788914876,22.22894018186793,21.863096011985824,22.11253547668457,70153776
2013-07-31,22.16391072259373,22.25127572506264,21.994888017148114,22.03385353088379,86853060
2013-08-01,22.213799701159257,22.450831424783242,22.213799701159257,22.44264030456543,85450464
2013-08-02,22.42328002189759,22.511640074086976,22.35825236568551,22.500967025756836,68487444
2013-08-05,22.4716817001499,22.47490896392544,22.318046162324418,22.46200180053711,52335612
2013-08-06,22.454305049742334,22.578900871246685,22.231918987790305,22.25276756286621,60183756
2013-08-07,22.214791989318304,22.29942914762144,22.06711347520167,22.1058349609375,55112832
2013-08-08,22.22596479663749,22.234651546376462,21.972800523103686,22.155723571777344,59460480
2013-08-09,22.103601219543723,22.226708278283443,22.089702798280285,22.09988021850586,52895052
2013-08-12,22.012761132154274,22.01524306065641,21.88245610236459,21.978261947631836,55024920
2013-08-13,22.011024224727386,22.052473565149718,21.747188796889212,21.872528076171875,56735208
2013-08-14,21.80104515522413,21.847210532518556,21.52281381908716,21.588586807250977,83204712
2013-08-15,21.455303007853765,21.467217019062236,21.29546268123264,21.3366641998291,74693232
2013-08-16,21.37687492979373,21.405664919728174,21.259227366615253,21.26841163635254,66936996
2013-08-19,21.28826514534142,21.64294061262872,21.281812510685963,21.485334396362305,72363564
2013-08-20,21.55234886030624,21.645672763282487,21.432964711908046,21.47962760925293,49270680
2013-08-21,21.60943800586172,21.764810133122957,21.506434190959375,21.576675415039062,70221708
2013-08-22,21.660317666656987,21.711199092289583,21.599510418802794,21.685386657714844,34761204
2013-08-23,21.787644326110655,21.791862847690478,21.58709997197589,21.5985164642334,43040916
2013-08-26,21.593303177003698,21.71491955079278,21.49526322945446,21.50370216369629,42057900
2013-08-27,21.33566946116311,21.43767820879012,21.044780708054933,21.100624084472656,69294636
2013-08-28,21.10310966180742,21.23117866243019,21.0415551978301,21.060914993286133,53142804
2013-08-29,21.07382018166974,21.354533431279314,21.061908062115375,21.23167610168457,59080860
2013-08-30,21.23986644329078,21.29645516221098,20.98670409499453,21.019962310791016,74389536
2013-09-03,21.20512283752374,21.498741418567313,21.194945417036962,21.354537963867188,81822096
2013-09-04,21.35379249571063,21.680175558520446,21.22522784016832,21.63376235961914,81566352
2013-09-05,21.68017151059725,21.838521170880096,21.633260799716513,21.83057975769043,51600348
2013-09-06,21.902062255116334,21.93532236488322,21.68612881469087,21.831079483032227,62401536
2013-09-09,21.934079396959508,22.083496400515305,21.901566514258825,22.041301727294922,49334616
2013-09-10,22.090196228990536,22.13933916089911,21.94077924243273,22.05668830871582,51452496
2013-09-11,22.05346632346459,22.262697429607833,21.99240747918242,22.243337631225586,64359576
2013-09-12,22.27336737178644,22.28577890493643,22.08995060130072,22.1656494140625,43776180
2013-09-13,22.20139121034615,22.230676828789726,21.96162975188776,22.066617965698242,52962984
2013-09-16,22.24358419412413,22.263439620388187,21.962375287833048,22.034103393554688,53406540
2013-09-17,22.025417687615267,22.049741342626078,21.866322672055745,21.993152618408203,50325624
2013-09-18,21.999105760841566,22.436432061799202,21.917695875203915,22.420299530029297,77310612
2013-09-19,22.486571529405143,22.486571529405143,22.223729264872823,22.29793930053711,63852084
2013-09-20,22.297940510237794,22.440407366367605,22.229189956502935,22.415090560913086,173638188
2013-09-23,22.24234224926152,22.37736141196014,21.9705635474011,22.002830505371094,71024904
2013-09-24,22.002831588523,22.092182898883745,21.876249462012325,22.01127052307129,59412528
2013-09-25,22.004069551209945,22.004069551209945,21.732292764755744,21.772748947143555,65894040
2013-09-26,21.79930500696418,21.909754585435916,21.717399491959025,21.796079635620117,50345604
2013-09-27,21.712934232604795,21.779950080611748,21.625818926993997,21.751903533935547,50301648
2013-09-30,21.570468092122972,21.86235003476926,21.55135611009792,21.739988327026367,68827104
2013-10-01,21.847707676544097,22.031871677831344,21.842743819863998,22.015241622924805,67324608
2013-10-02,21.9092592581876,22.073815639750862,21.787393177157035,22.039812088012695,59752188
2013-10-03,22.040060181616386,22.191461588808476,21.645424129956307,21.744455337524414,84595320
2013-10-04,21.717401499121273,21.779699410510982,21.59330319701158,21.651630401611328,54265680
2013-10-07,21.530016117231835,21.692338413815744,21.44711742970168,21.487573623657227,51692256
2013-10-08,21.47714620497967,21.493526552730305,21.137360398042006,21.1879940032959,77670252
2013-10-09,21.25277485858335,21.41087671896596,20.922670825885383,21.24234962463379,105945948
2013-10-10,21.440414839870645,21.56426533804755,21.35031818985275,21.54962158203125,90121788
2013-10-11,21.494764354766822,21.679671761591642,21.47664552491631,21.642690658569336,56299644
2013-10-14,21.51040714352258,21.748430141123077,21.47888551641633,21.74495506286621,49694256
2013-10-15,21.736267445037935,21.981238697655378,21.69258399163406,21.89139175415039,63612324
2013-10-16,21.98719371619583,22.296449156752047,21.94102833855507,22.289003372192383,80223696
2013-10-17,22.16391237229782,22.260957279736626,21.983719085491273,22.059669494628906,170093736
2013-10-18,24.238607337060486,25.203606447823876,24.174572827662992,25.103084564208984,462193344
2013-10-21,25.10432317712421,25.291466614416798,24.808718343895485,24.90179443359375,144986868
2013-10-22,24.943987077792453,25.142545113526264,24.715396198026422,24.99362564086914,88255656
2013-10-23,24.844710524736566,25.68238216860881,24.8355262546281,25.599483489990234,106421472
2013-10-24,25.610901422153738,25.82683488024035,25.435424155948123,25.454038619995117,83600316
2013-10-25,25.535200457059368,25.535200457059368,25.0864575662899,25.197153091430664,81138780
2013-10-28,25.197150212053614,25.40141744561016,25.142298084768882,25.19218635559082,46301652
2013-10-29,25.293948019406546,25.73673575702175,25.154958142807956,25.719362258911133,64135800
2013-10-30,25.74889768159882,25.750883980933015,25.465206843834206,25.574909210205078,52911036
2013-10-31,25.53792660361447,25.850409304846508,25.414819561521803,25.578880310058594,65534400
2013-11-01,25.60891558511559,25.713406284172148,25.442868521599248,25.49102020263672,51280668
2013-11-04,25.601711845399706,25.62330575424703,25.366668342958075,25.467933654785156,45506448
2013-11-05,25.32497374714425,25.605437317391424,25.252250600279556,25.354013442993164,47208744
2013-11-06,25.455279298616794,25.49002629519904,25.201371598907222,25.384540557861328,36479484
2013-11-07,25.381067879657284,25.413830469261733,25.009512608025613,25.017208099365234,67116816
2013-11-08,25.03706353067651,25.279057222615354,25.03085870973298,25.21775245666504,51580368
2013-11-11,25.055927555654517,25.21527038331018,25.018448924000108,25.082731246948242,44459496
2013-11-12,25.011003122327732,25.255726555569673,24.943989164853622,25.112268447875977,48675276
2013-11-13,24.987425188236966,25.63522363428724,24.981220367237537,25.625791549682617,63112824
2013-11-14,25.661781092529413,25.806480164883595,25.57317322298829,25.694293975830078,46621332
2013-11-15,25.685358248883734,25.763045251737275,25.5721789152649,25.652843475341797,51000948
2013-11-18,25.7072034792824,26.029613949066032,25.545626522615382,25.60296058654785,70317612
2013-11-19,25.607177314165952,25.68238239374634,25.391989201538415,25.44535255432129,45218736
2013-11-20,25.56324637428415,25.647881647925868,25.325223382091593,25.373620986938477,38509452
2013-11-21,25.49002719815446,25.770740490428324,25.465207914002235,25.665504455566406,43628328
2013-11-22,25.649371052504268,25.717625978359834,25.545128163192132,25.61139678955078,50117832
2013-11-25,25.742191754368264,26.140055022442084,25.68907811757031,25.959861755371094,64455480
2013-11-26,26.02613651800718,26.346312844768935,25.88565596710288,26.26961898803711,91360548
2013-11-27,26.359466848313613,26.50764099335405,26.309082947550067,26.386272430419922,44899056
2013-11-29,26.36269299978504,26.473388509761836,26.295429341157572,26.298904418945312,47664288
2013-12-02,26.39619982438061,26.46668696501481,26.079746405689445,26.172075271606445,54873072
2013-12-03,26.084465863311305,26.394466687488723,26.03656388513418,26.141799926757812,66976956
2013-12-04,26.09488757873674,26.407865940993414,26.0608840243564,26.263912200927734,47616336
2013-12-05,26.239584096168475,26.300642934429742,26.087936771126618,26.243061065673828,45302652
2013-12-06,26.552067945446762,26.55727961613141,26.311065537623247,26.554052352905273,57094848
2013-12-09,26.58185382921936,26.862814930272474,26.508137530045918,26.759315490722656,59244696
2013-12-10,26.709923281658103,27.111011963751093,26.697511748797616,26.921140670776367,74081844
2013-12-11,26.989150405027395,27.086445034663946,26.68560409988447,26.738222122192383,68403528
2013-12-12,26.79481021413088,26.878454234227313,26.532465444115644,26.556291580200195,63796140
2013-12-13,26.69131028130017,26.713397930380086,26.25671365260258,26.328689575195312,86409504
2013-12-16,26.408361060127582,26.673685237566087,26.358968419007635,26.631242752075195,64015920
2013-12-17,26.627269069942948,26.82433830830788,26.51706920038009,26.553802490234375,61366572
2013-12-18,26.603195983103866,26.92833803237196,26.285253795594556,26.92337417602539,88323588
2013-12-19,26.824590984248832,27.103072048867393,26.782646016510096,26.959861755371094,66561372
2013-12-20,27.011484199373,27.330915161676867,27.004036523227423,27.317264556884766,130333536
2013-12-23,27.496467225398447,27.694032128982883,27.42895763862156,27.676658630371094,68795136
2013-12-24,27.67343019815319,27.680132539505777,27.50291869937912,27.595745086669922,29338632
2013-12-26,27.649602985908352,27.77345347171882,27.517561380446757,27.735231399536133,53458488
2013-12-27,27.798274830734208,27.805223094632463,27.623045403863653,27.758562088012695,62725212
2013-12-30,27.806714711751923,27.81068541864521,27.52575362113495,27.536672592163086,49394556
2013-12-31,27.605672745547242,27.823094958221706,27.45724889528154,27.81589698791504,54261684
2014-01-02,27.685593295332467,27.74243172534087,27.506890668387985,27.62751579284668,72783144
2014-01-03,27.67417621499381,27.722078188437397,27.42424111376404,27.42597770690918,66601332
2014-01-06,27.62478359319762,27.76997828235626,27.461715994534845,27.73175621032715,70701228
2014-01-07,27.922374064142595,28.286979164043593,27.82706574848501,28.26637840270996,102001896
2014-01-08,28.443590123637833,28.476352709400235,28.12812987540454,28.325199127197266,89610300
2014-01-09,28.38005513292329,28.399414931326877,27.93627611520823,28.052433013916016,83296620
2014-01-10,28.271840672858414,28.271840672858414,27.854120024711452,28.05094337463379,85654260
2014-01-13,27.958859742135772,28.466177612906723,27.728034736174827,27.87224006652832,96659244
2014-01-14,28.24379243953216,28.567693550033937,27.99906900571754,28.52798080444336,99204696
2014-01-15,28.617084513009857,28.66697278692995,28.38874142640008,28.508621215820312,77929992
2014-01-16,28.52053216568497,28.739690958702667,28.49323095637627,28.697250366210938,67288644
2014-01-17,28.712887353390823,28.806706891140415,28.3989177496034,28.556026458740234,107943948
2014-01-21,28.814155420516677,28.890353653009928,28.575141163340483,28.88290786743164,79116804
2014-01-22,28.95513152676595,28.98690096641948,28.762778295680427,28.915668487548828,62793144
2014-01-23,28.791070470513272,28.852870860248355,28.651333374521617,28.79355239868164,77886036
2014-01-24,28.567939314629413,28.63098256069171,27.87273458175133,27.893335342407227,155544300
2014-01-27,27.949678864883687,27.959606578570295,26.861822396995745,27.332406997680664,173969856
2014-01-28,27.558019282727127,27.94099103868417,27.548587198402828,27.872983932495117,88319592
2014-01-29,27.77643178923808,27.841707254173407,27.287480609100303,27.473628997802734,95100804
2014-01-30,28.418770643745557,28.604671217849617,27.978217061297045,28.18025016784668,203452344
2014-01-31,29.072778001011706,29.449792765708168,28.570919588129396,29.311546325683594,222429348
2014-02-03,29.267613244519072,29.330158971987423,28.096362539181502,28.131607055664062,182581236
2014-02-04,28.24478204394215,28.666968978167336,28.220460284023638,28.24900245666504,112363524
2014-02-05,28.37856605190029,28.56198472235339,27.997332769594657,28.37409782409668,95684220
2014-02-06,28.5709203068863,28.79504488114516,28.482064618630243,28.790081024169922,77786136
2014-02-07,28.980449785408084,29.235348758907193,28.804972523314866,29.22393226623535,105342552
2014-02-10,29.083947256860345,29.34703924201248,29.014948888583728,29.111995697021484,77730192
2014-02-11,29.29169190394001,29.582083214797294,29.09412509771415,29.540138244628906,81949968
2014-02-12,29.51085006714006,29.53566935168522,29.321722200450147,29.453516006469727,68911020
2014-02-13,29.30608291924008,29.78138542175293,29.27902952293578,29.78138542175293,73382544
2014-02-14,29.674906327837864,29.892826058766044,29.605162631041416,29.853361129760742,87380532
2014-02-18,29.818861964553257,30.10329812903485,29.783865263039484,30.053905487060547,84271644
2014-02-19,29.91541415187415,30.012708774970125,29.721818055416314,29.841947555541992,84059856
2014-02-20,29.861801768963126,29.954875974832426,29.78932832531241,29.88587760925293,67963968
2014-02-21,29.977710047038343,30.028839283614346,29.854355183243467,29.877933502197266,74417508
2014-02-24,29.916898722524923,30.284233544230375,29.91044608773142,30.094362258911133,66905028
2014-02-25,30.179498012086665,30.391956390978642,30.042492530536737,30.2802677154541,57490452
2014-02-26,30.379545370033334,30.500666125158915,30.12538984669736,30.28448486328125,79208712
2014-02-27,30.24030531642895,30.385254095498397,30.206053948121376,30.260658264160156,50349600
2014-02-28,30.28870313596101,30.38425926495747,29.93824616643327,30.172298431396484,92451456
2014-03-03,29.951403320215288,29.97845671835288,29.588782605887832,29.85063362121582,84107808
2014-03-04,30.15616287038945,30.18098215186585,30.019654930555717,30.153928756713867,58649292
2014-03-05,30.15740439726715,30.35670966306812,30.067059940950788,30.237075805664062,49362588
2014-03-06,30.33685463660486,30.432908291705967,30.2455170237711,30.270586013793945,50673276
2014-03-07,30.449038146378687,30.45375418823098,30.06780490032599,30.150951385498047,60543396
2014-03-10,30.17329005759329,30.221689550599322,29.885378811255745,30.071033477783203,48535416
2014-03-11,30.12563697858967,30.13928758457125,29.700472435218664,29.783618927001953,68451480
2014-03-12,29.694515796870345,29.978704164500382,29.39146515181107,29.96505355834961,78493428
2014-03-13,29.981182773392128,30.044473832070057,29.405610022896056,29.5123348236084,93730176
2014-03-14,29.336861836187914,29.55726351665775,29.10206610558723,29.108766555786133,91664244
2014-03-17,29.268854186034964,29.71114439725928,29.24055793370612,29.58778953552246,86397516
2014-03-18,29.65157559796232,30.070039667263472,29.61161504030003,30.063337326049805,72527400
2014-03-19,30.076740724027186,30.081456766077153,29.645123561490276,29.76525115966797,64451484
2014-03-20,29.782626996026934,30.02238847395373,29.66870420957161,29.713380813598633,67320612
2014-03-21,29.940479831177175,30.022880982574527,29.34827700636272,29.3629207611084,128211660
2014-03-24,29.391463698326827,29.409085010689118,28.442351249618213,28.73969268798828,121362516
2014-03-25,28.939989165287184,29.0352974806741,28.468413336593837,28.759302139282227,96311592
2014-03-26,28.840957994152628,29.0782375249868,28.083705032819942,28.095369338989258,103096800
2014-03-27,28.0675695127916,28.094622908189276,27.353998138442744,27.65630531311035,152735112
2014-03-28,27.77345788290646,28.12565338328072,27.742929404863727,27.802001953125,90265644
2014-03-31,28.056402250605217,28.170572843903457,27.62081248449518,27.66201400756836,77614308
2014-04-01,27.804976264807596,28.232622721996847,27.74863535791674,28.167844772338867,87152760
2014-04-02,28.34183438778119,28.413812207211553,27.89755782848928,28.173059463500977,83360556
2014-04-03,28.434489952841982,29.173879480171063,28.06851524409649,28.34076499938965,80366000
2014-04-04,28.6903729929248,28.74839373966035,27.001333836333977,27.03902244567871,107274000
2014-04-07,27.016212615478896,27.26713898300471,26.309057864607045,26.809917449951172,79232000
2014-04-08,27.029107001616843,27.76452775168279,27.011750527858407,27.64699935913086,69650000
2014-04-09,28.060085027475598,28.15728127948776,27.54137144455441,28.119592666625977,60632000
2014-04-10,28.167199741675528,28.17761362589624,27.0514215679072,27.11043357849121,65890000
2014-04-11,26.67651810723379,27.155063012936353,26.451379592781905,26.667593002319336,63494000
2014-04-14,26.96017631645483,27.42433854795398,26.80446179234138,27.036544799804688,50824000
2014-04-15,27.324166807458184,27.417893656616627,26.31451188946098,27.21010971069336,79956000
2014-04-16,27.65642030439549,27.968838704772022,27.428306122659958,27.963878631591797,91644000
2014-04-17,27.587987531038774,27.62170922076811,26.748921670157614,26.944307327270508,112294000
2014-04-21,26.97703566678436,26.97703566678436,26.481134289760483,26.747432708740234,48502000
2014-04-22,26.58031351703078,27.175395558217907,26.58031351703078,27.051420211791992,46622000
2014-04-23,26.960671051186797,27.016707393489355,26.190039870426613,26.655195236206055,39114000
2014-04-24,26.862480307314815,26.902648953349402,26.332361628989286,26.502952575683594,41348000
2014-04-25,26.394847185456793,26.474191328997914,25.910846585656433,25.940601348876953,47400000
2014-04-28,26.074495351225767,26.07945353264948,25.340559647416576,25.934650421142578,75056000
2014-04-29,25.979774872576336,26.667590535154314,25.9356393059179,26.596675872802734,50704000
2014-04-30,26.536675306320323,26.597174200518037,26.237646454736083,26.52477264404297,40770000
2014-05-01,26.493529736713057,26.77421084430802,26.424599478052205,26.70577621459961,40086000
2014-05-02,26.85008684145745,26.897693710466534,26.444934717583457,26.474689483642578,35616000
2014-05-05,26.29467538208267,26.566429520002217,26.162766182701304,26.547090530395508,24568000
2014-05-06,26.451876939415957,26.508410804970953,25.898947926095882,25.91431999206543,36700000
2014-05-07,25.948037785610754,26.00655415839487,25.345021957748134,25.68768882751465,61486000
2014-05-08,25.574625472892016,26.15135978115987,25.51214217093092,25.79530143737793,49040000
2014-05-09,25.719928009062958,26.151361715259636,25.5032189520802,26.11515998840332,45224000
2014-05-12,26.37401601987242,26.71668478529247,26.159291404789787,26.700815200805664,38968000
2014-05-13,26.75784716302876,26.976538721537537,26.674536093120654,26.855043411254883,40240000
2014-05-14,26.868928344189378,26.868928344189378,26.43699904161931,26.501466751098633,25618000
2014-05-15,26.438484484468837,26.481133166379244,26.050193253586233,26.239131927490234,36658000
2014-05-16,26.262938799373828,26.324430847978117,25.963909924734505,26.19847297668457,38154000
2014-05-19,26.22723219489297,26.74644137402414,26.067552648100254,26.720653533935547,39530000
2014-05-20,26.77867471410419,27.093571260332705,26.608581281083023,26.798015594482422,48506000
2014-05-21,26.922485785435374,27.262177012609836,26.883308396842846,27.25969886779785,31294000
2014-05-22,27.383673431983816,27.669312718436654,27.32416390734238,27.54483985900879,42994000
2014-05-23,27.677740896771702,28.018425247936708,27.48136401477136,27.95891761779785,53450000
2014-05-27,28.15628728284804,28.50788116455078,27.97627560419169,28.50788116455078,43716000
2014-05-28,28.493005108092053,28.646237691673583,28.263897784443962,28.288692474365234,31632000
2014-05-29,28.434489960386376,28.43895251291948,28.18951493262688,28.29414939880371,28222000
2014-05-30,28.347702308124234,28.39431601582079,28.05759861331453,28.34819793701172,37434000
2014-06-02,28.25397768798285,28.28670811424724,27.60682629714964,27.985694885253906,33210000
2014-06-03,27.81510710162253,27.889493061622144,27.40003677424054,27.498226165771484,40626000
2014-06-04,27.34995524864875,27.700062285772496,27.2031677174687,27.461036682128906,34582000
2014-06-05,27.62716179685026,28.01842872259805,27.525007365924164,28.014957427978516,35868000
2014-06-06,28.17513330430059,28.206870583514736,27.749649079418546,28.06950569152832,34804000
2014-06-09,28.105211726584987,28.36556072067828,28.029338872218123,28.302581787109375,30594000
2014-06-10,28.205877040781978,28.365558475985537,28.074463481640148,28.18207550048828,29676000
2014-06-11,28.064049763595253,28.21529983225256,27.95296834138302,28.14240264892578,22580000
2014-06-12,28.117609719530556,28.117609719530556,27.629146538530613,27.745683670043945,30930000
2014-06-13,27.774444618148646,27.802710603754196,27.45905244052087,27.78783416748047,27066000
2014-06-16,27.634102463615317,27.670799814917533,27.274574735155507,27.38863182067871,39436000
2014-06-17,27.391607470194874,27.46004209981176,27.149112492825086,27.305320739746094,29552000
2014-06-18,27.413427373515336,27.839902858205125,27.35292848032739,27.803207397460938,41212000
2014-06-19,27.82750921251449,28.018430428211058,27.605344451626497,28.017934799194336,52548000
2014-06-20,28.09033401856905,28.10620171263577,27.739235749208635,28.09380531311035,63212000
2014-06-23,27.986196423427206,28.486560380253078,27.94404336637322,28.479122161865234,34456000
2014-06-24,28.475648865902965,28.873856469875015,28.224722515772214,28.392337799072266,56886000
2014-06-25,28.442423407106077,29.124287804227574,28.42804260003566,29.05634880065918,42294000
2014-06-26,29.22346987763745,29.238346314403245,28.742444910597026,28.99882698059082,40248000
2014-06-27,29.032546189996438,29.153050243815237,28.89220751812941,29.044448852539062,40426000
2014-06-30,29.097507261059505,29.144618495142275,28.9254294303052,28.993864059448242,29578000
2014-07-01,29.141645724991374,29.4396833316378,29.07420423875819,29.33207130432129,32864000
2014-07-02,29.37025635519992,29.463981308560818,29.214046207884763,29.29686164855957,23916000
2014-07-03,29.34248074916729,29.468936117829365,29.20858905495267,29.41091537475586,17978000
2014-07-07,29.43224346250845,29.538364813452798,29.156024897530394,29.295869827270508,26734000
2014-07-08,29.078169550976927,29.15751369561005,28.464739789908997,28.68293571472168,42504000
2014-07-09,28.710212013953598,28.965600934360467,28.61351139150272,28.928903579711914,27456000
2014-07-10,28.415149301037637,29.022629639508096,28.37051810021823,28.764265060424805,28724000
2014-07-11,28.811870770893147,29.170409165269177,28.791043002759807,29.092056274414062,30232000
2014-07-14,29.28793806056393,29.499191411231383,29.094039291926368,29.469436645507812,39032000
2014-07-15,29.51357440399044,29.52101262304351,29.025606803598855,29.409931182861328,33476000
2014-07-16,29.59985476723753,29.60531046894741,29.270577441743068,29.288925170898438,28816000
2014-07-17,29.207105059278476,29.23338853018822,28.60607354851832,28.802946090698242,58706000
2014-07-18,29.90334752649718,30.08633487270341,29.30380295849071,30.007488250732422,97432000
2014-07-21,29.821027157103543,29.96037645184753,29.478855903095464,29.676721572875977,44758000
2014-07-22,29.739205559771634,30.1949382800524,29.717384643543838,29.93111801147461,37632000
2014-07-23,29.855744811639255,30.10369551260775,29.82102997312704,30.011457443237305,22120000
2014-07-24,30.028315503984437,30.19592889106958,29.80367073689565,29.90334701538086,27100000
2014-07-25,29.71689336028642,29.803675733787788,29.543328613283688,29.658872604370117,27200000
2014-07-28,29.64250546041946,29.80863196710666,29.38661903417362,29.70548439025879,27162000
2014-07-29,29.640024518203795,29.67920001436478,29.365790369936214,29.45406150817871,27332000
2014-07-30,29.546299908629678,29.677217838921425,29.39207417526992,29.527950286865234,24302000
2014-07-31,29.206607684858348,29.356866499425646,28.647231744408636,28.739965438842773,46190000
2014-08-01,28.690376912111084,28.93237629461598,28.281257855352084,28.44490623474121,44266000
2014-08-04,28.589211916263242,28.95171533797588,28.378454200928623,28.87485122680664,30388000
2014-08-05,28.73153518382445,28.772199461843147,28.28175187236579,28.42209243774414,32876000
2014-08-06,28.241581520488886,28.694834177211323,28.139920838381432,28.489036560058594,26456000
2014-08-07,28.566400319978218,28.67847490056893,28.238114209063685,28.356138229370117,23260000
2014-08-08,28.366548788371837,28.740459207463918,28.217778762070424,28.66012191772461,29866000
2014-08-11,28.71269024421877,28.746907560014517,28.52920537423355,28.625905990600586,24068000
2014-08-12,28.514328251048838,28.558959449197285,28.261915018304162,28.371509552001953,27890000
2014-08-13,28.586234532394144,29.0662663141769,28.52424686150901,28.98841094970703,37988000
2014-08-14,29.09403922935701,29.149084316213294,28.807904281847875,28.992876052856445,25458000
2014-08-15,29.134207889079885,29.23189977087218,28.799970444084114,28.946260452270508,34468000
2014-08-18,29.114371024578098,29.5086136251229,29.08709629597439,29.39207649230957,29320000
2014-08-19,29.5353863358731,29.645476491521414,29.478358742358523,29.610763549804688,20864000
2014-08-20,29.60283294241242,29.60481735003339,29.406951668886453,29.526464462280273,19346000
2014-08-21,29.50117508614196,29.518531559454463,29.31273202466788,29.378190994262695,22640000
2014-08-22,29.42033984540451,29.505635318280785,29.248262012790846,29.384140014648438,17544000
2014-08-25,29.494727089167792,29.5348938450143,29.221484186705528,29.286447525024414,25912000
2014-08-26,29.357363216879122,29.35984325355546,29.131727172175225,29.164953231811523,29434000
2014-08-27,29.149580789908754,29.22694242617993,28.806913858601806,28.911052703857422,27292000
2014-08-28,28.763272230224167,28.995850862737655,28.657148983389185,28.77815055847168,28116000
2014-08-29,28.87881688629037,28.906091613262365,28.67500176916663,28.87931251525879,24122000
2014-09-02,28.90856849768754,29.22346691655696,28.88129566361826,29.19024085998535,31660000
2014-09-03,29.34396952672278,29.480838777895606,29.08461372169948,29.234375,31580000
2014-09-04,29.363805833794487,29.65489891330081,29.287932991459392,29.413890838623047,32616000
2014-09-05,29.512579811358957,29.679697581791725,29.434226922205955,29.643993377685547,35982000
2014-09-08,29.71143543186433,29.928640095891037,29.655892828806575,29.83491325378418,31984000
2014-09-09,29.767470224607976,29.78383543812496,29.281982762836407,29.355871200561523,31424000
2014-09-10,29.344465276209718,29.442654662975997,29.11635111779341,29.427776336669922,23202000
2014-09-11,29.258181616012912,29.35488223442366,29.06180471361843,29.3132266998291,30028000
2014-09-12,29.277519732075323,29.33157166112131,28.924932716527916,29.00527000427246,37030000
2014-09-15,28.873363637892318,28.95667471279341,28.614007786847477,28.843610763549805,30908000
2014-09-16,28.809392058490346,29.26562043245229,28.809392058490346,29.197681427001953,31592000
2014-09-17,29.23388340187718,29.559193841014647,29.11536375477926,29.42133331298828,34390000
2014-09-18,29.508613669586246,29.63308464998371,29.407944231414394,29.618703842163086,29890000
2014-09-19,29.7287921438991,30.021869659423828,29.643001039659282,30.021869659423828,83832000
2014-09-22,29.878059687074373,29.942527399481516,29.412904304830032,29.618703842163086,35644000
2014-09-23,29.506130468479643,29.587954645638778,29.270080562110437,29.316696166992188,28074000
2014-09-24,29.336038518829184,29.75953834044944,29.27305769701125,29.675729751586914,35160000
2014-09-25,29.6048188392191,29.658375147115503,28.99733847872853,29.02263069152832,33420000
2014-09-26,29.056347527196074,29.236856726265398,29.010229442454655,29.154041290283203,25782000
2014-09-29,28.85303116952218,29.2239659702676,28.8401391402537,29.149580001831055,22874000
2014-09-30,29.13371217997261,29.30777254561991,28.98543776446375,29.17933464050293,31430000
2014-10-01,29.099493549442336,29.194707281658815,28.664091057029133,28.743932723999023,28954000
2014-10-02,28.663099052611475,28.922952401804373,28.467217782781844,28.805919647216797,30726000
2014-10-03,28.965600970960747,29.17338302390062,28.935846205663754,29.072219848632812,24290000
2014-10-06,29.255702403966314,29.3771996083384,29.03006825188646,29.14809226989746,25722000
2014-10-07,29.005272346970877,29.052381691378198,28.469697952270508,28.469697952270508,30914000
2014-10-08,28.50391433240746,28.994857511429537,28.14934478414528,28.94774627685547,44158000
2014-10-09,28.84211966893014,28.88774212651552,28.218276023570677,28.306547164916992,48234000
2014-10-10,28.14091722667772,28.525735301043337,27.523023000035742,27.531949996948242,59574000
2014-10-13,27.52897160092228,27.81411525257574,26.9983573132289,27.014225006103516,55116000
2014-10-14,27.281515905648117,27.70253565312125,27.00182796242312,27.209609985351562,52198000
2014-10-15,26.88182241112267,26.97306732781607,26.204420558201,26.814876556396484,76720000
2014-10-16,26.134002071127014,26.82776721169738,26.032341384223656,26.62593650817871,76100000
2014-10-17,26.80098679142634,26.94975870557119,25.7080209583571,25.934152603149414,119930000
2014-10-20,25.80918242713571,26.43947483006213,25.74422099083138,26.400793075561523,54964000
2014-10-21,26.643293978982797,26.717678050802483,26.292691340830846,26.68098258972168,49190000
2014-10-22,26.83074458068952,27.312265165147103,26.79008030334629,26.912073135375977,59474000
2014-10-23,27.18928134373698,27.641544688831292,27.051420815967177,27.455581665039062,43026000
2014-10-24,27.52153489800793,27.522526155938767,27.03455863063362,27.22002601623535,43508000
2014-10-27,27.16349706299721,27.472939826004268,27.135726704141227,27.268627166748047,31934000
2014-10-28,27.359374299703347,27.73080279436451,27.295897851928483,27.717910766601562,34774000
2014-10-29,27.81262832369677,28.01694096260981,27.571124594814563,27.693613052368164,41066000
2014-10-30,27.68369687031512,27.8944545933443,27.380205446478897,27.78386878967285,32250000
2014-10-31,28.182076630843113,28.20340002719913,28.009005639961654,28.160751342773438,46810000
2014-11-03,27.945529116076376,28.12504516277656,27.851306648806492,27.957429885864258,30834000
2014-11-04,27.828005010957177,28.008016714240455,27.68617755104569,27.978261947631836,27726000
2014-11-05,28.107194202607097,28.11264801292191,27.48037490055596,27.569637298583984,32906000
2014-11-06,27.547319945256252,27.611787651210893,27.303336190583288,27.358381271362305,33014000
2014-11-07,27.55227989595601,27.55227989595601,27.24234154985563,27.36482810974121,31782000
2014-11-10,27.3935924295376,27.801718287274266,27.3549106699568,27.682703018188477,26090000
2014-11-11,27.69708297398543,27.89445112237893,27.58401714762818,27.834447860717773,21966000
2014-11-12,27.827506693286914,27.832464874719058,27.547321203673196,27.68369483947754,21882000
2014-11-13,27.810647882008972,27.811143511017043,27.477401692349897,27.59393882751465,30220000
2014-11-14,27.671297410927586,27.671297410927586,27.399047651517506,27.531949996948242,28502000
2014-11-17,27.531947545087686,27.531947545087686,26.998853215591307,27.107952117919922,33612000
2014-11-18,27.171926692607034,27.412934817870653,26.967120294892197,27.002328872680664,36440000
2014-11-19,27.01422591837934,27.186303751401503,26.738504882379964,27.135723114013672,30346000
2014-11-20,26.882318225797246,27.04546907156128,26.85306098212415,26.965133666992188,35016000
2014-11-21,27.3261496344454,27.3261496344454,27.026625156121387,27.07076072692871,50120000
2014-11-24,27.104483688535655,27.333589137585857,26.98447526163205,27.14961051940918,33076000
2014-11-25,27.13622105772923,27.398552567469814,27.12134462095954,27.236392974853516,38072000
2014-11-26,27.23639234372605,27.268625253218044,27.038031030062584,27.162006378173828,29604000
2014-11-28,27.125806734036228,27.25474026461603,27.00084012708314,27.228954315185547,24202000
2014-12-01,27.03108599692254,27.214570857571942,26.710238142826782,26.761316299438477,39888000
2014-12-02,26.751400379011983,26.870417545174213,26.513863567385307,26.70875358581543,41480000
2014-12-03,26.654697621811795,26.84859447501234,26.541136167007977,26.628414154052734,32476000
2014-12-04,26.661643081731963,26.91207382068864,26.52526943880661,26.906618118286133,32598000
2014-12-05,26.61502587063573,26.689411833522012,26.1468967435891,26.187559127807617,61402000
2014-12-08,26.244091952364183,26.472206121689236,26.13400179100183,26.318973541259766,64566000
2014-12-09,26.07846124672397,26.61254684305957,25.955972794022582,26.58576774597168,43322000
2014-12-10,26.57535553661522,26.7469377503086,26.15830266482095,26.185577392578125,46222000
2014-12-11,26.283270368080416,26.631888620553223,26.241119202227157,26.387409210205078,41426000
2014-12-12,26.155820312759804,26.393852731621312,25.859271519988923,25.861751556396484,47314000
2014-12-15,25.973327798363943,26.05316756445153,25.558755012731268,25.58057403564453,52352000
2014-12-16,25.469494153871885,25.567681654600698,24.65572059714176,24.70382308959961,86998000
2014-12-17,24.788124298859763,25.244850142208477,24.750931320186087,25.11492347717285,72788000
2014-12-18,25.58801386104919,25.60090778072348,25.12037848380091,25.520076751708984,77534000
2014-12-19,25.63760643212387,25.827040746638414,25.234438741091573,25.788856506347656,97442000
2014-12-22,25.817125272152172,26.430059482157553,25.816132122372064,26.396833419799805,66390000
2014-12-23,26.50642473321758,26.892731574784452,26.46724923553378,26.71767807006836,57544000
2014-12-24,26.720157368319203,26.793054551260504,26.53568124308059,26.626432418823242,14754000
2014-12-26,26.62643493061756,26.939844608134162,26.555024627816447,26.854053497314453,22270000
2014-12-29,26.803469687418925,26.973565013946356,26.637838805157305,26.64527702331543,44300000
2014-12-30,26.528741390283905,26.671561997143076,26.46179553137189,26.54461097717285,20972000
2014-12-31,26.666602389755372,26.699332822125402,26.292693804590023,26.315505981445312,24648000
2015-01-02,26.411706170235586,26.570396349230737,26.17764066273826,26.26045799255371,26480000
2015-01-05,26.141440429219443,26.183095962111732,25.67529382896273,25.76009178161621,41182000
2015-01-06,25.811667839004635,25.846876415134567,25.07029576570784,25.12434959411621,54456000
2015-01-07,25.33808069873763,25.36485790431801,24.976072931454695,25.050457000732422,46918000
2015-01-08,24.86995196750364,25.16699642626597,24.54811092499961,25.137739181518555,73054000
2015-01-09,25.200717842806696,25.221545610890498,24.728124245531504,24.830774307250977,42000000
2015-01-12,24.75738058619834,24.808954375529883,24.34429464256883,24.649274826049805,57138000
2015-01-13,24.922516898578568,25.221545763633,24.65919413025098,24.88433265686035,60958000
2015-01-14,24.81589513203065,25.204681985071584,24.703822456627375,25.089136123657227,52800000
2015-01-15,25.23592251951945,25.27856930708844,24.894742543827252,24.99392318725586,51068000
2015-01-16,24.951274568857933,25.33311881737609,24.94829890362507,25.313779830932617,49658000
2015-01-20,25.42833302468715,25.569169200886698,25.2597264947339,25.287992477416992,46796000
2015-01-21,25.33262663942792,25.87861493705752,25.270638965153605,25.80621337890625,46356000
2015-01-22,25.935641982816453,26.721149592800394,25.88159004863909,26.6447811126709,56068000
2015-01-23,26.6809813562442,27.04695604247036,26.567915529254652,26.87537384033203,45966000
2015-01-26,26.853063312403304,26.853063312403304,26.38542786832587,26.61602210998535,30932000
2015-01-27,26.3521995975943,26.420634231646282,25.829519108082973,25.845884323120117,39148000
2015-01-28,26.034822242462525,26.06903955847943,25.407507304437367,25.411474227905273,35822000
2015-01-29,25.434781865020337,25.548343324793095,24.96764210595776,25.451147079467773,79018000
2015-01-30,25.737283898903133,26.932406219626575,25.696619620132207,26.657180786132812,121108000
2015-02-02,26.49700250116337,26.60511015362786,25.872167586263934,26.39187240600586,75378000
2015-02-03,26.27979664583379,26.652218298064415,26.12457965499123,26.446420669555664,47062000
2015-02-04,26.438486504897366,26.617506938356748,26.03631006584765,26.089372634887695,33896000
2015-02-05,26.18012291883447,26.31699219302557,26.06656144991909,26.27434539794922,33176000
2015-02-06,26.332862306470247,26.789586336296473,26.21582954045871,26.47518539428711,42938000
2015-02-09,26.33533765344044,26.4751825813196,26.161277301678282,26.247068405151367,30314000
2015-02-10,26.38939327600725,26.82826518596834,26.24161449122016,26.786609649658203,47430000
2015-02-11,26.76528405270726,26.875374215825545,26.580312299499035,26.679492950439453,38306000
2015-02-12,26.761815109488662,27.192257545513392,26.629905910425613,27.07671356201172,48590000
2015-02-13,27.151096980535073,27.400536456486503,27.105970150369355,27.332101821899414,47382000
2015-02-17,27.332102697328448,27.42334761855795,26.940340129075707,27.027122497558594,39174000
2015-02-18,26.96810833337687,27.153080089510205,26.75635937118843,26.91008758544922,31164000
2015-02-19,26.901161666272937,27.11886195286686,26.81586619419472,27.098529815673828,30834000
2015-02-20,27.154569576266784,27.154569576266784,26.684456000266565,26.867938995361328,38234000
2015-02-23,26.729082956922916,26.743959391760264,26.381951640914796,26.53072166442871,32906000
2015-02-24,26.35963574491601,26.748918230341577,26.332361019234753,26.711727142333984,28406000
2015-02-25,26.70131367413935,27.253251372623044,26.679988387179915,27.142169952392578,40836000
2015-02-26,27.06332152210655,27.77692317187372,27.03108672294946,27.735267639160156,54032000
2015-02-27,27.678735143283944,28.237617351493522,27.623194430262107,27.90089988708496,68328000
2015-03-02,28.117609732292152,28.563424227857656,27.92668663410936,28.515321731567383,50406000
2015-03-03,28.581274660996446,28.80443065609995,28.291172813218694,28.7022762298584,50526000
2015-03-04,28.612022869052083,28.8431127286666,28.391346893614564,28.679466247558594,37964000
2015-03-05,28.74343670388251,28.920968353841317,28.67450644227373,28.833194732666016,35918000
2015-03-06,28.86146270113312,28.90014257258504,28.368536952412146,28.410192489624023,37592000
2015-03-09,28.312000921050046,28.536643805751243,28.219267227431153,28.469697952270508,23478000
2015-03-10,28.19100100506998,28.25447745522769,27.761549856643445,27.763038635253906,40080000
2015-03-11,27.760558738826912,27.977763404821363,27.54285844386434,27.556743621826172,40524000
2015-03-12,27.695100865810453,27.861723007930234,27.54881086246796,27.82849884033203,35602000
2015-03-13,27.732292666182627,27.986690312830884,27.290940746609365,27.4233455657959,35428000
2015-03-16,27.618238642281614,27.956443022936273,27.340037532370015,27.851808547973633,36856000
2015-03-17,27.68567635251468,27.802213474941897,27.49326827415622,27.65195655822754,28892000
2015-03-18,27.65790652474542,28.093309002192417,27.448140078719497,28.075952529907227,35324000
2015-03-19,27.994623849019984,28.11562352549206,27.875608580105705,27.952472686767578,24660000
2015-03-20,28.10322722392035,28.122566212036446,27.992641430387078,28.015947341918945,44320000
2015-03-23,28.068019149075543,28.24852836771795,27.92222476963317,28.03677749633789,30234000
2015-03-24,28.193977304775633,28.855509568803893,28.171660758825556,28.640289306640625,79156000
2015-03-25,28.641778339588054,28.76575369476025,28.117610931396484,28.117610931396484,53070000
2015-03-26,28.001069946713034,28.127029692344163,27.686669049151302,27.95098304748535,49842000
2015-03-27,27.861227604693646,27.97231092538727,27.618236978800084,27.648983001708984,34552000
2015-03-30,27.782877426269927,27.87759364275053,27.611295204391645,27.827011108398438,24788000
2015-03-31,27.668321182815355,27.891972812931563,27.506161596720883,27.50765037536621,34932000
2015-04-01,27.514096269795537,27.69609046649813,27.07770253910586,27.249284744262695,38902000
2015-04-02,27.146137606491664,27.175394849194866,26.80049315411126,26.843637466430664,47760000
2015-04-06,26.721147686010898,27.053402572990322,26.565435071288846,26.97455406188965,33718000
2015-04-07,27.026132706064068,27.282512901681653,26.95670680751052,27.019685745239258,27318000
2015-04-08,27.07621246740875,27.348959718384886,27.07621246740875,27.21704864501953,28386000
2015-04-09,27.23540168831244,27.243335535686125,26.875376406810727,27.176387786865234,32366000
2015-04-10,27.25325330182428,27.26713848033599,27.025634743344284,27.20217514038086,26104000
2015-04-13,27.12828571557167,27.436735297330877,27.091092733983057,27.20713233947754,29326000
2015-04-14,27.104486369087496,27.104486369087496,26.56742500645141,26.76776885986328,47206000
2015-04-15,26.67751281880942,26.93686866461666,26.40030297870069,26.830249786376953,46962000
2015-04-16,26.696849759396873,27.03802976523538,26.68445336019386,26.953231811523438,31722000
2015-04-17,26.645278894626806,26.768758621521986,26.233186067673152,26.418651580810547,49234000
2015-04-20,26.46873564094278,27.066297700203453,26.44889913211863,27.00331687927246,38508000
2015-04-21,27.091588085878954,27.163989640722676,26.888268599216065,26.923477172851562,29128000
2015-04-22,26.930421999173515,27.324167085273025,26.844135259292774,27.23391342163086,31806000
2015-04-23,27.294906521429535,27.828496482594353,27.278541307653953,27.644515991210938,78184000
2015-04-24,28.764762678828102,28.99535691705771,28.18455702804782,28.4478816986084,92168000
2015-04-27,28.403745691200935,28.540117445933227,27.884536468398597,28.073970794677734,48062000
2015-04-28,27.98470448811535,28.158766723954724,27.818082361538323,27.987184524536133,37178000
2015-04-29,27.7957670261414,28.060082925372953,27.720887326741288,27.839406967163086,33622000
2015-04-30,27.69906861016574,27.825523999179275,27.111922280020128,27.213581085205078,47240000
2015-05-01,27.299867020556977,27.335077487539767,26.969596510182956,27.332101821899414,36572000
2015-05-04,27.323670463790585,27.606334107447942,27.14514565901463,27.41541290283203,35260000
2015-05-05,27.282506940653757,27.40400412829008,26.89620013831182,26.929426193237305,28528000
2015-05-06,26.909594493245102,26.97356657819945,26.393856564951527,26.534692764282227,39034000
2015-05-07,26.575354383175068,27.036542806689447,26.453859077711392,26.879837036132812,31844000
2015-05-08,27.218540553162164,27.413428682728835,27.176885017324594,27.22250747680664,28226000
2015-05-11,27.199694941551265,27.44169619780149,27.056380604685234,27.065305709838867,21858000
2015-05-12,26.91802075916091,26.92546086857674,26.530722675982496,26.715694427490234,35282000
2015-05-13,26.801983669631728,26.96910144425895,26.728093331209017,26.753385543823242,24238000
2015-05-14,26.975545610537495,27.259202380323543,26.90264842937545,27.234901428222656,31736000
2015-05-15,27.293920426022495,27.304334310992402,26.902653458520987,27.10051727294922,33440000
2015-05-18,26.968108036391747,27.192255287067976,26.890250780477007,27.109439849853516,26706000
2015-05-19,27.175397977909448,27.44318520404442,27.13175992331358,27.238874435424805,47126000
2015-05-20,27.320197430731294,27.575586330090744,27.03158247415614,27.399045944213867,30840000
2015-05-21,27.284493253387403,27.651956723777168,27.239862054993047,27.61228370666504,34170000
2015-05-22,27.495744503837685,27.683196279601084,27.454088974048805,27.498720169067383,24266000
2015-05-26,27.402518795356663,27.439711778050214,26.925958284692953,27.135229110717773,37474000
2015-05-27,27.209117713257594,27.536908186762428,27.10497887448245,27.485334396362305,34844000
2015-05-28,27.46252022081495,27.5602120854815,27.314245830891466,27.48185920715332,23544000
2015-05-29,27.43326320064512,27.469960552190802,27.028608642586157,27.04249382019043,43446000
2015-06-01,27.21159581451539,27.302840726272397,26.95620691732995,27.23539924621582,33210000
2015-06-02,27.147129166513526,27.71047391919658,27.103489224742496,27.470457077026367,31842000
2015-06-03,27.527486477177284,27.670802711295863,27.381196469035018,27.536909103393555,26710000
2015-06-04,27.382680331868404,27.57013211891472,27.230934638014197,27.358381271362305,26866000
2015-06-05,27.3737568462272,27.439711442929994,27.144649513335406,27.25126838684082,24396000
2015-06-08,27.255233273514065,27.26812719284664,26.924962793990048,26.95124626159668,27336000
2015-06-09,26.948273174664187,27.018692217076097,26.72164587363136,26.88578987121582,30016000
2015-06-10,27.061335988875346,27.51161487501338,27.03207874808749,27.403507232666016,30316000
2015-06-11,27.497237711388188,27.514098555930016,27.233417421850692,27.276561737060547,25872000
2015-06-12,27.13324502250304,27.217547352001468,27.05786779825938,27.14911460876465,25468000
2015-06-15,26.914056815324653,26.979515786750213,26.73950081933234,26.927446365356445,27150000
2015-06-16,27.000838852954665,27.11043149750482,26.856531371953093,27.020177841186523,32526000
2015-06-17,27.047452099267378,27.193246464639486,26.8684316766305,27.105968475341797,24440000
2015-06-18,27.175397396337154,27.634105830796933,27.175397396337154,27.581045150756836,41192000
2015-06-19,27.59790588473578,27.666836151466278,27.38665253173631,27.64749526977539,59290000
2015-06-22,27.741222403085306,28.048680755230453,27.716425818599344,27.754610061645508,34752000
2015-06-23,27.76006429084313,28.013470691140693,27.629146352572405,27.938589096069336,31396000
2015-06-24,27.893460825199956,27.901394672044887,27.612284082318848,27.699562072753906,28924000
2015-06-25,27.785356566419406,27.926192769525343,27.64452036331347,27.668819427490234,26684000
2015-06-26,27.756097824784703,27.770478632563524,27.366319669195835,27.42632293701172,43676000
2015-06-29,27.113407381290678,27.319206906545624,26.790575100916495,26.840662002563477,37756000
2015-06-30,27.031087554866648,27.071256201953922,26.75586213974336,26.780658721923828,34510000
2015-07-01,26.960175786827996,27.066794662367407,26.76677454555039,26.942323684692383,30760000
2015-07-02,27.01373044889129,27.17539439967458,26.95570970169703,27.14266586303711,28124000
2015-07-06,26.89025337771514,27.204160576486395,26.882815159190336,27.057373046875,25614000
2015-07-07,27.147128488937113,27.324164504746484,26.771235541120674,27.27606201171875,33578000
2015-07-08,27.05638111697833,27.189281572539045,26.838183289862506,26.862977981567383,27662000
2015-07-09,27.20762718750296,27.219032327830035,27.007779012894712,27.009265899658203,29766000
2015-07-10,27.458552805381935,27.73526698407512,27.373754855095147,27.57756996154785,43436000
2015-07-13,27.74617937211934,28.407711658944137,27.706010723053176,28.352170944213867,41792000
2015-07-14,28.489534552723068,29.243800503479164,28.473169338099332,28.969566345214844,74832000
2015-07-15,28.947746798720402,29.193217446799963,28.772693297581093,28.958656311035156,41466000
2015-07-16,29.23338474239481,29.97723676183634,29.155031860535352,29.84235191345215,112642000
2015-07-17,33.72129819448271,34.8618730291378,33.62211941904652,34.69425582885742,257162000
2015-07-20,34.166621068706,34.60400426207421,33.80907577288942,34.358036041259766,102436000
2015-07-21,33.96329094268302,34.990797837634226,33.92709111290519,34.48250198364258,75604000
2015-07-22,34.41655364128525,35.37413924789195,34.29753834919901,34.47011184692383,83100000
2015-07-23,34.30893546441238,34.51820817553252,33.304238793044426,33.45995330810547,76232000
2015-07-24,33.56112008747575,33.611700728883896,32.39128810731583,32.47013473510742,82622000
2015-07-27,32.31144664446251,33.08009533437121,32.31045538646763,32.64370346069336,58382000
2015-07-28,32.8167700585017,32.93281155330132,32.402692871636454,32.71263122558594,34364000
2015-07-29,32.841563499983586,32.89462606711345,32.37442373787852,32.8004035949707,36756000
2015-07-30,32.60254283352619,33.12869272868121,32.317397262340016,32.955623626708984,39606000
2015-07-31,32.96256411208031,32.9774405475805,32.590638090866996,32.60551452636719,34922000
2015-08-03,32.6134511700776,33.06025881949313,32.6134511700776,32.963558197021484,31348000
2015-08-04,32.944714465604186,33.126216839561486,32.75478639830265,32.79296875,26188000
2015-08-05,33.014629874783736,33.716826346972184,33.006200399573686,33.38854217529297,36448000
2015-08-06,33.42325750568146,33.46094422406888,32.76569029062574,33.23283004760742,40660000
2015-08-07,33.11529833514387,33.16587896835945,32.6734508334547,32.94718933105469,27544000
2015-08-10,33.08107985052655,33.30572459369137,32.740893039665856,32.88520050048828,34458000
2015-08-11,34.692271955765406,34.91146105133953,33.93552589748607,34.23207473754883,109880000
2015-08-12,34.43985186216597,34.514733450831635,33.746584251822455,34.29009246826172,58498000
2015-08-13,34.177524505881294,34.41704573605791,33.82940377183487,34.04412841796875,36354000
2015-08-14,33.921641008579954,34.3292712869736,33.86510903263989,34.18595504760742,27598000
2015-08-17,34.11999961520021,34.452252638028696,33.87304017850036,34.42101287841797,24680000
2015-08-18,34.27025826597835,34.50283311077302,33.985112698441256,34.15421676635742,27710000
2015-08-19,34.22265716063154,34.723019292602416,34.0585131383137,34.417545318603516,50194000
2015-08-20,34.17256310788153,34.522666305623,33.48722558037564,33.69550323486328,57798000
2015-08-21,33.27696406965198,33.36870839688974,31.891416261520664,31.937536239624023,91880000
2015-08-24,29.7838375995172,31.126738628969118,29.41141404338392,30.65216064453125,129788000
2015-08-25,32.058536205453876,32.08481588977504,30.3327978396185,30.37247085571289,71430000
2015-08-26,31.89141785393162,32.852476523564945,31.26013596134002,32.71659851074219,87740000
2015-08-27,33.32407380131135,33.42276071308658,32.28813741784781,33.12422561645508,58974000
2015-08-28,33.01513613071226,33.07662818847184,32.41956022125926,32.71412658691406,38836000
2015-08-31,32.44881240251621,32.94818700633582,32.052589167728634,32.125484466552734,38936000
2015-09-01,31.43072650988023,31.957869555490344,30.996812790137227,31.219968795776367,51458000
2015-09-02,31.638509456787272,31.988614594789684,31.273525990177284,31.981176376342773,37630000
2015-09-03,32.130939607871,32.295579238753994,31.430727439330145,31.591400146484375,34572000
2015-09-04,31.226909601564884,31.464942030080678,31.06822131588769,31.19021224975586,40478000
2015-09-08,31.78728078453557,31.98762462854641,31.385601838471278,31.93010139465332,39092000
2015-09-09,32.32682213966818,32.59857438096081,31.782318832244048,31.90679359436035,40978000
2015-09-10,31.93108541247201,32.476576103009215,31.82198651767921,32.28714370727539,27850000
2015-09-11,32.244006639395664,32.49691362825871,32.105151069903656,32.49641799926758,34892000
2015-09-14,32.51278104732943,32.52716185313171,32.20879025948382,32.356075286865234,29942000
2015-09-15,32.5663422242119,33.1683688110224,32.39922443807292,32.980918884277344,35546000
2015-09-16,33.00472175043762,33.12968837327442,32.83859521570734,33.00323486328125,26252000
2015-09-17,33.100918257466,33.81997367496066,32.97743855348306,33.308204650878906,47752000
2015-09-18,32.98041224588088,33.217455291338695,32.7309746939043,32.77511215209961,72544000
2015-09-21,33.00273489263698,33.17580399475718,32.630313218380195,33.07563018798828,39094000
2015-09-22,32.604023774082435,32.67097150932334,31.987120918927292,32.39227294921875,54362000
2015-09-23,32.37739908095618,32.74337375689388,32.269787067147824,32.3967399597168,29160000
2015-09-24,32.182518736229184,32.56932127103531,31.84530559091115,32.477081298828125,38692000
2015-09-25,32.65907608536779,32.65907608536779,31.720829568305255,31.745128631591797,48480000
2015-09-28,31.69057789235324,31.879022842956157,30.638771840615803,30.95664405822754,47646000
2015-09-29,31.018630953456583,31.47386805727541,30.648193696937074,30.875316619873047,42130000
2015-09-30,31.332535483267964,31.703470251520777,31.199635036475605,31.656856536865234,52954000
2015-10-01,31.635531300710397,31.92811507582418,31.297326960503806,31.83686637878418,42506000
2015-10-02,31.639006571679946,32.58072252721793,31.415354920198986,32.58022689819336,48788000
2015-10-05,32.808834194265174,33.375648301219435,32.524679913967475,33.30870056152344,37960000
2015-10-06,33.19315738145942,33.66178403029545,32.8822277636184,33.30672073364258,42774000
2015-10-07,33.59235733793918,33.658809452481414,32.63576318304108,33.22539138793945,44354000
2015-10-08,33.198119214835195,33.31912079139769,32.45624962760866,33.076622009277344,39308000
2015-10-09,33.10092129145445,33.428214232948385,32.846523642870494,33.28688430786133,32124000
2015-10-12,33.18522597939192,33.62112223124616,33.08852535531506,33.54425811767578,26684000
2015-10-13,33.43664295604048,34.14082190794463,33.37961158134537,33.87849044799805,42446000
2015-10-14,33.90626636458576,34.21917850798546,33.6667451451537,33.74162673950195,31292000
2015-10-15,33.98164303164574,34.423490588881315,33.93899623911965,34.36695861816406,47156000
2015-10-16,34.484983066996705,34.52564734412958,34.17256655376191,34.481014251708984,36316000
2015-10-19,34.41555893306463,34.72500168821004,34.32679215609925,34.71062088012695,30172000
2015-10-20,34.60846271312809,34.61391841535207,33.40788284910291,33.72129440307617,52434000
2015-10-21,33.880474331511955,33.964281020637365,33.260102040302456,33.31465148925781,31952000
2015-10-22,33.49516834392875,34.120500886229486,33.30970092124435,33.77783203125,88632000
2015-10-23,37.19557279503345,37.316574351623956,35.602738753095124,35.671669006347656,126726000
2015-10-26,35.70589297080628,36.44627568678156,35.70589297080628,36.256343841552734,48776000
2015-10-27,36.03071024707017,36.496363188422904,35.91020807215459,36.34064865112305,38778000
2015-10-28,36.34957189663582,36.56627903959063,36.06541759705097,36.54396438598633,39604000
2015-10-29,36.52958743975667,37.03342270931934,36.45668835683246,36.937217712402344,36520000
2015-10-30,36.9724242919587,37.00961538322019,36.52462539271881,36.5672721862793,39984000
2015-11-02,36.4254392579264,37.102343465934496,36.272698541592234,37.08052444458008,39914000
2015-11-03,36.96597381216498,37.276903412475235,36.754222968060866,37.13408660888672,36306000
2015-11-04,37.18764595605918,37.683547369786595,37.15293300843536,37.455928802490234,41840000
2015-11-05,37.62948932561928,38.00340164348714,37.56304099528392,37.72172927856445,45486000
2015-11-06,37.65825823986574,37.83826993515519,37.44204292717733,37.767852783203125,33544000
2015-11-09,37.61510882381188,37.85215188446314,37.14846848712241,37.42914581298828,35538000
2015-11-10,37.36517553658122,37.718256306786806,37.11375545340267,37.60221481323242,29798000
2015-11-11,37.80652757672948,38.13878058173137,37.676105276193994,37.9488525390625,41866000
2015-11-12,37.69743285926435,37.97613148399133,37.48320384024646,37.51642990112305,35452000
2015-11-13,37.39294438825416,37.45691457162377,36.670415771122535,36.700172424316406,48188000
2015-11-16,36.70711892593055,37.27740250220077,36.4155263941077,37.21343231201172,50704000
2015-11-17,37.315092832793695,37.438076922730126,36.897542438477124,36.99325180053711,38864000
2015-11-18,37.171282551527526,37.74305681978294,37.06317489340695,37.689002990722656,36266000
2015-11-19,37.67759779957096,37.84868440065302,37.551144295193126,37.6855354309082,28078000
2015-11-20,38.149701254329635,38.646593995687816,37.89183414777116,38.53154373168945,55478000
2015-11-23,38.55484873245167,38.824122841800666,38.3584699227265,38.51666259765625,34648000
2015-11-24,38.3311928411181,38.48145165914476,37.594778970833715,38.16605758666992,47880000
2015-11-25,38.268211045561536,38.33317627208229,38.01232652134756,38.147708892822266,23612000
2015-11-27,38.14275705902495,38.38277394187904,38.035640648183595,38.2821044921875,14434000
2015-11-30,38.27713726293274,38.433843034029096,37.744044803940064,37.829837799072266,33586000
2015-12-01,38.032659215447595,38.928256955024736,37.98356546484031,38.86825180053711,40398000
2015-12-02,38.94065444844514,39.32745689791467,38.50326757910973,38.57368850708008,46876000
2015-12-03,38.7080803524573,38.902472857762696,37.810004381712915,38.09514617919922,41950000
2015-12-04,38.17002376326418,38.800312452228674,37.961746100906474,38.64112854003906,49800000
2015-12-07,38.683278578277296,38.72989418233541,38.021746367453446,38.332679748535156,36626000
2015-12-08,37.91165997198597,38.61336089691655,37.81347246475396,38.439300537109375,31082000
2015-12-09,38.23896170547036,38.48641680526655,37.29228373428004,37.814964294433594,46550000
2015-12-10,37.86653356028792,37.989517645749316,37.440553705301625,37.690486907958984,32458000
2015-12-11,37.1430151615623,37.56155681578896,37.125656796729835,37.21343231201172,43184000
2015-12-14,37.25508860262819,37.8943062387702,36.51123649666551,37.8144645690918,53864000
2015-12-15,38.07481268341187,38.41995962886247,37.58932706644658,37.692970275878906,49386000
2015-12-16,38.01431112545281,38.75469379632032,37.542215067530634,38.51120376586914,53120000
2015-12-17,38.73782986935756,38.75915326493866,38.149692330947715,38.17597579956055,36510000
2015-12-18,38.04703799805444,38.38970675959236,37.51939749333616,37.532291412353516,67794000
2015-12-21,37.83975699146819,38.00340536370995,37.39840504215737,37.728179931640625,34848000
2015-12-22,37.90025437574304,38.20126383905244,37.74801305103078,38.04207992553711,36338000
2015-12-23,38.218623244545924,38.27862840063212,37.57196742689514,38.11051559448242,30594000
2015-12-24,38.11101171760498,38.14473340506595,37.906207231389665,37.978111267089844,10412000
2015-12-28,38.184406654224105,38.820151079785774,38.071838341300904,38.79138946533203,31156000
2015-12-29,39.02694653200039,39.60715409735541,38.98777292089096,39.37259292602539,38430000
2015-12-30,39.37258817383492,39.49656351997176,39.03735759691674,39.19108581542969,28566000
2015-12-31,39.06809605923195,39.09338826713862,38.54740195105614,38.58161926269531,32752000
2016-01-04,37.79760152625233,37.79760152625233,37.07060845171725,37.66073226928711,67382000
2016-01-05,37.89182229720179,38.14472925047235,37.472785069597535,37.764373779296875,45216000
2016-01-06,37.21095157135138,37.97265381949493,37.09342319132927,37.655277252197266,48206000
2016-01-07,37.01854376219676,37.45592687980514,36.46263721631695,36.74629211425781,63132000
2016-01-08,37.083504854463264,37.19855509533496,36.14724280023346,36.24592971801758,47506000
2016-01-11,36.29750188930507,36.452720779028354,35.68308085744033,36.35304260253906,50896000
2016-01-12,36.73389874785482,37.110289283783025,36.519669712875704,36.961517333984375,46816000
2016-01-13,37.15987173001436,37.34137408020718,35.54521852942674,35.68357467651367,51728000
2016-01-14,35.9250820981259,36.691248873480134,34.96104962981701,36.26973342895508,55558000
2016-01-15,35.208502672773584,35.91119484385276,34.787978510562624,35.233299255371094,76676000
2016-01-19,35.712341442925975,35.970212307152835,35.20156357159638,35.659278869628906,48724000
2016-01-20,35.0056808982633,36.04955509610112,34.10710924283274,35.63349533081055,82440000
2016-01-21,35.71332696791137,36.58115433751783,35.264041218887336,36.03566360473633,51938000
2016-01-22,36.7958860273071,37.1212002837436,36.72150383664905,36.96746826171875,47146000
2016-01-25,36.887134352500155,37.31460115520742,36.32478078308151,36.38032150268555,45340000
2016-01-26,36.45917292659284,36.66992877610902,36.0505475828868,36.38875198364258,30940000
2016-01-27,36.49287671363054,36.49287671363054,35.380076421908065,35.58488464355469,42428000
2016-01-28,36.606945962310576,37.25012863220827,36.230555463886446,37.10830307006836,62104000
2016-01-29,37.1410377079233,37.94191750890985,36.904985857906766,37.75545883178711,75808000
2016-02-01,38.2468885694867,38.56079573905824,37.75693853330035,38.222591400146484,111522000
2016-02-02,39.696907806285125,40.18537097839742,38.71006131553536,38.72543716430664,135846000
2016-02-03,38.99173103754169,39.247119933438036,36.51123299740429,37.16185760498047,131114000
2016-02-04,36.92431877439441,36.95655357313469,35.83383293677509,36.20228576660156,104922000
2016-02-05,35.97764265841738,36.03813965388812,34.72003535400957,34.89955139160156,109556000
2016-02-08,34.10214485923391,34.93724562533521,33.82096811188599,34.91939163208008,89410000
2016-02-09,34.363483687351945,35.75250463178157,34.142807734425496,34.763675689697266,84300000
2016-02-10,35.29776085518859,35.864574950078676,34.98038430968948,35.05278396606445,60314000
2016-02-11,34.531595556774036,35.324045693461194,34.2762066670152,35.02848815917969,65004000
2016-02-12,35.31859363034466,35.50653916965729,34.791448691291016,35.05477523803711,46538000
2016-02-16,35.637956568764324,35.84772493985097,35.2179279809767,35.58787155151367,43444000
2016-02-17,36.052028629810145,36.38725920195434,35.536790155612145,36.298492431640625,49154000
2016-02-18,36.39718081601734,36.49834209810593,35.48422464827459,35.5814208984375,47276000
2016-02-19,35.50158011508094,35.90474971679895,35.36371958367762,35.80953598022461,34918000
2016-02-22,36.176500621712016,36.44131405319691,35.8759867696209,36.153690338134766,37516000
2016-02-23,36.007406022811196,36.24543660958204,35.4901811530482,35.57051467895508,41332000
2016-02-24,35.23924857483918,35.765402270604724,34.813272472455864,35.74953079223633,37092000
2016-02-25,35.85020091459311,36.17650262567205,35.369175932894734,36.15716552734375,36146000
2016-02-26,36.379329533582705,36.50627866635995,35.80110827941493,35.9459114074707,42474000
2016-02-29,35.75449323240851,36.23055816299538,35.54819805081142,35.56704330444336,45068000
2016-03-01,35.7693684159964,36.81225132208263,35.63745921205402,36.804317474365234,60112000
2016-03-02,36.83902650122352,36.85142100878452,36.36196659665054,36.67091369628906,36292000
2016-03-03,36.67091474737662,36.746291969969896,36.18245157917267,36.27964782714844,40534000
2016-03-04,36.43883480475191,36.44875116757251,35.983593920971344,36.21171188354492,48516000
2016-03-07,35.96028544373709,36.06244175560961,34.967987132698084,35.34784698486328,61690000
2016-03-08,35.129158978228716,35.81647912998505,34.91146055622317,35.38405227661133,52530000
2016-03-09,35.46537862909297,36.01434258412561,35.34090765342415,35.973182678222656,39544000
2016-03-10,36.09120409724842,36.52511777944269,35.86805000263362,36.30841064453125,44616000
2016-03-11,36.69422763457276,36.9396964207594,36.533057399943225,36.938209533691406,35380000
2016-03-14,36.94316568297675,37.40385848574644,36.87820045363228,37.204505920410156,32824000
2016-03-15,36.99523492674588,37.341872547672736,36.83753788813147,37.22087097167969,29832000
2016-03-16,37.14549199055474,37.638915222062195,37.01903850161791,37.557586669921875,29306000
2016-03-17,37.571968755668735,37.95331553476409,37.55758794820657,37.613128662109375,44564000
2016-03-18,37.76933555142435,37.79462397783317,37.28285493435395,37.46088409423828,56222000
2016-03-21,37.386499070206696,37.85413444883395,37.255581140686395,37.79561996459961,28774000
2016-03-22,37.611144936649374,37.93645536239399,37.58337458059102,37.690982818603516,22096000
2016-03-23,37.85462913043871,37.955794186354,37.49162822203553,37.567501068115234,24678000
2016-03-24,37.252109887349306,37.56750014196808,37.21739694501264,37.4326171875,31116000
2016-03-28,37.49857137707793,37.60420087850884,37.29376690086252,37.35525894165039,21676000
2016-03-29,37.37509487734354,38.04456479477911,37.107807079475975,37.9805908203125,40062000
2016-03-30,38.09563815367206,38.54691020969638,38.06439839574429,38.10208511352539,40396000
2016-03-31,38.10208322990788,38.13877868796318,37.60171744799952,37.832313537597656,32554000
2016-04-01,37.54766890303258,38.18638706729147,37.45046887721825,38.16804122924805,31674000
2016-04-04,38.16010409929226,38.30540661925344,37.77727045556589,37.942405700683594,26924000
2016-04-05,37.59576902046318,37.83082576493934,37.47030301865532,37.61758804321289,24478000
2016-04-06,37.58138713118536,38.10605388984193,37.50501865436197,38.08869552612305,25312000
2016-04-07,37.952321232202195,38.15266504605509,37.56452752396481,37.694454193115234,25498000
2016-04-08,37.97960041671229,38.042083722175875,37.47874271499384,37.66222381591797,23434000
2016-04-11,37.95877124526064,38.0465467604394,37.556596698364665,37.56651306152344,31774000
2016-04-12,37.610652273204835,37.93248953810477,37.27046160123936,37.90273666381836,27388000
2016-04-13,38.19977536822236,38.46954506244542,37.91612049696891,38.27912139892578,35426000
2016-04-14,38.45021141628466,38.66096723532075,38.3440862798703,38.451698303222656,26992000
2016-04-15,38.45715517847342,38.72642927613029,38.42888540865253,38.6803092956543,31712000
2016-04-18,38.68973061373029,39.10430724842004,38.56179022953772,39.061161041259766,33540000
2016-04-19,39.201003750442005,39.22331840346527,38.19779400459653,38.49434280395508,43952000
2016-04-20,38.63865832235452,38.66345490871502,38.24739134416457,38.42839431762695,34262000
2016-04-21,38.54691321102571,38.76362036785129,38.26127200626965,38.6803092956543,77628000
2016-04-22,36.89059560857762,37.38699257212472,36.21914704781553,36.58611297607422,140798000
2016-04-25,36.46610665327489,36.938698297116204,36.45370836315738,36.80629348754883,49442000
2016-04-26,36.91589445735679,36.973913319769586,35.720770209922655,35.9712028503418,55864000
2016-04-27,35.96871671908137,36.059466003152295,35.16337262850262,35.77730178833008,66262000
2016-04-28,35.86805077268634,36.1641039461714,34.87178360521308,34.964019775390625,62590000
2016-04-29,34.91740414319372,35.313627290330786,34.900541410283175,35.10386276245117,58278000
2016-05-02,35.30420889246359,35.47727797598857,35.02848786826442,35.42768859863281,33476000
2016-05-03,35.33297265193177,35.37611507234514,35.07659249084334,35.13163757324219,38620000
2016-05-04,35.04882140569697,35.45942540137822,34.91393466180809,35.27693557739258,34172000
2016-05-05,35.456950540503065,35.5834040370402,35.181725108746676,35.442569732666016,29668000
2016-05-06,35.31809843914861,36.001945382557324,35.30570014741897,35.96177673339844,39952000
2016-05-09,36.03715168342154,36.41354215536826,35.87846339621092,36.157657623291016,38074000
2016-05-10,36.44676553432639,36.69669871704253,36.280639041442896,36.66595458984375,32634000
2016-05-11,36.72248758116569,36.73637275837127,36.0966595656053,36.22807312011719,29834000
2016-05-12,36.29997921587671,36.467100764219005,35.91664993409312,36.1050910949707,27094000
2016-05-13,36.03318662984244,36.26477020884887,35.87895900339875,35.944419860839844,25244000
2016-05-16,35.91912655555551,36.33369936195989,35.70489756365002,36.215675354003906,22538000
2016-05-17,36.25336486459901,36.49089976086906,35.60571783365897,35.714317321777344,33404000
2016-05-18,35.63051382153782,35.98111646459101,35.45794035111021,35.79317092895508,32536000
2016-05-19,35.62059685429264,35.72969576269237,35.224369867887525,35.472320556640625,30598000
2016-05-20,35.52935434039879,36.08674401536685,35.45744651708119,35.78969955444336,34798000
2016-05-23,35.70390194718606,35.878457901356,35.55314752991022,35.568519592285156,24816000
2016-05-24,35.697460558330654,36.40907781629918,35.68754041217357,36.35105895996094,37884000
2016-05-25,36.448753615719134,36.691248618127936,36.3297383367418,36.602481842041016,32216000
2016-05-26,36.49834031875138,36.75125107849786,36.34957217681544,36.54446029663086,27202000
2016-05-27,36.57322724917385,37.088965206709794,36.5484306635179,37.07359313964844,34802000
2016-05-31,37.131113711060095,37.365179237167304,36.972921040165026,37.13557815551758,42484000
2016-06-01,37.116737084137284,37.2605489632805,36.911928779865896,37.116241455078125,20788000
2016-06-02,36.999200362313566,37.058709886887954,36.547928313668756,36.908451080322266,33916000
2016-06-03,36.77059208732676,36.77059208732676,36.39469724086927,36.491397857666016,24608000
2016-06-06,36.622315129272636,36.622315129272636,36.116001771606534,36.203773498535156,29992000
2016-06-07,36.36296376522541,36.53355094153868,36.24047530192825,36.25485610961914,24314000
2016-06-08,36.671899941711466,36.88563328280733,36.486931993810245,36.84199523925781,32314000
2016-06-09,36.551405174869274,36.8915920551613,36.523139188296824,36.82167053222656,19180000
2016-06-10,36.495862795917674,36.67884825680012,36.22609307985645,36.35899353027344,29050000
2016-06-13,36.19187672755759,36.64711384493055,36.19187672755759,36.29403305053711,23354000
2016-06-14,36.16658523294777,36.498342637148184,36.02723781595203,36.361968994140625,26584000
2016-06-15,36.444784883757656,36.55537068651055,36.26576444416482,36.30940628051758,23234000
2016-06-16,36.099637586057966,36.22014353461452,35.483729643717986,35.9156608581543,45002000
2016-06-17,35.77382821617117,35.77382821617117,34.768635946528406,34.92385482788086,82262000
2016-06-20,35.22437245687685,35.5000935219661,34.98138182339865,35.017086029052734,45654000
2016-06-21,35.2114764995057,35.475794298716586,34.944188709851076,35.15345764160156,30318000
2016-06-22,35.40983332561936,35.417767171697996,35.00468127927827,35.2322998046875,29058000
2016-06-23,35.23626770133524,35.45099230248681,34.72548995784813,35.450496673583984,42500000
2016-06-24,34.22562795004853,34.96105061399816,33.96478331508947,33.979164123535156,95436000
2016-06-27,33.844779789239446,33.886435331226664,33.357307795433734,33.77783203125,58146000
2016-06-28,34.28513404683131,34.35307305008712,33.961806136866464,34.27967834472656,38246000
2016-06-29,34.42844359803745,34.688293115115755,34.350088834730386,34.47455978393555,43124000
2016-06-30,34.59656051250518,34.900051924044455,34.46018687222227,34.88814926147461,42250000
2016-07-01,34.96600848369225,35.334461344259886,34.89806947790894,35.221397399902344,30984000
2016-07-05,34.96154062514924,35.11576446110713,34.669951904071915,34.955589294433594,28440000
2016-07-06,34.705165655469585,35.357772864418514,34.663510117670356,35.15792465209961,28902000
2016-07-07,35.21445765718378,35.21743143135888,34.7463265805509,35.073123931884766,21174000
2016-07-08,35.23676583961564,35.600758001827025,35.115268648090144,35.59480667114258,29946000
2016-07-11,35.676139452037354,36.147739901193745,35.64886472349586,36.06195068359375,28822000
2016-07-12,36.29601436340188,36.478504194121754,36.07682528820751,36.32527160644531,26468000
2016-07-13,36.47453318713517,36.47453318713517,36.15219658720866,36.17500686645508,20436000
2016-07-14,36.396186247042976,36.505285161253894,36.23005973074089,36.488426208496094,21408000
2016-07-15,36.74628841937157,36.74628841937157,36.43089438119106,36.4799919128418,32342000
2016-07-18,36.593055044872514,37.447492820416564,36.52362916168582,37.351287841796875,38698000
2016-07-19,37.18615476278416,37.519399021382256,37.11772013347532,37.3617057800293,30436000
2016-07-20,37.39344235996958,37.72024345265381,37.39344235996958,37.543701171875,22502000
2016-07-21,37.539729022096616,37.59676039889288,37.2679768195528,37.411293029785156,19062000
2016-07-22,37.5556090696255,37.6612348053828,37.3245173030213,37.65280532836914,20920000
2016-07-25,37.573451271824965,37.67957639742075,37.39443085942511,37.56551742553711,21466000
2016-07-26,37.56552111847807,37.651809745123494,37.328977459667236,37.57196807861328,23792000
2016-07-27,37.637425715161925,37.90917792524483,37.486671283500236,37.78619384765625,32172000
2016-07-28,38.12688319509839,38.133330155205364,37.643376320784256,37.978111267089844,73464000
2016-07-29,39.558546365718506,39.86748965197744,39.17620459857705,39.24265670776367,101810000
2016-08-01,39.01107110759106,40.04353807350582,38.9302381893422,39.71872329711914,60594000
2016-08-02,39.539706284418166,39.78716134985954,39.40085450088941,39.678062438964844,39928000
2016-08-03,39.497059741976315,39.649301075841734,39.32597315639033,39.618553161621094,29206000
2016-08-04,39.5848298354815,39.68202608054632,39.37060083648168,39.535736083984375,21520000
2016-08-05,39.67756939742136,40.03015458146611,39.56351040584057,40.01577377319336,36146000
2016-08-08,39.969647494157314,40.04899352509228,39.75591413636701,39.93146514892578,24426000
2016-08-09,39.894772546612266,40.3331507386035,39.87344914852079,40.04304885864258,32154000
2016-08-10,40.02171599355573,40.211644015376955,39.99394564136116,40.09312438964844,18370000
2016-08-11,40.1913189255675,40.36042299631303,39.969651698054754,40.07875061035156,25646000
2016-08-12,39.92453225253304,40.02867110584585,39.85262442161339,40.021728515625,17946000
2016-08-15,40.02965811702832,40.235457656536525,39.87196107490603,39.96767044067383,18596000
2016-08-16,39.84567570725377,39.88336621033289,39.523339048868735,39.73112487792969,21158000
2016-08-17,39.67210521444896,39.95129941040567,39.48862036579849,39.94088363647461,21322000
2016-08-18,39.93791799504578,40.06883593864311,39.75294622200664,39.80848693847656,17292000
2016-08-19,39.661693412815055,39.73310560047904,39.517389717467125,39.65475082397461,22416000
2016-08-22,39.598222321277916,39.63739971295924,39.39093589583741,39.5208625793457,17056000
2016-08-23,39.69590391962282,39.72169175472924,39.47324548595969,39.50299835205078,18350000
2016-08-24,39.51639840253241,39.59574444443538,39.21389823877548,39.354736328125,25672000
2016-08-25,39.27538982695256,39.4102765832393,39.03884615787921,39.24067687988281,24054000
2016-08-26,39.299691888546334,39.64236070790431,39.14695491713737,39.33589172363281,24978000
2016-08-29,39.32745977997956,39.598716386747114,39.19207739937307,39.46482467651367,15474000
2016-08-30,39.319026386657725,39.5729283869087,39.14992233499226,39.271419525146484,23348000
2016-08-31,39.156375359035735,39.25406724185126,39.037360078538164,39.16877365112305,21428000
2016-09-01,39.27439760127334,39.31952632306583,38.99421588662354,39.245635986328125,26070000
2016-09-02,39.437549226140746,39.528298512721626,39.337871051194526,39.51689147949219,26998000
2016-09-06,39.59226490905508,40.21214157416695,39.44547929518579,40.069820404052734,39790000
2016-09-07,40.0653627440305,40.197767574629104,39.85658942830122,40.06834030151367,22906000
2016-09-08,39.930970295705485,40.08965857723117,39.72219322322258,39.81294250488281,23554000
2016-09-09,39.611108378272846,39.758889026778114,39.079502870315196,39.100826263427734,37752000
2016-09-12,38.90445871011842,39.68054183541113,38.85387428493225,39.61359786987305,37274000
2016-09-13,39.37506725400617,39.463338398702945,38.8950335522001,39.112735748291016,36180000
2016-09-14,39.05371784004065,39.490113445419176,39.05371784004065,39.19901657104492,25842000
2016-09-15,39.17670256976002,39.85311122922831,39.109754827653475,39.73310470581055,31144000
2016-09-16,39.623512960897855,39.623512960897855,39.35572575706211,39.571441650390625,42612000
2016-09-19,39.72714772723373,39.869968295614655,39.35274362046513,39.4434928894043,22990000
2016-09-20,39.672112881999176,39.80848652671655,39.58582425070304,39.66120147705078,20984000
2016-09-21,39.73459646229607,39.96519258740044,39.4752387210365,39.92155075073242,26970000
2016-09-22,40.168008016965224,40.617293747399934,40.054448457896264,40.463069915771484,35186000
2016-09-23,40.4229074968412,40.515143675980205,40.30339658882024,40.41398239135742,28234000
2016-09-26,40.15908288107403,40.171976800014576,39.69442130399534,39.80352020263672,29454000
2016-09-27,39.76285648404533,40.341077628158295,39.76285648404533,40.20420837402344,27346000
2016-09-28,39.874441144116105,40.18041450862123,39.80997531963046,40.170989990234375,29406000
2016-09-29,40.030642820692655,40.36190454568348,39.71475315916564,39.80302429199219,27000000
2016-09-30,39.85063713405486,40.07329562351984,39.74649829321063,39.87344741821289,33204000
2016-10-03,39.798568180622745,39.84766193825694,39.48516038152102,39.69095993041992,29784000
2016-10-04,39.92006513006769,39.9944511012813,39.655751090346726,39.81047058105469,25174000
2016-10-05,39.96964835001755,40.093623688437845,39.707316866861795,39.73310470581055,24276000
2016-10-06,39.87443755737931,40.01676252758669,39.697403424625215,39.82484817504883,21998000
2016-10-07,39.966183275553064,39.966678904553675,39.51441554978678,39.70732116699219,23262000
2016-10-10,39.86699760521317,40.533985551315936,39.78319090953712,40.37480163574219,29922000
2016-10-11,40.3748007243462,40.65696871777446,40.03758764997952,40.14668655395508,34432000
2016-10-12,40.26520381398781,40.391161661702405,40.096103549551785,40.25578308105469,18158000
2016-10-13,39.97312998690846,39.997427160726076,39.60368203827617,39.87444305419922,27380000
2016-10-14,40.04156413769995,40.17248209087145,39.78716645046902,39.900230407714844,22238000
2016-10-17,39.96915559860903,40.34108164064635,39.86204298695418,40.01130676269531,21128000
2016-10-18,40.3767859905438,41.10080156765005,40.333147939351875,40.7378044128418,45786000
2016-10-19,40.80673017146021,41.14989456215698,40.80673017146021,41.00310516357422,30002000
2016-10-20,41.038810212491754,41.08393893001613,40.691185154237466,40.74474334716797,27878000
2016-10-21,40.66391454440971,40.8766566674164,40.58010784395228,40.86524963378906,32316000
2016-10-24,41.16428010789189,41.55356073443632,41.11220879686245,41.444461822509766,28952000
2016-10-25,41.581333001019736,41.581333001019736,40.926743282825875,41.087913513183594,37814000
2016-10-26,41.01699309022727,41.046254116175696,40.48290937326526,40.76805114746094,35898000
2016-10-27,40.81317851020371,40.9902126297614,40.39661940613847,40.53249740600586,59470000
2016-10-28,41.156840283677674,41.60612605093556,40.515140757668846,40.642093658447266,87098000
2016-10-31,40.78441134185767,40.79433148720963,40.06882911024519,40.163047790527344,44854000
2016-11-01,40.211146806729815,40.364383150108196,39.58581449459051,39.94385528564453,47118000
2016-11-02,40.00734138767822,40.00734138767822,38.92825873267209,39.09785842895508,47014000
2016-11-03,38.9034645627497,39.176211854857065,38.6123714304505,38.78891372680664,43504000
2016-11-04,38.248870652847216,39.10083034211921,38.233994217349625,38.73485565185547,39412000
2016-11-07,39.42167930961891,39.920058805970264,39.32001862451289,39.77277755737305,39852000
2016-11-08,39.77277777837263,40.467532276714046,39.65326310030571,40.266197204589844,35382000
2016-11-09,39.76285928752729,40.25280933150319,39.277373687692986,39.949317932128906,61970000
2016-11-10,40.1680141232141,40.17098789722699,38.09663296956203,38.6946907043457,118192000
2016-11-11,38.52211510799207,38.54591664906911,37.963234795669976,38.27119064331055,71852000
2016-11-14,38.271682675398004,38.272673933254644,36.87472794865656,37.35227966308594,73766000
2016-11-15,37.95975925689377,38.692208034147285,37.94736474986214,38.44028854370117,58878000
2016-11-16,38.20523133813976,38.85386963164312,38.0024093829705,38.67931365966797,35968000
2016-11-17,38.80428024808149,39.12165680622231,38.67286669432445,38.98577880859375,30674000
2016-11-18,39.035872052433014,39.240180917697,38.44971698921651,38.48046112060547,36126000
2016-11-21,38.58608200287654,39.00511923996202,38.49681961045935,38.918338775634766,32616000
2016-11-22,39.126122661419124,39.363161938984966,38.86577368920534,38.92825698852539,27884000
2016-11-23,39.152411317360304,39.152411317360304,38.31582357936732,38.63072204589844,26260000
2016-11-25,38.809739256102695,38.82412006339192,38.590550177046076,38.691715240478516,12270000
2016-11-28,38.59848168523095,39.659214658057756,38.586083394615024,38.96743392944336,51508000
2016-11-29,39.09587056298145,39.49556694230976,38.94511612419917,39.1484375,31240000
2016-11-30,39.13157880657783,39.25108970462667,38.340615518427555,38.47599411010742,45582000
2016-12-01,38.608402838728196,38.61088098354522,37.35922489616226,37.903228759765625,57342000
2016-12-02,37.78272648223054,38.20920196187701,37.638914631333265,37.90967559814453,34376000
2016-12-05,38.184399406487174,38.68030069748051,38.0341406191657,38.5920295715332,33770000
2016-12-06,38.689732201472125,38.94214736062982,38.34904967521885,38.490875244140625,34682000
2016-12-07,38.677828769919465,39.27538704621044,38.35945715398941,39.249107360839844,40588000
2016-12-08,39.322504118145844,39.62252615665861,39.0725708798433,39.432594299316406,32250000
2016-12-09,39.637399812946185,40.16553602476414,39.57541213675826,40.14073944091797,38090000
2016-12-12,39.91113253038233,40.23495604295762,39.89675172454873,40.06386947631836,32572000
2016-12-13,40.286536976605205,40.87715653989558,40.26422231945155,40.43282699584961,42564000
2016-12-14,40.46158851570313,40.87517010235621,40.305873992751984,40.55928039550781,35994000
2016-12-15,40.53299054218747,40.81268037129161,40.267185889584006,40.44819259643555,35394000
2016-12-16,40.580108506608354,40.62424218801325,40.07478258380665,40.16007995605469,51978000
2016-12-19,40.13230881964824,40.47646450909607,39.89526574314572,40.291988372802734,25272000
2016-12-20,40.335127335748176,40.48985058574589,40.217598957268436,40.42587661743164,25438000
2016-12-21,40.451667039307594,40.451667039307594,39.92502152449157,40.2771110534668,29192000
2016-12-22,40.123383770654364,40.22107564952607,39.97113865211529,40.15214538574219,22632000
2016-12-23,40.06932996020436,40.216115593068096,39.92551810127754,40.05891418457031,15310000
2016-12-27,40.102555472320766,40.465556443570605,39.95973864327559,40.16454315185547,19520000
2016-12-28,40.33314435403471,40.33314435403471,39.79310933068708,39.89873504638672,24296000
2016-12-29,39.78765904771357,39.95725497065917,39.579876990598294,39.81493377685547,21148000
2016-12-30,39.83129470831845,39.83526352357039,39.15736415123438,39.297706604003906,34718000
2017-01-03,39.702850415096556,40.23941601585389,39.51788245814108,40.0693244934082,39180000
2017-01-04,40.1625565476015,40.33810757528948,39.87592787720034,40.05742645263672,30306000
2017-01-05,40.04403719083414,40.35347993020166,39.96568619388392,40.31777572631836,26810000
2017-01-06,40.415470344409016,41.10824620622748,40.24240123206535,40.92228317260742,40342000
2017-01-09,40.979801294318186,41.18113636918223,40.744248904466446,41.01996994018555,28178000
2017-01-10,41.01451533275923,41.130556829441424,40.81962721252851,40.96194839477539,23948000
2017-01-11,40.99219937898795,41.154852694030204,40.73681048196341,41.152870178222656,26508000
2017-01-12,41.07947755844788,41.178660105260526,40.713998480740365,41.13650894165039,26990000
2017-01-13,41.20940230155456,41.390405238780495,41.13601138212753,41.20642852783203,25804000
2017-01-17,41.15981712172326,41.168742227228606,40.82260401083469,41.03385925292969,28818000
2017-01-18,41.149895441987034,41.15039107092733,40.866236784204396,41.11121368408203,20554000
2017-01-19,41.11022005701737,41.30858134108672,40.860286882140464,40.880615234375,21410000
2017-01-20,41.114685659918514,41.12212766134273,40.892027182126576,41.06906509399414,26124000
2017-01-23,41.23965612545367,41.93044562655304,41.09534864255038,41.87540054321289,49148000
2017-01-24,42.001850081379125,42.226990466708926,41.76877584981214,42.1283073425293,33768000
2017-01-25,42.327661405847955,42.58751095898606,42.13872084245832,42.57065200805664,33108000
2017-01-26,42.600405086499904,42.69710569891243,42.17740280667008,42.49775314331055,69866000
2017-01-27,42.59793101150635,42.994649861401655,41.749940071620735,41.905155181884766,75050000
2017-01-30,41.509924101168345,41.51835357765872,40.71499193064889,40.85384750366211,70338000
2017-01-31,40.63911489947876,40.81615280472264,40.33661476749601,40.67333221435547,40404000
2017-02-01,40.86227339981706,40.86227339981706,40.279587780187946,40.42786407470703,45020000
2017-02-02,40.415963207605486,40.890045571153436,40.26967320585819,40.5776252746582,33784000
2017-02-03,40.81913249418466,40.967900639756444,40.63167880428613,40.67036056518555,30562000
2017-02-06,40.70953830527926,40.782433600042616,40.380754685087716,40.7442512512207,27018000
2017-02-07,40.93666363173222,41.255031495086214,40.82706908524538,41.12163162231445,33332000
2017-02-08,41.18609679896117,41.37057292412029,40.91731834970197,41.15386199951172,26044000
2017-02-09,41.245607653298556,41.25800594565628,40.986253688964744,41.16279220581055,23884000
2017-02-10,41.30610330506464,41.51438097041983,41.18510552094612,41.400325775146484,28302000
2017-02-13,41.54166558154104,41.742013231233415,41.469761531187835,41.60415267944336,25914000
2017-02-14,41.64431356740576,41.75489937570321,41.44892979402669,41.65720748901367,27266000
2017-02-15,41.596706077532765,41.74349550332452,41.46827005924954,41.52281951904297,27144000
2017-02-16,41.581330563872754,41.78911260951294,41.51983851944751,41.763328552246094,20102000
2017-02-17,41.72068022980646,41.999874481419,41.64480737399382,41.980533599853516,29224000
2017-02-21,42.05193530313414,42.26070856592734,41.98052312620328,42.11540985107422,25206000
2017-02-22,42.052436859863256,42.339561144431656,41.98846289059501,42.219058990478516,24488000
2017-02-23,42.20516739233194,42.28153585724614,41.779683242505286,42.20119857788086,27734000
2017-02-24,42.03508067927258,42.07028925393276,41.80250205149641,42.04301452636719,26924000
2017-02-27,41.901188394748345,42.18484328748124,41.80498340612028,42.13525390625,20206000
2017-02-28,42.02020257062519,42.09359727432697,41.727123168204734,41.90019226074219,27662000
2017-03-01,42.22005070861212,42.548338683886556,42.103017956057506,42.486351013183594,36374000
2017-03-02,42.464530661459044,42.473459550089444,42.088143954841,42.14418029785156,25018000
2017-03-03,42.09904877473447,42.19227998617091,41.88928422414319,42.10599136352539,20100000
2017-03-06,41.99590321317,42.099050792067395,41.71373520399392,42.0162353515625,20958000
2017-03-07,42.01573546327583,42.316748693394544,41.92945062866984,42.208641052246094,20774000
2017-03-08,42.30633496352121,42.495275530197596,42.21360316494218,42.332122802734375,20576000
2017-03-09,42.334609515705885,42.6827302507208,42.284025089466375,42.5404052734375,26954000
2017-03-10,42.781411749266475,42.857284602286036,42.529000390475204,42.71744155883789,26732000
2017-03-13,42.688678401756775,43.00109490777939,42.68818277278567,42.87464141845703,23332000
2017-03-14,42.83348494769357,43.02341679481871,42.65396887665128,42.94060134887695,21234000
2017-03-15,43.04126490464497,43.137469896037594,42.711985652997825,43.06357955932617,26658000
2017-03-16,43.16970082604321,43.277808470275495,43.02043327904606,43.14341735839844,22090000
2017-03-17,43.32591344752117,43.36261269511663,43.06259067088234,43.26095199584961,37366000
2017-03-20,43.11763121306919,43.16027800433553,42.8791050459838,43.03977584838867,30844000
2017-03-21,43.14639178983519,43.31549584737953,42.03706069746766,42.1585578918457,50760000
2017-03-22,42.12582545401545,42.416922320998054,42.00284137865625,42.14169692993164,27334000
2017-03-23,41.72464387625716,41.73952031148687,41.30858418506288,41.63835525512695,65754000
2017-03-24,41.754894042196646,41.85407658673176,41.11518460122445,41.41470718383789,42114000
2017-03-27,41.06509234598481,41.724146394759245,40.87714683132068,41.58182144165039,38692000
2017-03-28,41.64034270679851,41.923501963226926,41.27238171373044,41.68695831298828,30384000
2017-03-29,41.792087537760835,42.23046188484788,41.724148537435966,42.14516830444336,29146000
2017-03-30,42.24979930346693,42.25079056128433,41.991436655242296,42.125823974609375,18988000
2017-03-31,41.99441612107076,42.12979850003322,41.91556949620484,42.042518615722656,28820000
2017-04-03,42.08962840731375,42.5979280637635,42.02912762348738,42.486351013183594,39388000
2017-04-04,42.05244068770654,42.30039139038541,42.02813973306625,42.27906799316406,26970000
2017-04-05,42.385184573282025,42.67677329553745,42.02863062525979,42.09756088256836,37104000
2017-04-06,42.12681675564776,42.329642489444076,41.85407329235535,41.90862274169922,30672000
2017-04-07,41.9036690402863,41.947307093025614,41.521826620248596,41.759857177734375,22232000
2017-04-10,41.732083090505675,41.98995391873593,41.69489200154322,41.74001693725586,20924000
2017-04-11,41.74002249621818,41.88532125214234,41.387932934582466,41.6497688293457,19486000
2017-04-12,41.579343169696955,41.84018775306361,41.53620075289303,41.72811508178711,22716000
2017-04-13,41.707281490382464,41.84068133249229,41.549092636516676,41.664634704589844,21474000
2017-04-17,41.7241566214848,42.43131333318704,41.70679825461488,42.40602111816406,20982000
2017-04-18,42.27757567030453,42.51808814517669,42.21360548114079,42.349483489990234,18724000
2017-04-19,42.518087207486694,42.657434616117435,42.326668489768906,42.474449157714844,21606000
2017-04-20,42.634626521743776,42.84240857293472,42.52354509231196,42.6514892578125,23776000
2017-04-21,42.67826680238518,42.76852425193915,42.53495434716827,42.59545135498047,23458000
2017-04-24,43.06605939579338,43.63733798513272,42.95051352925195,43.58625793457031,33930000
2017-04-25,43.75139229861264,44.24679802898391,43.603615418776904,44.07769775390625,40760000
2017-04-26,44.20415594899179,44.28350199098391,43.894713195392065,44.09257888793945,26466000
2017-04-27,44.135218492672465,44.302831871446905,43.99537546738555,44.206626892089844,46846000
2017-04-28,46.06924310036823,46.41141251059914,45.782610624123535,45.84708023071289,76918000
2017-05-01,45.82872214067328,46.40743890545004,45.66259564813869,46.2586669921875,46556000
2017-05-02,46.28099222194127,46.76300844888873,46.168420120902084,46.47042465209961,35026000
2017-05-03,46.41885480391298,47.120551994682266,46.37719926559129,47.03377151489258,36496000
2017-05-04,47.12501134273626,47.56388511814019,46.98020823231259,47.344696044921875,38752000
2017-05-05,47.443878465368705,47.52917583887681,47.01641169009971,47.12451934814453,32310000
2017-05-08,46.98417912925206,47.6556277731692,46.98169720087836,47.54157257080078,37534000
2017-05-09,47.67248766438514,47.71563008444086,47.328827623964095,47.44337844848633,33758000
2017-05-10,47.41908542404373,47.44338259547366,47.10270008245912,47.350650787353516,22920000
2017-05-11,47.174599602995826,47.506856391130086,47.041699157798405,47.402713775634766,20622000
2017-05-12,47.49991541203768,47.506358588677905,47.212787333116125,47.36552429199219,24298000
2017-05-15,47.37296389248894,47.740425493350756,47.250475431059215,47.56785202026367,26754000
2017-05-16,47.782580885888294,47.89911423370627,47.6238925898093,47.83514404296875,22030000
2017-05-17,47.591650007079295,47.6556201873578,46.617697580513514,46.72233581542969,48982000
2017-05-18,46.77341969716023,47.31791922016584,46.67771033389201,47.13542938232422,36010000
2017-05-19,47.250471573982466,47.58471087173579,47.20980729982092,47.34122085571289,27206000
2017-05-22,47.457762216999214,47.84555974302487,47.43594319112979,47.80836486816406,27748000
2017-05-23,48.10045009405609,48.326082340687556,47.82968534461485,48.12970733642578,30908000
2017-05-24,48.36327550224767,48.50510104843531,48.183263826900564,48.47981262207031,22660000
2017-05-25,48.54874313265583,49.38086629772243,48.4902248662543,49.18647003173828,39082000
2017-05-26,49.19341072470701,49.411112893017176,48.96331404981225,49.25639343261719,32728000
2017-05-30,49.21821331226264,49.47211534031888,49.16168134034805,49.40020751953125,30324000
2017-05-31,49.40218775565828,49.570296763809225,48.68164166639284,48.94992446899414,34482000
2017-06-01,49.14184237902644,49.249950027594366,48.662304332794264,49.009437561035156,26128000
2017-06-02,49.02431504481306,49.41558195960664,48.94893782326675,49.397727966308594,34710000
2017-06-05,49.48550256057955,49.95710297789331,49.36450099180219,49.78254699707031,27578000
2017-06-06,49.754278739977416,50.017105848848146,49.332267722276335,49.42549514770508,31042000
2017-06-07,49.54500939385229,49.78403497945871,49.38532984527418,49.66452407836914,27482000
2017-06-08,49.79990912362544,49.86784813618796,49.422531120170056,49.802391052246094,33758000
2017-06-09,49.86238755763171,49.86288318658422,47.27774688858592,48.10838317871094,72958000
2017-06-12,47.543056479016165,48.00325364185304,46.456040021132644,47.6962890625,84042000
2017-06-13,48.20360390006283,48.49469704135999,47.70621179834885,48.127235412597656,40108000
2017-06-14,48.375181788588144,48.583459462990916,47.582232172063065,47.99978256225586,30110000
2017-06-15,47.01243789621659,47.64024839210907,46.63307368917934,47.61545181274414,48552000
2017-06-16,47.50289261957261,47.604057688648595,47.04616859684755,47.53810119628906,51184000
2017-06-19,48.08507334645963,48.56362012415284,48.013169314281434,48.36129379272461,29376000
2017-06-20,48.36576069703733,48.63751673439766,48.0131755125176,48.05235290527344,25946000
2017-06-21,48.14161697755378,48.57602636571498,48.075164852960604,48.528419494628906,23232000
2017-06-22,48.44311579057337,48.62313125830623,48.266577292467396,48.430721282958984,20190000
2017-06-23,48.375178623346095,48.92662068716568,48.323602945386355,48.90033721923828,31280000
2017-06-26,49.09423713824361,49.29210282004451,48.118797690918115,48.206077575683594,30358000
2017-06-27,47.68588046305057,47.9645752944747,46.96632553365375,47.01591491699219,48872000
2017-06-28,47.14336403741157,47.767205827386036,46.42430472810103,47.656620025634766,54912000
2017-06-29,47.17758683412062,47.1929589017484,46.098999636615275,46.506629943847656,64134000
2017-06-30,46.812593402635756,46.86267841078685,46.09948549310746,46.10295867919922,45754000
2017-07-03,46.278509494741044,46.32909391918535,45.390349910724595,45.59614944458008,33896000
2017-07-05,45.831207211775904,46.43075183234447,45.55499052104194,46.23090362548828,41882000
2017-07-06,45.87088018933143,46.4233135702803,45.61549126716773,46.004276275634766,40298000
2017-07-07,46.167923309277334,46.84582269286013,46.108413780074905,46.65489959716797,33266000
2017-07-10,46.711423393624656,47.265842960891774,46.711423393624656,47.160213470458984,29030000
2017-07-11,47.136418905416306,47.35312605280559,46.868631706403306,47.285682678222656,29224000
2017-07-12,47.64917988080973,48.08408485181056,47.45974745807776,47.986392974853516,32042000
2017-07-13,48.14210313710338,48.533865650869195,47.84456308891189,48.04540252685547,30492000
2017-07-14,48.30079901168149,48.476346267856194,48.10987590583128,48.445106506347656,21592000
2017-07-17,48.415848989756064,48.764465355089825,48.14211043919196,48.39799499511719,33210000
2017-07-18,48.26905499811704,49.136386766190476,48.20359792415932,48.94298553466797,28266000
2017-07-19,49.09473244937052,49.37194038363207,48.945960521392344,49.23160171508789,28242000
2017-07-20,49.441361232310015,49.52467229278483,48.82743589851954,49.20283508300781,28368000
2017-07-21,49.04464351457972,49.347639265019765,48.80512231873956,49.28466033935547,29266000
2017-07-24,49.29755529368195,49.897099847561435,49.1076234714027,49.50632858276367,79690000
2017-07-25,48.13714435389743,48.43617129690385,47.794971208425736,48.05432891845703,118672000
2017-07-26,48.24028926748868,48.298308118622934,47.61793446361979,47.869850158691406,44432000
2017-07-27,48.06177114366829,48.07863387958749,46.468936858231274,47.235103607177734,74358000
2017-07-28,47.010955652473044,47.69529817946804,46.87805142208544,47.52371597290039,36276000
2017-07-31,47.606533375916996,47.665547275688176,46.70051981236371,46.88747787475586,45670000
2017-08-01,47.00203208119593,47.33329386985887,46.86070214246524,46.94004440307617,28052000
2017-08-02,47.02979495299263,47.06599856612127,46.24379177357356,46.993595123291016,40788000
2017-08-03,47.06599995839331,47.11062926480969,46.586957548998946,46.62960433959961,22478000
2017-08-04,46.8106105815028,46.988639757636676,46.60481483170732,46.901859283447266,25092000
2017-08-07,46.98764733959947,47.059059529941955,46.78829477158166,46.899871826171875,28916000
2017-08-08,46.82747365367446,47.234112649723684,46.737715621479595,46.822513580322266,30102000
2017-08-09,46.53786519707213,46.801187949752354,46.313220421096304,46.61869812011719,28018000
2017-08-10,46.36677963293096,46.43124545113542,45.711198696196725,45.80095672607422,54148000
2017-08-11,45.80690949370734,46.28545253059152,45.68342977220273,46.123294830322266,32334000
2017-08-14,46.56860716996804,46.66629904028285,46.34148425966757,46.56166458129883,23012000
2017-08-15,46.66580599029485,46.76697105224863,46.44810758478902,46.51951599121094,22130000
2017-08-16,46.67672148173799,47.105675153657984,46.61671631987403,46.82648468017578,26906000
2017-08-17,46.76101757125523,46.80366436155835,46.001793471102964,46.002784729003906,33914000
2017-08-18,45.96905915215816,46.16940295057617,45.794007561781704,45.929386138916016,26748000
2017-08-21,45.90906726416016,46.032047577115684,45.553504525158544,45.666072845458984,26024000
2017-08-22,45.96807115334627,46.71192317895294,45.928893766235085,46.63456344604492,35502000
2017-08-23,46.46595589029751,46.88400188668446,46.37867979345375,46.742671966552734,22690000
2017-08-24,46.79871079100748,46.927642427308555,46.155524362730624,46.460506439208984,25892000
2017-08-25,46.57555074553158,46.65092796459833,46.123786843514566,46.14362335205078,23746000
2017-08-28,46.212063190822604,46.359344459434325,45.925926346807096,46.026100158691406,20988000
2017-08-29,45.620451278430565,46.52497420342654,45.588712105293304,46.40397262573242,23172000
2017-08-30,46.40000625624222,46.90532838288006,46.31966895942855,46.794742584228516,22406000
2017-08-31,46.92714518345369,47.46767964301148,46.92466703864264,47.3704833984375,33866000
2017-09-01,47.481072279714525,47.523719073801274,47.12451829448306,47.20931625366211,20858000
2017-09-05,46.9549139384626,47.179558703783755,46.39652928844489,46.6881217956543,29148000
2017-09-06,46.80664533223622,46.83788509210258,46.2517300385947,46.71490478515625,27830000
2017-09-07,46.825488942567944,47.13542730257057,46.49224088730193,47.10517501831055,22332000
2017-09-08,47.09575383838547,47.14534321883074,46.61522453183376,46.68465042114258,19998000
2017-09-11,46.97177848336426,47.24353070952721,46.664318271199875,46.77788162231445,26748000
2017-09-12,46.957893333081294,47.0159121893701,46.49075357527375,46.94450378417969,25696000
2017-09-13,46.88748076600759,47.25196861231679,46.84979026044455,47.13245391845703,21908000
2017-09-14,46.91227079077676,47.01294022589759,46.533402158652414,46.621177673339844,28548000
2017-09-15,46.619191233531005,46.70151103904058,46.18081310940268,46.38115692138672,39886000
2017-09-18,46.36727466389733,46.459015208510344,45.890714164084756,46.10643005371094,29474000
2017-09-19,46.287932095702274,46.51257308874732,45.95319715307209,46.459014892578125,24854000
2017-09-20,46.502159177528064,47.11062884010076,46.49075214483627,46.9886360168457,40080000
2017-09-21,47.0179011408994,47.24948473358056,46.58398741638677,46.9891357421875,27414000
2017-09-22,46.75209671931639,47.11063322132889,46.65638735519029,46.77639389038086,21496000
2017-09-25,46.58745775686731,46.60233419380158,45.84657941674929,46.331077575683594,37468000
2017-09-26,46.45058252599253,46.81705283360065,46.372727164860606,46.48727798461914,33454000
2017-09-27,46.75060923698249,47.87580811223857,46.71143184626798,47.6015739440918,46692000
2017-09-28,47.42057306472946,47.913001295896066,47.38586011682963,47.84506607055664,28018000
2017-09-29,47.90406977893534,48.39055039686221,47.90406977893534,48.28690719604492,40622000
2017-10-02,48.38262608074674,48.486269301979696,47.703239733605685,47.97697830200195,30782000
2017-10-03,47.981428718020325,48.223431842331415,47.740920047372285,48.2055778503418,21666000
2017-10-04,48.18971609694457,48.32063403738987,47.88473400928468,47.94275665283203,21156000
2017-10-05,48.24078862704488,48.921166118090966,48.115822027686306,48.85570526123047,35618000
2017-10-06,48.59833721826085,49.30549385589076,48.52444688054083,49.27474594116211,31060000
2017-10-09,49.34218207550956,49.612943019836436,49.168617367607716,49.20878601074219,25910000
2017-10-10,49.35706781984815,49.4646798507588,48.65338433916383,48.98514175415039,23268000
2017-10-11,49.046633202132725,49.96554073338551,48.99208374382419,49.87032699584961,36300000
2017-10-12,49.78056896083007,50.16241138556229,49.644690944066795,49.87032699584961,30614000
2017-10-13,50.04190738984053,50.32208910626672,49.94024669548672,49.98041534423828,26552000
2017-10-16,50.06768385200446,50.18521222306212,49.665509363366205,50.05379867553711,21420000
2017-10-17,49.95908544873628,50.31216619846016,49.89015519382357,50.135623931884766,20260000
2017-10-18,50.138109503109504,50.398950323668224,49.85395520422401,50.22191619873047,25596000
2017-10-19,49.825688703861445,49.953137230765876,49.456244609722525,49.68138122558594,34284000
2017-10-20,49.9397478654726,50.01909011648272,49.70270480350427,49.84156036376953,32120000
2017-10-23,49.84701473350631,49.87726701857971,48.752064375047425,48.87306594848633,32786000
2017-10-24,48.920672638766945,49.05754190601021,48.45353286580902,49.01935577392578,28902000
2017-10-25,48.90926222716537,49.31391866974858,48.48526868881252,49.1666374206543,30574000
2017-10-26,49.51426900089071,49.91297416516807,49.1175463526605,49.16465759277344,47396000
2017-10-27,51.126937649734316,52.74506415043374,50.92163374493934,51.25983810424805,103682000
2017-10-30,51.03619211581656,51.56531961128711,50.69749210259195,51.23306655883789,46804000
2017-10-31,51.22661703233216,51.6233358892376,50.894360213096626,51.228599548339844,30326000
2017-11-01,51.39125343255267,51.96352328927829,51.27620319307173,51.70267868041992,43262000
2017-11-02,51.57325048084959,51.84748465391126,51.01139258492195,51.72102737426758,26694000
2017-11-03,51.71011311584816,52.102371258383826,51.457202372449544,52.06914520263672,27770000
2017-11-06,52.02501376157799,52.19808285283064,51.67292046474881,51.706642150878906,18294000
2017-11-07,52.05228575215725,52.23874817925111,51.722514668837015,52.18816375732422,26104000
2017-11-08,52.072125736889426,52.6989450833473,51.923357585254784,52.480751037597656,24276000
2017-11-09,51.9704624781529,52.11327928093476,51.36794037649405,51.95657730102539,35892000
2017-11-10,51.76565965173881,51.90252892161213,51.63424608418629,51.779544830322266,19442000
2017-11-13,51.613422308151335,52.00716741227128,51.5370538200359,51.63325881958008,18814000
2017-11-14,51.46068256847816,51.68780550451338,51.04461904670121,51.65507507324219,21012000
2017-11-15,51.325796096900035,51.55539717922264,51.11553211261901,51.39571762084961,18106000
2017-11-16,51.51175063158058,52.15691950259694,51.474559545217346,51.99376678466797,23768000
2017-11-17,52.05972847980375,52.119234223944794,51.26281384312648,51.36992645263672,26712000
2017-11-20,51.37538541015037,51.50928090980651,51.21074577853023,51.308937072753906,17526000
2017-11-21,51.57573071568679,52.08899050660321,51.53110140348238,52.08452606201172,22206000
2017-11-22,52.127176892256685,52.33892778567493,51.933279995158486,52.16486740112305,14538000
2017-11-24,52.28734912669069,52.5690215149846,52.16486066383673,52.392974853515625,16492000
2017-11-27,52.49463282792565,53.21220141941328,52.30618788455397,53.1611213684082,35430000
2017-11-28,53.25931305287393,53.55734875155658,52.29478502530567,52.72869873046875,36424000
2017-11-29,52.376106492550875,52.50454627294909,51.060480281964274,51.44381332397461,55866000
2017-11-30,51.5707700105157,51.7790476831608,51.08131558808607,51.383811950683594,45092000
2017-12-01,51.09817604514459,51.436876033513535,50.42821428668972,50.83336639404297,37762000
2017-12-04,50.968740158844284,51.144291173897486,50.04735460285429,50.178768157958984,38778000
2017-12-05,50.13513216130668,51.409102902921646,49.705187277347164,50.562103271484375,38998000
2017-12-06,50.40936503140444,51.552913441340976,50.34935987748786,51.21272659301758,28710000
2017-12-07,51.378853859003144,52.01608514583892,51.343645285821324,51.80036926269531,30866000
2017-12-08,52.159408268508535,52.38801810167434,51.864346311853325,52.03890609741211,31170000
2017-12-11,52.12469253060521,52.36718753032225,51.778058690010525,52.16733932495117,23254000
2017-12-12,52.0696519709324,52.689528780110166,51.81525428630646,52.0086555480957,33882000
2017-12-13,52.172797641942154,52.34140231178567,51.900050342574524,52.138580322265625,27680000
2017-12-14,52.34190266328053,52.9166507349254,52.24817580839837,52.44009017944336,30962000
2017-12-15,52.752991441506225,53.32179184713229,52.57000599772476,53.160621643066406,63760000
2017-12-18,53.38129549914366,53.879183114235815,53.07979043493773,53.809757232666016,30292000
2017-12-19,53.70711089541895,53.803811510787355,53.17401465506314,53.54643630981445,26350000
2017-12-20,53.60297862933039,53.618350695857906,52.99202694955412,53.23799514770508,28728000
2017-12-21,53.32873612749289,53.434361844055864,53.01185519437691,53.10359573364258,25640000
2017-12-22,53.06144529792869,53.146738878655704,52.94441254719107,53.004913330078125,17788000
2017-12-26,52.99400419260771,53.00491559685436,52.498102813475725,52.855648040771484,18376000
2017-12-27,52.892838865715824,52.975654298889715,52.48520487599397,52.57545852661133,22324000
2017-12-28,52.67712829828397,52.80556809957497,52.2372632182235,52.36471176147461,19884000
2017-12-29,52.34189390273837,52.46884301517318,52.20353397421298,52.23824691772461,23606000
2018-01-02,52.21940716939454,53.357995537474515,52.21940716939454,53.22063064575195,31766000
2018-01-03,53.256335915730126,54.355750700510285,53.23154311672444,54.12862777709961,31318000
2018-01-04,54.40484656612366,54.7514804041107,54.26450789235017,54.338890075683594,26052000
2018-01-05,54.720241175148296,55.22258954087465,54.638416989259554,55.0594367980957,30250000
2018-01-08,55.09464602680576,55.4993025166289,55.04505664237201,55.25382995605469,24644000
2018-01-09,55.463596141591765,55.463596141591765,54.95579208730221,55.18341064453125,26808000
2018-01-10,54.896283615302465,55.18291607811487,54.74652420696688,55.051998138427734,20734000
2018-01-11,55.15960717685105,55.28556503634139,54.87049658472819,55.14671325683594,22424000
2018-01-12,55.05001429043601,56.10132281445176,54.94637108166763,56.069091796875,38586000
2018-01-16,56.54812802368967,56.97311661601301,55.87122371564505,56.07156753540039,36462000
2018-01-17,56.3522468478117,56.499032467639545,55.71402053627322,56.48812484741211,27830000
2018-01-18,56.5005296762047,56.56202172752031,55.76213321480908,56.332916259765625,27498000
2018-01-19,56.43506131941373,56.720203078701616,56.16082718016707,56.70631790161133,30552000
2018-01-22,56.722192343467434,57.86574078088286,56.62300979947485,57.73085403442383,29550000
2018-01-23,58.05121344931012,58.44248041751981,57.88409566044969,58.326438903808594,39138000
2018-01-24,58.763321307092504,58.86597325427586,57.89152509119523,58.08443069458008,37128000
2018-01-25,58.551573334730485,58.764315457472286,58.11170828169678,58.62248611450195,29984000
2018-01-26,58.88977135293771,58.891258239746094,57.9227652477068,58.891258239746094,42170000
2018-01-29,58.913077101077064,59.408978410737895,58.717689593944996,58.83769989013672,31494000
2018-01-30,58.40330654777069,58.9096199859428,58.24411882426002,58.385948181152344,37338000
2018-01-31,58.70530002463101,58.82977478286543,58.12460068518997,58.6264533996582,36022000
2018-02-01,58.31750366291617,58.88580846888545,57.988720061776846,58.59520721435547,73514000
2018-02-02,55.908911977935325,56.10132195619659,55.10307223257932,55.50128173828125,117842000
2018-02-05,54.579401181234864,55.29250913268484,52.403885060973224,52.68406677246094,83550000
2018-02-06,51.275209521008335,53.92332093628484,51.07833510949319,53.77703094482422,76630000
2018-02-07,53.803809994563316,53.88116972799256,52.298747569900236,52.33792495727539,51942000
2018-02-08,52.55909632128308,52.760431392321244,49.823209411400484,49.972476959228516,66792000
2018-02-09,50.87352667351269,52.15493558662901,49.44136332550892,51.88467025756836,98360000
2018-02-12,52.400410831553884,52.84176275541114,51.84599496738983,52.2957763671875,56240000
2018-02-13,52.069644225040435,52.62604638340829,51.91690726786351,52.27494812011719,31586000
2018-02-14,52.283877489834836,53.332707921134535,52.05973210888085,53.195343017578125,41304000
2018-02-15,53.72843882491216,54.25657503679808,52.92408592137374,54.120697021484375,37396000
2018-02-16,54.22086633158134,54.96124903312961,54.130117040712896,54.32600021362305,39948000
2018-02-20,54.190122977680886,55.35697742181171,54.05325370420619,54.7271842956543,33754000
2018-02-21,55.00042953171927,56.34432195580259,54.92157911573324,55.231021881103516,41486000
2018-02-22,55.49979401074562,55.811714885519635,54.80454007218007,55.04009246826172,28010000
2018-02-23,55.47450705289825,55.9872712108776,54.967698009947114,55.942142486572266,25292000
2018-02-26,56.12908987357392,56.74103272715342,56.004123275614624,56.71623992919922,30912000
2018-02-27,56.716240141035705,56.74351486728619,55.38176863743762,55.41747283935547,42964000
2018-02-28,55.64013458167167,55.92032007840852,54.69792496509287,54.74354553222656,49292000
2018-03-01,55.02224036000283,55.108029569544456,52.92705409936514,53.13136672973633,55338000
2018-03-02,52.465376601770885,53.899030812436955,52.07510469721638,53.762657165527344,50162000
2018-03-05,53.4646215490841,54.60767069007468,53.174020259959434,54.289302825927734,28648000
2018-03-06,54.6532824068573,54.82833777716142,54.27639635544392,54.593772888183594,23382000
2018-03-07,54.19309752988377,55.35251755561298,54.04879003585915,55.29499053955078,30748000
2018-03-08,55.402105894745624,56.108267501930335,55.402105894745624,56.0061149597168,33862000
2018-03-09,56.50795689570287,57.574145546899096,56.249594231403485,57.56621170043945,42662000
2018-03-12,57.77498838527019,58.42511738881455,57.484886534640694,57.81863021850586,44306000
2018-03-13,58.111207579493254,58.41718089353128,56.26348016740989,56.528289794921875,43140000
2018-03-14,56.82037734611677,57.51265369061829,56.64929077575586,56.973609924316406,41870000
2018-03-15,57.00733846980149,57.64853862654186,56.31754018699412,57.05891036987305,33382000
2018-03-16,57.29396905727139,57.36636872328307,56.104300590504835,56.256046295166016,58656000
2018-03-19,55.42987575383927,55.50971364000211,53.99969477458665,54.55262756347656,63656000
2018-03-20,54.46980535202091,54.82437680342682,53.6773551646342,54.34087371826172,54598000
2018-03-21,54.18070083702967,54.980589276264126,53.91489614445986,54.25161361694336,44898000
2018-03-22,53.557838624870314,53.75173546748775,52.05178503253973,52.22584915161133,69312000
2018-03-23,52.13758183628975,52.901766014173454,50.82344247471146,50.90675354003906,49880000
2018-03-26,52.09939946393313,52.529348153609014,50.11480262154062,52.27246856689453,65984000
2018-03-27,52.75894960278236,52.79068877546152,49.4721159433285,49.934295654296875,60816000
2018-03-28,49.68485388033702,50.82939354831861,48.79669436686432,49.84701156616211,77698000
2018-03-29,50.146049329913446,51.97294925017122,49.79048658389764,51.43191909790039,69338000
2018-04-02,50.959809872882175,51.55042925909805,49.30498823465452,50.216453552246094,65068000
2018-04-03,50.39102106650688,50.829894876753684,49.453767697795094,50.516483306884766,51322000
2018-04-04,49.50236615694031,51.213723943837955,49.41707256609332,51.0634651184082,50724000
2018-04-05,51.89062369515919,51.90649138891989,50.78030130890484,51.20875930786133,35836000
2018-04-06,50.735664817411,51.37537799917376,49.9000722713159,50.08355712890625,40134000
2018-04-09,50.58392477939644,51.80136361150486,50.542269243842824,50.58640670776367,33220000
2018-04-10,51.09073807094484,51.63375070876464,50.3543241899875,51.40018081665039,36620000
2018-04-11,51.177022357273046,51.36893671133409,50.54226917817933,50.83286666870117,34060000
2018-04-12,51.15074275127111,51.804337399767896,50.881964286050106,51.439353942871094,32896000
2018-04-13,51.915421443053674,52.21742217739098,51.085280740933705,51.37736511230469,25410000
2018-04-16,51.84896886410997,52.14055760390715,51.272234561158584,51.876243591308594,29776000
2018-04-17,52.625057782700104,53.80530174936191,52.42124076423234,53.525611877441406,54584000
2018-04-18,53.5082513959267,53.65652390011302,53.087231639206756,53.3287353515625,31126000
2018-04-19,53.012851887323954,54.42567449731254,53.012851887323954,54.025978088378906,39884000
2018-04-20,53.76910123700116,54.28880417094214,53.16558781994128,53.4244499206543,42434000
2018-04-23,53.70512676619585,53.954072501464275,52.89680886618381,53.25038528442383,69590000
2018-04-24,52.52587867655048,52.78821020067303,50.22787389638653,50.71286392211914,128220000
2018-04-25,51.06544376987916,51.378855318134626,50.433664383643524,50.73021697998047,57860000
2018-04-26,51.23751872622358,52.16981568812195,50.60425248870009,51.737884521484375,50926000
2018-04-27,51.84847307083429,52.15394698774903,50.95833100583306,51.14974594116211,40746000
2018-04-30,51.2970279398933,51.49290730777598,50.49763520852376,50.51152038574219,34492000
2018-05-01,50.398460199378235,51.659537153404955,50.116292168946714,51.610939025878906,35326000
2018-05-02,51.27620250432645,51.77111261726517,50.7386455999112,50.881961822509766,34698000
2018-05-03,50.8482395802044,51.11205795646104,49.98140344858725,50.89435577392578,39282000
2018-05-04,50.56259783900899,52.162874009608664,50.48523810460643,52.119232177734375,36892000
2018-05-07,52.262552084785746,52.81349856487074,52.08303602194404,52.53876876831055,34400000
2018-05-08,52.79465149922729,52.82490378360529,52.1509732359064,52.49562454223633,26030000
2018-05-09,52.76886730132735,54.25161135803758,52.670180384918446,54.00117874145508,47160000
2018-05-10,54.30120058047087,55.01579540037232,54.24565986859183,54.82040786743164,36414000
2018-05-11,54.56948129284038,54.99595676164047,54.41128863921936,54.71676254272461,30504000
2018-05-14,54.825365721168026,55.449211230043865,54.78718337501046,54.87644577026367,39338000
2018-05-15,54.39542566367748,54.50551583478358,53.496850300827376,53.79885482788086,35738000
2018-05-16,53.80976314670501,54.27045594367207,53.63818093955972,53.760169982910156,25628000
2018-05-17,53.62975504669495,54.10284238278998,53.37981804544918,53.619834899902344,25738000
2018-05-18,52.863083240908026,53.24641628659211,52.797626169446794,53.0435905456543,35482000
2018-05-21,53.50775639393948,54.21689547540885,53.4581670156506,53.756202697753906,25180000
2018-05-22,54.04333940904359,54.142518181494395,53.17352560858533,53.32477569580078,22226000
2018-05-23,53.06144259881079,53.95406651104006,52.91068816992643,53.852901458740234,23740000
2018-05-24,53.89952164864626,53.910429269372564,53.1755060953026,53.827613830566406,20604000
2018-05-25,53.882162527365246,54.03192570903824,53.686283151739836,53.759674072265625,22224000
2018-05-29,53.35898964912242,53.623803084012096,52.718285133936725,52.96574020385742,36076000
2018-05-30,53.23401909347628,53.5072619843756,52.890359056796385,53.431884765625,28686000
2018-05-31,53.65653211977439,55.045057608864525,53.45817457855658,54.549156188964844,79368000
2018-06-01,55.18737684111706,56.44151106851261,55.14472626643727,56.28480529785156,63202000
2018-06-04,56.458374825242416,57.418442256234876,56.38398885698652,57.17941665649414,44754000
2018-06-05,57.25974998898025,57.579109082894355,56.90270039283215,57.07923889160156,32964000
2018-06-06,57.1660258665135,57.26223085912738,56.35026972869474,56.877410888671875,34934000
2018-06-07,56.759881533622824,56.82385172347052,55.84444723238327,56.256046295166016,36108000
2018-06-08,56.096863422878286,56.472258876258145,55.70113204704333,56.17124938964844,27284000
2018-06-11,56.182648642397005,56.9165843277191,56.1062801650855,56.57738494873047,24796000
2018-06-12,56.5833372860979,56.96667034977643,56.5833372860979,56.938899993896484,26092000
2018-06-13,57.14172396484692,57.308349889397284,56.7003720290939,56.742523193359375,34302000
2018-06-14,57.13825529447141,57.82160660348666,57.05841362577938,57.5300178527832,35422000
2018-06-15,57.52058855939883,57.718454229804756,57.21164525280323,57.48835754394531,44438000
2018-06-18,57.16205562210949,58.721171974953876,57.07824892326905,58.69389724731445,33038000
2018-06-19,58.02592031687286,58.65571343900531,57.604404877641464,58.4514045715332,47282000
2018-06-20,58.68000308201363,59.58204768845884,58.61702416028354,58.71818542480469,51686000
2018-06-21,58.7896056767175,59.028627478081944,57.69713348494236,57.99269104003906,44966000
2018-06-22,58.09435893211776,58.26841930879039,57.507208780923854,57.985260009765625,34220000
2018-06-25,57.27660748631316,57.32570123702275,55.535992641005855,56.49705123901367,57682000
2018-06-26,56.73806097837221,56.87343957261279,55.98726632248707,56.16678237915039,34688000
2018-06-27,56.33439691500152,56.84071407841611,55.377307084911294,55.38920974731445,34538000
2018-06-28,55.16357460022306,56.23521906056949,54.85016682481249,55.87717819213867,29726000
2018-06-29,56.15141975600885,56.600209973130866,55.88908821592632,55.99669647216797,31562000
2018-07-02,55.31035689959812,56.68102815144789,54.87644323394959,56.637386322021484,23216000
2018-07-03,56.999898337280264,57.02419550778411,55.264739098157946,55.35647964477539,16448000
2018-07-05,55.76907048507362,56.73806299233003,55.69567577703907,56.59672927856445,28594000
2018-07-06,56.62053323618329,57.336119326097574,56.39588845660684,57.28057861328125,21820000
2018-07-09,57.5245597123931,57.91780914101105,57.387194819139,57.88557434082031,21584000
2018-07-10,58.019965299848046,58.19402565354228,57.65150867103395,57.878631591796875,21334000
2018-07-11,57.30734983826059,58.53817810423882,57.294955331298716,58.09286117553711,33252000
2018-07-12,58.26146513753374,59.606844208096305,58.174185260316186,59.57064437866211,44148000
2018-07-13,59.647014850950164,60.02588345893193,59.27459320277427,59.727352142333984,32612000
2018-07-16,59.69710416604418,59.94009857353567,59.18087063251283,59.33509826660156,26784000
2018-07-17,58.65224377865796,60.43847933719523,58.6155445322406,60.15680694580078,40162000
2018-07-18,59.93116609674343,60.57881315843189,59.73429546433919,60.148372650146484,38948000
2018-07-19,59.8379394825147,60.325411378483885,59.3955963063549,59.46353530883789,38338000
2018-07-20,59.47048140239475,60.042255657242656,59.33906405036968,59.403038024902344,37938000
2018-07-23,59.29295026134349,60.256982745158574,59.111943518550284,60.05366134643555,65446000
2018-07-24,63.02906172072626,63.227423020220215,61.69707215887038,62.39183044433594,107600000
2018-07-25,62.117597865204,63.38809541844173,61.940559956385655,63.27404022216797,51104000
2018-07-26,62.83963524850404,63.842349461078776,62.632348824886364,63.74812698364258,54686000
2018-07-27,63.92764032936621,64.04268678664052,61.71442994578182,62.13098907470703,48362000
2018-07-30,61.7422038865088,62.13099268163809,60.70676301036518,60.99785614013672,43896000
2018-07-31,61.080667817479224,61.55177639947601,60.31103168905278,60.858009338378906,39382000
2018-08-01,61.44764120126705,61.784354899209696,60.744948993606215,61.14414978027344,36994000
2018-08-02,60.425584496741564,61.7104667119602,60.4037654708789,61.54780960083008,34704000
2018-08-03,61.748641001946844,61.81509311226984,60.967102287684014,61.40052032470703,21264000
2018-08-06,61.57161587717549,61.61376704258052,61.02215627306079,61.37622833251953,22114000
2018-08-07,62.087347066897074,62.78508294379242,62.07693507500244,62.277278900146484,42506000
2018-08-08,62.32092023809937,63.06477234944003,62.092806044632866,62.54953384399414,34344000
2018-08-09,62.61895703178096,63.076672285932354,62.48853472509049,62.70474624633789,27326000
2018-08-10,62.442914440189575,62.54308825195144,61.84684299344489,62.11214828491211,26602000
2018-08-13,62.04717994879449,62.77962496101555,61.840389171065105,61.92022705078125,27500000
2018-08-14,62.11164468649074,62.51282794421975,61.46895771112205,62.391334533691406,28080000
2018-08-15,61.70401855503376,62.085860958793766,60.809412028021946,61.105960845947266,37052000
2018-08-16,61.59045622905311,61.675257970750934,60.48162067754189,60.7013053894043,32176000
2018-08-17,60.601134976171906,60.84462122823014,59.706528439964295,60.29417037963867,33092000
2018-08-20,60.53270186646069,60.793050860880605,59.9396042095753,60.59667205810547,22218000
2018-08-21,60.64973160024402,61.13273906052275,60.25350461148751,60.37152862548828,23082000
2018-08-22,60.21334471465682,60.82380079500642,60.16375532609071,60.586761474609375,22296000
2018-08-23,60.49401674337012,61.252249616869754,60.46773327420355,60.557491302490234,24666000
2018-08-24,60.79750451927134,61.36283175342092,60.570381611043416,61.33060073852539,24454000
2018-08-27,61.69707216823736,62.37794527634453,61.52548996574035,62.29859924316406,28580000
2018-08-28,62.280251594971496,62.31298202386681,61.639051483139156,61.78236770629883,27330000
2018-08-29,62.23562551505126,62.83913893962649,62.12652660202709,62.714168548583984,36926000
2018-08-30,62.65218094105127,62.95418546815909,61.849318724961755,62.207855224609375,30104000
2018-08-31,62.09727138257301,62.11413033569713,60.7851143929751,61.08513641357422,42308000
2018-09-04,60.62493346993825,60.890242517749584,59.83347455400788,60.069026947021484,41458000
2018-09-05,59.96538422822053,60.24556971398544,58.28527013841559,59.46353530883789,53988000
2018-09-06,59.43725776135782,59.4580855302462,57.703585303195204,58.7142333984375,46854000
2018-09-07,58.11963887580411,58.94035881876421,57.98426028412957,58.3968505859375,32658000
2018-09-10,58.724635930554136,58.84662875014471,58.05070543262553,58.27138137817383,27670000
2018-09-11,58.07501817676469,59.058887212798616,57.81962923680244,59.011775970458984,29254000
2018-09-12,58.61553799863447,59.04647790579858,57.830030442616156,58.09980392456055,35716000
2018-09-13,58.50148832279991,58.906144800442625,57.98178160132907,58.62248611450195,40068000
2018-09-14,58.913083692868184,58.913083692868184,58.195015701265106,58.41618728637695,24176000
2018-09-17,58.40578269562224,58.606622168607615,57.44819715925354,57.516136169433594,34096000
2018-09-18,57.656467902342634,58.58231793606274,57.5954714892381,57.87714385986328,32314000
2018-09-19,57.968893110208704,58.33139465004601,57.456128963458156,58.232215881347656,25962000
2018-09-20,58.54958773082675,59.21062434798751,58.33039865935432,59.090118408203125,29244000
2018-09-21,59.256249702666175,59.33856951836281,58.12262131875296,58.12559509277344,91222000
2018-09-24,57.49530773446376,58.77373927041255,57.103049527865714,58.49454879760742,31150000
2018-09-25,58.72712607615012,59.352454758574964,58.223287034526976,59.20517349243164,33152000
2018-09-26,59.19525050604648,59.86719472365438,58.78414710213742,59.21359634399414,37650000
2018-09-27,59.50816262940116,60.34425083124083,59.411462016465464,59.873146057128906,36274000
2018-09-28,59.71098426888042,59.92719955893277,59.400550294566635,59.85926055908203,35612000
2018-10-01,60.15285009198426,60.70825731946131,59.666369355448474,59.93117904663086,33164000
2018-10-02,59.83893287455786,60.72411867083924,59.49130778630442,59.88703536987305,40180000
2018-10-03,60.103246708296815,60.21135436103565,59.61478353847458,60.07994079589844,26246000
2018-10-04,59.75759838457997,59.80074080235531,57.71547854209041,58.37105941772461,46576000
2018-10-05,58.31800151953087,58.61554159078529,57.24288769111712,57.91284942626953,31852000
2018-10-08,57.524557624559634,58.31105645324983,56.30464073584316,57.32223129272461,46190000
2018-10-09,57.09361762617503,57.601421645972316,56.73954560012242,56.78913497924805,33690000
2018-10-10,56.354235704467875,56.38498361968212,54.12813507082892,54.160369873046875,58980000
2018-10-11,53.50973925718462,55.34556779109662,53.35352912030459,54.089942932128906,67696000
2018-10-12,55.52310448461403,55.83006909493526,54.302691828734865,55.5677375793457,49370000
2018-10-15,55.44177314614731,55.63021429950224,54.460878053892145,54.67015075683594,30074000
2018-10-16,55.21762424560735,56.35274318145139,55.131835035843245,56.18959045410156,38378000
2018-10-17,56.53275154287533,56.879880960031,55.24340884331969,55.91733932495117,35652000
2018-10-18,56.036858277452815,56.15339540928809,53.871754093826716,54.44551086425781,46152000
2018-10-19,54.73313116691298,55.588064644030325,54.40186941514952,54.806026458740234,41286000
2018-10-22,55.16952330250244,55.62476039910742,54.54915095810386,55.11299133300781,27116000
2018-10-23,54.11722105929459,55.44177625930868,53.50825573348647,55.28853988647461,37686000
2018-10-24,55.29300386341311,55.3733411581951,52.32056935760662,52.422725677490234,49286000
2018-10-25,53.57222873103137,55.432850277026816,53.33667631790497,54.7271842956543,72956000
2018-10-26,51.98682652307984,55.39217950296379,51.68432639569695,53.743309020996094,106438000
2018-10-29,54.37756697945334,54.98703168333378,49.94718520148178,51.312400817871094,81290000
2018-10-30,50.58244141801836,52.114279389499565,50.282918801031514,52.04534912109375,59768000
2018-10-31,52.97218166328328,54.94587068637152,52.97218166328328,54.082008361816406,70916000
2018-11-01,54.12267938183399,54.544194822068334,53.44924442209076,53.85390090942383,40132000
2018-11-02,54.00366862493669,54.44998068631854,52.94541359959023,53.135345458984375,43438000
2018-11-05,53.18690854656396,53.22757282190439,51.276202151660776,52.35379409790039,45358000
2018-11-06,52.31858558730312,53.54842264477756,52.248664069488854,53.040122985839844,28660000
2018-11-07,53.73041618700617,55.04157799583169,53.58660433801506,54.95777130126953,43388000
2018-11-08,54.91116602403288,54.956786593916036,53.77356501619863,54.28285598754883,33694000
2018-11-09,53.75669821736427,53.97142283548305,52.776798181357506,53.409568786621094,34860000
2018-11-12,53.21666748640021,53.26476998164376,51.59110279461373,52.037906646728516,34002000
2018-11-13,52.308178293181584,52.89631588540383,51.59358341935655,51.96897888183594,25750000
2018-11-14,52.565550481816324,52.85267858421716,51.628792730384205,52.29677200317383,34666000
2018-11-15,52.14204716151676,53.50131148140594,51.637712533591234,53.11351776123047,41584000
2018-11-16,52.824903973568865,53.18244920128964,52.312635487457975,52.97565841674805,35366000
2018-11-19,52.7336550830274,52.96226867525788,50.724265514564266,50.94989776611328,45684000
2018-11-20,49.95165011439261,51.44233186700774,49.699734383253194,51.10015869140625,54458000
2018-11-21,51.83706669619646,52.303215207880605,51.546964840550686,51.743839263916016,29698000
2018-11-23,51.2514102979892,51.7225189105899,51.004450849399845,51.08280563354492,14178000
2018-11-26,51.77210565786005,52.41677519212862,51.56233731257599,52.36421203613281,31558000
2018-11-27,52.13609310498648,52.90077288477134,51.84648690239975,52.18270492553711,33048000
2018-11-28,52.439588587382175,54.195079932226704,51.72003368504357,54.14201736450195,46042000
2018-11-29,53.73240371350894,54.55659312524138,53.656530858582514,54.28037643432617,31004000
2018-11-30,54.33244454037789,55.02769470214844,53.71504596151759,55.02769470214844,59668000
2018-12-03,56.14397201390017,56.28480631004417,55.13084208010113,55.36044692993164,57532000
2018-12-04,55.193332761663406,55.25532043785084,52.60423116972486,52.68803787231445,45630000
2018-12-06,51.82169421560711,53.528587431634996,51.696727612647116,53.462135314941406,47436000
2018-12-07,53.17203169584198,53.80678483588291,51.542498271462186,51.90004348754883,42682000
2018-12-10,51.71954044563596,52.54571236714273,51.22661659854662,52.22734451293945,33652000
2018-12-11,52.909704710182965,53.08128692952713,52.07460768112649,52.64737319946289,33852000
2018-12-12,53.412544503125076,54.13903818940161,53.159138117751525,53.24641799926758,28960000
2018-12-13,53.34262138246807,53.97489636278755,52.81299834519464,53.23699188232422,24986000
2018-12-14,52.56654035265501,53.14674409029984,52.038404143978894,52.15444564819336,36358000
2018-12-17,51.92137162429705,52.683573360961546,50.4148259287533,50.86212921142578,49932000
2018-12-18,51.27621086763464,52.55018181825006,51.10165107468999,51.742855072021484,43640000
2018-12-19,51.93525681051132,53.34461003728609,50.55367772499498,51.34860610961914,58264000
2018-12-20,50.879482241119874,51.94269722042624,49.979919413197926,50.75947570800781,53674000
2018-12-21,51.17900616560844,51.458196608978,48.65734815338162,49.15622329711914,104656000
2018-12-24,48.81256717172268,50.19117248549868,48.482296651220004,48.829925537109375,36360000
2018-12-26,49.49046000831835,51.99277700934326,49.225646602209785,51.9630241394043,46318000
2018-12-27,50.8894031809876,52.23527804094149,49.93726961475843,52.21345901489258,45996000
2018-12-28,52.54075084153076,52.775311987505624,51.672923407636674,51.905006408691406,34398000
2018-12-31,52.457932318095075,52.713820629058745,51.22859468884806,51.81970977783203,33110000
2019-01-02,50.93898977352967,52.6047230648871,50.843776043780714,52.301727294921875,31868000
2019-01-03,52.10287264182408,52.875981979933826,50.69947078305662,50.85319900512695,41960000
2019-01-04,51.700688682993224,53.557344942092904,51.41802506935815,53.46163558959961,46022000
2019-01-07,53.605447431420956,53.69123663835179,52.6964601806528,53.355018615722656,47446000
2019-01-08,53.85489011971535,54.21937794351435,52.9796244703007,53.82365036010742,35414000
2019-01-09,53.95358207163841,54.134585036252574,53.27816077513779,53.63917922973633,26998000
2019-01-10,53.30642301238766,53.54792673522367,52.797627727154754,53.49932861328125,26598000
2019-01-11,53.056494120511594,53.228571981097055,52.388514818858084,52.7872200012207,30864000
2019-01-14,52.2352805449362,52.48868696018829,51.99774560855751,52.14453125,28490000
2019-01-15,52.4668659224875,53.96746406204631,52.28982800056554,53.880184173583984,37518000
2019-01-16,54.05325069106837,54.666184830089556,53.95456755691764,54.02894973754883,38280000
2019-01-17,53.95357453146832,54.58386323084634,53.71900961368092,54.50551223754883,24896000
2019-01-18,54.97513352063556,55.44177767329486,54.51344944130372,54.911163330078125,44892000
2019-01-22,54.35079086117299,54.498075902626475,53.10558170056644,53.489410400390625,39632000
2019-01-23,53.89753253264309,54.19953702925566,52.9409421901349,53.776039123535156,25194000
2019-01-24,53.68182026674649,53.95407191142613,53.06243916780323,53.75571060180664,29114000
2019-01-25,54.263016457589686,54.71577542869572,54.14251429554499,54.6240348815918,23260000
2019-01-28,54.05672457402515,54.22036915695017,53.29005842382145,53.55040740966797,29334000
2019-01-29,53.60892597667247,53.79191523753481,52.864082578707574,53.06442642211914,19704000
2019-01-30,53.426431833040915,54.525351001051796,53.390727629345626,54.44947814941406,29452000
2019-01-31,55.15613401300113,55.92130947092157,54.80950019306475,55.833038330078125,40232000
2019-02-01,55.654516947095594,56.25505660568584,55.25581557707563,55.4725227355957,33116000
2019-02-04,55.491862423764644,56.64880046780075,55.41747645791283,56.60317611694336,78408000
2019-02-05,56.018510837262355,57.16602820626715,55.71948385490271,57.121395111083984,82296000
2019-02-06,56.99246089522924,57.22702204444144,55.45962798014585,55.68427276611328,48256000
2019-02-07,55.13531121558473,55.143740692226345,54.231283896619765,54.84223556518555,38298000
2019-02-08,54.29524926151284,54.80206204094916,54.263513873819036,54.66717529296875,21766000
2019-02-11,54.735110719226135,55.21514436928566,54.54914771565006,54.65427780151367,18498000
2019-02-12,55.095139799771296,56.178686919455295,55.095139799771296,55.91685104370117,35036000
2019-02-13,56.187611297106514,56.67409195109993,55.83849553947913,55.96891784667969,28042000
2019-02-14,55.78890327451835,56.340840976368156,55.39664511522368,55.9971809387207,21106000
2019-02-15,56.498049231575386,56.498049231575386,55.378302215103496,55.52260971069336,27826000
2019-02-19,55.37433795065164,56.0190075389514,55.37433795065164,55.863792419433594,21980000
2019-02-20,55.98130906769022,56.08296974742656,55.131831368453845,55.57020568847656,24090000
2019-02-21,55.48045563907056,55.498805261978845,54.44897982598099,54.75792694091797,33272000
2019-02-22,55.030174478552766,55.40457864300607,54.57394613575661,55.370361328125,29436000
2019-02-25,55.63666061499263,55.80873844416602,55.24886690902951,55.408546447753906,26208000
2019-02-26,55.261760191576904,55.860313518973165,54.88140468154048,55.640628814697266,35026000
2019-02-27,55.24391208286884,55.82510706806781,54.97364672917715,55.68427276611328,22092000
2019-02-28,55.491360469824755,56.23471684777212,55.462103229177416,55.86576461791992,27422000
2019-03-01,56.08644635618862,57.02865975225924,56.08644635618862,56.955265045166016,34086000
2019-03-04,57.254789415718996,57.79829765213025,56.44597212936097,57.19825744628906,35490000
2019-03-05,57.32620299909426,58.34230678742909,57.178426102198614,57.98029708862305,40094000
2019-03-06,58.10774323810325,58.255520128917794,57.67581203241563,57.76953887939453,23602000
2019-03-07,57.54935135086205,57.70208829592201,56.61755005004229,57.070804595947266,30086000
2019-03-08,56.23026120860761,57.19974938406611,56.04677632281344,57.02717590332031,23694000
2019-03-11,57.12783401426146,58.51189486390087,57.106510619417605,58.47966384887695,30032000
2019-03-12,58.63041793238064,59.791320897490806,58.63041793238064,59.371788024902344,42220000
2019-03-13,59.80223795182649,59.861248068720826,59.404524065314185,59.461551666259766,25888000
2019-03-14,59.459566851406144,59.74123922576075,59.07326001338981,59.137725830078125,27302000
2019-03-15,59.40898775828328,59.593460108295844,58.86398883406654,59.02714157104492,51886000
2019-03-18,58.99688917576434,59.25773377275096,58.589754587087576,58.94035720825195,24442000
2019-03-19,59.0975568546802,59.677268706394294,58.985484173693706,59.630157470703125,29788000
2019-03-20,59.5775957857517,60.99537850846719,59.4878377505703,60.8188362121582,41508000
2019-03-21,60.499969664619066,61.31523015861807,60.33036996643317,61.29985809326172,28150000
2019-03-22,60.93884747487413,61.175886781357356,59.80571090634118,59.887535095214844,34422000
2019-03-25,59.486342506890146,59.976292522278534,59.012260184414735,59.37823486328125,27576000
2019-03-26,59.765536323392006,59.88752915106915,58.60364203693624,59.004329681396484,30752000
2019-03-27,59.10747706719448,59.10747706719448,57.73432377537689,58.41767883300781,29428000
2019-03-28,58.293205073603154,58.37998553960002,57.69465178230228,58.133026123046875,22402000
2019-03-29,58.52528961118453,58.71323893335575,57.84094704933484,58.36214065551758,30890000
2019-04-01,58.89027081678806,59.518081382666765,58.831756331098426,59.457584381103516,27706000
2019-04-02,59.51063869950825,59.79627986782097,59.073751255208485,59.78289031982422,18288000
2019-04-03,60.13795828936731,60.52972083098244,59.76008470919259,60.04423522949219,22180000
2019-04-04,60.068034138317934,60.52724003399788,59.956457090131785,60.47269058227539,21022000
2019-04-05,60.46525792625682,60.51931175400298,60.00555635934501,60.07597351074219,20012000
2019-04-08,60.059108496061306,60.19994278464062,59.741236305443195,59.91876983642578,21750000
2019-04-09,59.601894179377005,59.862735013703436,59.42783003559365,59.641563415527344,19668000
2019-04-10,59.76059003087149,59.951509367804306,59.54090529187969,59.82802963256836,15510000
2019-04-11,59.94952062749646,60.139948099036154,59.73330909773251,59.98373794555664,16998000
2019-04-12,60.282764136523824,60.65122078299202,60.16722204644514,60.635353088378906,24312000
2019-04-15,60.70278993353485,60.961156397142275,60.23019825206835,60.82379150390625,23796000
2019-04-16,60.99587332322984,61.29242215401881,60.74990513467327,61.09059143066406,22622000
2019-04-17,61.342996123690995,61.7446787941257,61.139678535444986,61.49871063232422,30366000
2019-04-18,61.7397260025629,61.786341613203554,61.46251805060849,61.564674377441406,24750000
2019-04-22,61.3266379946004,62.20289491593463,61.1629896255075,62.17413330078125,19084000
2019-04-23,62.31695486172242,63.19916312795564,62.08536748310274,63.00873565673828,31868000
2019-04-24,63.008730110515856,63.177834169649934,62.4741507737665,62.48604965209961,23396000
2019-04-25,62.99435414572165,63.118329495542696,62.38439754332146,62.84756851196289,31344000
2019-04-26,63.147091165017436,63.42132533520761,62.731527063292226,63.347434997558594,27228000
2019-04-29,63.50067047663686,64.3169298473822,63.06427858710066,64.27873992919922,72368000
2019-04-30,59.04350662741325,59.55676257846437,58.66513363960765,59.45659255981445,133178000
2019-05-01,59.38418971821205,59.470973972298495,58.10377200341703,58.18510055541992,74340000
2019-05-02,58.149393720291656,58.48561553382337,57.44174152090412,57.847389221191406,45098000
2019-05-03,58.38792177079416,59.08168881529715,58.19650683878489,58.98994827270508,41588000
2019-05-06,58.119639328597295,59.281537394226156,58.077983794922574,59.18384552001953,31774000
2019-05-07,58.80447871053947,59.2488043837092,57.77250736398423,58.4598274230957,36604000
2019-05-08,58.38197156478098,58.72811354197233,57.902932921424046,58.05914306640625,25520000
2019-05-09,57.653495645746986,58.22229232054152,57.25875554325852,57.91979217529297,29556000
2019-05-10,57.962940468651176,58.33188896062332,56.84864920756702,57.9034309387207,31650000
2019-05-13,56.79261252207175,57.12635243643955,55.81370365034524,56.36365509033203,45626000
2019-05-14,56.64780825816616,56.774261749590714,55.716006859862674,55.78196334838867,40392000
2019-05-15,55.66740844227234,58.43206092531707,55.61038084252998,58.06013488769531,59302000
2019-05-16,58.11170663709032,59.21855964212482,57.94359761215228,58.73951721191406,35308000
2019-05-17,58.30957232000944,58.82828398541456,57.84292818102137,57.9599609375,25362000
2019-05-20,57.1774327504438,57.1774327504438,56.44052324213396,56.763851165771484,30602000
2019-05-21,57.250826662798524,57.425386446076885,56.69690637604064,57.248844146728516,20562000
2019-05-22,57.09064953946734,57.71201318585571,57.07825124759412,57.318763732910156,18826000
2019-05-23,56.83377670911536,57.0311429977201,56.193567776861364,56.79757308959961,25214000
2019-05-24,57.12783560846031,57.24486836060925,56.36960275599148,56.46382522583008,18554000
2019-05-28,56.606154286403545,57.35050201510359,56.46680308738616,56.51094055175781,20948000
2019-05-29,56.170749826952495,56.28480881348524,55.14175593690512,55.53798294067383,36230000
2019-05-30,55.54839087669086,55.87816573711446,55.337631284033925,55.61087417602539,18088000
2019-05-31,54.828839872947505,55.2136560321265,54.71527652351709,54.87148666381836,31582000
2019-06-03,52.90920711845489,52.912676521319256,50.930561642121816,51.511260986328125,96890000
2019-06-04,51.79639981884811,52.488184333554216,51.376866936082195,52.292301177978516,60512000
2019-06-05,52.317592162166996,52.4073501849964,51.22661071101869,51.803836822509766,46988000
2019-06-06,51.881704456905,52.06965000873795,51.35109007958164,51.95856857299805,29020000
2019-06-07,52.281886608217675,53.23153811813064,52.126667734954445,52.98060989379883,43828000
2019-06-10,53.40857649267084,54.29326663277335,53.323282909136985,53.694217681884766,28510000
2019-06-11,54.39988435915306,54.74800885389501,53.53602575753216,53.60892105102539,33508000
2019-06-12,53.5548655450642,53.68231028014527,53.04160585199316,53.51271438598633,23670000
2019-06-13,53.79091982164258,54.380048643008536,53.68479846818787,54.103336334228516,20814000
2019-06-14,54.04035336322797,54.28929529672534,53.63074063290041,53.8697624206543,24582000
2019-06-17,54.00862747187131,54.61263279057326,53.95407801097341,54.24616241455078,19770000
2019-06-18,55.11944356839526,55.480458228109946,54.588333571524295,54.80900955200195,34526000
2019-06-19,54.908182821098876,55.016786098910686,54.35227629556519,54.77280044555664,26714000
2019-06-20,55.62525840880668,55.675842832879255,54.896282754909315,55.20374298095703,24018000
2019-06-21,55.038118035277435,55.86676817290945,55.03117544528582,55.8072624206543,50774000
2019-06-24,55.54095626027802,55.71799417825217,55.2091988625177,55.3773078918457,24236000
2019-06-25,55.29697156523066,55.32771569465771,53.78546213142027,53.93324279785156,31644000
2019-06-26,54.1028423919935,54.307155041568436,53.24443945323548,53.573219299316406,34698000
2019-06-27,53.89208865547855,53.97688661837834,53.35155413705044,53.390235900878906,24078000
2019-06-28,53.41998464668975,53.69620132446289,53.24988932159318,53.69620132446289,33672000
2019-07-01,54.60072809032175,54.97513608373966,54.31756880330292,54.549156188964844,29196000
2019-07-02,54.78867275994016,55.18836914929686,54.5327882241278,55.173988342285156,20630000
2019-07-03,55.46656580697558,55.93717873539222,55.28556287173762,55.68922805786133,20154000
2019-07-05,55.509708405291306,56.26744561773774,55.416976607105475,56.16925811767578,29794000
2019-07-08,55.83204812175117,55.89850023897379,55.132333508714034,55.381771087646484,29888000
2019-07-09,55.060920642793654,55.93073435346147,54.903719240110554,55.75369644165039,29472000
2019-07-10,56.15190482385969,56.64879744980509,56.06958501516339,56.577884674072266,30710000
2019-07-11,56.83823211312122,57.189330386367295,56.50945227772339,56.735084533691406,26004000
2019-07-12,56.67806217589247,56.904689494211375,56.46135500496309,56.79757308959961,21878000
2019-07-15,56.79756351489089,57.06237692419117,56.53275388901765,57.05394744873047,21164000
2019-07-16,56.86648981602194,57.45413544750529,56.86648981602194,57.200233459472656,25352000
2019-07-17,57.07428700784104,57.447204326650706,56.861049248315126,56.867000579833984,19538000
2019-07-18,56.63193133752923,56.93790464260632,56.178680571195635,56.89178466796875,25450000
2019-07-19,56.99493690261568,57.10700958518703,56.09884350416264,56.11371994018555,23184000
2019-07-22,56.30811247619203,56.533748511850774,55.79932096005546,56.49357986450195,28914000
2019-07-23,56.70383926802687,56.972122074289274,56.1781850588762,56.93195343017578,20648000
2019-07-24,56.166782066704464,56.80351773742075,55.9629650578798,56.51936721801758,27192000
2019-07-25,56.48068849261149,56.71078898283292,55.724937510612726,56.331424713134766,54762000
2019-07-26,60.89669100249889,62.899633620136136,60.89669100249889,61.750633239746094,121216000
2019-07-29,61.615749687673656,61.93759072921905,61.00578929366304,61.5830192565918,41382000
2019-07-30,60.84709339281561,61.338534076359196,60.763782330236175,60.89668655395508,28616000
2019-07-31,60.74147169390751,61.23935558655443,59.91381293169934,60.41070556640625,39960000
2019-08-01,60.38244041742566,61.30828669649501,59.85529549111367,60.09233856201172,35426000
2019-08-02,59.656933888081014,59.97926673867572,59.012260620037516,59.3256721496582,34910000
2019-08-05,58.16774521908615,58.36164587535304,56.66913339378549,57.26421356201172,47840000
2019-08-06,57.7982955394837,58.58578561785265,57.600429870284124,58.07401657104492,36014000
2019-08-07,57.41546170450556,58.50991642354329,57.07031476456262,58.313541412353516,30686000
2019-08-08,58.835231980116845,59.81959661699975,58.21882838192546,59.81513595581055,30116000
2019-08-09,59.5076692799245,59.72933649805951,58.75885714546131,58.95771408081055,20418000
2019-08-12,58.51636529528973,58.79456449803921,57.956989332399154,58.24361801147461,22064000
2019-08-13,58.23618144876817,59.77744389378323,58.16874185281559,59.34600830078125,28434000
2019-08-14,58.32147224303826,58.654716503422996,57.577620204599086,57.73531723022461,35430000
2019-08-15,57.94260262107063,58.338825802295844,57.67332855107692,57.98673629760742,28506000
2019-08-16,58.55553907300545,58.706789142255424,58.169232238556425,58.4771842956543,24916000
2019-08-19,59.10301619731981,59.973821209229875,59.03210341664599,59.52998733520508,24450000
2019-08-20,59.2775765475695,59.40899011785179,58.667616151780344,58.6914176940918,20206000
2019-08-21,59.30087828655485,59.53593505282947,58.909115748288066,59.090614318847656,14152000
2019-08-22,59.20070279076517,59.44766221200768,58.462306455222475,59.08763885498047,17352000
2019-08-23,58.77274669404673,59.29344468909219,57.028662278630634,57.20619583129883,36254000
2019-08-26,57.49728508668494,58.11269736465062,57.26917090695185,58.078975677490234,21166000
2019-08-27,58.66513960448587,58.76431837529255,57.7506965066122,58.06113052368164,23460000
2019-08-28,57.7660678296099,58.44198094303764,57.53696237493225,58.20642852783203,16810000
2019-08-29,58.8347290486105,59.467995305199445,58.77819707980944,59.22252655029297,19636000
2019-08-30,59.525519943330565,59.525519943330565,58.800013761203594,59.038543701171875,18064000
2019-09-03,58.6081026279347,58.96663910917383,57.70853983655242,57.998146057128906,25908000
2019-09-04,58.48908610398832,58.758360180871236,58.09633231531948,58.628929138183594,21312000
2019-09-05,59.19376342201617,60.202428928101156,59.145660927110434,60.1126708984375,26394000
2019-09-06,59.961425846384756,60.15036265555441,59.66983329523103,59.82158279418945,18972000
2019-09-09,59.859262573889204,60.52724177884461,59.16946434430124,59.76950454711914,31854000
2019-09-10,59.31427199359215,60.00407027598134,59.31030317816098,59.79083251953125,27922000
2019-09-11,59.70107607847747,60.62246176519514,59.621234406143635,60.49997329711914,23522000
2019-09-12,60.67205646243492,61.61178807178812,60.626927734245704,61.24234390258789,31644000
2019-09-13,61.10049803801917,61.54383621812003,60.851060486274655,61.49325180053711,23676000
2019-09-16,61.01768821978675,61.44317244751189,60.75733924092804,61.07670211791992,28218000
2019-09-17,61.076698188942295,61.24381594293351,60.666090423549655,60.98991394042969,20806000
2019-09-18,61.00777409952357,61.305314179116046,60.32491842507922,61.12728500366211,17440000
2019-09-19,61.11091940299707,61.70699079794406,61.11042377402852,61.42978286743164,16554000
2019-09-20,61.17638292238166,61.63062881162983,60.677507720698486,60.98794174194336,37692000
2019-09-23,60.82577681081877,61.47590584591397,60.68742065329418,61.228450775146484,20798000
2019-09-24,61.49177059527287,61.84435574702612,60.03580563912053,60.417152404785156,35804000
2019-09-25,60.302107758666516,61.8894902073785,59.964399011515845,61.78634262084961,26798000
2019-09-26,61.59788938854766,61.72335539761474,61.08612034016491,61.60532760620117,23166000
2019-09-27,61.63211203323862,61.739228430196306,60.261936228243556,60.7950325012207,34122000
2019-09-30,60.52972419632317,60.867432931571535,60.1736696213121,60.55650329589844,24470000
2019-10-01,60.62344843370685,61.1376994390325,59.78339136996081,59.80570602416992,24504000
2019-10-02,59.33460125465061,59.446673938157964,58.1508841384443,58.41321563720703,33030000
2019-10-03,58.681989038860266,59.061848890561826,57.68026999586503,58.98399353027344,28368000
2019-10-04,59.225006378900304,60.126059852899786,59.06036675741137,60.051673889160156,24282000
2019-10-07,59.855294432634274,60.445913908386466,59.72437649993777,59.91728210449219,17040000
2019-10-08,59.44716525241089,59.848844132939014,58.986472477126554,59.018707275390625,20086000
2019-10-09,59.57412322169878,59.927699641137494,59.41493551600524,59.62718200683594,15948000
2019-10-10,59.43873940465418,60.28276149090134,59.402043943686515,59.977783203125,12842000
2019-10-11,60.699817951472276,60.933883468749734,60.18457567938561,60.287227630615234,22330000
2019-10-14,60.19697523733652,60.791559777175,60.09730084134501,60.38938522338867,13296000
2019-10-15,60.574349906817126,61.845343023163764,60.54558829475752,61.602848052978516,27584000
2019-10-16,61.58153099093143,62.19545640319099,61.41887388058944,61.64054489135742,22986000
2019-10-17,62.05709617616047,62.66953466128119,61.98122332826266,62.126522064208984,20958000
2019-10-18,62.220254881116524,62.38985080245615,61.498717421635874,61.71046829223633,31624000
2019-10-21,61.92320671511835,62.161732887897436,61.4912755232847,61.704017639160156,18094000
2019-10-22,61.71393812303444,61.92469773708948,61.484337039873836,61.55128479003906,22862000
2019-10-23,61.502192048052436,62.38638286010281,61.502192048052436,62.366050720214844,21282000
2019-10-24,62.4394416809082,62.62738721875629,62.10421109911762,62.4394416809082,20224000
2019-10-25,62.086851313418414,62.880296548809305,61.945521387384986,62.69681167602539,27104000
2019-10-28,63.22742480904613,64.42948773482502,63.09402873253453,63.920692443847656,65428000
2019-10-29,63.27701889560473,63.51505323612081,62.26587519841063,62.51630783081055,52654000
2019-10-30,62.243058439881544,62.881284756738424,62.01990434289386,62.51828384399414,29204000
2019-10-31,62.4835741641349,62.80690207723711,61.96188494144521,62.42406463623047,31904000
2019-11-01,62.77119828011663,63.128247882999425,62.469193761287805,63.0910530090332,28812000
2019-11-04,63.28247628200852,64.09525868097215,63.28247628200852,63.951942443847656,30632000
2019-11-05,64.03078380018343,64.3303101709865,63.94053392587644,64.04268646240234,25148000
2019-11-06,63.97574936306113,64.11955744935278,63.587955592244974,64.02136993408203,24626000
2019-11-07,64.18352592571782,65.59040103941366,64.1572462377244,64.81134033203125,45140000
2019-11-08,64.54255550304146,65.3156686315191,64.54255550304146,64.91349029541016,30392000
2019-11-11,64.6655404685864,64.71017734604172,64.26237843589956,64.38188934326172,17234000
2019-11-12,64.39626264933645,64.93084578823698,64.1815380183125,64.32881927490234,28852000
2019-11-13,64.12896855743497,64.59214327190867,64.0778922913603,64.27774047851562,20538000
2019-11-14,64.21923179805225,65.2467425940979,64.16666485694327,64.92092895507812,28948000
2019-11-15,65.21351099535102,66.13043212890625,65.0568014433281,66.13043212890625,39286000
2019-11-18,66.07091887799594,66.14927365407613,65.26855235059708,65.45104217529297,27984000
2019-11-19,65.78776365557141,65.78776365557141,65.05085793939855,65.09152221679688,21864000
2019-11-20,65.03053019539448,65.12227074851963,63.93211035270607,64.5594253540039,28892000
2019-11-21,64.429983634344,65.01861677417807,64.0084644651908,64.47412109375,25546000
2019-11-22,64.6159575316089,64.80935878570455,63.93954877129495,64.15328216552734,27776000
2019-11-25,64.28171464407943,64.9834117548011,64.2494798442598,64.74686431884766,23590000
2019-11-26,64.95861817732126,65.1619395649303,64.66752884126126,65.11185455322266,21910000
2019-11-27,65.23186685461462,65.34195702798004,64.93680491082387,65.06871032714844,18808000
2019-11-29,64.79448056426496,64.96060330050324,64.62735900315724,64.67000579833984,12802000
2019-12-02,64.5941200818851,64.7369444429222,63.49420981454787,63.914737701416016,26538000
2019-12-03,63.40891914678887,64.32981283468685,63.32908127116737,64.20632934570312,25270000
2019-12-04,64.76968214417802,65.6707356536874,64.61842828244268,65.40641784667969,35506000
2019-12-05,65.80611307013608,65.85471497800788,65.17731500969089,65.80413055419922,24408000
2019-12-06,66.09125298585175,66.57326918477894,66.01587954811114,66.4205322265625,32968000
2019-12-09,66.39426317112083,67.32110462746992,66.25590321431444,66.59906768798828,30842000
2019-12-10,66.44781095349515,66.84750734354655,66.15324087344685,66.59410095214844,17606000
2019-12-11,66.86238425419971,66.9412308789754,66.50533465375199,66.66154479980469,20480000
2019-12-12,66.60997502068224,67.17381167318545,66.36153246208066,66.87181091308594,29114000
2019-12-13,66.84254966147614,67.01363625823237,66.53311068368981,66.79147338867188,33170000
2019-12-16,67.19464273779465,67.6176450772123,66.97694431367663,67.47731018066406,28128000
2019-12-17,67.56211108756496,67.65732483603364,66.98488104797306,67.18919372558594,32948000
2019-12-18,67.29380455752626,67.41430669623941,66.96948922532874,67.04138946533203,23330000
2019-12-19,67.04139223741208,67.32009458947502,66.88469026605914,67.26603698730469,28922000
2019-12-20,67.59630412319467,67.64093342357606,66.98287446512106,67.00717163085938,50090000
2019-12-23,67.37960705864413,67.53432652981114,66.84750585981473,66.9779281616211,19936000
2019-12-24,66.95708834049306,67.0463545103904,66.65756958122826,66.67045593261719,13468000
2019-12-26,66.7755909441983,67.601270870842,66.7240152703406,67.5650634765625,23662000
2019-12-27,67.64095444804676,67.79220832437919,67.09546739562148,67.17679595947266,23212000
2019-12-30,67.2844037964248,67.29382453157257,66.34367718193478,66.43640899658203,19994000
2019-12-31,66.24200742818745,66.48351115662122,66.06050885599129,66.4205322265625,19514000
2020-01-02,66.86784303993142,67.87303161621094,66.77262930429765,67.87303161621094,27278000
2020-01-03,66.84749847538635,68.12444284241023,66.81377300921453,67.51795196533203,23408000
2020-01-06,67.02751070483214,69.34287723228258,66.99627473144326,69.31758880615234,46768000
2020-01-07,69.4490172835302,69.59977174853829,69.00766529434551,69.18370819091797,34330000
2020-01-08,69.16931180182212,70.01383328257931,69.06071230813146,69.6761245727539,35314000
2020-01-09,70.51370271406968,70.84843766453115,69.93250773983897,70.40758514404297,33200000
2020-01-10,70.887623572567,71.15888019723822,70.39816911178163,70.8623275756836,26258000
2020-01-13,71.17423856104631,71.48318564833806,70.68429232295442,71.41128540039062,30730000
2020-01-14,71.40980138157744,71.54022369151787,70.80331039967703,70.94316101074219,26076000
2020-01-15,71.06365964443332,71.44847959482189,70.99621627063644,71.37012481689453,21550000
2020-01-16,71.68007680482995,71.94042961571901,71.40981141271426,71.91365051269531,26080000
2020-01-17,72.52755882003636,73.42067465653932,72.23051437982828,73.36959838867188,52424000
2020-01-21,73.34380799940449,73.88335497384024,72.90791179429193,73.5049819946289,48930000
2020-01-22,73.87591692725086,74.41396566579424,73.5253143022731,73.58531188964844,28458000
2020-01-23,73.7678173234847,74.06287927041319,73.40927702930324,73.62598419189453,26650000
2020-01-24,74.02915451930895,74.09758915730573,72.55930047284312,72.70758056640625,29786000
2020-01-27,70.99026646132236,71.24019965615449,70.3931962623692,70.99968719482422,34132000
2020-01-28,71.49609068205544,72.14373782775851,70.93175461327948,71.93050384521484,29724000
2020-01-29,72.32522928653594,72.60690544755049,71.67709035915647,72.23795318603516,21566000
2020-01-30,71.3155792213507,72.1660483074748,71.16185099783613,72.11646270751953,27110000
2020-01-31,72.79136204066407,72.8811200500344,70.76808393819371,71.05174255371094,43822000
2020-02-03,72.48342482845398,73.70582753071683,72.23349161238843,73.5223388671875,71636000
2020-02-04,72.12835848746417,72.76558597572388,70.51866160482743,71.6780776977539,95880000
2020-02-05,72.5806094341786,72.62871192281361,70.89802115663437,71.70980834960938,36376000
2020-02-06,72.00388927199774,73.4707694622342,71.92950709001718,73.19355773925781,37822000
2020-02-07,72.76807109346798,73.65374870960305,72.66988358975605,73.3492660522461,28360000
2020-02-10,73.25604592514885,74.82557052333453,73.15537648833067,74.81465911865234,38302000
2020-02-11,75.04327053759313,75.86696810584262,74.65547678552417,74.88408660888672,34852000
2020-02-12,75.17169810906991,75.39187842015023,74.81514795929655,75.30906677246094,31042000
2020-02-13,74.88110442539049,75.67206769006663,74.58356058636251,75.0492172241211,22914000
2020-02-14,75.10575582931537,75.379494369369,74.66043128930994,75.31403350830078,23198000
2020-02-18,75.09633617170891,75.90068528400265,74.93119712969819,75.3492431640625,25642000
2020-02-19,75.73406088600595,75.90961191518042,75.42561318763357,75.61851501464844,22746000
2020-02-20,75.32791507548832,75.72761146175247,74.59645752229817,75.22774505615234,25962000
2020-02-21,74.6123229813126,74.92821644497522,73.31851954400152,73.56497955322266,42520000
2020-02-24,70.56924154888083,71.23028195609393,69.76290996883232,70.41104888916016,49560000
2020-02-25,70.96349127440813,71.25358934741597,68.45522273304678,68.747802734375,51580000
2020-02-26,69.17725919757333,70.1041006176885,68.26331169909781,68.95360565185547,49776000
2020-02-27,67.39994084412521,67.90873614395468,65.17334092529835,65.20854949951172,62290000
2020-02-28,63.193204492422396,66.5722739739755,62.89070436777219,66.41358947753906,80198000
2020-03-02,67.01562107182778,68.80482655090657,65.71685370908082,68.747802734375,55430000
2020-03-03,69.31114862306558,69.83233844511692,65.9171948251204,66.33772277832031,56602000
2020-03-04,67.39100098675043,68.57223975745971,66.30200215797164,68.51372528076172,47598000
2020-03-05,66.72600490557134,67.1267001116849,64.54850635828724,65.19912719726562,54380000
2020-03-06,62.9769971984103,64.6035493381855,62.34521781036266,64.25592803955078,64640000
2020-03-09,59.75413741242582,62.12305866079698,59.41097297068797,60.29119873046875,69252000
2020-03-10,62.205381875828095,63.26958442314607,60.227723675018005,63.235862731933594,54872000
2020-03-11,61.901885489595976,62.33133476819371,59.06879829263046,60.04869842529297,54732000
2020-03-12,55.67088167650658,58.95027701384307,54.96918076424431,55.121917724609375,94326000
2020-03-13,58.26791891565671,60.2222672728443,55.15861501655473,60.2158203125,79400000
2020-03-16,54.03391030090798,56.804014722190885,52.91664529324998,53.21022033691406,96520000
2020-03-17,54.08498426425192,55.838489131429206,52.025010467573345,55.44474411010742,83194000
2020-03-18,52.56257095894629,54.79660524805218,51.424970078900834,54.11226272583008,93044000
2020-03-19,53.964983044434405,57.15809373620562,52.34487397039444,55.127872467041016,74064000
2020-03-20,56.08149147147877,56.45738636340472,52.669690960507474,52.972686767578125,82878000
2020-03-23,52.38552980947213,52.90821024000195,50.02999846959218,52.27444839477539,83672000
2020-03-24,54.74651629889914,56.2019854909034,53.87620704386367,56.03734588623047,72468000
2020-03-25,55.76808219769024,56.83873167265164,53.706621136908296,54.629493713378906,90324000
2020-03-26,55.27912035694048,58.09385791556648,54.15392148412994,57.66936492919922,76562000
2020-03-27,55.911395704558494,57.08073204784074,54.74751506360393,55.05794906616211,62794000
2020-03-30,56.16776944914525,57.07824358467989,54.4742659158485,56.845664978027344,58736000
2020-03-31,56.96567688694709,58.18906316864204,56.370097362055304,57.62125778198242,65228000
2020-04-01,55.73931501110959,56.008093464132045,54.22631868304361,54.653289794921875,51970000
2020-04-02,54.549151445625526,55.6783190924219,54.208468955289,55.393672943115234,56410000
2020-04-03,55.27862233919662,55.48094867701905,53.31336646721793,54.18714141845703,51374000
2020-04-06,56.18562904604569,59.049456548881885,55.78890642035224,58.674556732177734,63320000
2020-04-07,60.35168668267904,60.538644724889906,58.379984000621846,58.643306732177734,61620000
2020-04-08,59.66189584651864,60.24705964616023,58.71224421750471,59.85529708862305,40334000
2020-04-09,60.40971598898934,60.59865278435294,59.132272009251324,59.8339729309082,54028000
2020-04-13,59.582551251526766,60.228215813461446,58.63190840184953,60.02439880371094,38702000
2020-04-14,61.49028400054519,63.26461680088407,60.923466061815894,62.7429313659668,63358000
2020-04-15,61.81460686948649,63.232885198503794,61.19423448072011,62.34968566894531,42236000
2020-04-16,62.83764929137025,63.14610078349134,61.4025120129918,62.35612869262695,57896000
2020-04-17,63.55968059070784,63.971279654647915,62.781115555550386,63.42578887939453,51050000
2020-04-20,62.97402173117988,63.31768179285646,62.307033746712925,62.54060363769531,35292000
2020-04-21,61.62616202853529,61.98767228700058,59.756116084668555,60.111183166503906,49648000
2020-04-22,61.546816874331455,63.469426000735105,61.35292000771885,62.404727935791016,46296000
2020-04-23,62.76822057097703,63.87953802477549,62.50985788688982,63.03749465942383,34202000
2020-04-24,62.23562530613796,63.36181922472336,61.69013452627562,63.3067741394043,37402000
2020-04-27,64.07045227129784,64.17459488318094,62.734493926575716,63.022117614746094,44186000
2020-04-28,63.634064753405866,63.711420702689196,61.0147111939967,61.124305725097656,80700000
2020-04-29,66.69874197813101,67.45003233788705,65.79273212855323,66.55889892578125,108358000
2020-04-30,66.02232428665536,66.94668363522894,65.53336173174351,66.78303527832031,55842000
2020-05-01,65.66179886879097,67.0175974915961,64.9462166247324,65.3260726928711,48872000
2020-05-04,64.87034957246755,65.68065376658639,64.26931430979212,65.60279083251953,30806000
2020-05-05,66.32681171124734,67.98857626005707,66.20432703264936,66.89808654785156,39666000
2020-05-06,67.34341219746076,67.87353091957088,66.70518581908316,66.72006225585938,31732000
2020-05-07,67.50755427769955,68.23603812169104,67.0726492790664,67.90278625488281,30652000
2020-05-08,68.52465344306268,69.25957668434151,68.03817275749519,68.64962005615234,33326000
2020-05-11,68.27521296690415,70.19633158338425,68.21124277247152,69.6042251586914,32718000
2020-05-12,69.83384004876797,70.13683209444191,68.16215510010458,68.19538116455078,33918000
2020-05-13,68.24397243542293,68.69871775652562,65.8562057491344,66.86387634277344,40368000
2020-05-14,66.1294392946917,67.3121612901518,65.62262654118136,67.28687286376953,36660000
2020-05-15,66.86039957997617,68.16560628520914,66.40118989060014,68.0902328491211,41544000
2020-05-18,67.52093388071376,69.06715231053478,67.15495543988825,68.6912612915039,47094000
2020-05-19,68.70614443587316,69.05376572383527,68.12494948842443,68.15668487548828,31586000
2020-05-20,68.88863698818672,70.02276472704372,68.80235214483642,69.88043975830078,38262000
2020-05-21,69.97118547184348,70.24244206277815,69.14798739865162,69.76092529296875,30894000
2020-05-22,69.61958897415187,70.26921852029433,69.22534831600099,70.082763671875,28544000
2020-05-26,71.5069951861751,71.6632053320512,70.38824330390248,70.48593139648438,44590000
2020-05-27,70.4179843310238,70.6832933415552,69.15839836325051,70.43186950683594,31684000
2020-05-28,69.42620740823305,71.630984971182,69.38058683279533,70.33073425292969,35170000
2020-05-29,70.4393250257835,71.24764676163868,70.218652828686,71.08846282958984,37044000
2020-06-01,70.70067301340185,71.48816324092526,70.53106951233326,71.15541076660156,25162000
2020-06-02,71.16186290925522,71.558585609577,70.49784858280731,71.52436828613281,23442000
2020-06-03,71.54370623911738,71.85661842806303,70.99424657021551,71.37261962890625,27732000
2020-06-04,71.25011707361648,71.47526126931832,69.72423054944969,70.13533020019531,26982000
2020-06-05,70.201772677835,71.72221085779697,69.80405884772759,71.41078186035156,42642000
2020-06-08,70.72940833224114,71.85609000925778,70.64014217010379,71.80848693847656,33878000
2020-06-09,71.66965065277674,72.78840250945899,71.52682627591334,72.00884246826172,33624000
2020-06-10,72.47648141459497,73.0348622998667,72.1219137520516,72.63467407226562,31762000
2020-06-11,71.4608677491371,71.98503884464859,69.34733955056195,69.5204086303711,47144000
2020-06-12,70.70859413359544,71.1375515555571,68.7220148203328,70.06690216064453,36676000
2020-06-15,68.90499734928308,70.66594045276953,68.79143400610754,70.4546890258789,30468000
2020-06-16,71.85611030985311,72.26126242222357,70.86381565770579,71.73065185546875,30648000
2020-06-17,72.05150228105227,72.51070444213754,71.168298968231,72.03166198730469,30610000
2020-06-18,71.89825402642742,72.05297348457265,70.72742718247635,71.11820220947266,34862000
2020-06-19,71.40980414439169,71.63295826897189,70.36840814054392,70.64810180664062,52784000
2020-06-22,70.66645003115394,71.95281537744636,70.37783504857579,71.93843078613281,29442000
2020-06-23,72.00487961496944,73.15537446068053,71.65775015871338,72.59896850585938,37752000
2020-06-24,72.56427181680111,73.18464050046471,70.91391027039911,71.04780578613281,31592000
2020-06-25,70.97439400933185,71.52484484122479,70.39518156341698,71.46434783935547,23958000
2020-06-26,71.04432444908078,71.26202286929771,67.19464153368672,67.56855010986328,97640000
2020-06-29,67.45945384242283,69.32702184746623,67.02851386270075,69.28585815429688,45074000
2020-06-30,69.27147126590755,70.61635097847407,68.77804426486243,70.3212890625,40286000
2020-07-01,70.37683460756695,71.83032132325184,70.12937578150444,71.50897216796875,42182000
2020-07-02,71.99693932392367,73.81590498317027,71.95874941401952,72.8940200805664,57218000
2020-07-06,73.79756010607282,74.88110333771328,73.24363612265843,74.36784362792969,44712000
2020-07-07,74.19329366469888,75.44246780197778,73.87442642573149,73.88533782958984,42364000
2020-07-08,74.42487655792402,74.9391275363047,74.00335737778137,74.56372833251953,31766000
2020-07-09,74.87763207288506,75.83026118715777,74.16651424532147,75.31055450439453,41836000
2020-07-10,75.04227347746796,76.43526327419461,74.42091366005153,76.31971740722656,35918000
2020-07-13,76.8617335973757,78.17190408455957,74.71051486489596,74.99169158935547,42954000
2020-07-14,74.0276563923416,75.51585219367827,73.68746578744671,75.41964721679688,38108000
2020-07-15,75.53717702893292,76.18680655802422,74.27759098501936,75.22228240966797,31026000
2020-07-16,74.45958671679637,75.17418530345144,73.80351018131975,75.12509155273438,26484000
2020-07-17,75.22377608107477,75.54710778770762,74.29098718634621,75.2208023071289,34264000
2020-07-20,75.12906443419325,77.80742846308635,74.5191078119618,77.5510482788086,30166000
2020-07-21,78.60186910012267,78.7020391330596,76.99464629411698,77.15829467773438,27486000
2020-07-22,77.14787303751817,77.70675334704666,76.52898757148118,77.60112762451172,24482000
2020-07-23,77.65467794351336,77.87386699676158,74.811175365206,75.21583557128906,33910000
2020-07-24,74.34505124105762,75.15039166978701,73.76980375376206,74.79235076904297,29902000
2020-07-27,75.04276793316431,76.24780455339922,74.99664795853083,75.84463500976562,27124000
2020-07-28,75.62495452502512,75.67503953138889,74.41098901045284,74.56620788574219,30910000
2020-07-29,74.6331662656274,76.03805134396887,74.53447933720477,75.55107879638672,22676000
2020-07-30,74.28454085408097,76.41295336384728,74.14568906688521,76.2879867553711,36042000
2020-07-31,74.2389154953102,74.63414743431856,72.10405616294213,73.78764343261719,91468000
2020-08-03,73.93889871670713,74.27263483646993,72.982796377369,73.5302734375,45482000
2020-08-04,73.72614732908357,74.04352386940299,72.6014404781927,73.06114196777344,37212000
2020-08-05,73.23570208691466,73.88929663633802,72.95799099172172,73.3482666015625,29134000
2020-08-06,73.20247794748174,74.6961294926301,72.99171836772238,74.63066864013672,33306000
2020-08-07,74.83350979435441,75.38147873345969,73.70433828894927,74.30438232421875,27718000
2020-08-10,73.92897345317232,74.73976942853685,73.26892434364396,74.22750854492188,20546000
2020-08-11,74.08766876140056,74.90293686647448,73.30365176800044,73.4201889038086,31098000
2020-08-12,73.74648196265801,74.96392064558853,73.64134809525314,74.74423217773438,22512000
2020-08-13,74.79234620944766,76.21856217706964,74.79234620944766,75.21088409423828,22388000
2020-08-14,75.06013175554337,75.36660452613891,74.33562050081562,74.61481475830078,21942000
2020-08-17,75.17715073524698,75.56445256290893,74.63314693921502,75.19053649902344,19990000
2020-08-18,75.68049915036515,77.23019092166476,75.45982697689634,77.1513442993164,28378000
2020-08-19,76.98820256502184,77.79999755631107,76.36882514998881,76.5974349975586,30472000
2020-08-20,76.36733233930526,78.36085827945097,76.09409318385686,78.16646575927734,26382000
2020-08-21,77.94578197707564,78.94155742131991,77.47517655139052,78.13274383544922,34838000
2020-08-24,78.9708081393401,79.77962926395986,78.10645386630996,78.6078109741211,25638000
2020-08-25,78.35737857337155,79.7845857885125,78.2472884005145,79.63433074951172,25150000
2020-08-26,79.65664120321837,81.96208775118443,79.39282281884792,81.53263092041016,52188000
2020-08-27,81.65561048941696,81.72404511830622,80.27700533270146,80.75852966308594,31350000
2020-08-28,80.80564922534911,81.3947742823975,80.61423049630892,81.299560546875,22418000
2020-08-31,81.50486573387329,81.55098571536558,80.60034658249602,80.80862426757812,26422000
2020-09-01,80.93902828252244,82.28093405262332,80.80860599847226,82.07563018798828,22652000
2020-09-02,82.71685576471795,85.59755015191129,82.3290619784215,85.16561889648438,49522000
2020-09-03,84.27943415274483,84.30323947854686,79.72656344056428,80.80763244628906,63726000
2020-09-04,79.79052798096303,81.07937516659749,76.26814209838817,78.41242218017578,55850000
2020-09-08,75.62496788954304,77.13994312238728,75.20344864833461,75.5555419921875,54032000
2020-09-09,76.81016761668064,77.2971401284128,75.63339304854327,76.72735595703125,39242000
2020-09-10,76.87363960393168,78.0380120006391,75.37700663755594,75.6770248413086,33024000
2020-09-11,75.7811844407873,76.30435686018187,74.03908233242203,75.16676330566406,30706000
2020-09-14,75.95472771220844,77.21183946322891,74.63860963235427,74.82308197021484,42660000
2020-09-15,75.76827546976736,76.91380642864527,75.48115117831345,76.1268081665039,23042000
2020-09-16,76.49178602264094,77.08141038154895,74.95994463199777,74.9847412109375,22128000
2020-09-17,73.68151152686062,74.31874654470757,72.52358617191905,73.74250793457031,40008000
2020-09-18,73.80500821832771,74.14718140405718,70.99423937213804,71.95975494384766,63056000
2020-09-21,70.99423595541519,71.41277382224862,69.55909872730024,70.92084503173828,56908000
2020-09-22,71.92157247881308,72.59848063067304,70.88910537519139,72.3926773071289,33950000
2020-09-23,72.00933895714364,72.05843270651947,69.55909323170627,69.89183807373047,37726000
2020-09-24,69.55910551414044,71.3101288291566,69.53281825836872,70.55982971191406,34552000
2020-09-25,70.66843135233466,71.70436404875389,69.8070508636011,71.36318969726562,30326000
2020-09-28,72.99619210723424,73.04577770670436,71.72123004229934,72.33515167236328,30784000
2020-09-29,72.59549981591418,72.99667929784022,72.10405532889749,72.70013427734375,31816000
2020-09-30,72.44821428907602,73.7008616762661,72.19134227406526,72.67930603027344,40924000
2020-10-01,73.57491129707402,74.14073804524459,73.23472061084361,73.78517150878906,32884000
2020-10-02,72.38326650998549,73.34531659262646,71.77430106598061,72.18341827392578,31222000
2020-10-05,72.53302071478075,73.6264842512072,72.40607158601448,73.53375244140625,21602000
2020-10-06,73.17024916293467,73.61754863021302,71.65824787299684,71.95628356933594,26096000
2020-10-07,72.36739248963742,72.84643497280706,71.07408069431314,72.35896301269531,36108000
2020-10-08,72.67186671262658,73.79160984769521,72.67186671262658,73.5634994506836,26076000
2020-10-09,74.03113521720735,74.97285301834012,73.74053771907792,74.90342712402344,32966000
2020-10-12,76.26963387133897,78.76996475880563,75.83819452463318,77.5882339477539,55344000
2020-10-13,78.2041474056117,78.60830825072733,77.29268191848519,77.71121978759766,39072000
2020-10-14,78.08462872761372,78.54333141599089,76.66138672902949,77.53119659423828,33174000
2020-10-15,76.5919747665281,77.92595083117723,76.42486076596214,77.13597869873047,31210000
2020-10-16,77.45135766010404,78.2388477100898,77.24457067731333,77.7424545288086,34194000
2020-10-19,78.15058813294185,78.5473107543964,75.52181743296583,75.87042999267578,29734000
2020-10-20,75.53123169395428,78.04693823643615,75.40180065658136,76.91826629638672,41670000
2020-10-21,77.84907582540164,80.09501655041937,77.71468849305327,78.64945983886719,60322000
2020-10-22,78.6003693037984,80.00971867518831,78.22745200812956,79.67449188232422,30512000
2020-10-23,80.09056254283196,81.03624541577501,79.93484422792365,80.9797134399414,30548000
2020-10-26,80.08807542144447,80.81109596389342,77.7464289699495,78.5651626586914,35826000
2020-10-27,78.79526157270044,79.44340050716269,78.20315519687098,79.28868103027344,25902000
2020-10-28,76.86522380539199,77.05366121005478,74.8057451536442,74.92079162597656,45174000
2020-10-29,75.22922035595008,78.78582318752815,75.20591444663212,77.20588684082031,55406000
2020-10-30,82.68858716235039,83.37689856838614,79.42208175772936,80.14311981201172,99878000
2020-11-02,80.51158831349478,82.23236700084948,80.0503960166935,80.5502700805664,44228000
2020-11-03,80.86960946086896,82.27002983001302,79.9447507315101,81.6084976196289,31432000
2020-11-04,84.57994366770366,87.77603157159547,84.4520032958134,86.57694244384766,71342000
2020-11-05,87.79686676191484,88.85661240367497,86.33792410566214,87.40262603759766,39758000
2020-11-06,86.8491952834686,87.70016376285554,86.12220215146095,87.2652587890625,28622000
2020-11-09,89.0628918684201,90.09981569190971,87.1571418807164,87.34905242919922,53440000
2020-11-10,85.77954163133082,87.24790499621608,85.10263347510187,86.17378234863281,43022000
2020-11-11,86.70339318512825,87.42244865386503,86.43858355014122,86.64537811279297,31838000
2020-11-12,86.38602486876236,87.52560837715443,86.18617665930869,86.42668914794922,26474000
2020-11-13,86.68356532652022,88.12812330500522,86.08749390814062,87.8866195678711,29744000
2020-11-16,87.48394246884763,88.98156668140368,87.34459128225902,87.9743881225586,25468000
2020-11-17,87.66841068929054,88.12861160522714,87.25334605642084,87.36095428466797,21314000
2020-11-18,87.11201820971709,87.52659102492422,86.21592105216274,86.31857299804688,20108000
2020-11-19,85.9511206538615,87.4517188316341,85.79193672214883,87.20773315429688,20106000
2020-11-20,87.37782025271105,87.69321431232694,86.03888806138033,86.1073226928711,27694000
2020-11-23,86.29774380365357,86.58387681613029,84.80805728103516,85.66992950439453,22530000
2020-11-24,85.66696514111936,87.59998627783115,85.33123893145898,87.4720458984375,27984000
2020-11-25,87.66594925071765,87.79339022162621,86.70141738515697,87.48345184326172,19600000
2020-11-27,87.50377401389918,89.11397029438973,87.50377401389918,88.61856079101562,14790000
2020-11-30,88.05472883709749,88.28730367623308,86.67562420794934,87.00093841552734,32418000
2020-12-01,87.6089081843694,90.33933938625974,87.42889272522542,89.03214263916016,37350000
2020-12-02,89.03215541544569,90.8858381988271,88.52683325898421,90.50051879882812,29424000
2020-12-03,90.28082916707561,91.4357808641382,90.10527814356266,90.34529876708984,24728000
2020-12-04,90.26496258516443,90.72515597863432,89.93617518789623,90.44051361083984,20544000
2020-12-07,90.03336726128934,90.7147397818171,89.41299871935603,90.10676574707031,22288000
2020-12-08,89.68476067965364,90.05420479386552,88.82982716744417,89.82410430908203,19936000
2020-12-09,89.77600140990651,90.66912483380474,87.3778230247118,88.16432189941406,31728000
2020-12-10,87.40757975682408,88.02200081653986,85.9659955088699,87.65801239013672,28688000
2020-12-11,87.27864889730141,88.13705563756427,86.91862549969234,88.01258087158203,18628000
2020-12-14,87.81024388487914,88.75641842182344,86.73958703553363,86.89480590820312,33050000
2020-12-15,87.27170215315259,87.4770060641718,86.36966493036442,87.33220672607422,21352000
2020-12-16,87.73041263553134,87.73041263553134,86.7361354479269,87.13929748535156,24676000
2020-12-17,87.4735400975427,87.61140062901919,85.8479753357281,86.3121337890625,34880000
2020-12-18,86.59281350662172,86.7014130032397,85.04708672490963,85.60348510742188,85256000
2020-12-21,84.75599010453729,86.13806852719698,84.00569107154372,86.0170669555664,33974000
2020-12-22,85.75771025470374,85.9203673555766,84.58986465657318,85.30594635009766,20370000
2020-12-23,85.48992157545021,86.49064556694626,85.3545354259629,85.70315551757812,22974000
2020-12-24,85.74134982606715,86.40635530459163,85.51075748898015,85.99723815917969,9312000
2020-12-28,86.53033139024102,88.61758023825367,86.37710257664094,87.9709243774414,27650000
2020-12-29,88.62898113815957,88.69046939494899,87.03614320674384,87.16755676269531,19726000
2020-12-30,87.52660005705403,87.66346933235681,85.69176632843582,86.10088348388672,21026000
2020-12-31,86.15147161928257,87.15467774663676,86.09294955931111,86.9136734008789,21070000
2021-01-04,87.27864427300177,87.402120207572,84.65731177627322,85.59902954101562,37324000
2021-01-05,85.54745991038807,86.62554760631905,85.14131652388939,86.2893295288086,20360000
2021-01-06,84.31613287098162,86.48371900443895,84.10983770465201,85.43785858154297,46588000
2021-01-07,85.63026481011545,88.16233866820387,85.63026481011545,87.9897689819336,41936000
2021-01-08,88.12961137899272,89.23051304839001,87.33913991776798,89.1546401977539,35484000
2021-01-11,88.1226681566943,88.4876553992653,86.8888697766191,87.09466552734375,34796000
2021-01-12,86.55263508531978,87.67039562957231,85.11551546654566,86.15938568115234,29528000
2021-01-13,85.65803281300867,87.09962451285838,85.65803281300867,86.64636993408203,23432000
2021-01-14,86.7267129273927,87.65306251889939,85.59605823573504,85.8365707397461,29212000
2021-01-15,85.74233848952319,86.6647153768153,84.88393935871447,85.67291259765625,31444000
2021-01-19,86.43561418775866,89.45267807678509,85.93128331929772,88.49211883544922,41660000
2021-01-20,90.56993747642771,94.20737744445935,90.2297543947526,93.2329330444336,64152000
2021-01-21,93.90636933143983,95.81211195428514,93.2002001837018,93.43525695800781,58634000
2021-01-22,93.7977531010892,94.43895317174821,93.05588360537828,93.85230255126953,32744000
2021-01-25,94.8530372036717,95.30331799676104,92.19599688493652,93.9375991821289,50586000
2021-01-26,93.52650995574975,95.00231152937288,93.03755491647793,94.61550903320312,31462000
2021-01-27,92.97703691453077,93.25275793882243,89.12735456548495,90.20147705078125,82512000
2021-01-28,90.79955747785893,93.62569478452592,90.79955747785893,91.90045928955078,55278000
2021-01-29,90.94931198226257,91.61977320852743,89.33962239135802,90.6190414428711,44530000
2021-02-01,91.47347570612914,94.99189672698161,91.47347570612914,93.87760925292969,40252000
2021-02-02,94.87238152496506,96.6695245972113,94.53714717102395,95.16942596435547,66332000
2021-02-03,102.43388711910048,104.4675776467,99.85222011919001,102.10014343261719,97882000
2021-02-04,102.18642035715034,102.61686084448914,100.92087916656516,101.83979034423828,48596000
2021-02-05,102.13386851685974,103.93795810388866,101.65978991268837,103.58537292480469,29866000
2021-02-08,104.13929285394818,104.8831449457621,102.32181757236562,103.37163543701172,28828000
2021-02-09,102.88962324878285,104.06540659089865,102.6515926888036,102.91888427734375,21892000
2021-02-10,103.30318780122352,104.08373904046066,101.77085450098349,103.46881866455078,25102000
2021-02-11,103.6929788445471,103.8417432011322,102.59505097845204,103.5813980102539,20480000
2021-02-12,103.13608390402558,104.1144933325463,102.82861990262512,103.89282989501953,18990000
2021-02-16,103.73017139399565,106.37779106891139,103.73017139399565,104.66990661621094,31004000
2021-02-17,103.84075695054456,105.2520964251539,103.56157027886391,105.06266021728516,20294000
2021-02-18,104.38724907315866,105.2297881295189,103.80852842248879,104.42741394042969,22546000
2021-02-19,104.52559936877174,105.06067434938426,103.31758131898079,103.5843734741211,37938000
2021-02-22,101.83831369636844,103.16386022134958,101.5606101179122,101.87104034423828,29466000
2021-02-23,99.87404748325243,102.77556555705189,98.69578224116515,102.16163635253906,34658000
2021-02-24,100.66994969043266,103.56006401368582,100.54548251591704,103.33641052246094,22608000
2021-02-25,101.95385918325073,103.296264656048,99.50212250444032,99.97124481201172,41548000
2021-02-26,100.66549742752122,101.98310623375514,99.23036023728218,100.26679229736328,40042000
2021-03-01,101.5606048992847,102.96053353696968,100.88716997270484,102.63472747802734,26060000
2021-03-02,102.39569597381312,103.87844380430377,101.99055145272833,102.37784576416016,25564000
2021-03-03,101.7564937545508,102.94863663130721,98.88273841636625,99.74610900878906,33892000
2021-03-04,99.91768591072356,102.87920915491242,99.44955486444132,100.86287689208984,49216000
2021-03-05,102.21270519405323,104.44673553668079,100.55787967387943,103.99398040771484,53100000
2021-03-08,103.34883204318703,104.82066100973701,99.43765332889343,99.55220794677734,36868000
2021-03-09,101.6473888421462,102.35007722648686,100.94568414890182,101.18173217773438,33920000
2021-03-10,102.22511823828405,102.22511823828405,100.13886060476449,100.9749526977539,27100000
2021-03-11,102.06740957578127,104.69816257525414,101.97963406928115,104.16606140136719,27702000
2021-03-12,102.96945342859367,103.0289591680474,100.78798240311897,101.65977478027344,33818000
2021-03-15,101.41083684371416,101.90723004915033,100.5583853117007,101.87995910644531,26168000
2021-03-16,102.45272538765994,104.81767759960309,102.12047238189682,103.34039306640625,31900000
2021-03-17,102.57571917832706,104.08970309819375,101.36820045374888,103.25758361816406,26382000
2021-03-18,101.56951989998234,102.58959237276454,100.13140900343207,100.238525390625,31700000
2021-03-19,100.65459585242806,101.0170935919781,99.32557619974676,100.51722717285156,46072000
2021-03-22,100.55044851754279,101.57745981871109,99.87453168948488,100.70219421386719,33536000
2021-03-23,101.16140850104202,102.35950652224362,100.56881023451596,101.22984313964844,28510000
2021-03-24,101.74705457606407,102.53256214622269,100.61838259998439,100.79344177246094,25218000
2021-03-25,100.62087395330168,101.44357268903416,98.98638031979517,100.78997802734375,35616000
2021-03-26,100.756757621596,101.1336399863924,99.371205870775,100.40665435791016,27978000
2021-03-29,100.27918584473142,101.62059986113842,99.45053211267248,101.45099639892578,26492000
2021-03-30,101.80755821783723,102.28808372412591,100.97295690505184,101.48472595214844,27312000
2021-03-31,101.87797712697532,103.45792116829037,101.51100739464236,102.28064727783203,42570000
2021-04-01,103.7549679821722,105.91213441854954,103.71430370630291,105.61608123779297,39880000
2021-04-05,106.47746082606572,110.53592048261828,106.38125583923181,110.03852844238281,48510000
2021-04-06,109.63982255502079,110.48682596318324,109.18706739203486,109.55750274658203,35240000
2021-04-07,109.74792488664195,111.30505479925695,109.74792488664195,111.03379821777344,24134000
2021-04-08,112.27206420107896,112.65837480867786,111.23116773698662,111.59912872314453,28664000
2021-04-09,111.35167993918043,112.76648496837154,110.94602844319752,112.60283660888672,26146000
2021-04-12,111.78212470167257,111.91948581429651,110.47790163265579,111.31101989746094,25024000
2021-04-13,111.6269058095295,112.24579128521644,111.23315696050524,111.79749298095703,25682000
2021-04-14,112.44216945631923,112.44216945631923,110.88454751475824,111.17662811279297,21002000
2021-04-15,112.1704155210859,113.8589591031954,111.63583238423234,113.32585906982422,29174000
2021-04-16,113.52373007572085,113.77168077567667,112.61523834787371,113.20188903808594,26282000
2021-04-19,112.57855111316749,114.26014846814734,112.57855111316749,113.54952239990234,30290000
2021-04-20,113.93284788352207,114.00772947962533,111.93090021599527,113.01642608642578,22288000
2021-04-21,112.67126807997798,113.06550874851278,111.32092512104474,112.98368835449219,23204000
2021-04-22,112.837393589657,113.50587220316932,111.09777377545008,111.70277404785156,24146000
2021-04-23,112.42084532744272,114.36081286616997,112.13570353718127,114.05384826660156,29066000
2021-04-26,114.28146844023216,115.27377066190553,113.92441882355446,114.54975128173828,32038000
2021-04-27,114.93158969348886,114.97225396912138,113.37098650498807,113.61001586914062,44386000
2021-04-28,118.64439751122318,120.57246219442263,116.69650010351913,116.98511505126953,81106000
2021-04-29,118.48224361950828,119.22262247919515,117.71954253961522,118.65729522705078,41234000
2021-04-30,117.43044257709242,118.1162720240264,116.36624012534263,116.71039581298828,44856000
2021-05-03,117.2762012400106,118.10138178756102,115.8177582594562,116.19364929199219,28242000
2021-05-04,114.72926326113381,115.29657305551342,111.9090738290094,114.3960189819336,44818000
2021-05-05,115.47708449305684,115.79297039823858,114.46792338467594,114.78976440429688,26636000
2021-05-06,114.371219210084,115.90950775146484,113.71216888819075,115.90950775146484,25190000
2021-05-07,117.22565074408553,117.59063045540668,116.34641239485732,116.6325454711914,28898000
2021-05-10,115.4527900587697,115.59462319092775,113.29065958056633,113.64820861816406,30914000
2021-05-11,111.23416080961009,113.07940650319262,110.78040678264628,112.57259368896484,34186000
2021-05-12,110.39707540750636,111.47764498191353,108.78192267103177,109.11070251464844,46376000
2021-05-13,110.39359947423983,111.05414048585153,109.43154957142508,110.53840637207031,33204000
2021-05-14,112.00131096781348,113.29957888960938,111.577809256897,112.98517608642578,31996000
2021-05-17,112.25074645700623,113.55050506879931,111.85105006420112,113.50785827636719,21598000
2021-05-18,114.17385549892235,114.43817329757108,112.18231233154226,112.19619750976562,22204000
2021-05-19,110.50815409240448,112.81706629241613,110.35988157512777,112.64399719238281,23684000
2021-05-20,113.61100662106799,114.65239495545593,113.24007185238473,114.40196990966797,32352000
2021-05-21,114.92068766087792,114.99408615470026,113.52670649294609,113.76622772216797,40632000
2021-05-24,114.7957246296547,117.30795841330092,114.65042587477578,117.08431243896484,31832000
2021-05-25,117.62780399643341,118.22288412982375,116.78477317689254,117.175048828125,22440000
2021-05-26,117.3560548531477,118.47034990255696,117.35308107918044,118.03990936279297,21572000
2021-05-27,118.47331515824983,118.47331515824983,116.84725869661128,117.1656265258789,35224000
2021-05-28,117.74781887099097,117.82963927117555,116.67816071964592,116.87651824951172,21482000
2021-06-01,117.74881041841671,118.3076907432192,116.74907000230994,118.08304595947266,23354000
2021-06-02,118.47827097273424,118.70093322748687,116.65384943203411,117.5578842163086,21158000
2021-06-03,116.3250609179108,116.88493242602453,115.52120377785195,116.41680145263672,18696000
2021-06-04,117.49241971560096,118.96822109902912,117.15222909034824,118.69745635986328,24458000
2021-06-07,118.49266700644799,119.23999231025896,118.07412912075807,119.1303939819336,24120000
2021-06-08,119.61192324881151,119.9843411682575,118.75748151026745,118.93898010253906,24240000
2021-06-09,119.58315669372153,119.65505695022746,118.86261049023591,119.41008758544922,17942000
2021-06-10,119.35949314078805,120.801576684723,119.20378241102719,120.75843048095703,25904000
2021-06-11,120.999943051101,121.08523664008776,119.95656455587336,120.51396179199219,21958000
2021-06-14,120.61610768688743,121.44227956527116,119.90895486343989,121.44178771972656,22098000
2021-06-15,121.44624178709292,121.76907406138305,120.06367156009478,120.4241943359375,21562000
2021-06-16,120.57545474476791,120.88688380602206,118.49068775608283,119.78250885009766,26472000
2021-06-17,119.70812106140869,121.51815815207105,119.51223788888802,120.74554443359375,25842000
2021-06-18,120.37211233184087,120.6061778242269,119.03119771508092,119.12641143798828,46116000
2021-06-21,119.51273832350716,120.99994312989033,118.91566806650118,120.81398010253906,27414000
2021-06-22,120.75198140176597,121.39665468442757,120.07160770069062,121.32772064208984,22390000
2021-06-23,121.0926742086513,122.08645953120904,120.83580218507122,121.12590026855469,19148000
2021-06-24,121.69419951157322,122.04678467759501,121.29748444838773,121.49584197998047,21362000
2021-06-25,120.99993398696205,121.62774832820787,120.5685022175003,121.50426483154297,34594000
2021-06-28,121.67288132884134,121.77851462630447,120.41032128479314,121.53155517578125,28526000
2021-06-29,121.66494274006068,122.0125716067318,120.69347211365788,121.27020263671875,23108000
2021-06-30,120.99447687115277,121.2548296268427,120.35972373185534,121.08869934082031,24474000
2021-07-01,120.72718096682148,121.58211440160566,120.53527041512392,121.44078826904297,18110000
2021-07-02,122.14052074770464,124.3760421604454,122.05076271213034,124.23074340820312,25982000
2021-07-06,124.61852120164065,125.39163425827388,123.56125763749851,125.15558624267578,26404000
2021-07-07,126.11963498147594,126.24062899525266,125.11890325477182,125.43727111816406,24060000
2021-07-08,123.0093289727932,124.56595957690325,123.005363941043,124.01898193359375,23790000
2021-07-09,124.00014669515204,124.70382636334314,123.53052498165191,124.4896011352539,18632000
2021-07-12,125.14368334235166,126.02787781640319,124.58132987577834,125.93464660644531,17668000
2021-07-13,125.99713556323269,127.00777981268853,125.63612092477611,126.29765319824219,19240000
2021-07-14,126.90909397847128,128.26638333995623,126.86594777508958,127.18580627441406,23742000
2021-07-15,127.59444156322091,127.64501842152565,125.49280814322165,125.96391296386719,24218000
2021-07-16,126.61651165592089,126.763792905859,125.11938685402984,125.92919158935547,20424000
2021-07-19,125.05591587763702,125.17047048995204,122.49259846899817,123.55680847167969,27968000
2021-07-20,124.49851053248894,126.00159043894895,123.33116437738677,125.1749267578125,26312000
2021-07-21,125.09955486427575,126.55006794062126,124.99045595333612,126.50345611572266,20746000
2021-07-22,126.79603176039008,127.42979365327596,126.45385860301083,127.36878967285156,14302000
2021-07-23,129.36134951410625,132.30552235060202,128.7365239533056,131.92466735839844,41506000
2021-07-26,132.2355886482273,133.13663460885186,131.2169991619108,132.93629455566406,30572000
2021-07-27,133.14999766536482,133.29727889774745,129.03748857228877,130.81875610351562,54710000
2021-07-28,135.19463941441848,137.1633688639406,134.1686191476069,134.97842407226562,95130000
2021-07-29,135.03393383670254,135.54074659888502,134.43191491467985,134.66448974609375,31716000
2021-07-30,133.92808941978942,134.1953809902093,133.15448447715994,133.6221160888672,25576000
2021-08-02,134.00941440487134,134.22711280471987,132.6972613245468,133.7490692138672,21634000
2021-08-03,134.02725111270541,134.61935743991575,132.2266425296642,134.51820373535156,20762000
2021-08-04,134.24000035779645,134.53754419070725,133.38456751331833,134.01783752441406,19676000
2021-08-05,134.56827929751879,135.2323009960872,133.74061681615711,135.1345977783203,17870000
2021-08-06,134.9268333121691,135.35380063089553,134.10165272092112,134.6258087158203,20488000
2021-08-09,134.8281458060164,136.05946972764093,134.23007678129167,135.79067993164062,17760000
2021-08-10,136.21614977140976,136.64313217691176,135.24666937590175,135.685546875,19414000
2021-08-11,136.05699411421284,136.55387918721985,135.15444996704406,135.16189575195312,15352000
2021-08-12,134.86087941942685,136.17453085667606,134.3153999728154,136.06939697265625,16506000
2021-08-13,136.12493157350525,136.72646625528014,135.90971509193332,136.5985107421875,15948000
2021-08-16,136.39768127335614,137.22832524277518,134.1899301812805,137.17575073242188,22384000
2021-08-17,136.62083810095478,137.13211535901215,134.96651172789996,135.541259765625,21716000
2021-08-18,135.38106359666662,135.98061569212976,134.21222682101478,134.33868408203125,19258000
2021-08-19,133.33351970472108,135.23479811345257,133.1495391773479,134.56781005859375,21782000
2021-08-20,134.8851768373789,136.42643919078785,134.1413247592316,136.30296325683594,31194000
2021-08-23,136.83851809316022,139.71970367913292,136.47948600587455,138.89353942871094,28454000
2021-08-24,139.45886528917006,140.9153334065435,139.1881081082897,140.10354614257812,19268000
2021-08-25,140.46407912749783,141.02395074867366,140.21712723901703,140.9143524169922,15848000
2021-08-26,140.58803917062994,141.2500632657939,140.198255364594,140.2810821533203,20610000
2021-08-27,140.49133697664018,143.3278934785733,140.3371093469741,142.8235626220703,28780000
2021-08-30,143.21629858007987,144.77393543856923,142.98124183306933,143.40524291992188,24434000
2021-08-31,143.9571917138558,143.98148131585134,143.0982932268432,143.51136779785156,22448000
2021-09-01,143.8113978553602,145.05511631686906,143.69585198821633,144.02513122558594,21936000
2021-09-02,144.02566128157488,144.3266708148388,142.01130366892733,142.1124725341797,32342000
2021-09-03,141.90765408612546,142.9733397187953,141.23322027346492,142.56124877929688,19850000
2021-09-07,142.65545041675884,143.37996157191282,142.44171705325797,143.09779357910156,20124000
2021-09-08,142.9187663228827,143.21629500759505,141.82777736657997,142.5131072998047,18344000
2021-09-09,142.66140907531098,143.12755759724692,142.0038493948319,142.36436462402344,15314000
2021-09-10,143.030343356749,143.53220739667623,139.58433740573318,139.72120666503906,36840000
2021-09-13,140.78588503191912,141.77818710345173,140.09212560958235,141.16575622558594,22094000
2021-09-14,141.82332937621524,142.18782475783476,140.5880403778888,141.3760223388672,19674000
2021-09-15,141.60116132377672,143.2663989340108,140.18883824930154,143.24557495117188,27408000
2021-09-16,142.77047843436694,143.11711598013667,141.2341802261671,142.43276977539062,26190000
2021-09-17,141.8580745241919,142.27413053577618,139.31856197421726,139.64585876464844,53384000
2021-09-20,137.02895758765368,137.86058517975945,135.20454353336754,137.58238220214844,46518000
2021-09-21,138.60394429145055,138.86380522550456,137.1445098358899,137.89332580566406,25332000
2021-09-22,138.1620970935906,139.73211352931875,137.41576307062647,139.13356018066406,25056000
2021-09-23,139.83181383714714,140.53500172725538,139.25061879288333,140.05844116210938,20952000
2021-09-24,139.3864691123975,141.16378703061662,139.0914071880992,141.04922485351562,22984000
2021-09-27,139.65029458618613,140.77500156753678,138.91933644415815,139.9156036376953,21882000
2021-09-28,137.51840770698303,137.95628643744843,134.25041949465725,134.71656799316406,45772000
2021-09-29,135.85714754159193,136.02675103167505,132.76769140885952,133.25218200683594,30848000
2021-09-30,133.16094144275186,134.43143155227392,132.46121921545426,132.58023071289062,37996000
2021-10-01,133.34537891761596,135.78820139147504,132.9739523429522,135.4237060546875,35360000
2021-10-04,134.845991044881,134.845991044881,129.97575169598792,132.56385803222656,51202000
2021-10-05,132.9422266108893,136.09963269834668,132.9422266108893,134.90797424316406,32404000
2021-10-06,133.64543520241895,136.62084377835407,133.44707765743206,136.43736267089844,24364000
2021-10-07,137.7534621789869,138.89404439125028,137.51444038615332,138.083740234375,25110000
2021-10-08,138.43287677970883,139.1806940276926,138.07632652345558,138.63967895507812,26526000
2021-10-11,138.15019117218512,139.55854921153343,137.72072679461957,137.77528381347656,17954000
2021-10-12,138.33663473843401,138.36342140161824,134.64712752694697,135.3304901123047,36332000
2021-10-13,136.27617541967604,136.86878120226152,135.39991852664056,136.45420837402344,19654000
2021-10-14,138.33068721492134,140.17890644011712,137.68700521186503,139.9939422607422,31894000
2021-10-15,140.4536525487432,140.55630449662968,139.60120099035484,140.20916748046875,30274000
2021-10-18,139.92006032333015,141.62546275603327,139.9131139513097,141.60760498046875,20396000
2021-10-19,142.21211472454237,142.4848695628123,141.43107913400408,142.06285095214844,20164000
2021-10-20,142.16302664662172,142.36932937667234,140.21760340386373,140.6068878173828,23288000
2021-10-21,140.6068856243596,140.99072189641535,139.3482906803263,140.72293090820312,26292000
2021-10-22,138.00937412575647,139.4306264181138,134.94074161676718,136.43885803222656,50588000
2021-10-25,136.42246503075222,136.86877322103567,134.31388545894404,136.3203125,34412000
2021-10-26,138.1219203768164,138.9346913152146,137.17078194335667,138.1665496826172,49236000
2021-10-27,138.26226450047915,147.4314763034353,138.26226450047915,145.0189208984375,85782000
2021-10-28,145.92841199689116,145.9517179093353,143.44145926717053,144.6534423828125,36206000
2021-10-29,143.88878516538037,147.0268510185373,143.46380028291566,146.83245849609375,43320000
2021-11-01,146.8324309481015,146.8324309481015,142.05143515277334,142.32070922851562,46924000
2021-11-02,143.39436697063186,145.4072262525026,143.15236379198146,144.24037170410156,33482000
2021-11-03,144.7045091916116,145.46671841466951,143.40574947129778,145.39630126953125,27494000
2021-11-04,145.918488091667,148.5061103237096,145.10868328164617,147.0521240234375,38412000
2021-11-05,147.94672303683166,149.0952354055238,146.9822063116092,147.6318359375,38354000
2021-11-08,148.59682386943936,149.38035641071258,147.21375439543775,147.80934143066406,23052000
2021-11-09,148.00970530712945,148.60627612949312,146.03799485146035,147.69778442382812,19530000
2021-11-10,146.29092366960225,146.85625857101513,143.35271371379034,144.6975860595703,29970000
2021-11-11,145.28869002419106,146.32612090055292,144.40696987833476,144.5716094970703,16518000
2021-11-12,145.41365059304397,147.62984607624279,144.21902587009922,147.45924377441406,22360000
2021-11-15,147.6799019486694,148.3235839005728,146.3652671051845,147.23507690429688,23508000
2021-11-16,146.93507493624477,147.54304137580007,146.10493053390076,146.663818359375,18904000
2021-11-17,146.8140636628539,147.34170037420662,146.033028153426,146.83340454101562,19594000
2021-11-18,147.0263355590037,149.3461667867612,146.67226728662533,148.61024475097656,35608000
2021-11-19,148.7461161421964,149.7290051929881,147.67844804906963,147.70571899414062,33682000
2021-11-22,148.10839815896483,148.60131822577375,144.94950861350554,145.1027374267578,30594000
2021-11-23,144.95495136652673,145.45779912839131,142.93366287312807,144.5869903564453,27218000
2021-11-24,144.2810105888424,145.0506504792178,143.18953724894834,144.92221069335938,18040000
2021-11-26,143.16523224151518,143.3725186493825,140.67977786294543,141.01748657226562,30470000
2021-11-29,142.81959849591408,145.0982659592094,142.7139652055701,144.33755493164062,32596000
2021-11-30,143.81983548713401,144.80320881089577,140.44076564760365,140.73434448242188,42068000
2021-12-01,142.81961122468087,144.75412317905503,139.7569265486594,139.89527893066406,34020000
2021-12-02,140.09213056944827,142.68520065080236,139.06511173639353,141.7940673828125,29194000
2021-12-03,142.50321577437006,143.2163161657655,139.15091751675573,140.8374786376953,41230000
2021-12-06,141.86797350092726,142.67331391025607,139.00116443543868,141.98153686523438,30618000
2021-12-07,144.4030265379746,146.32167843600868,144.03704800153227,146.06231689453125,32240000
2021-12-08,146.3865960515908,147.17657557723103,145.205864201199,146.9717559814453,24270000
2021-12-09,146.38117245241173,147.8778055616714,145.9090763713213,146.42828369140625,23270000
2021-12-10,147.481060069157,147.75628168931388,145.501419679147,146.7882843017578,24458000
2021-12-13,146.5700951293805,146.75705697342113,144.32466128723686,144.63113403320312,27070000
2021-12-14,142.78786052539195,143.2956569953205,140.05742162389038,142.72735595703125,38446000
2021-12-15,142.23342665334246,145.51827360710053,140.51661343560883,145.24057006835938,36370000
2021-12-16,145.96409309585127,146.4664413784915,142.42979734266572,143.2609405517578,33650000
2021-12-17,141.33188874138816,142.65545262972856,140.1417284945182,140.56324768066406,50416000
2021-12-20,138.8524060930421,140.61236590947718,138.17897107600302,140.44622802734375,27192000
2021-12-21,140.88905801007334,142.68968194664052,139.35077693447047,142.2964324951172,28756000
2021-12-22,141.89473474558528,145.29909260146448,141.89473474558528,145.21478271484375,26322000
2021-12-23,145.29909901208103,147.028306818594,145.25148836497797,145.71218872070312,26384000
2021-12-27,146.0488961608223,147.12797496363228,145.96310316847794,146.69406127929688,15976000
2021-12-28,147.02087190142421,147.08335898865232,144.85726596471994,145.4845733642578,18200000
2021-12-29,145.44243834865856,146.20861273327162,144.45361680844815,145.45285034179688,17788000
2021-12-30,145.49149904628018,146.0925342403559,144.79773962624193,145.00204467773438,15688000
2021-12-31,144.85282030166462,145.49600304604013,143.66464233398438,143.66464233398438,18136000
2022-01-03,143.86593461715796,144.65541477911893,142.53494010406916,143.80296325683594,28646000
2022-01-04,144.20414226489285,145.28421989053714,142.5384203965496,143.2158203125,28400000
2022-01-05,143.23614798069272,143.3149946024937,136.55933735130031,136.64561462402344,54618000
2022-01-06,135.8754787528965,138.79286404298605,135.43908316933738,136.6183319091797,37348000
2022-01-07,137.01307300645394,137.31359818480337,134.65357655381717,135.89382934570312,29760000
2022-01-10,133.9707545272893,137.68158591115076,132.0729417434719,137.53280639648438,44408000
2022-01-11,136.87571483847339,139.06660657340043,135.57199131832226,138.5905303955078,28730000
2022-01-12,139.99296095115926,141.4390172004531,139.54120457664413,140.2711639404297,26108000
2022-01-13,140.3797392243777,141.67901339710585,137.27440842260475,137.45095825195312,31436000
2022-01-14,135.95530916112932,139.5882918033961,135.87547885508806,138.33712768554688,29662000
2022-01-18,135.0587297181779,136.00738617411443,134.32827105727515,134.8831787109375,34872000
2022-01-19,135.40440607477944,136.82863968515622,133.90877161248727,134.00894165039062,28648000
2022-01-20,135.133105704383,136.49783311871093,131.87453108390275,132.2147216796875,29908000
2022-01-21,131.5066158303364,133.7599798995472,129.02016235439484,129.28298950195312,55652000
2022-01-24,124.94532175448224,130.12749709636913,123.47944046052136,129.7317657470703,76622000
2022-01-25,127.68468965184117,128.3382842647663,125.46354548795776,125.89447784423828,46960000
2022-01-26,130.04417107706672,131.9097485375021,126.09976709115335,128.1736297607422,49130000
2022-01-27,130.22765236966427,131.5650937262965,127.8755867605392,127.94750213623047,31950000
2022-01-28,128.59613680815025,132.2633368035548,127.43176448871137,132.25787353515625,34362000
2022-01-31,133.06225920242,134.3625173657848,131.1257647038749,134.19439697265625,39986000
2022-02-01,136.466592286511,136.66346669345492,133.2670388818161,136.51568603515625,68644000
2022-02-02,150.01014748135128,150.30421054385434,144.32960458845056,146.7867889404297,123200000
2022-02-03,144.51109122384386,148.44804913070055,141.49600300849062,141.91702270507812,71518000
2022-02-04,142.26865554288074,143.68742564570832,139.36316498296367,142.11839294433594,57998000
2022-02-07,143.06754453763955,143.06754453763955,137.76139385139092,138.0599365234375,54974000
2022-02-08,137.88685780823388,138.85237322389543,135.89085796988192,138.2563018798828,54284000
2022-02-09,139.80797789700927,141.3561864794341,139.03783863725855,140.4313201904297,40144000
2022-02-10,138.55830248421256,140.3246936120616,136.82611353380625,137.48367309570312,39330000
2022-02-11,137.46386044180338,138.01578678020195,132.30647428852177,133.18174743652344,39958000
2022-02-14,132.16417235989616,135.1827270188193,132.16417235989616,134.41506958007812,34302000
2022-02-15,136.4427979327925,136.9763973849014,134.7081419187358,135.4886932373047,26680000
2022-02-16,135.5263729022058,136.95407185843112,133.81798904852437,136.6089324951172,25022000
2022-02-17,135.12619300415574,135.98955606011734,131.3925552622797,131.4525604248047,38950000
2022-02-18,132.37292423632954,132.97099324127743,129.1292409403073,129.33404541015625,45620000
2022-02-22,128.77367925061782,131.09697591573786,127.17241181915688,128.7493896484375,44990000
2022-02-23,130.56934576146136,130.9685427450542,126.48212435927555,126.54212951660156,32786000
2022-02-24,123.9292178705829,131.9097594685947,123.9292178705829,131.60328674316406,54456000
2022-02-25,132.45726794511472,134.1626707970964,130.67152021704777,133.35733032226562,36406000
2022-02-28,131.95935360321266,134.6387009971114,131.5055996259116,133.9499053955078,38864000
2022-03-01,133.77287444721637,135.13858587625842,132.1264932248051,132.9625701904297,26496000
2022-03-02,133.5244239122076,134.15371378545083,131.9806796935572,133.4683837890625,23520000
2022-03-03,134.8950837847723,135.32106741558047,131.93505144439177,132.80189514160156,24604000
2022-03-04,131.83788309122372,132.75430495921202,129.26910212432648,130.8252410888672,30430000
2022-03-07,130.41017325885227,130.65514261832865,125.25973295853518,125.3425521850586,45112000
2022-03-08,125.21509629053482,130.17411000501144,124.64431332771989,126.06259155273438,40428000
2022-03-09,130.1741142565606,132.63924417090806,128.83567386884616,132.32632446289062,37026000
2022-03-10,130.19000303239358,132.17955633727135,129.83940035172492,131.34396362304688,27102000
2022-03-11,132.39426221843516,132.698752456179,128.56888416798853,128.80592346191406,31526000
2022-03-14,129.18232020379136,129.34001346575886,124.2481025769408,124.9185562133789,38812000
2022-03-15,125.93514541675391,128.79005910986243,124.68993626243409,128.13893127441406,30920000
2022-03-16,129.66135482928354,132.240032982956,127.67923236827228,132.18797302246094,35576000
2022-03-17,132.05753605900716,132.9814035170428,131.1014338034284,132.74188232421875,28264000
2022-03-18,132.33076547882177,135.12715666182308,131.1743232843676,135.00962829589844,44566000
2022-03-21,135.04731283585534,135.9265509358955,132.9932904748799,134.98582458496094,26832000
2022-03-22,134.9858312898088,139.89376833061417,134.9858312898088,138.72145080566406,35496000
2022-03-23,137.56553055143635,138.4442694271566,136.70514886604158,137.14202880859375,25154000
2022-03-24,138.05894880404426,140.45812610885343,136.62133716164368,140.41151428222656,26396000
2022-03-25,140.7526925700073,140.8707203771551,138.59205274099185,140.51168823242188,24126000
2022-03-28,139.74550107592432,140.83847267217368,138.66542339972597,140.29595947265625,35050000
2022-03-29,141.4781907391212,142.61479282683288,140.87417414180615,141.33734130859375,34318000
2022-03-30,141.29221863890226,141.55058130392723,140.43926771554987,140.77499389648438,19884000
2022-03-31,140.88855215145054,140.9431091731122,137.88488921822,137.9275360107422,37524000
2022-04-01,138.3564676186564,139.31950107652258,137.17373813332352,139.0016326904297,25942000
2022-04-04,139.20795791982718,142.53396895874045,139.16034726925992,141.79953002929688,25942000
2022-04-05,141.6978485343159,141.81834310644794,139.23173537157103,139.4385223388672,21418000
2022-04-06,137.61264137354576,138.2181411119585,134.40614115921403,135.42869567871094,32468000
2022-04-07,134.89509176328988,136.04013849416,133.1272020827794,134.77459716796875,26234000
2022-04-08,134.47208496943966,134.5578779659387,131.87554910979466,132.19491577148438,25142000
2022-04-11,130.7429256647374,131.0097178490168,127.61378885750443,127.76751708984375,36884000
2022-04-12,130.52125019058332,130.52125019058332,125.7496824779024,126.66759490966797,32710000
2022-04-13,126.95075200878496,129.26561926423614,126.6938724329844,128.8292236328125,27928000
2022-04-14,129.40993832117093,129.40993832117093,125.56322179244722,125.69116973876953,31598000
2022-04-18,125.95895269585907,127.16150750964877,125.14765723721159,126.6299057006836,20808000
2022-04-19,126.64477542409657,129.26461711503015,125.95844660693362,128.9432830810547,26490000
2022-04-20,129.81904388797793,130.3218916355038,126.45485065417712,126.99041748046875,31696000
2022-04-21,128.1905088826277,129.0320490590413,123.50572537982224,123.79136657714844,36446000
2022-04-22,123.97534345046293,124.37404857874347,117.95014478551222,118.65481567382812,56884000
2022-04-25,118.1247001432462,122.26696285548644,117.53954013860086,122.06513214111328,46128000
2022-04-26,121.29201669374567,121.5057500530437,117.53953053843702,117.6773910522461,73054000
2022-04-27,113.53117356778168,116.28094605000119,111.81238510772637,113.35761260986328,91820000
2022-04-28,115.4607114772855,118.66869438389101,113.17956225538599,117.55093383789062,48884000
2022-04-29,115.77758476702827,116.9533679106837,112.8815228143991,113.17410278320312,42676000
2022-05-02,112.4753767938892,115.78849338041019,111.67697536874522,115.62732696533203,35534000
2022-05-03,115.4760799985851,117.47109620573961,115.08333000535104,116.37217712402344,24968000
2022-05-04,116.07217903698087,121.84744519700216,114.17237622534512,121.2588119506836,49916000
2022-05-05,119.21866011890872,120.04681450711568,114.06277194925556,115.55047607421875,45840000
2022-05-06,114.24030932144473,116.60774359414943,113.08089313905965,114.79769897460938,39710000
2022-05-09,112.3216628968711,114.13368999515002,111.08240885566522,111.5887222290039,40802000
2022-05-10,114.5606667108094,115.29708062521888,111.9750344564831,113.45728302001953,39900000
2022-05-11,112.30827513659509,115.41063248936665,112.30827513659509,112.67127227783203,37534000
2022-05-12,110.46451302431396,113.35809330514908,108.92424196384515,111.91899108886719,53836000
2022-05-13,113.594142514748,116.90875017939355,112.67375572924637,115.09920501708984,35038000
2022-05-16,114.01317216302417,115.21771695665214,112.95591618323131,113.5068588256836,25990000
2022-05-17,115.88273735100042,115.94175125327278,113.92839273794735,115.51824951171875,23054000
2022-05-18,114.05731760057398,114.45404021864253,110.64104923458649,110.98223114013672,35126000
2022-05-19,110.51808587492133,112.083645570603,109.09831678353405,109.47917175292969,34144000
2022-05-20,111.03331404707964,111.26391395378205,104.92926830668526,108.0152587890625,48962000
2022-05-23,108.68918571926903,111.22819834582448,107.84962051186193,110.57410430908203,37184000
2022-05-24,104.90496623527923,105.58583938493665,101.04932840845038,105.1013412475586,76780000
2022-05-25,104.12490462445021,105.62699334651613,103.0051614939558,104.93769073486328,40258000
2022-05-26,104.8107448453719,107.75887468895839,104.3624465360755,106.90890502929688,37948000
2022-05-27,108.58554373009294,111.39730365863458,108.24386241128829,111.39581298828125,37914000
2022-05-31,111.82229671590991,114.78630197702584,111.1597731470303,112.82947540283203,50012000
2022-06-01,113.91351567650608,116.14159882441551,112.32166882859197,112.95840454101562,36606000
2022-06-02,113.06551449385536,116.93304735382672,112.02065295107872,116.65831756591797,37992000
2022-06-03,115.11111657901444,115.36799617690578,112.58797143708928,113.60208892822266,26136000
2022-06-06,115.74784575456003,118.36868641474054,115.21177950019366,115.86289978027344,33542000
2022-06-07,114.53388373543117,116.72626645111426,114.10889889465038,116.18920135498047,31590000
2022-06-08,115.80437236671298,117.59854920159584,115.64419719383626,116.23332977294922,26108000
2022-06-09,115.37393923285215,117.32928262353619,113.83515876761014,113.89417266845703,25798000
2022-06-10,111.52325408711977,112.35041717414056,109.46129391687555,110.25027465820312,41452000
2022-06-13,105.91114561990199,107.89970745137141,105.24912150780392,105.52037811279297,47252000
2022-06-14,105.66171211229965,107.03981794977923,104.93273646839161,105.84072875976562,33706000
2022-06-15,107.65522217666569,110.5101281231061,106.78690296928498,108.86473083496094,39698000
2022-06-16,106.34208771365974,107.75788407901256,104.27616231851945,105.16432189941406,51684000
2022-06-17,105.16431896946578,107.80846549966309,104.18491071395393,106.26522064208984,51376000
2022-06-21,108.03658348672354,111.567406717593,107.70978614823225,110.62965393066406,47416000
2022-06-22,109.65024031138255,112.41736323198378,109.47766306713153,110.5736083984375,30774000
2022-06-23,111.3115255677313,111.81833842202387,109.59471953521059,111.32193756103516,28362000
2022-06-24,112.0687608319365,117.11108593640661,112.02660588324883,117.0079345703125,41164000
2022-06-27,117.30348914348141,117.60747238809732,114.23534152789627,114.88398742675781,36420000
2022-06-28,114.8532454023872,116.34789602426181,110.93116279588207,111.08935546875,35792000
2022-06-29,110.63758563635704,112.23289804690751,109.96365128893204,110.78585815429688,24716000
2022-06-30,109.09830333262894,109.97902466562923,105.87494437052855,108.0698013305664,43170000
2022-07-01,107.04825117092746,108.35445680115731,105.85560889935694,107.84616088867188,35476000
2022-07-05,106.22257357959492,112.4476205204141,104.8647923311928,112.33455657958984,39342000
2022-07-06,112.37322645641683,114.64197351842783,110.56219081143625,113.6328125,37432000
2022-07-07,114.13666235926765,118.21247285733529,113.8921848578157,117.8093032836914,40936000
2022-07-08,116.28886476021137,118.7039018756293,115.943218437379,118.3751220703125,38238000
2022-07-11,117.03075205965408,117.03075205965408,114.38511466684228,114.72827911376953,31196000
2022-07-12,115.26236105063236,116.01514205426072,112.75806498456316,113.08585357666016,29960000
2022-07-13,110.78535950872107,113.25991018567453,110.28995752777116,110.44071197509766,43722000
2022-07-14,109.3070730912963,110.18233866352448,107.48463413301555,109.46278381347656,37004000
2022-07-15,111.08240810060202,112.21306263725859,109.99092716981522,110.8612289428711,46770000
2022-07-18,111.71665403211723,112.74812973437768,107.48165988903675,108.13624572753906,43164600
2022-07-19,109.94133979066089,113.08535287704044,108.66191325988503,112.8770751953125,36530900
2022-07-20,112.24231974638516,114.45404329391755,111.55798096785527,112.96633911132812,35600400
2022-07-21,113.34321947485182,113.61101046049744,110.1992065063923,113.40272521972656,32676200
2022-07-22,110.09010519867219,111.41911725096242,105.62699282575305,107.01551818847656,48901200
2022-07-25,107.52134719462656,108.96937840173452,105.42864264206895,106.62872314453125,34690900
2022-07-26,105.72616102673679,106.32124110364808,103.21690153174416,104.15911102294922,47991000
2022-07-27,108.36437093577844,112.97625525163264,107.12461749425067,112.13321685791016,59858500
2022-07-28,111.44888067205848,113.40272578477607,110.54633651373639,113.2837142944336,32816600
2022-07-29,112.15306933310434,115.75331099431166,112.13322903844622,115.36650848388672,37223400
2022-08-01,114.35486029276694,115.76321838407448,113.4027229923445,113.91846466064453,26034300
2022-08-02,113.06552194158387,115.39625706472798,112.78781836154697,114.1862564086914,20236000
2022-08-03,114.76149298206536,117.6476425585004,114.53338259160023,117.11206817626953,28499000
2022-08-04,116.51699706271334,117.80633617133454,115.93182947198484,117.22117614746094,21602900
2022-08-05,115.27723913427396,117.1418256153438,115.04912116805919,116.50707244873047,19159500
2022-08-08,117.4195241692398,119.16509908636492,115.92189993370644,116.33846282958984,19138300
2022-08-09,116.1797640458468,116.35828882894792,114.76148592644728,115.67394256591797,19086500
2022-08-10,117.80633141765588,119.92878873304059,117.43936923676468,118.71878814697266,30930400
2022-08-11,120.28584605400722,120.49412374035786,117.58814114476164,117.8658447265625,24293700
2022-08-12,119.2741980957184,120.68255615234375,118.48075288719056,120.68255615234375,19096300
2022-08-15,120.13706749098401,121.29748248930953,119.62133337705963,121.07928466796875,19494800
2022-08-16,120.52386016096523,121.42640424546009,119.65107651347627,120.70238494873047,19041200
2022-08-17,119.13534218584766,120.29574952040444,118.40140274502447,118.57001495361328,22847000
2022-08-18,118.45100459562921,119.82960983443398,117.74682554009155,119.1849365234375,17987700
2022-08-19,118.08404022953236,118.17330641726673,115.80289830486177,116.24920654296875,21809500
2022-08-22,114.25568820182478,114.68216374085563,112.9167558336111,113.30355834960938,21456600
2022-08-23,112.54977631975122,114.06723327503279,112.50018315686643,112.9266586303711,15870400
2022-08-24,112.56961931409134,113.83912570446977,111.94478626575493,112.75806427001953,17734600
2022-08-25,113.30353847884851,115.76321250751124,113.17460685174579,115.69378662109375,16956800
2022-08-26,113.77961742600252,114.17634005588431,109.28675199221415,109.43551635742188,37245700
2022-08-29,109.08837563086466,110.04050530416411,107.90813557656172,108.5230484008789,21191200
2022-08-30,109.26691024996742,109.59420698279374,106.91634250859858,108.0469970703125,27513300
2022-08-31,109.74298212503663,109.94133965972561,107.24363481356808,107.33290100097656,28627000
2022-09-01,107.39240764031874,109.5446179336816,106.47995086620014,108.84043884277344,28360900
2022-09-02,109.6834567691589,109.83222868726963,106.38075953474187,106.9659194946289,24160700
2022-09-06,106.42042936854642,107.14444107919324,104.91288507482174,105.93444061279297,25068300
2022-09-07,106.1824101054521,109.07848016205685,106.02372558510477,108.55281829833984,23167000
2022-09-08,107.15436785234293,108.70157768967908,106.28158417405022,107.4915771484375,24238300
2022-09-09,108.17592320190764,110.08018262294702,108.12633003878351,109.74297332763672,23197700
2022-09-12,110.08019507284304,110.70503570471661,109.02888648402806,109.95126342773438,22966800
2022-09-13,106.91635155696838,107.41225298799911,103.23675627988764,103.46487426757812,38172900
2022-09-14,103.71280676810338,104.41698576847003,102.81027025690392,104.1392822265625,26395100
2022-09-15,103.17724342441045,104.40707676995653,101.51101442821535,102.0664291381836,34188300
2022-09-16,101.23330943767259,102.28461796293107,100.11257502049808,101.95732879638672,42797200
2022-09-19,100.91593353936474,102.48298375828159,100.71757600878111,102.22511291503906,23036800
2022-09-20,101.24323304040989,101.5308567644108,99.69601550554796,100.3109359741211,26517100
2022-09-21,100.83657912239514,102.03665948648352,98.45625111888704,98.46617126464844,31487300
2022-09-22,98.00994304598551,100.41010377703378,97.98019017551985,99.31912231445312,34298600
2022-09-23,98.81330688401681,98.84306732316416,96.67101684353818,97.93060302734375,31625400
2022-09-26,97.29585425726316,99.06126205035565,96.99831795404086,97.36528015136719,27072700
2022-09-27,98.61494711523052,99.18027437650241,96.07593451258548,96.70076751708984,30072800
2022-09-28,96.84953796570939,99.87453174796886,96.31396358421772,99.22986602783203,32466300
2022-09-29,97.83141465127956,97.83141465127956,95.17338319605307,96.62141418457031,31047200
2022-09-30,96.25446166796625,98.08929527552542,94.77667009540615,94.86593627929688,32941500
2022-10-03,95.96684196996166,98.47610186740503,95.72880384753613,97.83142852783203,27982000
2022-10-04,99.61667862054995,101.0051965284241,99.557165305316,100.80683898925781,28850800
2022-10-05,99.0116735801322,101.09445790974014,97.99011792498692,100.59855651855469,22176900
2022-10-06,99.85470635132027,102.08626265455283,99.76544016442644,100.58863830566406,22324000
2022-10-07,99.03150884851111,99.7059350605101,97.49421903648668,97.87110137939453,27502800
2022-10-10,98.18847777441846,98.2876565416277,96.21479230959145,97.05782318115234,18225100
2022-10-11,96.63133537448569,98.43641594865333,95.52051364928485,96.38338470458984,26507100
2022-10-12,96.50240591070916,97.94051680156004,95.9469912522471,96.76026916503906,21876400
2022-10-13,94.37004071240933,98.96208508756953,93.60634829648116,98.24798583984375,34574500
2022-10-14,99.17036238714927,99.86462890500115,95.58004100220128,95.76847839355469,25410700
2022-10-17,98.04961868688342,100.10265003936581,98.01986581562133,99.15052032470703,28419200
2022-10-18,102.28460943852185,102.62182629033514,99.15051685012314,99.94395446777344,24060700
2022-10-19,99.19020627528849,100.191921717045,98.10913722172899,98.81331634521484,23811100
2022-10-20,99.18027319596912,101.48125523144144,98.57527292412537,99.15052032470703,25323200
2022-10-21,97.04789091631268,100.47952728786818,96.91895929172544,100.3010025024414,32458700
2022-10-24,100.96551960605208,101.90772916035505,99.1604389639881,101.67961120605469,27176400
2022-10-25,102.05651534606606,103.96077501261335,101.8779905293988,103.62356567382812,40611400
2022-10-26,95.63954441159298,97.50413095357072,93.91380965641918,94.15184020996094,88114100
2022-10-27,93.74519988449306,94.64774408921001,91.04750255104241,91.46405792236328,60710900
2022-10-28,91.51363539732378,95.75855747636481,91.37478361921333,95.50068664550781,43697300
2022-10-31,94.637811790529,95.242812042702,93.20962104840368,93.73527526855469,31675000
2022-11-01,94.66757492682962,95.24282237108928,89.62922241672638,89.72840118408203,47161400
2022-11-02,90.19453791873643,90.43256844263183,86.16781390238052,86.257080078125,57038300
2022-11-03,85.61241063994241,85.81076815755338,82.6568351996716,82.74610137939453,61288000
2022-11-04,84.69996499661167,85.92979841324605,83.02381575687284,85.87029266357422,51124900
2022-11-07,86.56453757303696,88.1712606549143,86.13806211366017,87.76461791992188,34078900
2022-11-08,88.17127990722656,89.57963821850713,86.87201295416122,88.17127990722656,30429000
2022-11-09,87.72494420662868,88.70683431006073,86.56453688459513,86.60420989990234,31769100
2022-11-10,91.49379583808987,93.61625293565226,90.85904273789478,93.1699447631836,51620100
2022-11-11,93.91380328731896,96.1354392923686,93.15011094483498,95.61970520019531,33090500
2022-11-14,94.31051185350877,95.99658092538591,93.73527205818615,94.91551208496094,30179500
2022-11-15,97.45454708936437,99.31913366455173,95.9172496935556,97.63307189941406,41640800
2022-11-16,97.09749375411836,98.82322847399864,96.83962291238991,98.03970336914062,29105200
2022-11-17,96.17512087878868,98.46618297666177,95.99659606811966,97.55372619628906,26052600
2022-11-18,97.96035978371822,98.08929899123865,95.5800391036644,96.63134765625,28342300
2022-11-21,96.49249435141179,97.5933960537091,94.57831466395251,94.81634521484375,21647400
2022-11-22,95.16348162304233,96.42307549576248,93.27906223791702,96.25447082519531,23438500
2022-11-23,96.29412816473291,97.95044455619234,96.29412816473291,97.65290069580078,18868100
2022-11-25,97.43469190584294,97.83141448608896,96.60158129749476,96.66108703613281,9701400
2022-11-28,96.24453976932135,96.78011416235111,94.82626153412802,95.26265716552734,26237500
2022-11-29,94.94528818097686,95.33209067906634,93.33856487339783,94.40971374511719,20061700
2022-11-30,94.04273414974281,100.21174831439473,93.64601154608545,100.16215515136719,43647500
2022-12-01,100.191908022442,101.4118287044889,99.42822325305634,100.16215515136719,28687100
2022-12-02,98.23807103454332,99.94396550598155,98.08929910016103,99.6166763305664,21480700
2022-12-05,98.58518949074,100.54895459128153,98.18846689898945,98.66453552246094,24405100
2022-12-06,98.48601001120109,98.96207106432217,95.62961342505861,96.18502807617188,24910700
2022-12-07,95.61969422615704,96.08583510139945,93.94354537696624,94.1617431640625,31045400
2022-12-08,94.59814224941029,94.79650733675184,92.6839626659769,92.94183349609375,32213300
2022-12-09,93.0013431152763,93.48733192437892,91.98970761165849,92.06905364990234,28225400
2022-12-12,91.9500324704772,92.79306329851202,90.85905095379364,92.54511260986328,29420000
2022-12-13,96.958644678424,98.71413232006631,94.25101968178204,94.84609985351562,40593700
2022-12-14,94.4196191950435,96.07593554575189,92.83273630132557,94.29068756103516,28733600
2022-12-15,92.36659290509361,92.8724144565508,89.2721729828965,90.11520385742188,40107000
2022-12-16,90.01601241882409,90.5813396378672,88.78617166028681,89.52011108398438,58011800
2022-12-19,89.52013069523537,89.81766702120841,87.48693175023637,87.71504974365234,29493000
2022-12-20,87.38774657684024,88.44897528550977,86.72324050727767,88.290283203125,23453800
2022-12-21,88.34977892837271,89.48043330627605,87.59600682081934,88.8456802368164,24745600
2022-12-22,87.43732621541874,87.81420850248641,85.61240538463248,87.04060363769531,27658300
2022-12-23,86.39593360126003,88.81593460502073,86.35626058532988,88.4985580444336,23003000
2022-12-27,88.07209058240402,88.21094236734609,86.29676268423916,86.67364501953125,20097300
2022-12-28,86.26701007977196,87.31831861670652,85.23553426923881,85.31487274169922,19523200
2022-12-29,85.9099593646084,88.12167532237186,85.9000392181079,87.7249526977539,23333500
2022-12-30,86.26701373187004,87.57619316857544,85.8603709383056,87.50676727294922,23986300
2023-01-03,88.85559860680175,90.30363718067711,87.79437004023141,88.38945770263672,28131200
2023-01-04,89.60938314842804,89.90692702075431,86.55462865105089,87.35799407958984,34854800
2023-01-05,86.75299440017858,86.85217316940673,85.19586426604603,85.49340057373047,27194400
2023-01-06,86.07855178597063,86.97117567277324,84.16437239360367,86.62403869628906,41381500
2023-01-09,87.63569405206921,89.31184316795068,87.13979266316744,87.29847717285156,29003900
2023-01-10,85.2752044746708,87.94314874861813,85.12643254757823,87.69519805908203,30467800
2023-01-11,88.44896825112974,90.8491290549015,88.28036360214634,90.76978302001953,26862000
2023-01-12,90.73011735676101,91.11691981733598,89.01429529901861,90.38298034667969,30258100
2023-01-13,90.1052744877532,91.4342940509324,89.3911753274604,91.3648681640625,26329200
2023-01-17,91.30535652243567,91.49380146174484,89.3118384915669,90.54167175292969,32602400
2023-01-18,91.38470524390696,92.0392986943226,89.89700111134908,90.3730697631836,29116700
2023-01-19,89.9763445358991,92.84265380940697,89.88707835577257,92.28724670410156,37000400
2023-01-20,94.32044460307483,97.49421809768434,94.24109856316726,97.21650695800781,63191100
2023-01-23,97.1470790758333,99.21995081656387,96.70077085248677,98.97200012207031,40005100
2023-01-24,97.29584675272618,98.79347100071968,96.40322277819845,96.89912414550781,33078500
2023-01-25,94.78657489485524,95.37174236803631,92.9914145966969,94.43944549560547,42330000
2023-01-26,95.70896843494373,96.77019710869844,94.59814659536165,96.7206039428711,30114000
2023-01-27,96.5123239826297,99.49765240364174,96.5123239826297,98.5554428100586,33879800
2023-01-30,96.68093725731849,97.48429507886306,95.60978845068932,96.1453628540039,27226200
2023-01-31,96.07594747301579,98.06946580876946,96.02635430239576,98.02979278564453,29870700
2023-02-01,97.90084854753133,100.36052269702401,96.78011416406397,99.60675048828125,35531100
2023-02-02,104.93273458159672,106.9659256907038,104.74428963661705,106.85682678222656,69883800
2023-02-03,102.08625562934304,106.92625024321528,101.73912618609937,103.92108917236328,65309300
2023-02-06,101.56059433437012,103.5045266483121,101.04485271151285,102.0564956665039,31999600
2023-02-07,102.3738930595634,107.29323436787847,102.27471428631476,106.75765991210938,49010200
2023-02-08,101.2134745048074,102.29453587919534,97.23634332555855,98.5554428100586,94743500
2023-02-09,99.18027172399981,99.21002459482034,92.8624856911135,94.2311782836914,119455000
2023-02-10,94.6675682304884,95.95691481547425,93.47740797269714,93.79478454589844,54980700
2023-02-13,93.96338902898977,94.4196173792314,93.07076505379771,93.83445739746094,50076100
2023-02-14,93.65594180887688,94.07249718262943,91.50373147763352,93.90389251708984,54726100
2023-02-15,93.7154415296958,96.32388765510876,93.37823222030585,96.1453628540039,50169000
2023-02-16,94.58823713954602,96.8792992195654,93.96339652364621,94.72708892822266,42462600
2023-02-17,94.07249288547277,94.77667195660865,92.44593691924389,93.57659149169922,34284100
2023-02-21,92.23767064006373,92.3368494177034,90.96816412582213,91.03759002685547,33629300
2023-02-22,90.94832065004488,91.35496346106115,89.8672591479185,90.89873504638672,30884000
2023-02-23,91.1665064831145,91.18634677544837,89.02421648917793,90.14495086669922,41206400
2023-02-24,88.70684756779147,89.1531558147064,87.85389652834307,88.39938354492188,36585100
2023-02-27,89.1333236694336,89.42094740013515,88.6076618097586,89.1333236694336,27502300
2023-02-28,88.59773510812792,90.4821617111098,88.5878149626214,89.32174682617188,30142000
2023-03-01,89.24241850559551,90.28380689652273,88.93495449477956,89.61930084228516,31111200
2023-03-02,88.92503489270483,91.52355315835904,88.85560143860462,91.245849609375,32204400
2023-03-03,91.7219244117424,92.96167788657921,91.69216397218837,92.88233184814453,35160100
2023-03-06,93.2492875940104,95.1833074213031,93.22945486919875,94.35018920898438,32639300
2023-03-07,94.20143621358584,94.8857750214838,92.76331756858707,93.09061431884766,27835500
2023-03-08,93.34847011024735,95.17338339263445,93.22945106567059,93.47740173339844,34103300
2023-03-09,93.27906233445889,94.74692633492973,91.14668466466473,91.56324005126953,28813500
2023-03-10,91.41445442058324,92.02937482791765,89.65896694454361,89.88707733154297,35941000
2023-03-13,89.35149339310806,91.81116719230366,88.68698746126873,90.3631362915039,37335600
2023-03-14,91.80125398569051,93.58650184316622,91.6822425064281,93.19969940185547,36050200
2023-03-15,92.45584959444147,96.13543673086967,91.88060220810499,95.32215881347656,50622100
2023-03-16,95.41142015117943,100.36052125064333,94.71716126290511,99.49765014648438,65492000
2023-03-17,99.43815015945079,101.9969956149556,99.27945808045726,100.78700256347656,61028500
2023-03-20,99.29928500623465,100.91592061736439,99.05133434132713,100.39026641845703,32960400
2023-03-21,100.4200298260466,104.23846895297474,100.39027695383191,104.05994415283203,42110300
2023-03-22,103.41526038657393,105.71624226306058,102.48297102840904,102.52264404296875,43427400
2023-03-23,104.19879298533533,105.42863382566868,103.60371285731998,104.73436737060547,40797800
2023-03-24,104.12936781949888,104.62526919076385,102.98879315221856,104.57568359375,30393300
2023-03-27,103.7624149352095,103.90126672624382,101.0944628976051,101.6201171875,31120900
2023-03-28,101.60027347597008,101.61018605507579,98.92240158084621,100.20182800292969,32057900
2023-03-29,101.44158753942646,101.64986521604924,99.82495172553267,100.55888366699219,28779600
2023-03-30,100.0828209446528,100.33077163663715,98.96207897409658,100.06298065185547,33086200
2023-03-31,100.46961878932184,103.0383842078249,100.2117479628211,102.87969970703125,36863400
2023-04-03,101.55069427340956,103.67315178936734,101.09446586563742,103.50454711914062,25035400
2023-04-04,103.47478504857116,104.71453851392779,103.18716133658586,103.86158752441406,24420100
2023-04-05,104.91289907946413,105.2302756731111,102.8102819841236,103.61363983154297,28290500
2023-04-06,104.39716471996435,108.27510972849137,103.47478781441008,107.53125762939453,48711500
2023-04-10,106.10306402969181,106.7080567599706,104.25831026578564,105.56748962402344,27067400
2023-04-11,105.67658753468932,105.85511233488984,103.82191364187591,104.48641967773438,26311800
2023-04-12,105.70633385627954,105.87493849967197,103.48469035438097,103.78223419189453,24370300
2023-04-13,104.97240702008682,106.6088831893166,104.97240702008682,106.54937744140625,24843600
2023-04-14,106.01378928840569,108.04698783654497,105.96419612699583,107.9775619506836,26578000
2023-04-17,103.80208203407157,105.2897861961485,103.66322268410477,105.1013412475586,37571200
2023-04-18,105.61706440974724,105.66665757008278,103.21690375984336,103.64337921142578,26596400
2023-04-19,102.73093910158751,104.11946457904193,102.22511753880913,103.32601928710938,20905700
2023-04-20,103.05823288579296,105.37904781258688,103.01855986565269,104.42691802978516,27820800
2023-04-21,104.6054346972307,105.13108893118996,103.92108839505883,104.54592895507812,25800100
2023-04-24,104.62527258627793,105.75592714410803,103.84174748622819,105.1013412475586,23542800
2023-04-25,104.96249111597527,105.81544212100182,102.98879811509617,102.99871826171875,46664100
2023-04-26,104.05994371224027,105.47822196102051,101.788714484929,102.85986328125,53347600
2023-04-27,103.59379357823073,107.48166608530138,102.6912570160058,106.70805358886719,50089200
2023-04-28,106.16256199648849,106.47001841232823,104.22854218991014,106.46009826660156,36139800
2023-05-01,105.96419371928604,107.10476830411024,105.94436099528517,106.32124328613281,26681700
2023-05-02,106.2617379751714,106.32124371426752,102.85985449785488,104.45665740966797,30997200
2023-05-03,104.66494043938329,106.60887287386203,104.09961318837087,104.54592895507812,21795400
2023-05-04,104.62527823765616,104.73437715411653,103.11774126807067,103.83184051513672,23419500
2023-05-05,103.9607682679493,105.01207680519784,103.25658919423994,104.70462036132812,26639300
2023-05-08,104.3178158732233,107.07502636899285,104.29798314719713,106.88658142089844,26511400
2023-05-09,107.50149988087897,109.2470748463162,106.31133960304034,106.47002410888672,36360100
2023-05-10,107.08494816131481,112.01420922516127,107.04527514179809,110.8339614868164,63153400
2023-05-11,114.454018464541,116.95335761967458,113.4721360357585,115.61442565917969,78900000
2023-05-12,115.7235547629223,117.06248707301147,115.15822745124665,116.5467529296875,41102300
2023-05-15,115.15821666094425,117.50879187706043,115.05903790038903,115.55493927001953,36266800
2023-05-16,115.535101164742,119.76018303268906,115.47559542065336,118.53034973144531,45035600
2023-05-17,118.62953592633984,120.67264731450432,117.91543668511788,119.84944915771484,33323600
2023-05-18,119.95854133598478,122.29919646548392,119.83952984703524,121.82313537597656,35234200
2023-05-19,122.53722528891174,124.93738598095622,121.1487000105305,121.75370025634766,41353400
2023-05-22,121.93224352318924,125.39363331471273,121.73387841515391,124.02494812011719,35253000
2023-05-23,123.14223409458985,123.60837503480265,121.20821417591823,121.55534362792969,34046300
2023-05-24,120.12714861556921,120.91067367529489,118.87747506501967,119.90895080566406,34182600
2023-05-25,123.49927982509996,124.29272508219533,120.96026710936242,122.46781158447266,42317000
2023-05-26,122.16034076709491,124.23321241314245,121.44624158887478,123.58853912353516,35635900
2023-05-30,124.61010271936992,124.62994301273424,120.99994114625623,122.65625,35076700
2023-05-31,121.74378917189807,123.04304837018027,121.49583848112029,121.86280822753906,37325800
2023-06-01,121.8132170497212,123.40009998321423,121.6148595206051,122.70584106445312,30772700
2023-06-02,122.97362222070807,125.11591981661117,122.74551182311099,123.6480484008789,26980100
2023-06-05,122.99346805796284,126.38543183753264,122.82485583017811,124.9770736694336,32305500
2023-06-06,124.97706418870804,127.2383656366913,124.3323909005138,126.26640319824219,26638300
2023-06-07,125.92920166945693,127.9822255786917,121.11895964321234,121.49584197998047,52539000
2023-06-08,121.22806776750527,122.21987063454354,120.2461774810015,121.13880157470703,29389200
2023-06-09,121.2478829569892,122.74550718830598,120.9106736630639,121.2280502319336,23778300
2023-06-12,121.78345693305364,123.0331304793446,120.66272258318774,122.6264877319336,28306400
2023-06-13,123.95551612909149,124.13404093411759,122.17026807883049,122.81494140625,22278300
2023-06-14,122.09092270879414,123.03313990537379,120.45444658155986,122.65625,30592300
2023-06-15,122.13059332494937,124.43157546435972,121.39666138886585,124.06460571289062,35246300
2023-06-16,124.8977309595371,125.07625577200433,122.26945194087992,122.51740264892578,45535600
2023-06-20,121.92231483974503,123.54887077747642,121.1387897432877,122.0909194946289,26097500
2023-06-21,121.39666224993185,121.65453309243799,119.11551282046045,119.56182861328125,30306300
2023-06-22,119.01633037340913,122.22976917477193,117.85592296831348,122.14051055908203,26952200
2023-06-23,120.38501322694266,121.78345871511222,120.06763665447824,121.33714294433594,34913600
2023-06-26,119.77011027896118,120.99994365310945,117.30051581692196,117.36994171142578,33969900
2023-06-27,116.1202700370029,118.10387557545451,115.14829999374557,117.36002349853516,39535900
2023-06-28,116.13017287240949,119.40312476297248,115.89214234648705,119.1948471069336,27091400
2023-06-29,118.26256241740738,119.07584040154654,117.33027294139967,118.12371063232422,24090900
2023-06-30,119.1849366580173,120.08748080780242,118.708875567441,118.71878814697266,29532200
2023-07-03,118.26256653867198,119.20478376097655,117.84601116890617,118.91716003417969,14467900
2023-07-05,118.26255664547801,121.60493460466255,118.25264406620929,120.75198364257812,27584800
2023-07-06,118.81797081927608,119.31387218735846,117.42944547527459,119.12542724609375,24745200
2023-07-07,119.11549261283218,120.05770963770607,118.42123380869646,118.50057983398438,21709500
2023-07-10,117.33025567665399,117.34016825494791,115.1879583359944,115.49541473388672,35315200
2023-07-11,115.33674061449469,116.74509867791642,114.40444362500358,116.17977142333984,23078800
2023-07-12,117.82616938013048,119.34362637246984,117.4393669141167,117.9551010131836,30404400
2023-07-13,119.93870320943425,123.80673533006852,119.46263457450904,123.51911163330078,44297900
2023-07-14,123.77699383825481,125.74075916657561,122.47772701039696,124.39190673828125,33283100
2023-07-17,124.9076384065508,126.05812564014278,123.18189620588134,123.62821197509766,25716200
2023-07-18,123.57862461739118,123.65797065567115,121.95206866692536,122.74551391601562,26193600
2023-07-19,123.57861089837822,124.15385826176514,120.80156796856357,121.02967834472656,37224000
2023-07-20,120.42468845421087,123.0727999886977,117.25092267132642,118.22288513183594,37906800
2023-07-21,119.63125870411923,119.99822090421563,117.7567519823055,119.03617095947266,72937900
2023-07-24,120.6627297925078,121.99174188501857,119.98830359973758,120.5337905883789,29686100
2023-07-25,120.36518297759501,122.14051081744289,120.02796610605938,121.20821380615234,52509600
2023-07-26,129.00377226018543,129.90630113026324,127.26811769923354,128.2103271484375,61682100
2023-07-27,130.59066029279523,132.14779780312753,127.73426366088836,128.33926391601562,44952100
2023-07-28,129.7079618698937,132.64370465595107,129.49969176817697,131.4932098388672,36591200
2023-07-31,131.64196213896054,132.43540728957092,130.69975264360772,131.63204956054688,28055500
2023-08-01,129.70797201734953,131.5428132938943,129.6087856815379,130.47166442871094,23166800
2023-08-02,128.38887313460415,129.02362633955516,126.51436639391204,127.32765197753906,26273300
2023-08-03,126.92099551059741,128.32935355941024,126.37550098690372,127.39705657958984,20089500
2023-08-04,128.2202600170075,130.43197594152576,126.86149507419762,127.05985260009766,26147200
2023-08-07,128.1012301171621,130.53114351104958,127.96237835561729,130.45179748535156,22746300
2023-08-08,129.54930137464623,130.43200542810587,128.47815233218188,130.32290649414062,23535200
2023-08-09,130.5807272912613,130.9576019691282,127.94252887766349,128.5971221923828,24912900
2023-08-10,130.24356620341507,130.96757809471208,128.38888445942726,128.62692260742188,20857800
2023-08-11,127.60533894622364,128.86491747828384,127.11935017534717,128.49795532226562,19591100
2023-08-14,128.3293638886943,130.29312919834737,127.90289594820355,130.2534637451172,24695600
2023-08-15,130.0253428626258,130.3427118640274,128.22025464503122,128.71615600585938,19770700
2023-08-16,127.64501190185547,129.21206207522133,126.8218213636926,127.64501190185547,25216100
2023-08-17,128.73599949955613,130.90804993539842,128.23017041335734,128.85501098632812,33446300
2023-08-18,127.4565647289768,128.19050420505582,125.34402761585469,126.41517639160156,30504800
2023-08-21,126.13747833867052,127.67476811335399,125.5225578886843,127.31771850585938,25248700
2023-08-22,127.45656155015928,129.21205659443743,127.2681317464859,128.0218963623047,22054900
2023-08-23,129.11287688798097,132.31641072027463,128.80542045173755,131.28492736816406,27819700
2023-08-24,132.85197153912117,133.14951538235977,128.50788590918833,128.71615600585938,28500700
2023-08-25,128.47812893761383,129.6881295726403,126.20690716881097,128.8153533935547,26762900
2023-08-28,130.23360950918428,131.45352258706555,129.0732021716326,129.93606567382812,20543300
2023-08-29,131.15600145683445,135.45050919179718,131.15600145683445,133.46690368652344,43075600
2023-08-30,133.6752002776301,135.16290470137614,132.97102865860236,134.7661895751953,28315800
2023-08-31,134.89509514927343,136.8687881952977,134.67689731971456,135.0537872314453,30053800
2023-09-01,136.3332217281178,136.3332217281178,133.7446157733526,134.5479736328125,21543700
2023-09-05,134.3297620041587,135.30172442643027,133.4768110647792,134.6570587158203,19403100
2023-09-06,134.90504407245479,135.41085813847698,132.5743010419644,133.3578338623047,18684500
2023-09-07,132.49492113945962,134.46861399155742,131.8601680068501,134.15122985839844,18844300
2023-09-08,133.80410329196144,135.53975798327252,133.74459755250976,135.26205444335938,23558300
2023-09-11,135.42074803161276,136.35304508761172,134.676895929534,135.79763793945312,20763400
2023-09-12,135.14303224154853,135.74803250189984,134.08181120803886,134.23057556152344,18405500
2023-09-13,133.98265493971294,135.77781583177648,133.05035775884392,135.58938598632812,20749500
2023-09-14,136.47207040513118,137.563044397484,135.1232180009584,136.9679718017578,24751000
2023-09-15,136.84894433199983,137.3845263119322,135.36124015129133,136.27369689941406,38919600
2023-09-18,135.4901665221767,138.0192664165555,135.4901665221767,137.07705688476562,21861300
2023-09-19,136.29353439301667,137.2754245802509,135.5000891528616,136.908447265625,20353700
2023-09-20,136.94814339852564,136.94814339852564,132.52469589773267,132.6437225341797,29927500
2023-09-21,130.36257622016777,131.14609385607787,129.00381108346423,129.3707733154297,31503900
2023-09-22,129.68812598105728,130.94771974828387,128.5376462586181,129.18231201171875,26397300
2023-09-25,128.76577182393018,130.09478407268804,127.90290814706238,130.0352783203125,20094600
2023-09-26,128.70625840016731,129.29141844193066,126.17715813897233,127.51609802246094,25718700
2023-09-27,127.51608742320651,129.82697452376246,127.51608742320651,129.4699249267578,22746500
2023-09-28,128.77567908657804,132.20732362438937,128.7260859170761,131.22543334960938,22513100
2023-09-29,132.18745302372233,132.95114528457344,129.29139116656413,129.78729248046875,30859800
2023-10-02,130.1344623833808,133.31814114938217,130.09478179335153,133.0701904296875,22288000
2023-10-03,132.84208398165953,133.15945304283952,130.7592918203912,131.34445190429688,22989400
2023-10-04,131.7014648766572,134.45869011730207,131.44360164040873,134.1313934326172,26752300
2023-10-05,133.9628143310547,134.37936969993646,132.35608346969923,133.9628143310547,19832600
2023-10-06,132.91148163496393,137.02747214489506,132.91148163496393,136.4522247314453,27597600
2023-10-09,135.8174603789753,137.80106572376255,134.49836100864687,137.2853240966797,19278100
2023-10-10,137.36469462527216,138.57469531209054,136.2042871076599,136.9282989501953,27786600
2023-10-11,137.44403543423456,139.95329533664227,137.44403543423456,139.39788818359375,25884300
2023-10-12,139.89377728823808,140.0623819353228,137.12663921258442,137.83082580566406,24765500
2023-10-13,138.23748528968676,138.85239821040267,135.50009975367846,136.23403930664062,23420500
2023-10-16,137.03739334313434,138.4854321140924,136.85887610034075,137.95977783203125,28501900
2023-10-17,137.49360004694836,138.75317845969838,136.0554741619693,138.5746612548828,23515800
2023-10-18,138.30690868674475,139.56650258267163,136.25388459322733,136.82913208007812,23375000
2023-10-19,137.36467110137107,138.51516584160242,136.25385694319345,136.62081909179688,26066000
2023-10-20,136.2042943979111,136.73986130635555,133.97273786758853,134.4884796142578,26335700
2023-10-23,133.9330041584774,136.53153702301475,132.85194305574092,135.38104248046875,26317900
2023-10-24,136.70018711343607,138.2176442463873,136.2935443173615,137.67214965820312,44814300
2023-10-25,127.10945300008548,127.2582173695509,124.04477835256257,124.58035278320312,84366200
2023-10-26,122.25952391827924,123.31083999813282,120.27591838168972,121.27764129638672,57061100
2023-10-27,121.87272000373477,122.29919549173574,119.22460845972752,121.16854095458984,44566500
2023-10-30,122.20001252709248,124.37206291068779,121.74378418278033,123.43976593017578,28940100
2023-10-31,124.03485926262917,124.34232328480618,121.68429140278461,123.06289672851562,26292300
2023-11-01,123.0529643757322,125.45312516564948,122.7058349336953,125.4134521484375,30082400
2023-11-02,127.36730789447058,127.92271501549958,125.88952390924445,126.44493103027344,27124600
2023-11-03,126.970599202535,128.4682159884043,126.81190712180837,128.041748046875,26393100
2023-11-06,127.9921517032279,129.27157062977093,127.61526180428386,129.18231201171875,19052700
2023-11-07,129.63854481279463,130.8287050924927,128.8153467097953,129.8964080810547,29757300
2023-11-08,129.89641375169958,131.1262546701782,129.70796879855988,130.75927734375,26425800
2023-11-09,130.8782957156304,131.46345569784398,129.0037891497348,129.17239379882812,23747800
2023-11-10,129.0335637670161,131.7114285790635,128.34921734237602,131.50314331054688,26913300
2023-11-13,130.69976098599605,131.50311876629735,130.1741067560777,131.00721740722656,18324800
2023-11-14,133.09002359550504,134.58764041410248,132.2271599799759,132.52468872070312,32395200
2023-11-15,133.76443017621472,133.92312224608222,132.4750987262402,133.5164794921875,23861500
2023-11-16,134.0818138246226,136.09517216084916,133.21895029015656,135.8075408935547,28013200
2023-11-17,134.88516720728182,134.94467294789172,132.5544248086727,134.20082092285156,37240600
2023-11-20,132.59412016100978,135.53977571897755,132.524686700092,135.1331329345703,27815500
2023-11-21,135.17278005589571,136.05548383220494,134.8454984904721,135.8472137451172,22635300
2023-11-22,136.34312381394363,138.2771361292862,136.34312381394363,137.35476684570312,17813900
2023-11-24,136.8985310833705,136.99771741092056,134.87526015124462,135.56951904296875,12514300
2023-11-27,134.91491921563218,137.2853270482676,134.88516634551732,135.29180908203125,23436500
2023-11-28,134.96450328347996,136.12491054089853,134.30990991764168,136.0753173828125,18730000
2023-11-29,136.44230617886066,137.15639020757226,133.7346738823066,133.88345336914062,23967200
2023-11-30,133.94295042197072,134.4388517451667,130.2038502076351,131.443603515625,38988300
2023-12-01,130.77911376953125,131.02706446186437,129.5988660526321,130.77911376953125,31442300
2023-12-04,128.8153273436033,128.9640916810593,126.85155485379651,128.2103271484375,36669900
2023-12-05,127.89294345007906,131.0567961953268,127.19868465026924,129.91622924804688,27384800
2023-12-06,130.3625665785439,130.75928165761354,128.81535658297804,128.95420837402344,23576200
2023-12-07,133.9330343345262,137.42418419027493,133.59582503757497,135.8075408935547,56767100
2023-12-08,133.09992075278979,135.281883689647,132.93131610801126,133.88345336914062,32260100
2023-12-11,131.29485865478858,132.24698086173262,130.28321556791462,132.1973876953125,31138000
2023-12-12,130.72952914922644,131.9097769432704,130.18403456369643,131.4337158203125,29032800
2023-12-13,132.28664939416652,132.4056608757626,130.49148892278734,131.48329162597656,30104800
2023-12-14,132.28665787823815,132.6238671868591,128.62690324736187,130.85845947265625,38722400
2023-12-15,130.54106870618423,132.41557523506742,130.10467308952005,131.51304626464844,50847100
2023-12-18,131.5428154285214,136.0257533662055,131.34444275367903,134.68682861328125,32258000
2023-12-19,135.71827586427287,136.34311639898218,134.96451127135808,135.5298309326172,25476800
2023-12-20,137.83084957799318,140.5384672448695,136.93823302565937,137.2060089111328,49107200
2023-12-21,138.34658204933325,139.53674241725346,138.03911046006232,139.26895141601562,27488300
2023-12-22,139.61607052198642,140.82607102846447,139.5565647812921,140.33016967773438,26532200
2023-12-26,140.42937316952606,141.51043473069583,140.032658051172,140.35995483398438,16780300
2023-12-27,140.4293610317835,140.91534987341666,138.74329922394273,139.2193603515625,19628600
2023-12-28,139.62599994946305,139.98304957042203,138.60444425438513,139.08050537109375,16045700
2023-12-29,138.48543138650385,139.20944320132398,137.64239294340334,138.54493713378906,18733000
