Date,Open,High,Low,Close,Volume
2010-01-04,74.69405579078938,75.94628234902518,74.36672222110073,74.94450378417969,6100980.0
2010-01-05,75.13345438531982,75.79251977466473,74.91376592220485,75.01042938232422,16773200.0
2010-01-06,75.30921649898184,75.57284538555963,74.17123165716455,75.06097412109375,13279680.0
2010-01-07,77.69941980418038,77.69941980418038,74.76438493677031,75.25648498535156,12247960.0
2010-01-08,75.22134083820792,75.7222303485624,74.73803016224394,75.35535430908203,14171800.0
2010-01-11,76.83165548021873,76.83165548021873,74.80392837101185,75.05217742919922,27533220.0
2010-01-12,75.04557910502194,75.212537775275,73.75380989048246,74.4831771850586,9814100.0
2010-01-13,74.03281771539231,74.46560428323659,73.1804253519743,74.22394561767578,20693500.0
2010-01-14,75.13346537438495,75.30043077616794,73.37595741241104,73.9822998046875,20345280.0
2010-01-15,74.62377113041423,74.65013267173208,73.41988271450313,74.4370346069336,23163460.0
2010-01-18,74.25471390924638,78.12123289746395,73.9076090249149,77.6225357055664,47002920.0
2010-01-19,77.55004326696921,78.59576270967577,77.01839412808125,78.17395782470703,33328440.0
2010-01-20,78.42879586597256,78.64848436979881,76.58341377470424,77.15899658203125,27304220.0
2010-01-21,77.3698805568861,77.3698805568861,74.9181565285234,75.20594787597656,25046940.0
2010-01-22,74.5183341631149,74.69408226316648,72.67294559077197,73.68791198730469,18947400.0
2010-01-25,72.93656775700956,73.72304948350725,71.67555815865394,72.79157257080078,12057580.0
2010-01-27,72.98490257304255,72.98490257304255,69.7247265363032,70.17728424072266,24215580.0
2010-01-28,70.7396885013805,71.13512507212863,69.28095381853866,70.00373077392578,34864460.0
2010-01-29,69.42155627584314,71.92600348416295,68.2132696950927,71.6645736694336,32870340.0
2010-02-01,71.53055253056601,71.53055253056601,69.64123073443822,70.28931427001953,15034660.0
2010-02-02,70.60787784113855,70.95498940238683,69.07005844389501,69.38201904296875,20669400.0
2010-02-03,70.30030877715858,71.7238924434656,69.33368087234462,71.29988861083984,15455340.0
2010-02-04,71.0911998959614,71.39437109846763,69.6632246468635,71.0362777709961,17210480.0
2010-02-05,70.21243415725142,70.21243415725142,68.76248895972081,69.1293716430664,18693880.0
2010-02-08,69.64125922777524,69.810416970689,68.05949923864902,68.86795806884766,15181200.0
2010-02-09,68.84157416202457,69.32928282241194,68.16932799559329,69.05467224121094,23947500.0
2010-02-10,69.20184935321902,71.06700181420162,68.71853216805641,70.01689147949219,27733360.0
2010-02-11,70.47606264764275,71.75025987135143,69.86093757713543,70.21244049072266,14539380.0
2010-02-15,70.16849759541887,71.16588514944236,69.5314023585976,70.90665435791016,9604980.0
2010-02-16,70.51999232406158,71.29769131289336,69.86092697523857,70.58150482177734,14349700.0
2010-02-17,71.09118661783377,72.978309674649,70.95498084605754,72.75862121582031,24796680.0
2010-02-18,73.1518642178321,74.25469784924253,72.5301421352447,73.98008728027344,20008840.0
2010-02-19,73.37595286359252,74.69408375335765,72.76521915284242,74.42606353759766,14691980.0
2010-02-22,74.73801991879701,75.55965264837705,74.25470260471462,74.54469299316406,13280340.0
2010-02-23,74.03720752137751,75.08291999629832,73.91857387980852,74.7380142211914,12945780.0
2010-02-24,74.25468690679271,75.13344059799736,74.14484269539213,74.71603393554688,11211380.0
2010-02-25,74.73802693898307,74.86983466942266,73.90320665482197,74.30084228515625,11673940.0
2010-02-26,74.25470748601688,76.2209220967547,73.815330518644,74.90498352050781,18702060.0
2010-03-02,75.7485722726273,77.15458366775032,74.95769924331961,76.6690673828125,15429300.0
2010-03-03,76.56361959805263,78.25302422097258,76.56361959805263,78.0618896484375,22295920.0
2010-03-04,77.98940905658341,78.5166600586291,77.02717245806087,78.25962829589844,27028840.0
2010-03-05,78.45295244302051,78.86816690190635,77.81366484512927,78.38484954833984,20899300.0
2010-03-08,79.52722426443391,79.52722426443391,77.89713290555949,78.39363098144531,14745920.0
2010-03-09,77.98941354082771,79.74692145160692,77.98941354082771,79.5799560546875,24795380.0
2010-03-10,79.61511113745208,79.9622227222357,76.00782971834542,79.72276306152344,29921120.0
2010-03-11,79.79086195795509,80.62567553515798,79.22406190138587,80.27198028564453,15490460.0
2010-03-12,80.27416310435785,80.4235496502725,78.4880948260234,79.14276885986328,14944880.0
2010-03-15,78.20908543406331,79.96659297190743,78.20908543406331,79.6392593383789,15025920.0
2010-03-16,79.30751963345085,79.52281669865644,77.50607190740192,79.28994750976562,20872500.0
2010-03-17,79.28997218839648,80.17750885445048,79.00437313084156,79.42617797851562,9589680.0
2010-03-18,79.632675481658,79.632675481658,78.67043895310569,79.12738800048828,7003940.0
2010-03-19,79.73811923036693,80.17749613750594,78.98458944366982,79.96000671386719,12679680.0
2010-03-22,79.1757314044913,81.50443076728591,78.99998329212825,80.71794891357422,30611220.0
2010-03-23,80.62568826535909,83.04226202808103,80.62568826535909,82.77863311767578,20308760.0
2010-03-25,82.60285044612637,84.79973476650207,82.17226299655321,84.63057708740234,46592800.0
2010-03-26,84.84370049587761,86.3639411455624,84.05721191964733,85.74222564697266,23105720.0
2010-03-29,71.56789757472106,87.4359953198254,71.56789757472106,86.33975219726562,26453420.0
2010-03-30,86.33756295245828,86.55286005227052,83.54312553223487,83.78258514404297,18739960.0
2010-03-31,83.48162150533493,85.36654569361582,83.36079552437396,84.95353698730469,13652160.0
2010-04-01,85.6784979686553,85.6784979686553,84.62838741557283,85.20616912841797,14818440.0
2010-04-05,86.06514462105406,86.1002955756591,84.55368709483268,85.61258697509766,14247680.0
2010-04-06,85.67849965577138,85.67849965577138,84.59762947942643,84.92716217041016,8842880.0
2010-04-07,85.23911728647194,85.58842111206606,84.62399231769474,84.87663269042969,10756100.0
2010-04-08,84.79536698740556,84.79536698740556,83.20921579891636,83.60465240478516,12477660.0
2010-04-09,83.06420967988034,85.98606357287538,83.06420967988034,85.64994049072266,12415300.0
2010-04-12,85.1819939719764,86.46497366295402,85.1819939719764,85.86302947998047,9141280.0
2010-04-13,85.67849581815983,86.24528907134642,84.8436823868036,85.75318908691406,12682600.0
2010-04-15,85.89820053419211,86.77256314757294,85.42367258605283,85.98827362060547,19094720.0
2010-04-16,85.45880175568708,86.75057083435738,84.62398837914891,86.30460357666016,10465120.0
2010-04-19,85.6785042789459,86.06515813595895,84.62400229264138,84.97989654541016,12241660.0
2010-04-20,84.75582166676442,85.98388629679438,84.75582166676442,85.43905639648438,10878640.0
2010-04-21,85.6345619805368,86.11787929095452,85.01943695305968,85.28306579589844,7889000.0
2010-04-22,85.18641684539702,86.5572709712208,83.83532717613907,84.98210144042969,13790220.0
2010-04-23,85.01943361418012,85.98826052267883,84.74043168488137,85.75758361816406,10634120.0
2010-04-26,86.01682821562622,87.73918507186076,86.01682821562622,87.41844177246094,15796560.0
2010-04-27,87.39206775449996,87.69963696567696,86.46059081832226,86.97686004638672,8968940.0
2010-04-28,86.03001529291669,87.29322412903583,86.03001529291669,86.47598266601562,11423540.0
2010-04-29,86.64074813057337,87.6557078860297,85.52253451619968,87.24928283691406,18792900.0
2010-04-30,87.7897116041794,88.31477029742378,87.12845382833046,87.8951644897461,14219220.0
2010-05-03,87.2163166949422,87.2163166949422,86.21014652026889,86.5484619140625,10014140.0
2010-05-04,87.20754419514532,87.20754419514532,84.89642361223878,85.1073226928711,9177920.0
2010-05-05,84.88763061937054,84.96232390094066,82.60726303593962,84.20000457763672,16028540.0
2010-05-06,83.7013041374059,84.1846214362162,82.47104740763768,83.28389739990234,10522460.0
2010-05-07,82.2074345887606,82.38318269676948,80.6696151784209,81.19905853271484,19571620.0
2010-05-10,81.86691099891438,85.15125646740161,80.40598394300777,84.98429107666016,12853080.0
2010-05-11,85.15124785383964,85.89818727185337,84.0637873025416,85.60380554199219,13929300.0
2010-05-12,85.63456867331642,87.0405803391968,85.63456867331642,86.7725601196289,13741640.0
2010-05-13,87.04937514757636,87.65571759513384,85.68731037548186,86.35296630859375,12744380.0
2010-05-14,86.29362670062827,86.68906996175814,85.33798723770754,85.7553939819336,9400300.0
2010-05-17,85.32698820916931,85.53788723299934,84.11870179690045,84.74920654296875,13207200.0
2010-05-18,84.27249061694063,84.58005310554344,83.05102337337556,83.29707336425781,12243120.0
2010-05-19,82.55890230872316,82.95434547179272,80.91563728251221,82.0997543334961,18180160.0
2010-05-20,82.33922997746421,82.44468284908174,80.6827838594312,81.32646942138672,6778000.0
2010-05-21,79.96661077360486,81.28474172042252,79.13618854528416,80.25440216064453,10997240.0
2010-05-24,80.6344566716735,82.05364228892789,79.57335762337512,80.16651916503906,9621820.0
2010-05-25,79.60631210686624,79.96660442180462,78.42878510600069,79.25261688232422,11068700.0
2010-05-26,79.65024729928658,81.42752613121058,79.62827711247584,80.30711364746094,14002780.0
2010-05-27,79.74691958072844,83.78918633981614,79.57117147551786,83.33223724365234,22619720.0
2010-05-28,83.33222833609388,84.09673988683619,82.8335312406258,83.34101104736328,11758500.0
2010-05-31,83.30587573786359,83.42011133586867,81.94380445657315,82.9741439819336,8768220.0
2010-06-01,83.02905907989317,83.04223985145731,80.75748115408814,81.5088119506836,11365460.0
2010-06-02,81.19685091813326,81.84492781070416,80.31809713482957,81.41873168945312,18903340.0
2010-06-03,81.90425713971693,83.92099568884753,81.90425713971693,83.72766876220703,13593780.0
2010-06-04,83.74525196068004,83.9122106479164,82.60726052941416,82.85331726074219,10188700.0
2010-06-07,82.03167606571995,83.25534249307042,79.45473451832272,82.45567321777344,19238260.0
2010-06-08,82.60287083456244,83.34981034698158,81.41655434961902,81.8427505493164,11342280.0
2010-06-09,81.724106502115,83.28828725279128,81.35283247117329,82.64240264892578,11584680.0
2010-06-10,83.1730438234869,84.98827198718156,82.38151214753418,84.73179626464844,17020940.0
2010-06-11,84.95068413810391,86.22863648066462,84.95068413810391,86.06502532958984,21630760.0
2010-06-14,86.06501098933927,87.33411726844982,86.06501098933927,87.25231170654297,14977960.0
2010-06-15,87.33413244044671,87.5552315099162,86.3612978842626,86.84329223632812,9121560.0
2010-06-16,87.334125287707,87.99742244179085,87.02679436755918,87.38055419921875,18168580.0
2010-06-17,87.68788010643556,88.3953929819001,87.02678939242134,88.26715850830078,15977200.0
2010-06-18,88.08587435309715,88.34898280475247,87.48227816775383,88.0726089477539,9802800.0
2010-06-21,88.51039487147942,88.88183974656447,88.00186288418541,88.38878631591797,14203300.0
2010-06-22,88.21852821510987,88.43962728331817,87.66356739473646,87.86698150634766,8524880.0
2010-06-23,87.76307336370425,88.60324720711708,87.35625184761108,88.38436126708984,8488080.0
2010-06-24,88.30916741327275,88.74915233890538,87.55521888540403,88.51036834716797,17653100.0
2010-06-25,87.56186162143358,88.08586532098741,85.786436416019,86.12471771240234,14470320.0
2010-06-28,86.32148998070232,86.84770002695277,85.04574420429518,86.25958251953125,10658160.0
2010-06-29,85.79086317148214,86.1755801615161,83.84519395331542,84.21221923828125,15902320.0
2010-06-30,83.79654578853433,85.73779531289482,83.08902608027479,84.85781860351562,17535120.0
2010-07-01,84.54827887688353,85.33097143561727,83.79654342518926,84.3448715209961,11567260.0
2010-07-02,84.34487167021719,85.0501782100079,84.01542948323468,84.58586883544922,8225000.0
2010-07-05,84.0618607026765,85.30000997287466,83.92919992446743,84.68978118896484,5160540.0
2010-07-06,84.68094152713756,87.10197897733353,84.45984246309804,86.84770965576172,12496060.0
2010-07-07,87.06218796845762,87.06882067139294,85.3906793546701,85.66705322265625,7933440.0
2010-07-08,86.67083035978963,87.1063957720553,85.88593140625974,86.03849029541016,6725840.0
2010-07-09,86.4497251170304,88.96804643528199,86.23304562756816,88.56121826171875,31402360.0
2010-07-12,88.83761462049287,90.91595153360893,88.74917633103047,90.62631225585938,29738560.0
2010-07-13,90.7390682027062,91.97722449734457,90.09346261699503,91.64778900146484,12514620.0
2010-07-14,91.97721896416645,93.34360968420799,91.67873385121929,92.25580596923828,21116060.0
2010-07-15,92.41941963187597,92.41941963187597,90.87172600167709,91.20779418945312,6477460.0
2010-07-16,91.26968128070462,91.35812629488979,89.81927211384357,90.16197967529297,9427760.0
2010-07-19,90.29686073538815,91.26969531434291,89.41246443680961,90.55554962158203,17531160.0
2010-07-20,90.5555511524116,92.36192684424618,90.03154741623092,90.40299224853516,13369180.0
2010-07-21,90.65505657889098,91.30288211298365,89.54514145218074,89.90110778808594,9284700.0
2010-07-22,89.76621414564802,91.22546922262036,89.5451150960282,90.97120666503906,11149940.0
2010-07-23,91.49078655302917,91.49078655302917,89.58491377241099,90.1465072631836,13843620.0
2010-07-26,90.42951661340703,91.08396794950124,89.94972867865246,90.73463439941406,6072980.0
2010-07-27,90.79213349365506,91.88878309002327,90.42952774754927,91.39351654052734,13291820.0
2010-07-28,91.62345486387953,92.41941287930737,91.09060528615434,92.24695587158203,13142120.0
2010-07-29,92.45920509283316,93.52490420217438,92.12092379433862,92.88813781738281,22531480.0
2010-07-30,92.75991432323961,94.49774993591822,91.97722165354794,94.05113220214844,23399320.0
2010-08-02,94.18819315319722,94.84707073624634,93.8056893763488,94.46898651123047,16526680.0
2010-08-03,94.63041485905363,94.80729144020039,93.38120629275588,93.85435485839844,16220960.0
2010-08-04,93.5249057274791,94.14398041867412,92.47247200503948,93.51605987548828,14734700.0
2010-08-05,91.3139195977855,94.07323853188973,91.3139195977855,92.87266540527344,14710560.0
2010-08-06,92.56312672898822,93.30380998235829,92.04133614888553,92.45037078857422,10920880.0
2010-08-09,92.41940314095069,93.03405823165689,91.59470125323386,92.06564331054688,5236440.0
2010-08-10,92.2182153731193,92.9588986478747,91.52396776375399,92.64714813232422,14694540.0
2010-08-11,92.90583263360425,93.43867545871818,91.88656240434587,92.39730072021484,14670160.0
2010-08-12,91.84012543670896,92.10102069908135,90.56217318413384,91.67430114746094,9938860.0
2010-08-13,91.1613403910904,92.92349992760437,91.01541422180713,92.3110580444336,10499860.0
2010-08-16,91.90645339040346,94.05111691883842,91.55269355358635,92.15408325195312,7186680.0
2010-08-17,93.21537694029627,94.45353318377364,92.0258627661222,93.79244232177734,20131820.0
2010-08-18,94.18819193432111,97.23935601632917,94.18819193432111,96.9276123046875,38844340.0
2010-08-19,96.62028941376049,99.03026782311184,96.62028941376049,98.61681365966797,20763920.0
2010-08-20,97.79433475713036,99.04354322525987,97.51354135108836,98.66767883300781,8398140.0
2010-08-23,97.85181168434337,98.52174155995364,96.53185003864698,97.13323974609375,8194860.0
2010-08-24,97.13323477752388,98.16797669629625,95.51920768880248,97.66608428955078,10680280.0
2010-08-25,97.32782613342826,97.94690091201235,96.33508659012254,96.94090270996094,10591220.0
2010-08-26,96.33729279474656,97.89603863222901,95.80223004458198,96.32624053955078,20388100.0
2010-08-27,96.39920171953572,96.83918674252521,93.99585572872809,94.59281921386719,11550480.0
2010-08-30,95.51480357377922,96.29749621456097,93.59566515838782,94.26338195800781,6876460.0
2010-08-31,93.96709456574062,94.63039170385173,93.40550109953247,94.37612915039062,9390160.0
2010-09-01,94.43362788264146,95.29370657049093,93.74601296029734,95.03944396972656,9616200.0
2010-09-02,95.5059449446099,97.0602710156762,95.5059449446099,96.72862243652344,11590660.0
2010-09-03,97.01828153701999,97.28360315367543,95.87962253140763,97.01607513427734,8118160.0
2010-09-06,97.19513654167861,98.15470553802739,96.62691040582243,97.47371673583984,9546440.0
2010-09-07,97.99109788324725,97.99109788324725,96.5119447559482,97.24378204345703,8407840.0
2010-09-08,96.7529450264477,97.27916184175315,96.01447501373929,96.38150024414062,9969600.0
2010-09-09,97.06248033472883,99.49456981919812,96.53626353032212,99.26683807373047,26029580.0
2010-09-13,99.49899325385475,101.48446517590544,99.40613543028127,100.92950439453125,14595580.0
2010-09-14,101.08648890417955,103.91655406048068,101.08648890417955,103.21788024902344,32697460.0
2010-09-15,103.43014747881762,105.4200392094718,103.29969983060819,105.04196166992188,25503160.0
2010-09-16,105.053011338661,106.79084672360614,104.15313653881711,105.91971588134766,25534780.0
2010-09-17,105.91971116754932,107.2772625837422,105.55268593203863,106.1540756225586,21503140.0
2010-09-20,106.2690551952392,109.22072224159359,105.96393741354854,108.17050170898438,15095460.0
2010-09-21,108.56405476951527,110.31074268927102,108.56405476951527,109.25609588623047,32710780.0
2010-09-22,109.22293268811892,110.10732890421706,108.35180187546965,109.73809051513672,25049020.0
2010-09-23,109.29148323433948,109.74694678909216,108.47784025763646,108.95098876953125,12380340.0
2010-09-24,106.48795061596643,110.6379779043129,106.48795061596643,110.33949279785156,27910620.0
2010-09-27,110.54953354142698,111.0271083360149,107.61775775273776,107.82780456542969,16677440.0
2010-09-28,107.80791030188394,108.85591775804221,107.07385975362577,108.35623168945312,18864220.0
2010-09-29,109.39980448381434,109.39980448381434,107.28609815887906,108.0223617553711,15595720.0
2010-09-30,107.45415301905015,110.5053176280351,107.3082268163723,110.07859802246094,36959780.0
2010-10-01,110.19577164708346,110.7264080487892,108.88465582290272,110.58269500732422,17730260.0
2010-10-04,110.58268764032302,111.54888940165644,109.80663456914951,110.2842025756836,13980460.0
2010-10-05,109.72705815497122,110.9784798373224,107.7835952284706,108.24127197265625,17196660.0
2010-10-06,108.55964552965466,109.66514090164708,108.33854645525618,108.63703155517578,8219880.0
2010-10-07,108.64807726762838,109.22293617593064,107.3015847953104,107.61112213134766,9012840.0
2010-10-08,107.68188434486134,108.2501105981632,105.68535992824707,106.38182067871094,14906860.0
2010-10-11,107.93172051765549,107.93172051765549,104.65281760097783,105.61902618408203,19820040.0
2010-10-12,106.04132295887278,106.12755483593293,103.45446785819185,105.25642395019531,15619800.0
2010-10-13,105.46426490045363,108.33855304239471,104.66830683474205,107.95162963867188,20573400.0
2010-10-14,108.11742473354472,108.60384529429439,106.57194468640107,107.20428466796875,7707260.0
2010-10-15,107.20653373790215,108.01796366430277,105.2409594808888,105.51954650878906,11726540.0
2010-10-18,112.31389178396739,112.31389178396739,104.04920866161247,106.05899810791016,16550200.0
2010-10-19,107.14461358324515,107.14461358324515,104.2946432547384,104.75010681152344,16649040.0
2010-10-20,104.75672579643694,104.88938657415237,102.94813721089203,103.27757263183594,9860460.0
2010-10-21,103.03436696278641,105.01319934487434,102.44181640080976,104.58426666259766,14595060.0
2010-10-22,105.24316338483386,105.24316338483386,102.52364736607993,102.884033203125,12950380.0
2010-10-25,103.29749644932845,104.69041800256382,101.66135780278698,101.91341400146484,17259580.0
2010-10-26,102.05933133256461,102.85528932836144,101.30759584941521,101.7674789428711,10139440.0
2010-10-27,101.97089320904259,101.97089320904259,99.0700677591464,99.68472290039062,16440660.0
2010-10-28,99.78200351172151,102.4064550331245,99.09660182067567,100.23304748535156,42138460.0
2010-10-29,100.82116912478911,101.61712707262424,98.91971590146287,100.8167495727539,16264860.0
2010-11-01,101.61713509518508,104.62408383139773,101.04448930695985,103.88118743896484,20269600.0
2010-11-02,104.57986366062651,105.55269825217391,103.6070290690791,103.93204498291016,11122040.0
2010-11-03,104.40296956363693,104.88496385227484,103.96297788505544,104.45824432373047,7081520.0
2010-11-04,105.68536293047946,106.34866018736531,104.69263019517771,105.64998626708984,9716320.0
2010-11-08,105.83568523294127,106.12753758066582,102.83095013487753,103.27093505859375,8510920.0
2010-11-09,103.47436408990248,106.4282444072173,103.04764450694385,106.06122589111328,13716100.0
2010-11-10,106.12756292526744,107.00311343012645,105.39130592633325,105.94405364990234,8934340.0
2010-11-11,105.46865606383099,106.54320085015537,103.30852098613546,104.06246948242188,6728740.0
2010-11-12,103.69547023125611,105.19894130110407,101.92667756206625,102.36445617675781,12403100.0
2010-11-15,102.36886211653727,105.7737862024654,102.32463960672473,105.50183868408203,22815960.0
2010-11-16,106.11429166914697,106.11429166914697,102.8110709154264,104.91593170166016,18299340.0
2010-11-18,106.96773728034763,106.96773728034763,102.53470321497632,103.48985290527344,16631980.0
2010-11-19,103.69544580523397,104.53561942622831,101.35179472113535,101.86474609375,11752680.0
2010-11-22,102.63419964870604,105.72737373970091,101.9709023827663,105.2387466430664,11021900.0
2010-11-23,104.57984748029894,105.24314461019513,102.03499533276022,104.88053894042969,11416240.0
2010-11-24,104.09345585273469,104.97343271900625,101.26117685971677,102.2096939086914,8257500.0
2010-11-25,102.81105486346206,104.30126025220513,101.36285883262784,102.72482299804688,22687740.0
2010-11-26,102.85526833596818,103.47434290223252,100.64427810301449,101.61268615722656,15139380.0
2010-11-29,101.70555071586956,102.49708225040803,101.04225364598346,101.61268615722656,11818860.0
2010-11-30,101.57291087068293,103.21125578039677,99.87045208914246,101.0599594116211,17253560.0
2010-12-01,101.1992660661277,105.02207135263825,100.82118849853272,104.67052459716797,16081440.0
2010-12-02,105.15471106310498,106.12754554781174,104.05363534897968,105.76273345947266,14738560.0
2010-12-03,105.90644433753806,106.12754338625943,104.88938736393824,105.93518829345703,7923580.0
2010-12-06,107.01195861389945,107.2330577019447,105.03311907693102,105.38687896728516,9363120.0
2010-12-07,105.24315184242592,105.6853499594109,102.96583423891637,103.98951721191406,17194700.0
2010-12-08,103.47435493651889,103.47435493651889,100.16671505260855,100.841064453125,23488440.0
2010-12-09,100.5182481251601,101.0157209180962,98.13700737129903,98.69860076904297,36567840.0
2010-12-10,97.28359087810938,98.70968257971765,95.97026186146225,98.27190399169922,41242460.0
2010-12-13,99.18503911822265,99.27347739225311,96.46109709467426,99.0081558227539,15823360.0
2010-12-14,99.36191419185012,100.63986646273908,97.81422080335587,98.97499084472656,11844160.0
2010-12-15,98.61016487662137,98.61016487662137,95.07258048642868,95.64301300048828,22420420.0
2010-12-16,95.64746125824092,98.15030440828733,95.07260231337607,97.3189697265625,19518360.0
2010-12-20,97.27474202645483,97.27474202645483,95.13671786231508,96.06754302978516,10322440.0
2010-12-21,96.08966963122819,98.12599044069938,96.04102755962455,97.9071044921875,12351160.0
2010-12-22,98.74285905560431,99.05239644501317,95.95922220626947,96.34614562988281,15006480.0
2010-12-23,96.39919247058037,97.46046528505475,96.13166449084223,96.8833999633789,6526540.0
2010-12-24,96.79716545572897,98.37802912753838,96.1780907886959,98.09722900390625,7033420.0
2010-12-27,98.12376878134805,98.61018945520256,97.15536048097879,97.889404296875,7541260.0
2010-12-28,98.34044875909444,100.32149463118469,97.95352536820292,99.76654052734375,9350060.0
2010-12-29,99.75990369185304,103.33285874714159,99.65156055865423,102.93488311767578,16142080.0
2010-12-30,103.30632867360978,103.6247118784123,101.17714352177107,101.94878387451172,14504700.0
2010-12-31,101.92665561295644,104.57984404539782,101.35400991931002,103.75514221191406,16497820.0
2011-01-03,104.80095859407479,106.1120744524666,103.93424727566085,105.70746612548828,10796780.0
2011-01-04,105.53058186480538,105.59691563327772,103.16482589893569,103.71977996826172,16568260.0
2011-01-05,103.90328805544341,103.90328805544341,101.59501343456941,102.06816864013672,15651840.0
2011-01-06,102.41309317035976,103.59154825895382,102.10354907066298,102.93267059326172,10870180.0
2011-01-07,102.86412907858075,102.86412907858075,99.98100206641051,100.35466003417969,15896020.0
2011-01-10,99.76211630035017,100.37898463706381,94.54197013980878,95.17210388183594,40141720.0
2011-01-11,95.95699852103624,98.11050135171557,93.96710684663687,94.92225646972656,24315180.0
2011-01-12,95.91276310861814,97.90265451541441,93.15345134286801,97.5179443359375,19810660.0
2011-01-13,97.68153370371587,98.0529851449098,94.02898071998831,94.76303100585938,18972020.0
2011-01-14,95.07259362038116,97.63734400706367,89.76621630203431,90.6307144165039,25582820.0
2011-01-17,91.0928093850297,92.55206447708693,90.67492893817283,91.45098876953125,24561640.0
2011-01-18,92.27789605923954,93.56912044601961,90.50247096167632,93.27505493164062,16840320.0
2011-01-19,93.37677141412226,93.48290140150584,91.22548168575513,91.77601623535156,17984100.0
2011-01-20,91.50186943779214,94.38279061574083,90.46933360926685,93.63768768310547,19277080.0
2011-01-21,93.03849363536398,93.95384709946264,91.80476369180569,92.6029281616211,16595220.0
2011-01-24,92.64051401651793,95.24948044737536,91.66767941928677,95.01069641113281,25548320.0
2011-01-25,95.12567301536485,96.17147416973785,91.53944540414513,92.16736602783203,28221080.0
2011-01-27,92.86160109184156,92.86160109184156,90.25263499822427,90.6904067993164,37891160.0
2011-01-28,90.87171026120774,92.3906596670106,90.29906452691483,90.83854675292969,35596840.0
2011-01-31,90.3278273496822,91.2453872565295,88.27160169066796,90.53123474121094,22236060.0
2011-02-01,91.84011648483441,91.84011648483441,89.10732895574637,90.19071960449219,17102460.0
2011-02-02,90.71693618437229,91.24757929450882,88.71377936056992,89.31959533691406,19524340.0
2011-02-03,89.32403220578438,91.61240913281532,88.88183402654782,91.13483428955078,11592060.0
2011-02-04,90.6948318844616,92.19830270685746,88.66071795071905,89.22451782226562,18506400.0
2011-02-07,90.42951653170863,91.09281371898277,89.33286707135625,90.15756225585938,17118920.0
2011-02-08,91.08838414494113,91.09059054708524,87.78073767685243,88.56564331054688,14391980.0
2011-02-09,88.35120467966001,89.98733672518146,87.61715402360463,89.42574310302734,14715160.0
2011-02-10,89.14715089091594,90.6063994068456,88.4396311428101,89.14051818847656,23071180.0
2011-02-11,88.21854313051412,91.09283150318751,88.21854313051412,91.06187438964844,20206840.0
2011-02-14,90.65725995143418,93.31266219171657,90.65725995143418,93.10261535644531,11844720.0
2011-02-15,93.30379572341108,94.09975362408753,91.76936783214819,93.17113494873047,15199460.0
2011-02-16,93.48067171350799,93.8344315281265,92.20051312592643,92.63386535644531,9101580.0
2011-02-17,92.86161256973482,97.01827252865483,92.64051349218782,96.6468276977539,23609840.0
2011-02-18,96.57607919657906,99.18947204307554,95.74695761437144,96.22674560546875,39535740.0
2011-02-21,95.73590577030619,97.63735928982173,94.29876168830391,97.35877227783203,11201020.0
2011-02-22,96.84140556533191,96.91657844946066,93.9848022313941,94.56187438964844,11592860.0
2011-02-23,93.9759476115517,95.20525786183968,92.87045229673102,93.485107421875,12228440.0
2011-02-24,92.28673871785551,93.68187313212354,90.46267162260988,91.05300903320312,20055540.0
2011-02-25,92.28674857210056,92.28674857210056,89.23558416776277,90.3034896850586,12619920.0
2011-02-28,91.269691848677,93.78801345201043,89.98731996339527,90.75011444091797,21962720.0
2011-03-01,91.74728512648707,95.07261764212824,91.04861112668371,94.58619689941406,20501160.0
2011-03-03,94.40489451095839,98.26970239363652,94.1904281177789,96.98069763183594,25337640.0
2011-03-04,97.72580215350304,98.73843306216125,97.57103008461306,98.09061431884766,19709880.0
2011-03-07,97.46048355727807,97.46048355727807,95.11241212315826,96.09630584716797,12855680.0
2011-03-08,95.4263649901203,98.10166522758098,95.36003121717985,97.5710220336914,17971140.0
2011-03-09,97.72577945158,98.99488583098895,97.06248230598104,97.55110931396484,18083980.0
2011-03-10,96.92983223685205,97.94688932195672,96.50311264541428,97.65503692626953,14940620.0
2011-03-11,96.48983547618451,98.03531564858034,96.17808501163034,96.67997741699219,13107900.0
2011-03-14,96.04543567503977,98.12376560555467,96.04543567503977,97.93583679199219,13082880.0
2011-03-15,95.95698640430102,97.62407510806457,94.18819402818488,96.60480499267578,27602000.0
2011-03-16,97.10671311436283,97.5046887367742,96.33728593063839,96.56501770019531,11610680.0
2011-03-17,95.96583585993503,98.7428394549491,95.78674616491925,96.46551513671875,33521240.0
2011-03-18,96.39920821556574,97.11556714496922,94.72327999572393,95.04165649414062,9644240.0
2011-03-21,95.96584704746944,96.34171143688475,94.91562641227124,95.2693862915039,12318700.0
2011-03-22,95.47499728236714,96.08965239652693,94.7210486814439,95.14334869384766,9430540.0
2011-03-23,95.07261038879454,96.48322368763695,94.85372444497722,95.70053100585938,9314700.0
2011-03-24,96.35495919094475,97.23493580156673,95.89065660362776,96.96519470214844,8827620.0
2011-03-25,97.59312398364446,100.60007255680186,97.28358664833587,100.16008758544922,17802960.0
2011-03-28,100.15788621112397,102.2362162752947,100.15788621112397,101.5618667602539,21860620.0
2011-03-29,102.14777020051127,102.75800579204856,101.02679629776408,101.93330383300781,21636600.0
2011-03-30,102.36885769372081,104.5356256327675,101.970882112233,103.54067993164062,22194840.0
2011-03-31,103.91655673370273,105.94624445648527,101.93108477385158,103.73304748535156,37863820.0
2011-04-01,104.04922318229643,104.57985959821802,102.72262876878838,103.19799041748047,8738580.0
2011-04-04,103.47436033431798,106.34864812138237,103.47436033431798,106.16292572021484,12644540.0
2011-04-05,106.12755653586028,106.56754153816121,104.7191565005843,105.93962097167969,16825320.0
2011-04-06,105.72956668530529,105.90644322345875,103.96077431414105,105.06405639648438,12939720.0
2011-04-07,105.02205064252476,105.15471142439685,103.45667230917554,104.12660217285156,13116320.0
2011-04-08,104.09342875703902,105.46424554909294,103.69987272278986,104.0226821899414,15440340.0
2011-04-11,102.8199180926991,103.36603309040909,101.20147120708792,101.5309066772461,22416360.0
2011-04-13,100.79684511423869,105.40454832237226,100.60006372884877,104.7545166015625,18067780.0
2011-04-15,105.02206651698232,105.77380206467477,103.65124947611298,104.495849609375,17181860.0
2011-04-18,105.19010439662496,106.12092966898598,101.89793573346216,102.22737121582031,20706540.0
2011-04-19,103.47434358931959,104.30567808160053,102.78672886106034,103.80599212646484,14924860.0
2011-04-20,104.38307941190591,105.64113366859138,103.82812533065297,104.88719177246094,13096140.0
2011-04-21,105.33160292451097,106.87487696951524,105.33160292451097,106.59850311279297,32410700.0
2011-04-25,107.14460878443647,107.94277317432318,105.50847704473387,105.72957611083984,12645740.0
2011-04-26,105.5328030007365,106.03248908859423,103.49648233106959,104.35213470458984,12643700.0
2011-04-27,105.06629240399315,105.19894646276431,102.86856686489911,104.06028747558594,14295300.0
2011-04-28,104.49805738508957,104.75673952549958,103.03216943140505,103.37487030029297,26769640.0
2011-04-29,102.81106580140701,103.46109759594404,100.86539671746188,101.5087890625,18625880.0
2011-05-02,101.97089895818644,102.39983171554827,100.02522299499469,101.27001190185547,14156740.0
2011-05-03,101.19924076795635,101.51320437690048,98.2652589055252,98.86001586914062,21480560.0
2011-05-04,99.22925235542428,101.04889999192777,97.62849736977796,100.00089263916016,26421220.0
2011-05-05,99.75325110256159,100.59121155778446,97.72577005363065,98.1878662109375,18698980.0
2011-05-06,98.3891070647876,102.58999028777853,98.3891070647876,101.58399200439453,21551460.0
2011-05-09,101.79401452137346,102.3688734756862,99.42383212694287,100.77032470703125,7797180.0
2011-05-10,100.73273590123125,100.73273590123125,98.39350400249506,99.33538818359375,13046440.0
2011-05-11,99.93679403931039,100.33035017071927,98.21222374379036,99.98322296142578,9821700.0
2011-05-12,99.49457816451115,100.15345580008966,98.83128097674775,99.06122589111328,9478860.0
2011-05-13,98.69860596951804,101.26335607549673,98.42665848005747,99.5409927368164,11646140.0
2011-05-16,99.27347407363662,100.20651234039427,98.88876388339028,99.62944030761719,12541240.0
2011-05-17,99.58302242508671,100.55365060693852,99.09660850660441,99.60292053222656,12223880.0
2011-05-18,99.85276801526798,100.71947940016742,99.1850512054474,100.26180267333984,13870960.0
2011-05-19,100.40108613742616,100.99804956074412,99.8350730743623,100.54701232910156,15022540.0
2011-05-20,100.37897732049953,102.58996801037837,99.73336507019533,102.39982604980469,23827740.0
2011-05-23,101.48447502273625,101.65251247824084,99.3154936453763,100.14461517333984,20092800.0
2011-05-24,99.67145495551203,101.37392044049885,99.41498598001186,99.72894287109375,9004880.0
2011-05-25,99.49458117594352,100.24631666201347,99.28896066089119,99.70462799072266,8314880.0
2011-05-26,99.71569129451774,100.6885259576654,99.05239401317948,100.12251281738281,19899900.0
2011-05-27,100.15344863508858,102.23619787711688,100.04953181321022,101.8669662475586,11662040.0
2011-05-30,101.88243439870112,102.92602213192417,101.58837564590253,102.0416259765625,7849500.0
2011-05-31,102.80664340846798,106.51225906801498,102.36886484034311,106.10765075683594,35393460.0
2011-06-01,105.68537547996276,106.43711111088228,105.0110258876841,106.04798126220703,13143340.0
2011-06-02,104.86134838068804,105.3800752200566,104.41385824266175,105.09510803222656,13445520.0
2011-06-03,105.07950715391661,105.56484745240166,104.56968752323526,104.93702697753906,11977060.0
2011-06-06,104.4271924832733,106.41751218780757,104.4271924832733,106.02790832519531,11685600.0
2011-06-07,105.30881593983877,106.44869131445682,105.25093655330832,105.81641387939453,8126940.0
2011-06-08,104.91254728728305,105.61606150615091,104.5563434043429,104.87024688720703,10278780.0
2011-06-09,104.84798093213618,105.73182550480784,104.25800386018916,105.20641326904297,6459880.0
2011-06-10,105.43795014143438,105.72736746899572,103.75486180659567,105.19082641601562,8743820.0
2011-06-13,104.77673854729605,105.97226490251411,104.37599901529049,105.64276885986328,7835560.0
2011-06-14,105.88321364871084,106.77373688075357,105.32663662868414,106.08358001708984,12433200.0
2011-06-15,105.97225360766056,106.67576770321139,105.39341220811598,105.65166473388672,14077880.0
2011-06-16,105.25984390643754,105.61605456010437,104.10438946278035,104.32479858398438,8425300.0
2011-06-17,104.6587521801281,105.35335926698917,103.90848738702299,104.60531616210938,14213480.0
2011-06-20,104.28695138925636,105.14630987099527,101.16121962797428,102.36564636230469,15625700.0
2011-06-21,102.49921664419871,104.36931396309504,102.49921664419871,103.54780578613281,10157720.0
2011-06-22,103.85502435679724,104.53850244230149,102.962279600866,103.4208984375,6183160.0
2011-06-23,103.25616972486428,104.16673574099805,102.85543697379653,103.91293334960938,8267580.0
2011-06-24,104.59194615587192,106.41529293455578,104.26022844106602,106.11251831054688,16575460.0
2011-06-27,106.10583544331992,108.28093580692031,105.6449880792888,107.58187866210938,20512380.0
2011-06-28,108.17185220956675,108.19856681801294,107.06537688206912,107.88910675048828,12193620.0
2011-06-29,108.42120352187388,111.27087514729268,108.42120352187388,110.83007049560547,20504880.0
2011-06-30,111.27086697601916,112.42632132849535,110.25344942148766,112.00777435302734,26841200.0
2011-07-01,113.09644427054052,113.43484063427393,110.33582376134999,111.37105560302734,13304840.0
2011-07-04,112.87383349083032,113.18551530140223,111.86754456122563,112.74916076660156,14323360.0
2011-07-05,112.29497192065044,113.63075669399873,111.96102572731336,113.14765167236328,10637280.0
2011-07-06,112.87381669897711,113.98697070981515,111.98329349030668,113.33243560791016,11785740.0
2011-07-07,113.36806483123146,114.65264219859598,112.83597391775177,114.24522399902344,14778040.0
2011-07-08,114.25412182166059,115.0244156428771,113.70644519761086,113.94911193847656,15089360.0
2011-07-11,113.94245772923085,114.16954552738348,111.98775928524141,112.39962768554688,7945000.0
2011-07-12,111.76067106057427,111.76067106057427,109.54327000723339,110.41375732421875,14721800.0
2011-07-13,110.87011580377428,112.60441128467365,110.33802503902533,112.19254302978516,7441820.0
2011-07-14,112.45081526192583,114.27638369385907,111.04823718505907,112.64005279541016,9354344.0
2011-07-15,112.75138345065771,113.64190674601161,111.98330439075355,113.3079605102539,5490152.0
2011-07-18,113.97585026409068,115.52313717053548,113.09645581323585,114.66600036621094,6209896.0
2011-07-19,115.21142745589138,115.5453736224302,113.17435719883504,113.7309341430664,17052664.0
2011-07-20,114.96655567701553,114.96655567701553,111.76066657887277,112.00556182861328,7408644.0
2011-07-21,112.38402283323256,112.40628727160964,110.09092835760084,110.49166107177734,12881024.0
2011-07-22,111.3154016570945,112.88494610279835,111.05937759211376,111.66047668457031,12634120.0
2011-07-25,111.66046048775767,112.76248552197079,110.6808864540971,112.47306823730469,13370428.0
2011-07-26,112.50647844608072,113.5862392070547,110.25790596113708,110.90353393554688,10581528.0
2011-07-27,111.17069047196011,112.19479350280507,109.53435274588914,111.77178955078125,11062712.0
2011-07-28,111.20408994112293,111.20408994112293,107.88689222062878,108.48799133300781,21417956.0
2011-07-29,109.06682767696566,109.06682767696566,107.10767935254675,108.37667083740234,11990668.0
2011-08-01,109.85716219698976,110.41373915250364,107.86461397858918,108.6438217163086,8809416.0
2011-08-02,108.62157447540652,108.62157447540652,106.862792376376,107.4972915649414,7929976.0
2011-08-03,106.57336039014307,108.95550573311172,105.97225454794543,107.31916809082031,8330268.0
2011-08-04,107.77557301335918,108.84419814932689,105.74963134869053,106.07244873046875,7318424.0
2011-08-05,103.52333061005096,105.92774073236498,101.76454850260335,105.31550598144531,12624376.0
2011-08-08,103.07805953575902,106.86278310402663,101.97603436733763,102.87769317626953,17233492.0
2011-08-09,100.18385370144802,105.42680599416283,100.15046044237802,103.40087127685547,17963696.0
2011-08-10,110.1577282930631,110.1577282930631,105.39343004876224,106.84053039550781,13068904.0
2011-08-11,106.57336555566418,107.90915034160113,105.7496288866753,106.85165405273438,8409216.0
2011-08-12,107.99822196327251,108.19858836066516,103.3229743180586,104.20236206054688,11413552.0
2011-08-16,106.50658504907025,106.50658504907025,101.21910296882851,101.61984252929688,12222592.0
2011-08-17,101.53078462443051,105.18193557539925,101.4973913596425,104.07991027832031,12536804.0
2011-08-18,104.25800126143774,105.71623708267235,102.08735095437771,102.9444808959961,22888452.0
2011-08-19,101.29701940245145,103.18938130337638,100.18386534308385,102.59941101074219,17921036.0
2011-08-22,102.42129242518389,103.28955794322974,100.33969996987317,100.86287689208984,11908996.0
2011-08-23,101.83131924254785,102.96673759977584,99.13748539732325,102.27658081054688,16145092.0
2011-08-24,101.96490729482551,102.9444814645915,100.74043788407978,101.51964569091797,12742456.0
2011-08-25,102.27659999547151,102.27659999547151,98.11340763024525,98.7701644897461,23200840.0
2011-08-26,98.8480758596265,100.30630489169633,97.10042270913362,97.72379302978516,8523824.0
2011-08-29,98.95940145968223,101.95378876594371,98.65884848786935,101.61984252929688,11600396.0
2011-08-30,102.8442945517664,105.74962359822509,102.14300213889832,105.07060241699219,15589296.0
2011-09-02,107.7533096533789,107.7533096533789,104.19121677227547,105.25984191894531,15190948.0
2011-09-05,104.59195208945596,105.52700421152312,103.00014315269084,104.692138671875,11800716.0
2011-09-06,104.32479661414744,106.06131417602418,102.41017033172375,105.25984191894531,17860792.0
2011-09-07,105.97225795249874,109.07796024670887,105.27097231017302,108.66609191894531,14746572.0
2011-09-08,109.02231599576656,109.02231599576656,106.67355675267449,107.68653106689453,8164048.0
2011-09-09,107.73105570333342,108.13179526796758,104.79233286678456,105.36003875732422,10331416.0
2011-09-12,103.96857655054946,104.90362856481065,102.96673801847778,104.49176025390625,6985520.0
2011-09-13,104.85911440039453,105.92773960018945,103.3006986874375,104.12443542480469,7175952.0
2011-09-14,104.05762774266613,107.55293379129306,102.64392089647042,106.61788177490234,7749008.0
2011-09-15,108.17630638851622,108.65496125865619,104.99268860651274,107.89801788330078,8736760.0
2011-09-16,108.25423694400375,109.08910252454876,106.03905755262957,107.68653106689453,10947008.0
2011-09-19,107.28577373225325,108.42119209246269,106.21714868391045,107.92027282714844,8389220.0
2011-09-20,107.97594898424943,109.8126532710949,107.53068733895356,109.38965606689453,11835268.0
2011-09-21,109.70133844111398,110.79222811903914,108.73289299863264,110.0909423828125,12891396.0
2011-09-22,108.62157105441524,108.8664663047289,103.63464225940963,105.14852905273438,10191088.0
2011-09-23,104.31366668348468,104.63648408609248,100.74044478501456,101.60870361328125,32911224.0
2011-09-26,101.51962824017042,101.88696764141964,97.83509181885124,100.20610809326172,27785068.0
2011-09-27,101.96490485280515,102.8331636007998,101.09664610481049,101.84246063232422,16022836.0
2011-09-28,102.944471228122,103.60123474624031,100.57345478191127,101.96489715576172,15223752.0
2011-09-29,101.86470677506976,105.7050875831773,100.77381735362613,104.7700424194336,32532984.0
2011-09-30,103.71256377010107,105.7051054349012,103.38974637926962,104.11329650878906,19028800.0
2011-10-03,102.44357234451849,103.50106875892881,100.3508439569372,101.5307846069336,18136236.0
2011-10-04,100.74043708324282,101.5196448838867,98.06886748103528,99.93896484375,14963192.0
2011-10-05,99.95009453386515,101.57529656118311,97.18946733994886,97.66812896728516,16534992.0
2011-10-07,100.78497433631371,102.41017659505209,99.33787401486188,100.18386840820312,18887004.0
2011-10-10,100.62911874874578,101.96490351089727,100.19498598338548,101.230224609375,24125984.0
2011-10-11,102.56601320303407,103.50105849497855,101.33040817539447,101.85359191894531,9987516.0
2011-10-12,102.84429239464492,104.61420303388475,100.9519307488946,104.00196838378906,17935560.0
2011-10-13,105.74964204336084,106.01680175144762,104.10217529456867,104.78119659423828,11733404.0
2011-10-14,104.41384826085543,106.06131487031978,103.60124717586488,105.5047378540039,6670040.0
2011-10-17,106.10583932283915,106.97409807323989,105.15965843457428,106.42864990234375,7087264.0
2011-10-18,105.50473160390075,107.17446255393344,105.08173445538966,106.45091247558594,8109020.0
2011-10-19,107.51954103374092,110.11318833705421,106.70693322787609,109.5009536743164,17378084.0
2011-10-20,108.643824228221,109.62339833374332,106.99635776063994,108.98889923095703,11353704.0
2011-10-21,109.10022486075454,109.48982877517598,107.59746690512897,108.42120361328125,9161464.0
2011-10-24,109.70132753904703,110.64750844628387,107.5195484000209,107.83123016357422,9743092.0
2011-10-25,108.6104383012653,109.25606626934476,99.86104369113067,104.19121551513672,82630020.0
2011-10-28,108.19857335932055,110.09093523906175,106.8071308006873,107.4527587890625,18038448.0
2011-10-31,107.53068041120257,109.47869998386928,106.22828882378906,109.08909606933594,12851416.0
2011-11-01,107.99820246999188,109.75698443166878,106.86278403083371,107.37483215332031,13299516.0
2011-11-02,106.5733737716725,108.64383763183092,106.306214076228,107.55294799804688,10111820.0
2011-11-03,107.08541303801363,107.94254296274096,105.10400030944642,107.27465057373047,10505636.0
2011-11-04,108.35441448376079,108.6215673707359,106.92957190994855,107.53067779541016,6803220.0
2011-11-08,107.53067908338744,108.4991244463852,106.52884045838694,107.80896759033203,8392808.0
2011-11-09,107.97596127653446,108.13180558779118,105.81643933334206,106.25057220458984,8604988.0
2011-11-11,105.8943396467534,106.50657435245162,102.98901039737393,103.31182098388672,9210036.0
2011-11-14,104.6141968523242,106.8293757185293,104.4027016985523,104.9481430053711,12228564.0
2011-11-15,104.7923227356803,106.37299601743447,104.61421401501087,105.13739776611328,11644292.0
2011-11-16,104.6364630462086,105.08172459108609,102.47694183589202,103.67915344238281,7117600.0
2011-11-17,103.11145915008842,104.63648157010032,101.65323005012384,102.26546478271484,10777368.0
2011-11-18,101.34154246302877,102.76637821836859,100.2061240288437,102.03169250488281,11720744.0
2011-11-21,101.51965914750777,101.51965914750777,97.95756584408643,98.9927978515625,10194036.0
2011-11-22,99.5159707517819,100.0725477694093,97.95755510242512,98.85920715332031,15218304.0
2011-11-23,98.34715430839655,98.34715430839655,92.21367858531893,94.86298370361328,25565636.0
2011-11-24,95.46406754813172,96.84438098325487,91.56802923271343,95.65330505371094,28885188.0
2011-11-25,95.23032444810741,96.82213330506636,93.29343377556953,95.93161010742188,18906468.0
2011-11-28,97.06703635727905,99.05958489007261,96.64403916317663,98.14679718017578,10891716.0
2011-11-29,98.84808746932289,99.19316253449351,96.22104642090775,96.8889389038086,14831024.0
2011-11-30,95.55313529705492,100.10593075748945,95.55313529705492,98.51412200927734,28214548.0
2011-12-01,102.17640665831823,103.9685818504998,100.06141409390763,100.96306610107422,13929784.0
2011-12-02,101.3304107977615,104.16895359683114,100.88514918222117,103.74595642089844,11237028.0
2011-12-05,103.23391019365926,104.06877573826783,101.96491184819295,102.93335723876953,8753228.0
2011-12-07,104.63648034392936,104.8368467134169,102.87769830974501,103.99085235595703,11172944.0
2011-12-08,103.96858054757446,104.12442482066015,100.42875229033126,101.01872253417969,12557000.0
2011-12-09,99.5159618624835,100.45101388623492,98.06886174591494,98.79241180419922,13606912.0
2011-12-12,99.76087376639046,100.3953729747225,94.90751771827412,96.1876449584961,12071156.0
2011-12-13,95.2859822890843,99.15975684574455,94.8407206896026,97.6013412475586,14925880.0
2011-12-14,97.734931370756,98.79242778080405,95.78691166803593,96.69969940185547,24306724.0
2011-12-15,95.50862315245197,97.0670389148463,95.0633615060536,96.03180694580078,26960140.0
2011-12-16,96.64401972963404,98.06885531522461,91.27861675196843,92.45855712890625,29424820.0
2011-12-19,91.73500547322715,91.94650742103313,89.10796512171552,90.38809204101562,32341524.0
2011-12-20,90.38811620344835,93.86115848044115,89.94285454727373,92.21369171142578,19983568.0
2011-12-21,94.84073132575868,97.8239830180199,93.01515584548875,96.94459533691406,14986880.0
2011-12-22,96.06520263781854,99.02618994352434,95.46409668233062,98.5920639038086,13576068.0
2011-12-23,98.89258647866787,99.40463450988231,97.06701152588731,97.4120864868164,6855300.0
2011-12-26,97.73492822351109,99.1597640870733,97.30079541465193,98.78129577636719,4564760.0
2011-12-27,98.02433536948305,98.75902106234432,97.00023915774436,97.89076232910156,6294236.0
2011-12-28,98.51414614339821,98.62546156276927,96.41028199962335,97.91304016113281,7668340.0
2011-12-29,96.98910259170403,98.40280947121832,94.84071682067649,95.6421890258789,10930628.0
2011-12-30,96.57723289955872,96.62176177471957,93.97245676230776,95.02995300292969,7676416.0
2012-01-02,95.48634339964238,95.6867097495613,93.39361535597894,95.02995300292969,7029996.0
2012-01-03,96.0429219159534,98.15791443127665,95.7312401672626,97.768310546875,6878476.0
2012-01-04,98.38055607094344,99.0595841351268,95.92048827582133,98.6922378540039,9742956.0
2012-01-05,98.84808663759294,99.44919258480732,98.02434986461822,98.7701644897461,6761212.0
2012-01-06,98.18017735473114,101.77566321648774,97.72378695770459,100.91853332519531,7954444.0
2012-01-09,100.60684929148124,101.76453207858589,99.29332903305823,101.45285034179688,8463936.0
2012-01-10,102.41017031290973,102.92221844681308,101.51964709279747,102.3433837890625,8982772.0
2012-01-11,102.52148247226356,103.30069026521237,101.29701308334401,103.00013732910156,7719112.0
2012-01-12,102.78865229404808,104.4361190029351,102.67733688406716,103.89067077636719,7975444.0
2012-01-13,104.63647527696034,105.31549649460716,102.64392691306774,104.54742431640625,7381684.0
2012-01-16,103.9240479769072,104.15781437822575,102.0205574781188,102.52147674560547,6383420.0
2012-01-17,103.27842720381167,104.41384564750855,103.0780608417835,104.28026580810547,7322016.0
2012-01-18,105.2820896734788,108.06497429581728,104.54741085084221,107.2857666015625,20137244.0
2012-01-19,108.19856891487439,109.14474981587895,106.92957063586596,108.37667083740234,16842176.0
2012-01-20,109.08909599534462,109.85717500113634,106.9629744951374,109.21154022216797,14390260.0
2012-01-23,108.19857277357873,108.58817668788689,107.06315429305008,107.75331115722656,7533728.0
2012-01-24,108.03159332666458,109.77924642710113,106.98522587199099,108.82192993164062,15063952.0
2012-01-25,109.14475003819366,109.75698474009073,108.14291143508939,109.13362121582031,14819100.0
2012-01-27,112.18365899641621,112.20592343529347,106.78486208509506,107.79783630371094,14877636.0
2012-01-30,107.5195488295923,107.53067765206075,105.30436962613815,106.65128326416016,9975016.0
2012-01-31,107.64200649538829,110.20226104491665,106.82940532328178,109.55663299560547,10653848.0
2012-02-01,110.09092272536617,111.24860552022004,107.16332927360297,110.68089294433594,12020596.0
2012-02-02,111.0927574565955,111.31538823306163,109.3784977601455,110.84786224365234,22841708.0
2012-02-03,110.7588360444999,113.09645971981095,110.25791668550467,112.70685577392578,14915004.0
2012-02-06,113.54171122281053,114.87749606072596,111.31540315961817,113.0296630859375,17438624.0
2012-02-07,114.43222404061373,114.74391257643538,113.09643932418633,113.38585662841797,12075708.0
2012-02-08,113.69754401947614,115.27821714934497,111.92762657036928,113.19662475585938,13861148.0
2012-02-09,112.58440764940255,117.0926817246799,112.5732720319839,116.33573150634766,17361024.0
2012-02-10,116.39136616820875,117.0258720283923,114.43221807065217,115.21142578125,11515172.0
2012-02-13,115.46746193615348,116.88116198387465,114.8552272781427,116.20214080810547,14614324.0
2012-02-14,116.3245952266833,116.6140125545622,114.66599301727324,115.30049896240234,13114828.0
2012-02-15,115.87931869827312,119.08520730219254,115.15576867758266,118.67333221435547,19379584.0
2012-02-16,118.21696993237497,119.74198567226249,116.49158101151639,117.2040023803711,8124264.0
2012-02-17,118.27258526480398,118.66218907508804,115.79024698110166,117.6158218383789,14219648.0
2012-02-21,117.1038080351658,118.7735391383288,115.87933855951292,118.45072174072266,14831136.0
2012-02-22,117.99432891017479,119.97574854795116,117.24852113446127,118.31714630126953,13923108.0
2012-02-23,117.37096922874932,119.31898887399215,117.37096922874932,118.69562530517578,17095748.0
2012-02-24,117.37095132249027,119.19652645775285,114.73276839529045,116.8032455444336,16380168.0
2012-02-27,117.30419143393333,118.31715900720684,114.02038664463839,114.7884521484375,15321292.0
2012-02-28,115.60104762373052,118.75127900777863,114.25413394635359,118.10564422607422,14801148.0
2012-02-29,118.86260724370361,120.19839224248668,114.28753275222543,115.12239837646484,19988636.0
2012-03-01,115.10012814414178,116.28006871306458,112.49534496364406,114.43223571777344,12198492.0
2012-03-02,114.43224206395897,116.88118109645615,113.0407994318583,115.48973846435547,8116696.0
2012-03-05,115.76801803281528,115.97952001419026,112.55100019866529,113.75321197509766,10051372.0
2012-03-06,113.49718796902808,115.99065584104588,112.0389588330256,112.96287536621094,11597188.0
2012-03-07,112.84042071732523,115.32275274282381,110.76995023058598,114.79957580566406,7577636.0
2012-03-09,116.21326332877942,117.3264171920819,115.69008644834885,116.48042297363281,9315044.0
2012-03-12,118.88485464294699,118.99617004991603,115.10013080599923,115.53426361083984,11217384.0
2012-03-13,116.43590057694747,117.43773910963631,115.84592356126436,116.74758911132812,11079428.0
2012-03-14,117.57133380591375,117.99433781074688,116.09084696561233,117.5936050415039,11721124.0
2012-03-15,117.54906298247558,117.99432458468192,113.33020658390929,113.71981048583984,14939196.0
2012-03-16,113.5417118230871,116.85891629010366,112.42855778560586,113.06305694580078,12810608.0
2012-03-19,113.55283274215539,113.55283274215539,110.2245064782406,111.05937194824219,15299768.0
2012-03-20,110.42486543794868,113.73093383660479,109.75697310667077,112.51759338378906,6324272.0
2012-03-21,111.98329079081154,115.28935268798149,111.98329079081154,114.79957580566406,12021572.0
2012-03-22,114.40996631078818,116.30232799096225,111.33765738883763,112.2615737915039,11280064.0
2012-03-23,113.43039463571115,115.4897295726696,111.52690397921074,114.42110443115234,8047164.0
2012-03-26,114.32091067877859,114.98880304885908,112.57325761823745,113.90904235839844,9832916.0
2012-03-27,114.65486262942548,116.1687493600752,113.98697022575892,115.5119857788086,11857352.0
2012-03-28,115.43407443239802,115.43407443239802,113.55284137924254,114.3097915649414,8699492.0
2012-03-29,113.09643883618725,114.45448119004004,112.42854648085545,113.56396484375,16225116.0
2012-03-30,113.98696523349984,116.62513467711719,113.48604595268857,115.73461151123047,11184976.0
2012-04-02,115.322760182365,117.98320109342252,114.89975620583301,117.62698364257812,5530932.0
2012-04-03,118.66221237816424,119.41916250783109,117.54905841589253,118.03884887695312,12920812.0
2012-04-04,116.93683997150805,117.77170555911995,116.74760920697219,117.22625732421875,4175076.0
2012-04-09,116.60287724537432,117.17058304699863,115.76801177583702,116.1576156616211,5036740.0
2012-04-10,116.52497450781848,117.10380919398702,114.84410097668915,116.8477783203125,5834072.0
2012-04-11,116.1798924162964,118.20584110861155,115.12239598093146,117.2040023803711,7463248.0
2012-04-12,116.88116234683386,118.996154808348,116.72531807937713,118.0833740234375,12103288.0
2012-04-13,119.41915193469264,119.71969804257415,116.63626727540453,117.84959411621094,9833428.0
2012-04-16,117.7494365510853,118.21695579971667,116.6807978314037,117.93866729736328,17396084.0
2012-04-17,118.43959171307756,119.30785731321401,116.01291043250586,118.04998779296875,15665808.0
2012-04-18,118.66218743962044,120.19834502003215,118.66218743962044,119.69742584228516,12000284.0
2012-04-19,120.22062714023765,123.69366204452247,119.59726364309743,123.34858703613281,16366676.0
2012-04-20,122.94786436195722,124.22799151466207,121.6566083864553,122.69183349609375,15725100.0
2012-04-23,122.8810842162466,123.78273632251722,120.95532218166166,121.41171264648438,8437648.0
2012-04-24,121.57870371076993,121.66776148752994,120.08708786235678,120.63252258300781,8760780.0
2012-04-25,121.11116425797488,122.33563374955368,119.77537935807075,121.70114135742188,10778388.0
2012-04-26,121.33379361896355,122.43581886582463,119.99800873508507,120.33195495605469,9338952.0
2012-04-27,120.66587714220812,121.5564002207484,118.92935985671534,120.47664642333984,4549020.0
2012-04-30,121.06663138473381,122.2243143108034,120.29855237495549,120.77721405029297,6039020.0
2012-05-02,120.37647653514527,122.66957106238905,120.37647653514527,122.4246826171875,8978348.0
2012-05-03,121.44509649074007,124.22798137824557,121.43396766885107,123.34858703613281,13714548.0
2012-05-04,122.71408389725744,123.27066082568449,119.02954734873113,119.6640396118164,12351888.0
2012-05-07,118.41733916454847,119.00730268741023,114.96656143790248,118.49525451660156,16712688.0
2012-05-08,118.63997775158225,119.41918567634657,114.26527639579658,114.73279571533203,11283080.0
2012-05-09,114.36545825849613,116.34686446080363,112.51761832257446,114.13169860839844,15023992.0
2012-05-10,113.77545456834461,116.41363739863687,113.5416949728261,115.21142578125,12084380.0
2012-05-11,114.26525994007544,115.76801786427517,113.14097709963164,113.66415405273438,8050084.0
2012-05-14,113.70869575181035,113.94245540427006,109.99075819507841,111.43785858154297,11034848.0
2012-05-15,110.4248867391861,112.30611988617434,110.4248867391861,111.11504364013672,8019464.0
2012-05-16,109.97961309356904,111.02598055118918,108.19856672768128,110.24677276611328,16960872.0
2012-05-17,110.6474977639038,112.76249017588988,110.20223620348567,110.82559967041016,11618520.0
2012-05-18,109.0445771731593,112.18367321647466,108.86647522787129,111.43785858154297,9614416.0
2012-05-21,111.3710517826756,113.0630471316077,109.9684805348576,110.74768829345703,8542340.0
2012-05-22,112.16140242640785,112.42856212337223,108.41007861068333,108.92212677001953,11096812.0
2012-05-23,109.0890999569672,109.7347279652288,107.35258230796661,108.46573638916016,12695888.0
2012-05-24,109.75698992681767,111.9165115132216,107.975943437133,111.24861907958984,11539244.0
2012-05-25,111.27087791893538,112.01669250332145,110.33583257831307,111.3154067993164,11194572.0
2012-05-28,111.58256027366353,113.67528844601097,111.3154005945754,113.26342010498047,12206852.0
2012-05-29,113.57509545794957,113.97583495396513,111.78292032718348,112.41741943359375,10573024.0
2012-05-30,111.32654130098156,112.51761757332042,110.5473334136398,111.46012115478516,10167280.0
2012-05-31,110.42487991616649,113.29681595838134,110.28017125091341,112.69571685791016,19039120.0
2012-06-01,112.20591885448061,112.9072044884906,109.08908777518948,109.17813873291016,11708748.0
2012-06-04,108.64383760104312,110.9814611559836,107.9870739798509,110.34696197509766,11360968.0
2012-06-05,111.31540680692298,112.40629643480017,110.97033176348282,111.64935302734375,10710712.0
2012-06-06,112.39515304025562,116.43590042465158,112.0946001220116,115.7457504272461,25091692.0
2012-06-07,116.70306911864671,120.10931767136914,116.43590943860252,119.73084259033203,19800492.0
2012-06-08,120.42100999863749,120.83287155988023,118.20583073188217,120.020263671875,19322744.0
2012-06-11,120.46551793901925,122.20204901354428,119.86442566216638,120.6547622680664,13071884.0
2012-06-12,119.95350716490314,122.63620636647825,119.76427636526006,122.35791778564453,11253840.0
2012-06-13,122.66957980210076,122.98126838029627,120.17611194145661,120.61024475097656,8064732.0
2012-06-14,120.22063454173951,121.86810793189315,118.584303562466,118.97390747070312,8642552.0
2012-06-15,119.1074904033069,122.38016622176946,119.09636157980913,121.90150451660156,9932224.0
2012-06-18,122.89221199638867,122.89221199638867,117.89414739590316,119.09635925292969,11237464.0
2012-06-19,119.0629668004867,119.99801901698186,117.17060471951389,119.43031311035156,11860736.0
2012-06-20,119.5527458792987,120.33195372022521,117.67151280282908,118.92938232421875,9534472.0
2012-06-21,118.66220654165534,121.26698940291355,118.28373149543755,120.86625671386719,10652656.0
2012-06-22,119.12974423615155,121.35605239670984,119.12974423615155,121.18907928466797,6168816.0
2012-06-25,121.42286824110045,122.11301842495183,119.10750201886825,119.48597717285156,6374848.0
2012-06-26,119.77537549620193,122.00168359092687,119.39690040243745,120.98871612548828,5853128.0
2012-06-27,121.55640423884157,123.4932947163521,121.55640423884157,122.22429656982422,11937288.0
2012-06-28,122.71796479476522,124.00819749922688,121.89894203457273,123.07698059082031,12142440.0
2012-06-29,123.88476151432997,126.75694239925235,123.8735448396616,126.45401000976562,12659172.0
2012-07-02,126.55500751467763,129.02327893783624,125.65745426989268,128.7876739501953,8201524.0
2012-07-03,129.2252501488234,130.1452368622046,128.28281638415402,129.21401977539062,8466800.0
2012-07-04,129.40473958994602,130.33594284811826,129.16913460633978,129.69644165039062,12810284.0
2012-07-05,129.67400429942907,131.26715575428526,129.1242502242491,131.06520080566406,8381528.0
2012-07-06,130.6164237662272,132.16470851225782,129.80863136560467,130.48179626464844,15741520.0
2012-07-09,130.13398343806037,130.5378795958473,127.69936242550365,129.73008728027344,7661160.0
2012-07-10,130.14524738704426,132.90522144596417,129.5842764931346,132.08621215820312,13543016.0
2012-07-11,131.69350902929114,133.24178020281676,131.2895991012987,131.7159423828125,12299444.0
2012-07-12,131.02031945945777,132.5910373869601,129.157885817532,130.16763305664062,7583748.0
2012-07-13,131.26713387508946,132.70322423673832,130.69494654346641,131.7271270751953,9508572.0
2012-07-16,131.94032487273913,132.9949526576057,130.38082339575746,130.73985290527344,12850160.0
2012-07-17,131.7159373597735,132.10861690045425,129.83107008627567,130.87448120117188,8539356.0
2012-07-18,131.1998519916373,132.09740526170756,130.16765751371088,131.7159423828125,7117996.0
2012-07-19,132.074964465011,132.56862152603446,131.39058280329914,132.25448608398438,4800448.0
2012-07-20,132.1647130823719,132.1647130823719,130.369606622849,130.72862243652344,4168944.0
2012-07-23,129.5617920113386,130.1451960325657,128.1369182857072,128.57447814941406,6094528.0
2012-07-24,128.4735219109867,129.57303008904304,127.94621486991242,128.8101043701172,5305588.0
2012-07-25,128.89986480474482,130.32472506612086,128.73157357565748,129.25888061523438,8815704.0
2012-07-26,129.6964405165572,129.86473174560118,126.3306159356777,126.95890045166016,17705416.0
2012-07-27,128.35011149409183,132.09739895689805,126.70086291728425,131.17739868164062,13430872.0
2012-07-30,131.73836996702246,132.81544480039852,131.04277169141125,131.77203369140625,8466284.0
2012-07-31,132.38910527393597,132.38910527393597,130.1115584083659,131.8842315673828,8391408.0
2012-08-01,131.3905576380273,132.01884209736863,129.60666803186734,131.60372924804688,7870988.0
2012-08-02,131.60372990293052,132.20958101500003,129.53935493004425,130.7061767578125,6885460.0
2012-08-03,130.36957035380777,132.16467631392905,130.08908504753884,131.98516845703125,9951500.0
2012-08-06,133.09592026760993,135.08175116447248,133.06225654573453,134.68907165527344,12329176.0
2012-08-07,135.08175400664643,135.14906775623913,133.95981252818592,134.65541076660156,11228764.0
2012-08-08,134.63297581890956,135.08175240497258,133.44372060495743,134.3861541748047,8053116.0
2012-08-09,134.8573688251432,136.20369863038587,134.29639807295874,135.6763916015625,9873120.0
2012-08-10,134.63297716738907,136.18126188304393,134.5544467422713,135.11541748046875,15127420.0
2012-08-13,134.6329616363229,136.76465019556468,134.6329616363229,136.30465698242188,8421704.0
2012-08-14,136.21494133792035,136.65250134735993,135.36226837076336,136.46177673339844,11225568.0
2012-08-16,136.42806980497534,136.46173352411049,134.15052335878468,134.64418029785156,8143296.0
2012-08-17,134.3188522166196,135.13787511981906,132.79301427360176,133.5334930419922,7686156.0
2012-08-21,133.5110461961611,134.29640529143262,131.9852084073201,133.8251953125,8340840.0
2012-08-22,133.3764071956807,134.7339536328622,132.6920119437328,133.9373779296875,9580860.0
2012-08-23,134.49834515249987,135.65393661704138,133.567128280129,134.11688232421875,9425048.0
2012-08-24,133.17446509025433,134.72274994358622,133.1183680114463,133.80274963378906,6708376.0
2012-08-27,133.5110464805814,134.3861663811214,132.84909821689865,133.3651885986328,4046724.0
2012-08-28,133.03981443460947,133.41004687298815,131.60372398872815,132.24322509765625,8895964.0
2012-08-29,132.220810516662,133.69055119525441,131.54764559252118,132.06373596191406,6729628.0
2012-08-30,131.4915327167475,135.08174521413312,131.4915327167475,133.71298217773438,22716404.0
2012-08-31,132.46761245977157,134.63296478834684,132.22079083588898,133.5895538330078,12506740.0
2012-09-03,134.08321788454464,134.13931495618036,131.9403124871756,132.4900665283203,7437816.0
2012-09-04,132.5125222849378,132.91641852989378,131.7608268761468,132.4115447998047,5772588.0
2012-09-05,131.9403040893041,133.73541026738985,131.79444623410532,132.86029052734375,12158472.0
2012-09-06,132.41154530137766,133.17447108574393,131.51399200004155,131.9739990234375,5097452.0
2012-09-07,133.34275611116544,133.51104734731751,131.42423875814688,132.47886657714844,11205148.0
2012-09-10,132.72568619247812,133.95982190517233,132.24324584474013,132.64715576171875,6034892.0
2012-09-11,132.1086347311999,133.95983852998106,130.8969322210395,133.37643432617188,6311544.0
2012-09-12,133.56712424443276,134.63296857901662,133.26420554335948,134.45346069335938,6391016.0
2012-09-13,134.85735685998165,134.96955100046418,133.18566142767745,134.45346069335938,3399760.0
2012-09-14,136.11391841145388,137.94268828088144,134.8461329097461,137.49391174316406,25771220.0
2012-09-17,138.8963337215382,139.10950530885216,135.86709219449335,136.49537658691406,21086848.0
2012-09-18,136.4954124894609,137.32565201362584,135.49688172508317,135.8559112548828,10039176.0
2012-09-20,135.0817359166084,136.87684204174607,134.8573476509662,136.18124389648438,10491328.0
2012-09-21,136.58516163603213,141.14024140982565,135.77735553462452,140.27635192871094,23602848.0
2012-09-24,140.35486835870216,142.91290021469214,139.74901726695995,142.48655700683594,17574880.0
2012-09-25,142.03779821599872,143.36169470445697,140.50074379252334,142.9129180908203,11686144.0
2012-09-26,142.4529150721399,142.84559462000655,140.0519710787872,141.53292846679688,10730508.0
2012-09-27,142.03780069950471,142.93535394247155,140.28757461483445,141.5441436767578,15861744.0
2012-09-28,141.79098756941147,142.3295113302565,140.48952433232228,141.17391967773438,11007688.0
2012-10-01,141.14023208647245,141.81339694539045,139.12073750971848,139.76023864746094,8054784.0
2012-10-03,140.01830906854607,140.64659361371284,138.66076249698065,138.99734497070312,11032228.0
2012-10-04,139.45732376690466,142.23974407169862,139.44610709139633,141.6563262939453,12652064.0
2012-10-05,143.15972293727364,143.30558079780602,113.32729831021135,139.65927124023438,14947024.0
2012-10-08,139.995877389561,139.995877389561,138.34661503125002,139.27783203125,9290672.0
2012-10-09,140.2314723218072,141.47682466099275,139.5695240906225,140.41098022460938,4310768.0
2012-10-10,140.01829780513452,140.01829780513452,138.2680718216853,138.66075134277344,4295016.0
2012-10-11,139.37880436008098,140.87097840557763,138.77295318342098,140.2090301513672,9812932.0
2012-10-12,141.36462864148697,142.4865701386416,140.46707544376324,141.6226806640625,15506408.0
2012-10-15,141.903157900858,142.46412861726623,139.70414173607838,142.29583740234375,7572068.0
2012-10-16,142.54268464537938,142.59878172709736,140.9383026300146,141.45440673828125,7273836.0
2012-10-17,141.8134440601742,141.92563824060156,140.5793080754733,140.93832397460938,6433772.0
2012-10-18,141.36463386917697,143.13730697846506,140.1192815003969,142.75584411621094,5618460.0
2012-10-19,141.81340469930888,142.48656959503344,140.6914632064346,141.02804565429688,9055400.0
2012-10-22,140.2875838614286,143.60852834018,140.2875838614286,143.38414001464844,8241404.0
2012-10-23,143.3953163125275,143.49629376969733,141.92557593328158,142.2845916748047,8332960.0
2012-10-25,141.95927138572497,143.83290831692736,141.1402485668445,143.01388549804688,17011340.0
2012-10-29,143.12606574549375,144.16947677548382,142.609975415996,143.74313354492188,5512328.0
2012-10-30,142.94658214463516,144.68559169309927,141.49927468454,142.1836700439453,8834904.0
2012-10-31,142.2846360792994,142.6885460340318,141.37586607230534,142.3070831298828,7492968.0
2012-11-01,141.9816929721792,142.64364117833154,140.8036544291465,141.05047607421875,7058460.0
2012-11-02,143.15973848715507,143.15973848715507,140.91585543876704,141.43194580078125,5432772.0
2012-11-05,141.81339217058317,142.71094528558686,141.53290682214453,142.48655700683594,4022128.0
2012-11-06,142.25099906135492,143.87781461989462,142.25099906135492,143.507568359375,7278084.0
2012-11-07,143.55240671195057,144.73044521955157,142.91290557176828,143.61972045898438,8200660.0
2012-11-08,142.82316920081962,143.8329166657115,142.59878087528807,143.38414001464844,3867800.0
2012-11-09,143.21584007829034,144.28168455987574,142.48657806457402,143.46266174316406,4420776.0
2012-11-12,142.9914659076522,146.70509009795484,142.9914659076522,146.1441192626953,9657456.0
2012-11-15,145.17921650220623,145.26897729202904,143.3841102703397,145.01092529296875,9442340.0
2012-11-16,144.28169456591814,145.5382637215431,143.6421933108473,144.1134033203125,12102824.0
2012-11-19,143.5524051756208,145.38117517464966,143.48509142930743,145.1231231689453,5787948.0
2012-11-20,145.65041854973097,147.176269720933,145.45969400111719,146.7162628173828,9353388.0
2012-11-21,147.0080115568702,149.33042516268762,145.7850924884738,148.92652893066406,12929784.0
2012-11-22,149.62215414541484,150.59825171856232,148.99386948309578,150.13824462890625,8440964.0
2012-11-23,150.2279757976354,150.9235740908355,147.88311518385962,150.28407287597656,5249712.0
2012-11-26,151.01333356232658,151.17040811941143,148.11871886722557,148.5226287841797,5481536.0
2012-11-27,149.1957911666206,153.43672196192477,149.1957911666206,152.6962432861328,16502672.0
2012-11-29,152.02305915216903,157.9132514809431,151.55184924409656,157.0381317138672,25199452.0
2012-11-30,157.29621211812494,158.305959556829,154.73817979517747,157.95816040039062,15639292.0
2012-12-03,157.07180389070126,157.32985590389433,153.4815912303424,154.14353942871094,11636340.0
2012-12-04,153.50405109680943,154.82794772223022,152.81966942932652,153.7396697998047,8679488.0
2012-12-05,154.60358431303018,155.9499145102409,154.1548075806266,155.411376953125,9219860.0
2012-12-06,156.12937328172495,156.7352244187362,152.76354884896756,155.89376831054688,10904552.0
2012-12-07,156.0059693877551,156.6230372278361,154.37915417299607,155.52352905273438,7936632.0
2012-12-10,154.82793370366613,156.28645771681659,154.74940327349591,155.5010986328125,8324104.0
2012-12-11,156.00597556044826,156.8474317393072,153.99769740778976,155.01866149902344,13500552.0
2012-12-12,155.10838372571416,156.17422795384746,154.4913160146896,155.69178771972656,7736504.0
2012-12-13,155.69180680070505,156.17424709395192,154.6035290915702,155.0635223388672,6283232.0
2012-12-14,154.8391569098008,155.81525431557165,153.78452907054805,154.54745483398438,8373892.0
2012-12-17,154.35672299264044,154.35672299264044,151.14795922260822,151.79869079589844,12230212.0
2012-12-18,152.12406962450748,153.07772001799214,150.28408259678648,151.67529296875,13375072.0
2012-12-19,151.36111005620495,154.65962047909582,151.34989338142927,154.37913513183594,16489012.0
2012-12-20,153.93038902274628,154.15477734493686,152.64015617015036,153.34698486328125,10260748.0
2012-12-21,152.80843443560175,153.03282273873774,151.2489329896917,151.68649291992188,11086244.0
2012-12-24,152.5840585301983,152.61772225663398,150.74407155586593,151.7089385986328,5482252.0
2012-12-26,152.1576797389803,153.67230055481303,151.03573839391905,152.65133666992188,5723216.0
2012-12-27,153.48161101587237,153.48161101587237,151.8435790175375,152.6064910888672,9858168.0
2012-12-28,152.83084549538796,153.25718868738886,151.27135797252384,152.0567169189453,7024264.0
2012-12-31,151.91088165313357,152.5840465644473,151.23771674181984,152.2698974609375,5107288.0
2013-01-01,153.0552735679053,153.72843855418063,152.50553311890846,153.59381103515625,4029212.0
2013-01-02,154.8054467978984,154.8278801428792,153.26837919073168,154.23324584960938,9709596.0
2013-01-03,154.8279268071132,154.8279268071132,152.67380460802678,153.3357391357422,9142732.0
2013-01-04,153.70600140874555,153.70600140874555,150.96846112629203,152.43820190429688,10884508.0
2013-01-07,153.4142826704326,153.4142826704326,149.4426070414766,149.93626403808594,11004568.0
2013-01-08,149.89138182683118,151.10308410426,149.37529148480584,150.39625549316406,9885196.0
2013-01-09,150.7889374122191,150.91234823795043,149.45382428976677,149.77919006347656,12871964.0
2013-01-10,150.22797321055134,152.13527384130515,149.55480828204998,151.64161682128906,9130368.0
2013-01-11,151.88844954999098,151.88844954999098,149.59968609358836,150.18309020996094,10283428.0
2013-01-14,149.92505187584723,150.45235891581572,149.68943319848975,150.18309020996094,11389748.0
2013-01-15,150.51966519419338,151.56307624172834,149.21821582535782,149.9586944580078,8263376.0
2013-01-16,149.34162370179533,150.16064643869734,147.55773405680526,148.20846557617188,9150756.0
2013-01-17,147.5801880318023,150.5308859671087,146.76116525644852,149.6221160888672,12844144.0
2013-01-18,150.3401606278523,151.23771382563052,147.04164988690235,148.73577880859375,20224692.0
2013-01-21,148.09628559059612,148.85921132792944,146.91824695521638,147.7709197998047,10854720.0
2013-01-22,147.75970742570283,148.320678220789,145.30265260411008,146.69386291503906,8486128.0
2013-01-23,147.42311956681584,148.76944942587352,146.82848506750182,147.33335876464844,7079740.0
2013-01-24,147.10896174460572,148.7133435432189,147.03043131904064,148.16358947753906,6147960.0
2013-01-25,148.1636019130294,149.66700636525889,147.09775741492598,149.2294464111328,5589732.0
2013-01-28,149.27431110326364,150.78893207274433,149.09480320895858,150.41868591308594,7368020.0
2013-01-29,150.50846411994453,150.542127845835,145.85240652696825,146.40216064453125,11961748.0
2013-01-30,146.52555124973114,147.73725347642718,144.50605666895385,147.34457397460938,10039632.0
2013-01-31,147.33335115834328,147.6250669025393,143.63094423707696,144.2928924560547,13888384.0
2013-02-01,144.685594184976,144.69681086249554,142.75586000199837,143.64219665527344,10484144.0
2013-02-04,143.86656656857892,145.74020342849812,143.60851454078335,145.15679931640625,10475800.0
2013-02-05,142.78950920417515,145.22413081714336,142.78950920417515,144.5397491455078,7460020.0
2013-02-06,145.08945870849772,145.15678615004197,142.98021705984266,143.49630737304688,9873588.0
2013-02-07,142.77826180685216,144.28166604283632,142.3855823114012,143.94508361816406,9082836.0
2013-02-08,143.7206963054693,146.61531065542496,143.7206963054693,145.8636016845703,18826656.0
2013-02-11,145.85242452967532,148.08509130582206,145.85242452967532,147.41192626953125,15167060.0
2013-02-12,147.12018662794594,149.66698822063714,147.12018662794594,149.26309204101562,15832836.0
2013-02-13,148.83674136157842,149.75674151441603,147.9840686482845,149.0386962890625,14508832.0
2013-02-14,148.99384519953693,152.22504250137183,148.54506855736966,151.417236328125,17684152.0
2013-02-15,150.721623928014,152.7635519808529,149.93626487760287,151.8547821044922,12488780.0
2013-02-18,152.13526952619384,152.78600108351822,151.2377163136499,151.68649291992188,9469164.0
2013-02-19,151.34992257091514,152.0006541802882,150.68797428460317,151.417236328125,2374812.0
2013-02-20,152.02305375439462,152.76353231031982,151.43964972744098,151.89964294433594,6861684.0
2013-02-21,151.4621006033434,152.0118546705742,149.00504600999642,149.4987030029297,10871872.0
2013-02-22,148.58992523103782,149.53235876819863,147.5465142264001,147.93919372558594,7708384.0
2013-02-25,148.82553553130245,149.26309544235258,146.77237716937657,147.29969787597656,7552944.0
2013-02-26,146.92941853982646,148.76940486856705,144.82017727637816,146.13284301757812,11742640.0
2013-02-27,146.3684605831959,146.74992336776182,143.81044261339503,144.22555541992188,12871336.0
2013-02-28,145.1680080877312,146.963114421743,138.97488301804583,140.3212127685547,27887004.0
2013-03-01,140.2426876696238,141.27486837264226,138.29050671814764,139.6817169189453,17220728.0
2013-03-04,139.19925029329565,141.43191619824663,138.67194336552302,140.83729553222656,11969800.0
2013-03-05,141.56655710430786,142.41922974350868,139.82754810905965,142.02655029296875,10557580.0
2013-03-06,142.475383297671,142.96904039890768,141.14026989736413,141.4768524169922,10933316.0
2013-03-07,140.99436514116914,144.27044212758003,140.72511017140306,144.01239013671875,5950984.0
2013-03-08,144.55095137013265,148.09628391256066,144.371443462081,147.4904327392578,10596860.0
2013-03-11,147.4904345841833,148.0289720106502,145.90849972535344,147.0304412841797,8504584.0
2013-03-12,146.5255832790588,147.1314345248411,143.63096826897518,144.50608825683594,6895724.0
2013-03-13,143.84412171886026,144.93241322708948,141.85829067661138,142.46414184570312,7913372.0
2013-03-14,142.46414572813555,146.63776288126175,138.07734324248034,145.68411254882812,31914436.0
2013-03-15,144.73041510395737,145.82992296049503,142.21726407156507,143.47384643554688,15439608.0
2013-03-18,142.03778712402016,146.74994119922462,141.3646222561338,144.34898376464844,17561924.0
2013-03-19,144.2816817212968,144.4611896281802,140.01830387883234,141.71243286132812,20028460.0
2013-03-20,141.8134283588754,142.1387941852066,139.34515666275573,140.3549041748047,11336436.0
2013-03-21,139.71538738083385,141.09536727671582,135.47444282292926,136.20370483398438,14452588.0
2013-03-22,136.6524913839839,137.9090605391692,135.21640061042072,135.81103515625,29525900.0
2013-03-25,137.10126437115463,137.6285714481978,136.32712192323334,136.74224853515625,27198976.0
2013-03-26,135.9792812710569,138.55974617966606,135.2051390593597,137.88658142089844,13274404.0
2013-03-28,138.33538186478393,141.6226758171728,136.19247641767222,140.3212127685547,19496092.0
2013-04-01,140.16414071613488,141.14022422899637,139.3451180384845,139.984619140625,6708772.0
2013-04-02,140.24268547119158,142.32949389188798,138.64953404246876,141.34219360351562,6857420.0
2013-04-03,140.91585721972518,141.7348800209681,139.00855660449005,139.9397735595703,6703616.0
2013-04-04,138.85145662661907,139.88365087027566,137.6509848785931,138.2568359375,8181984.0
2013-04-05,137.9875783732656,140.55682697141125,137.63977927120155,139.3339080810547,12959920.0
2013-04-08,138.88514229282777,141.12902531332557,138.615873591253,140.11927795410156,8652128.0
2013-04-09,140.93828331464888,140.93828331464888,138.53733950262625,139.25537109375,14760408.0
2013-04-10,140.64657841330612,142.18364642786534,138.88513580275716,141.8134002685547,15144504.0
2013-04-11,141.9256252845284,144.05731451805093,141.79099775853686,143.44024658203125,25066068.0
2013-04-12,142.73339192605496,144.92117784759526,142.73339192605496,144.43875122070312,15206080.0
2013-04-15,144.0797096434674,144.38264203993376,142.48655832779556,143.956298828125,15923768.0
2013-04-16,144.28166536410484,149.4089321309294,144.13580750253678,148.84796142578125,13740312.0
2013-04-17,149.21822154218398,150.75527593998996,147.37823471788712,148.11871337890625,14956948.0
2013-04-18,146.7499441386948,151.55185910403173,146.7499441386948,151.14794921875,9223784.0
2013-04-22,151.39479478080534,157.52059287574707,151.39479478080534,156.6903533935547,19860152.0
2013-04-23,156.8025488493226,157.0718175614001,152.3147826332826,154.60354614257812,23863560.0
2013-04-25,155.3552284480502,155.9498628999272,152.5952551962743,154.72694396972656,25895124.0
2013-04-26,154.30060924778613,155.3327898778092,153.2571982470837,154.62596130371094,8568744.0
2013-04-29,154.43523587586915,156.36496963270312,154.04255638036204,155.9835205078125,11675432.0
2013-04-30,155.72548943746483,156.16304938753538,151.86600770940962,153.1001434326172,12552272.0
2013-05-02,153.5713609698958,155.72548321334895,153.10013731343247,155.38890075683594,12303268.0
2013-05-03,155.41135712634207,155.72550627717823,152.28115077363003,152.7972412109375,12286584.0
2013-05-06,152.35963874777363,152.42695249116903,150.3289275978348,151.57427978515625,7673460.0
2013-05-07,151.75381809899093,154.80550746878117,150.90114522198195,154.390380859375,11098464.0
2013-05-08,154.60354185121378,156.95961904923664,154.04257108977976,156.43231201171875,8653956.0
2013-05-09,156.85863652183292,156.95961399475436,154.42402897383968,154.83914184570312,4523360.0
2013-05-10,154.53625116908827,158.17134498496512,154.52503449130015,157.8235321044922,13913256.0
2013-05-13,158.1937486916318,159.64105594005315,155.00743214908258,155.4449920654297,9593972.0
2013-05-14,154.8391343802791,155.92742578728962,153.7284096228453,154.61474609375,6653676.0
2013-05-15,155.6132767414423,160.6620131894343,155.1308364470712,160.40396118164062,14173480.0
2013-05-16,159.7644752247336,162.45713491953248,159.5400869168337,162.1878662109375,11660616.0
2013-05-17,162.12052115608003,162.12052115608003,159.13615997633525,161.31272888183594,12819852.0
2013-05-20,161.4473963124173,162.45714375287022,159.79814763790802,160.32545471191406,5841608.0
2013-05-21,160.21326234123032,161.1108156316574,158.2049841147845,158.82205200195312,9206500.0
2013-05-22,158.75470176545997,159.76444898516962,156.6230131905174,157.84593200683594,5412112.0
2013-05-23,156.84743597729906,158.51913170358293,155.7928081321848,156.75767517089844,7905248.0
2013-05-24,158.36207002782547,158.36207002782547,155.79282081075235,157.374755859375,8264240.0
2013-05-27,156.75764732583258,160.88639716649374,156.75764732583258,160.44883728027344,8995208.0
2013-05-28,160.26933922126224,161.7390798099727,158.59764368942993,160.05616760253906,6707916.0
2013-05-29,159.32690619301493,161.2117733500419,157.93569602431168,160.6508026123047,4933492.0
2013-05-30,159.3381096667374,163.19759076170823,159.3381096667374,162.7151641845703,15357456.0
2013-05-31,160.94249417661004,161.716636483392,156.55570603227727,157.18399047851562,12332896.0
2013-06-03,156.62300715771468,157.38593272811602,154.05375881407892,154.63717651367188,7890124.0
2013-06-04,154.2220675822685,155.6805914540697,152.80842410717597,153.26841735839844,5616324.0
2013-06-05,153.03280691713422,155.81522706658436,152.24744793735422,154.367919921875,7563676.0
2013-06-06,153.3694150864732,154.69331163860292,152.13527933961788,153.0777130126953,7116412.0
2013-06-07,152.97670741928042,155.59083631728922,151.05819039538102,151.7201385498047,9556224.0
2013-06-10,152.81965771666276,154.1547709171418,150.67675206821065,151.76502990722656,6368012.0
2013-06-11,151.11430274029914,152.7859983074026,148.58993437588705,149.19578552246094,11820860.0
2013-06-12,148.54506029835753,151.10309249471652,147.74848454191496,148.9826202392578,9815652.0
2013-06-13,148.79026582019534,149.55956410964976,147.82864986336327,148.224609375,7149736.0
2013-06-14,149.78585392181975,151.2452505777659,149.17494208793832,150.4759521484375,14965212.0
2013-06-17,150.60037834769315,151.4149319791367,148.7337119310144,150.996337890625,13070908.0
2013-06-18,151.14344630786283,151.14344630786283,148.20203193360803,148.75637817382812,12446568.0
2013-06-19,148.4508746525874,150.82663176560987,147.71552126046137,150.50987243652344,9646956.0
2013-06-20,149.07309988371077,149.07309988371077,143.58623215033182,144.03875732421875,15138044.0
2013-06-21,144.08398053690422,145.38499012228215,142.56801877977435,143.7332763671875,17899844.0
2013-06-24,142.95272865285528,143.41656428813857,141.13131722065984,141.4933319091797,10768052.0
2013-06-25,141.6403844694986,146.2561469314714,140.82584465149063,143.4504852294922,18686432.0
2013-06-26,142.88480419801556,144.27632444222195,140.28278480248557,140.92762756347656,10476020.0
2013-06-27,143.45051040118366,147.68162443210952,140.81454518291312,146.27879333496094,27003560.0
2013-06-28,146.95755156445094,152.31997768607204,146.86704100485642,151.48280334472656,21082680.0
2013-07-01,151.36967600029206,152.50098897488317,150.3854392363869,151.3131103515625,9838684.0
2013-07-02,151.30179990829535,151.31311027604104,148.04361301910996,148.55270385742188,9183152.0
2013-07-03,147.97573232335077,148.1341188967005,145.62259588779781,147.21775817871094,13386260.0
2013-07-04,147.93046863453733,148.75633255650294,146.09774730274148,148.23593139648438,9591060.0
2013-07-05,149.35593859184686,152.218166041401,148.99392395133788,151.08685302734375,9543496.0
2013-07-08,150.23839502632566,151.019003907057,147.69294029131638,149.43516540527344,7169296.0
2013-07-09,149.83108174483885,152.4444117558011,149.83108174483885,151.66380310058594,7040192.0
2013-07-10,151.65247392119457,152.0258126521501,148.462177494733,149.17489624023438,7138580.0
2013-07-11,150.9171655782622,155.37454189631666,150.70221333006145,154.59393310546875,10599568.0
2013-07-12,155.4423977916634,157.86341024269834,154.2658295733128,157.4221954345703,15634852.0
2013-07-15,156.34745303180472,157.94260156340525,154.76361486795142,157.3543243408203,8511888.0
2013-07-16,153.63231388796635,154.87675825672014,151.58464000682991,153.56443786621094,11647384.0
2013-07-17,153.36077562819122,154.03956337556588,146.59553269867348,149.98947143554688,22633988.0
2013-07-18,151.5733067998118,155.7817852342203,148.64320364742795,154.78622436523438,13663880.0
2013-07-19,155.67994655302095,156.56237603214103,152.30864280529374,153.85853576660156,12458420.0
2013-07-22,152.95353211498073,155.44242095117124,152.95353211498073,154.32241821289062,6460432.0
2013-07-23,155.64603585478403,156.12118175352333,154.09612888037813,154.673095703125,7414784.0
2013-07-24,152.50099300622855,152.95351820802745,147.86260968778984,149.32200622558594,14628748.0
2013-07-25,149.48039978441628,150.69089923173271,147.10464236409618,147.94180297851562,16267256.0
2013-07-26,148.428232375944,148.4847980132824,144.35550648757967,145.73570251464844,9356492.0
2013-07-29,145.48685662190434,145.48685662190434,142.46625633578114,143.11109924316406,14922224.0
2013-07-30,142.7151556503907,143.67677183987013,140.30545308688156,141.4933319091797,14691084.0
2013-07-31,140.50907734663284,140.6900846681765,137.31878014825904,137.963623046875,26824520.0
2013-08-01,138.9026102344703,144.31027787710786,138.56321634773676,143.043212890625,23446608.0
2013-08-02,142.5454188582921,143.63147643045625,141.83268624001212,142.8282470703125,20015848.0
2013-08-05,142.89614928475697,143.77857899207694,139.1515058328752,143.15635681152344,13598372.0
2013-08-06,142.77168470261395,142.8508710798074,137.22825161986586,137.7147216796875,19645180.0
2013-08-07,138.00889656097763,139.004443865968,135.757580587572,136.0290985107422,22756456.0
2013-08-08,136.66260915345387,139.71715422559234,135.75755876170916,138.13331604003906,20461448.0
2013-08-12,138.03152737880015,138.20122436692506,135.4521414452874,136.25537109375,15700868.0
2013-08-13,136.62864261640178,141.36884605495663,135.33895706025453,140.3959197998047,14702392.0
2013-08-14,140.73534832033718,141.10868716382618,137.71474789565085,140.58827209472656,14303708.0
2013-08-16,138.9252391002054,140.73533993538726,132.34100283622087,133.01979064941406,28059568.0
2013-08-19,132.81616238983895,133.17817706997806,129.03757374724722,132.29576110839844,20018440.0
2013-08-20,130.08971194630666,133.47234128853572,128.17778981287492,132.3070831298828,25726984.0
2013-08-21,137.11515755989387,140.13575822967366,133.4949553800947,134.2529296875,28908596.0
2013-08-22,133.2686511541782,136.5947136308862,128.96966240726923,133.20077514648438,30250692.0
2013-08-23,133.9474401450096,137.82784870698273,133.11026588210905,137.4658203125,20698444.0
2013-08-26,138.5519040337487,140.91635107577673,136.3345332125544,138.3143310546875,14607608.0
2013-08-27,135.14669134777,135.7576033247268,125.67760403986134,127.13700103759766,54708372.0
2013-08-28,125.73414350551053,129.42222153192537,119.46666602946956,127.14828491210938,37067552.0
2013-08-29,128.5171718396021,131.79797992353562,128.5171718396021,129.43353271484375,40771004.0
2013-08-30,129.1959097248938,135.75752335365374,129.1167233602586,134.3999481201172,36616916.0
2013-09-02,135.30505303794595,136.74181521761977,131.79798226522328,133.38182067871094,19515716.0
2013-09-03,135.05617214449117,135.05617214449117,126.03959786784263,127.28404235839844,18140008.0
2013-09-04,128.3927037523481,130.5195637178573,126.51472710079075,127.62340545654297,20941800.0
2013-09-05,132.13736224780814,140.93898316809847,132.13736224780814,137.9070587158203,33246248.0
2013-09-06,138.24646623588117,140.28282989565682,132.75959748593007,139.42303466796875,18997216.0
2013-09-10,140.40723005828352,145.03430221222786,139.92077383606588,144.3555145263672,20298836.0
2013-09-11,143.22422894845832,147.07069323301405,141.5385697794083,146.44847106933594,12690392.0
2013-09-12,145.37375186983044,146.16567114071668,142.00243287835286,143.439208984375,17676536.0
2013-09-13,143.09976374563027,143.56359924755643,140.5090545827148,142.36441040039062,15503120.0
2013-09-16,144.24241552949755,146.82181483707345,142.3191833224376,145.4416046142578,12139216.0
2013-09-17,144.35553788674764,145.93937607672763,143.35997692905673,145.31715393066406,8432088.0
2013-09-18,145.62260515371955,148.17938360483382,142.805646806208,147.18382263183594,10989616.0
2013-09-19,153.85855281466138,156.09855785756943,153.02137851529312,154.5825958251953,29280904.0
2013-09-20,154.42420730930854,155.31794724181094,143.73330064943335,149.11834716796875,24726152.0
2013-09-23,147.2969876091837,147.60243666779283,143.24688058257505,145.2493133544922,13985240.0
2013-09-24,143.23554331837624,145.79230806401623,142.53413474735092,144.45736694335938,18175188.0
2013-09-25,144.35552291473863,145.19269720460838,138.74421381421647,140.41854858398438,20980920.0
2013-09-26,140.58827126048408,141.64039795136486,139.83029701907907,140.54302978515625,22582440.0
2013-09-27,140.7353357755414,141.18786097096114,136.88887161447354,137.77130126953125,16408692.0
2013-09-30,137.11514701080046,138.66504042579422,132.97454384821174,134.18504333496094,17062428.0
2013-10-01,135.48604148746907,139.01574631702613,133.3478571654253,138.39352416992188,12997108.0
2013-10-03,139.21937871549542,144.5818052399093,138.0201896656411,143.94827270507812,9772912.0
2013-10-04,143.789894126473,146.4824248119183,143.67676281716814,144.90989685058594,13628376.0
2013-10-07,144.01615208887367,144.38949092149892,139.8868594327512,143.51837158203125,9922000.0
2013-10-08,147.18383223489673,148.10019307098236,141.59514283769522,143.14505004882812,11768148.0
2013-10-09,141.45938016487477,147.27433174205498,140.9615996832923,146.8783721923828,8668760.0
2013-10-10,146.8444140477311,146.8444140477311,143.30339915571926,145.04562377929688,8345284.0
2013-10-11,146.4597802217025,150.18180280461763,144.66098976509883,149.62745666503906,13390264.0
2013-10-14,148.77895798531364,151.4375433229775,146.7652292921302,151.0302734375,12375720.0
2013-10-15,152.27473974813796,152.7272649777015,146.30140119390936,147.6250457763672,16143324.0
2013-10-17,147.74946298020052,149.321990654465,145.38501628536835,148.02098083496094,14551588.0
2013-10-18,148.25854833319713,153.75672599775257,148.25854833319713,153.08924865722656,21281184.0
2013-10-21,152.50099106545332,153.58704877395454,149.91028155613017,151.87876892089844,11225424.0
2013-10-22,151.82218456410862,152.48966190801664,150.50986441928944,151.36965942382812,8758096.0
2013-10-23,151.36967866497756,151.36967866497756,147.930484399683,149.37857055664062,13544956.0
2013-10-24,148.473526389203,152.8969576212831,148.473526389203,151.43756103515625,12321928.0
2013-10-25,150.5211832460013,152.7159330617142,150.04603734598925,152.1728973388672,8946872.0
2013-10-28,152.27472225303882,152.72724743061102,150.5551321022535,151.12078857421875,8382088.0
2013-10-29,151.1434114571479,155.89492588918398,148.32643942473197,155.3292694091797,15222916.0
2013-10-30,155.21613858174902,155.55553247077617,152.8969470067302,153.71148681640625,10188672.0
2013-10-31,152.99877882240665,155.00119738616436,152.3652462798034,154.03958129882812,18195556.0
2013-11-01,154.2205728211693,155.66865889300004,153.45128831611166,154.71835327148438,15642444.0
2013-11-05,153.96039175901444,154.98988384592334,152.27473259606776,153.0100860595703,14258472.0
2013-11-06,153.60968719450025,153.67756321362378,150.52119712963233,151.34706115722656,4610652.0
2013-11-07,151.59596310335965,153.2929328395913,148.63192815473175,150.55516052246094,7789140.0
2013-11-08,150.102604990247,151.06422098019513,145.86018150518166,147.63633728027344,13480760.0
2013-11-11,145.71309623674532,149.49168394773596,139.53613078870367,148.03228759765625,11216304.0
2013-11-12,147.64763959509938,150.02339661716587,145.56602115662778,146.15431213378906,8980320.0
2013-11-13,144.58183394122884,146.49375610354238,142.17213118488453,143.3826446533203,10561084.0
2013-11-14,144.35554146840775,147.04807198216835,144.35554146840775,145.30584716796875,12626860.0
2013-11-18,147.38748606606774,151.5959655560209,146.8557605874607,151.32444763183594,14873920.0
2013-11-19,151.23393611507308,151.23393611507308,148.75635773971447,149.34463500976562,6789036.0
2013-11-20,148.58663979059753,149.107040965204,146.25613796694458,146.96885681152344,8370096.0
2013-11-21,145.83755557747588,146.07512854468217,143.71069543061353,144.27635192871094,12787656.0
2013-11-22,145.37371152760778,146.3692724301515,143.69936286695847,145.29452514648438,7492384.0
2013-11-25,146.62948849344116,149.72928915714036,146.62948849344116,149.27676391601562,16150540.0
2013-11-26,148.81292183944646,149.31070234504833,146.70868232164753,147.73817443847656,14478516.0
2013-11-27,147.31958570622336,149.050500265555,145.73574737323074,147.87393188476562,8593012.0
2013-11-28,148.33774772659535,150.01209640808025,146.6294679427663,147.83998107910156,14773732.0
2013-11-29,148.20200502753227,151.34706073454862,148.20200502753227,149.62745666503906,9571080.0
2013-12-02,149.78584324920055,150.46463105848696,148.89210320497878,149.62745666503906,6858612.0
2013-12-03,149.3333201784693,149.83110067439225,147.67029554592577,148.3717041015625,10288280.0
2013-12-04,148.17938521892123,149.23149804391815,147.8513016803841,148.790283203125,10476608.0
2013-12-05,151.94667082408878,156.09859849106522,151.94667082408878,155.69131469726562,32019992.0
2013-12-06,154.96724760441592,156.03067068956435,153.46259591334456,154.46946716308594,16069232.0
2013-12-09,160.64643929330464,162.3207879873929,156.6981543261437,157.62583923339844,25265628.0
2013-12-10,156.65291062722497,158.8024053963974,156.12119902410333,157.6371612548828,25064880.0
2013-12-11,156.14383429731055,158.79110981094908,155.41980493458453,157.37696838378906,12289776.0
2013-12-12,156.84523481630254,158.5082593782902,156.23432304313278,157.29776000976562,12867696.0
2013-12-13,155.62342365315695,158.8363555443974,154.98989109389206,156.10989379882812,25316080.0
2013-12-16,155.66866796463555,156.32483502510362,154.13008505488668,154.84280395507812,21432244.0
2013-12-17,152.87433426254597,152.87433426254597,147.98705371910197,148.790283203125,17942644.0
2013-12-18,147.1838308595582,154.00565421662344,146.96887861360247,150.74746704101562,14087316.0
2013-12-19,153.63229205512218,154.75229458983063,147.16118778120742,147.64764404296875,10019516.0
2013-12-20,148.83554721015085,151.2791807201219,147.09332229129143,150.37413024902344,5722468.0
2013-12-23,148.88076787727456,151.9353125069755,148.65450531211152,150.3401641845703,5531232.0
2013-12-24,150.5890632081149,150.8040154294612,148.2133060258053,148.72239685058594,3554696.0
2013-12-26,149.29936287776204,152.0937141201168,148.63189929243669,151.3809814453125,8046760.0
2013-12-27,150.26100081686684,152.82908984666827,150.26100081686684,151.5167694091797,5464012.0
2013-12-30,153.13451748253266,153.17977276232992,150.4985666065056,151.48280334472656,4227604.0
2013-12-31,152.0710932032783,152.11634848684042,149.35594190923393,150.65695190429688,5261312.0
2014-01-01,151.1434238487007,151.55069378569948,150.01211079594097,150.4985809326172,4492436.0
2014-01-02,150.4646265270866,152.6706868408296,147.87391703767076,148.65452575683594,7228992.0
2014-01-03,147.52321959310507,150.69089608743556,147.0706943796293,150.03472900390625,6513184.0
2014-01-06,150.01211043276848,150.01211043276848,148.65453477274343,149.7179718017578,5963420.0
2014-01-07,150.9397859560761,151.8109053156601,147.81736461010374,150.32888793945312,7896920.0
2014-01-08,150.50987506748794,150.90583459324654,149.33330685752512,150.39674377441406,4649480.0
2014-01-09,150.0573591070407,150.70220199315906,148.67714896082643,150.00079345703125,3777472.0
2014-01-10,150.00080679912872,152.65939258604527,148.4961548510543,149.7971649169922,6150508.0
2014-01-13,149.3559355640431,153.16846863011077,148.63190629770295,152.24078369140625,4752580.0
2014-01-14,151.38097960717013,152.9535073336152,151.21128266856036,152.1163330078125,3577120.0
2014-01-15,152.2747370187848,154.46948710482445,151.50543861832594,153.98301696777344,4627840.0
2014-01-16,154.85411455805354,154.9898665814354,151.67511427581448,152.28602600097656,4501176.0
2014-01-17,152.72727163214432,152.72727163214432,149.118380007138,150.4646453857422,43374856.0
2014-01-20,151.16605440587594,153.11192126901514,150.78141899092984,151.60726928710938,5600368.0
2014-01-21,152.26341636424974,153.58704702359248,151.59593894570318,152.97613525390625,6251924.0
2014-01-22,152.840362739131,154.92198110023696,152.64804508276669,153.20237731933594,7033336.0
2014-01-23,152.72727107370136,154.10746755497016,152.21818017012237,153.74545288085938,5482740.0
2014-01-24,151.595966404743,152.7159692170418,150.17051455726065,152.36526489257812,8842900.0
2014-01-27,150.44200444694238,150.44200444694238,146.07512532976128,146.88967895507812,17060448.0
2014-01-28,146.6181555648728,148.42825625085888,144.49128173485025,145.81492614746094,18395424.0
2014-01-29,146.50501899375823,147.27431728157518,144.93249131746794,146.0411834716797,10970924.0
2014-01-30,144.24241264065353,144.78544842399603,142.01373147521485,142.9527130126953,11425460.0
2014-01-31,142.54546390797472,143.97091578505933,141.43677144247798,142.20606994628906,9620984.0
2014-02-03,142.53413354464956,143.45049435066778,141.43675160314368,141.75352478027344,4776820.0
2014-02-04,140.65615878335996,143.78989044692332,139.55877682520003,142.6811981201172,7409304.0
2014-02-05,142.77172806518894,144.76283656622653,141.43677294439257,144.2311248779297,6905384.0
2014-02-06,144.52524023041292,146.9801839925291,142.4323111155302,146.39190673828125,13466944.0
2014-02-07,147.61371098128078,148.08885686970825,145.2831953866907,146.56158447265625,4029468.0
2014-02-10,146.53899080318078,147.10464735100442,143.90302576633292,145.6905059814453,6280820.0
2014-02-11,146.16563714012045,146.42584464973058,144.64967498363856,145.8941192626953,4464856.0
2014-02-12,146.30137714993265,147.70420789302554,145.63391359400026,146.0411834716797,6436960.0
2014-02-13,146.16564444440155,146.6181696593997,142.82827098379022,143.11109924316406,3155200.0
2014-02-14,143.45045638948608,145.67913697817383,142.3983300102755,145.21530151367188,4249112.0
2014-02-17,145.26058257040955,147.5232084671449,145.05694071571438,147.16119384765625,3650120.0
2014-02-18,146.73128264904767,150.32886318324438,146.48239933585222,149.42381286621094,5019672.0
2014-02-19,148.47353745137968,152.10504982465545,148.20201953908415,151.60726928710938,4060948.0
2014-02-20,150.64564937528087,151.01898822162943,149.5256466462095,149.95555114746094,3448436.0
2014-02-21,149.29938198631072,151.50544249737447,149.2654508798173,150.32888793945312,3043872.0
2014-02-24,149.80849203878762,152.2747603983531,148.37172976407138,151.82223510742188,5018984.0
2014-02-25,152.5010311222011,152.95355643710377,150.6909298625904,151.84486389160156,4020560.0
2014-02-26,151.5959302959439,153.6775488172259,151.26784678927916,153.27027893066406,4551340.0
2014-02-28,154.31110944708672,154.514751332517,150.49858975966393,151.5054473876953,4903584.0
2014-03-03,150.50989765821174,152.04848071295513,150.05737241799463,150.7361602783203,3678432.0
2014-03-04,150.69089124138708,152.46704712317094,150.29493169232938,151.9805908203125,6443868.0
2014-03-05,152.38786772143803,152.7272616361851,149.89897901329277,151.5393829345703,4006984.0
2014-03-06,152.27471415742843,153.33815103018046,151.16602200733067,152.8629913330078,4948680.0
2014-03-07,153.76806082618728,161.75514183025967,152.9987762552105,160.9745330810547,22767568.0
2014-03-10,159.85454569176736,166.73293506434854,158.38383861887777,166.1785888671875,26123852.0
2014-03-11,166.18987529141415,167.43431955840228,162.80724674915186,164.07432556152344,13000472.0
2014-03-12,163.1919141970863,165.85049997430053,162.11716675523374,164.1648406982422,7110216.0
2014-03-13,164.60605483610414,169.58383243939525,164.60605483610414,167.96604919433594,11448452.0
2014-03-14,166.30303082910942,167.4117232252934,163.81414193234724,165.65818786621094,12208480.0
2014-03-18,166.39350959139162,168.5203695923727,164.7870369609991,166.0767364501953,8102724.0
2014-03-19,167.43433771959369,168.1810015987808,166.47272159079873,167.08363342285156,6055136.0
2014-03-20,167.08361586974132,167.08361586974132,164.71916899240253,165.21694946289062,5195084.0
2014-03-21,166.33696861254418,166.86868023914704,165.44322851231934,166.04281616210938,7525592.0
2014-03-24,166.18989310818668,170.3531308080656,166.07676179905926,169.8440399169922,11713860.0
2014-03-25,169.69698159336292,172.08404970578107,169.18789064858282,169.73092651367188,8031092.0
2014-03-26,170.3304645273583,171.1223835437142,168.36197735327923,168.80319213867188,9409312.0
2014-03-27,169.69694706521227,172.129269973147,167.8868462965167,168.9615936279297,24554932.0
2014-03-28,169.6856496144054,170.6246311736607,166.31433115208537,168.55433654785156,12160900.0
2014-03-31,169.2331126139069,170.37573596963696,168.1357307297123,169.42543029785156,8262428.0
2014-04-01,170.03636504870988,170.500200674406,165.74868548342408,167.0044403076172,8051832.0
2014-04-02,168.5543014862936,168.79187441885676,163.3389520963379,165.60157775878906,10398752.0
2014-04-03,166.5292858626982,166.98181109602075,164.32322535025077,164.9001922607422,5559704.0
2014-04-04,164.16481739000574,165.85047642673305,162.92037316033722,164.14219665527344,7422408.0
2014-04-07,164.0403662353521,165.6242042541762,163.6104618205398,164.1195526123047,11733156.0
2014-04-09,164.730499112007,168.5430325769999,163.30504735603444,167.85292053222656,10520384.0
2014-04-10,168.48646271972396,169.39151318475174,166.52928556511173,167.298583984375,7494792.0
2014-04-11,166.08804693165152,168.52036970831074,166.05411583005352,167.01573181152344,5207952.0
2014-04-15,166.14465398934288,167.16283587056446,162.47919645495,163.80284118652344,8371868.0
2014-04-16,163.63310321251703,165.5789559073812,163.15794350099986,164.2553253173828,3572392.0
2014-04-17,162.0605678747104,163.20319110610845,160.03551508482266,162.6149139404297,12302328.0
2014-04-21,163.51997614489088,164.37977122274003,161.32522626540074,162.1058349609375,6987752.0
2014-04-22,163.3389799156491,165.08119092448678,162.320798194133,164.6173553466797,11395824.0
2014-04-23,164.01778784406207,167.30990638536,163.4973727412659,165.8505096435547,21025344.0
2014-04-24,165.8505096435547,165.8505096435547,165.8505096435547,165.8505096435547,0.0
2014-04-25,165.8844196650712,166.9817876779905,164.04037407390666,164.35714721679688,6212444.0
2014-04-28,163.41818531803213,165.00202373579083,163.03353608315285,164.08566284179688,4882860.0
2014-04-29,164.3571471788466,164.6060304982227,161.2120917250635,161.95875549316406,6641236.0
2014-04-30,162.00402749112163,165.14908326947784,161.01979066932006,163.20321655273438,8786920.0
2014-05-02,163.70098528244955,164.6173460178896,161.90219491437972,162.25289916992188,5915292.0
2014-05-05,162.8751181569359,163.61047156662266,161.55148754348872,162.1623992919922,5192324.0
2014-05-06,162.95431518554688,163.94986226566138,161.57410514201894,162.95431518554688,6184560.0
2014-05-07,162.56969557691275,164.49292788366816,160.9745468374223,161.9135284423828,6598624.0
2014-05-08,162.26422037250103,163.58785098720523,161.89088157862426,162.5244140625,7520428.0
2014-05-09,162.90905914805145,171.9595624340543,162.90905914805145,171.2355194091797,16376444.0
2014-05-12,170.8508771800282,179.8448151849079,170.7151251492266,179.23391723632812,17561360.0
2014-05-13,181.0101099275539,181.0101099275539,177.05051377288868,178.3289031982422,12665216.0
2014-05-14,177.61615805873808,179.8335289897058,175.18383487513117,175.45535278320312,8501500.0
2014-05-15,173.99595409329248,179.00767663050252,173.32847660493192,178.37413024902344,9466188.0
2014-05-16,181.01009503417157,193.22827644897816,178.21575721607127,182.0735321044922,32868368.0
2014-05-19,184.60764124620542,188.92925092296971,182.8201613721671,183.7025909423828,10522804.0
2014-05-20,184.63026067819817,185.89732557062854,181.99429616290928,184.64157104492188,6357032.0
2014-05-21,183.80443462057798,184.29090477965215,182.14140988044196,183.1595916748047,3642388.0
2014-05-22,183.72523212904105,184.4040199324735,180.5575557130231,181.59835815429688,7806456.0
2014-05-23,180.7838083470646,181.68885870174327,177.0957309137435,178.6682586669922,9818936.0
2014-05-26,180.78382994885496,181.92645339617394,178.74746640750365,180.36524963378906,17395232.0
2014-05-27,181.01009730288163,183.41979974721602,178.37413223691863,182.11878967285156,7619524.0
2014-05-28,180.98743715175456,187.06258169553135,180.89692659882348,186.31591796875,14355564.0
2014-05-29,186.1236224524017,187.9676682973342,182.68444173616857,183.32928466796875,13684008.0
2014-05-30,184.40403317848768,186.1688788321888,165.1717106997497,179.36968994140625,32807544.0
2014-06-02,179.53937498370584,186.06704553820413,179.53937498370584,185.3995819091797,8083132.0
2014-06-03,186.21412802686183,187.31149616135383,184.17776453689615,186.5195770263672,3624148.0
2014-06-04,186.07836533665528,187.73007953311458,184.42663733022306,184.78866577148438,2864340.0
2014-06-05,185.2335824103469,186.05502573402396,182.7692802928778,183.78466796875,7674472.0
2014-06-06,185.50741608030992,187.33282730865244,182.7692992377961,186.02081298828125,10565276.0
2014-06-09,187.53822207647602,189.38644567439175,185.9637990658184,186.97918701171875,9339920.0
2014-06-10,187.36706484218965,187.92608590586002,184.82289229726112,186.34027099609375,4999344.0
2014-06-11,186.4201173474337,189.35217849387448,184.8228825598792,187.21873474121094,7743772.0
2014-06-12,188.13146948329307,192.79768033527617,185.47320846142065,191.63397216796875,12732048.0
2014-06-13,192.58088758002555,195.3190044650496,189.76291452323468,190.6185760498047,12212884.0
2014-06-16,189.61460632760705,192.30708531681805,189.45488004714886,191.4400177001953,5309880.0
2014-06-17,190.75544653430546,193.67610130354163,188.781715350529,193.16270446777344,6988120.0
2014-06-18,193.2882335644292,194.26940328014564,189.1012019634627,190.49307250976562,5374628.0
2014-06-19,191.006437515104,191.65674853846974,187.6066178912672,188.41664123535156,4720996.0
2014-06-20,188.47370268086124,189.78571695497135,186.95632408009067,187.54959106445312,2969768.0
2014-06-23,188.01736342246247,188.59921048750306,186.03222585339785,187.43551635742188,5840844.0
2014-06-24,188.3253386456663,190.01384915028606,188.2454824965308,189.15818786621094,5066224.0
2014-06-25,189.15824638606838,190.11659010607093,187.78918790800276,188.04017639160156,6330624.0
2014-06-26,187.1046489945202,188.61060767181198,184.51485241146753,185.37051391601562,21808264.0
2014-06-27,186.6140620473704,187.56099967239032,185.73558848336464,186.23757934570312,5142960.0
2014-06-30,187.0818455238345,190.00250080824244,187.0818455238345,187.4583282470703,6176100.0
2014-07-01,187.78917010719962,188.91864602989574,185.96375897614544,187.8576202392578,7641372.0
2014-07-02,189.5689719097981,192.12455066600916,188.35963963751848,191.6453857421875,7626724.0
2014-07-03,191.8963318439481,192.87748747348965,189.69442424910488,190.93798828125,6062740.0
2014-07-04,190.93799094105785,195.99210330077602,190.5500883118502,195.46730041503906,5631988.0
2014-07-07,196.20889254387393,196.39143087908792,190.721238965299,191.77085876464844,8131968.0
2014-07-08,192.58088827147554,193.57345007514743,187.10465448176532,189.2152862548828,6732272.0
2014-07-09,188.9300463442308,190.4930490071632,186.64828249949372,189.45484924316406,5795552.0
2014-07-10,189.45487797017313,193.49360337310523,185.33629639127915,187.86904907226562,9857544.0
2014-07-11,187.3556345142582,189.71726858568422,184.54906760890077,185.2335968017578,9198780.0
2014-07-14,185.96374646543768,187.10462834559374,184.17256748430498,186.5227813720703,4921608.0
2014-07-15,187.27577037969286,189.11258751703718,186.3060207310621,188.65623474121094,6092036.0
2014-07-16,189.27232280049964,191.32591038965515,186.62548214518984,190.69842529296875,9589300.0
2014-07-17,191.37155719370847,191.4400073311163,189.27233144357686,189.79713439941406,5039100.0
2014-07-18,189.13542638224556,190.9380116133532,187.5610036277956,189.94544982910156,7288432.0
2014-07-21,192.0560946592536,193.25402085901356,188.3025897813157,188.80458068847656,9813656.0
2014-07-22,189.3636277953164,192.27287732340858,188.70191056723272,191.63397216796875,6970352.0
2014-07-23,192.37551025226682,192.80905096716603,190.52728705039485,190.82391357421875,7849852.0
2014-07-24,190.7554770402011,192.5808883037437,190.07094781637264,192.18157958984375,4278600.0
2014-07-25,191.89635817723527,193.9043077723302,190.33335536089237,190.64138793945312,10665952.0
2014-07-28,191.3259188272509,191.62254537340945,188.93006653424416,189.2837371826172,3884952.0
2014-07-30,189.6146204850956,192.10174923666088,188.66768269414933,191.39439392089844,4685380.0
2014-07-31,191.18901157477197,191.6453643758319,189.0555538737474,190.2991180419922,11901344.0
2014-08-01,188.48510088870634,188.88440956424608,185.27922545044348,186.06643676757812,6828460.0
2014-08-04,186.87648956186217,187.7207451083653,184.16118457016444,185.50743103027344,7363044.0
2014-08-05,186.4201317561627,187.789190251312,184.80008477428262,187.15029907226562,6077104.0
2014-08-06,185.9751946690251,187.00198859399254,184.21823338983512,184.82290649414062,3381400.0
2014-08-07,185.4846136851474,186.76239604092055,184.82289650964648,185.1651611328125,3933740.0
2014-08-08,183.682029825388,184.3209210568151,181.40026547973102,181.6626739501953,7450680.0
2014-08-11,182.76929710007772,183.19141787098172,180.5788092224002,180.93247985839844,5626224.0
2014-08-12,182.76929403149225,184.4806170093152,180.71570645810468,184.18399047851562,6603072.0
2014-08-13,184.8228849823919,186.1348992893657,183.14579400419055,185.37051391601562,7839820.0
2014-08-14,185.75839200506877,189.76289875815712,185.57585367992192,188.6334228515625,11873224.0
2014-08-18,189.386444137963,190.41323811220497,187.92610935943839,189.9226531982422,6702168.0
2014-08-19,190.07095886281468,191.09775275823202,187.61806233487317,187.98313903808594,7892856.0
2014-08-20,189.15825715932982,190.4360395742523,186.87649289926554,187.23016357421875,9434852.0
2014-08-21,187.56101107210725,190.57294250241742,187.33283465961077,189.9568634033203,6390480.0
2014-08-22,190.3789809854783,193.66472684073526,188.94147239634694,193.2083740234375,10015288.0
2014-08-25,192.35273163888925,194.58885788088844,191.0293111223415,192.45541381835938,6656064.0
2014-08-26,192.69496974322493,193.60767534295601,191.2346352129423,192.23861694335938,4165256.0
2014-08-27,193.0372744540797,193.0372744540797,190.2991570859367,190.8924102783203,4852968.0
2014-08-28,191.09771563687372,192.9231266519125,190.29909831779423,192.47817993164062,7991452.0
2014-09-01,193.01443326890495,193.72177457827732,191.34873431308347,191.94200134277344,4154656.0
2014-09-02,192.37553042976353,196.48270591073683,191.36015652172725,196.04917907714844,11442252.0
2014-09-03,197.37256760677357,197.37256760677357,194.31499856099674,195.46730041503906,9234780.0
2014-09-04,195.78675147746776,196.00352183644998,193.60766970690082,194.37205505371094,6406968.0
2014-09-05,194.40630645050484,195.21632994202528,192.60370719321998,193.59628295898438,3835208.0
2014-09-08,194.17811108490193,198.01147171461764,193.82444045993913,197.31553649902344,9788344.0
2014-09-09,196.25452073694902,198.49066065155853,195.7297177898237,197.50949096679688,7661044.0
2014-09-10,197.37259222427903,197.37259222427903,194.88546381513285,195.61563110351562,4314252.0
2014-09-11,195.63845405535363,196.9390484147003,194.63447230860564,194.9425048828125,6532864.0
2014-09-12,193.97273795452887,195.77533695407254,193.7103434696918,195.2505340576172,6086556.0
2014-09-15,193.9499338605477,197.37257975220442,193.9499338605477,196.31155395507812,5809088.0
2014-09-16,196.4598798382016,196.69946227216005,193.49358664668404,194.17811584472656,5076268.0
2014-09-17,195.09082098051707,195.2961853101568,192.14733986518587,193.12850952148438,7905896.0
2014-09-18,192.75201620402802,196.45988274834937,192.18157519720936,195.80958557128906,6652568.0
2014-09-19,196.23172847589274,197.37261061819444,194.2694167618474,196.2887725830078,6542108.0
2014-09-22,195.5357959699482,195.8894666537974,194.17814341570366,195.51296997070312,6534316.0
2014-09-23,195.33041876222921,195.7411335269989,192.9459724219724,193.6875457763672,4716976.0
2014-09-24,193.28823059070967,195.61563274904051,192.82047173738022,195.19351196289062,6665496.0
2014-09-25,194.63445753178988,197.50947442872157,192.14732935017872,193.9385223388672,16595960.0
2014-09-26,193.9385381011239,200.56705987712164,192.8090621116812,198.8899688720703,9882252.0
2014-09-29,199.19798476033029,200.19054646763314,196.50550619382872,197.3953857421875,8682268.0
2014-09-30,197.19005536308728,200.74960177132883,196.49412010127642,199.11814880371094,12035432.0
2014-10-01,197.60077607466877,198.7758901867037,196.3458057878204,198.05712890625,5870188.0
2014-10-07,197.37258800735805,197.82894081199933,194.88545965135006,196.79074096679688,5026288.0
2014-10-08,196.35720989986814,198.51347979332465,195.84381296936814,197.96585083007812,3140384.0
2014-10-09,199.42619463118908,203.75014065254243,198.11418019282598,202.52938842773438,7650420.0
2014-10-10,201.49116286562935,201.97034165130844,197.34976965149818,197.8973846435547,4266980.0
2014-10-13,197.14440836028507,200.3388779401971,195.23914100297898,200.0650634765625,5376512.0
2014-10-14,201.93610535876527,202.1528757148457,197.40680958329543,198.136962890625,7266240.0
2014-10-15,198.136962890625,198.136962890625,198.136962890625,198.136962890625,0.0
2014-10-16,198.14839511949842,199.42617741321794,195.10223176518355,195.96929931640625,5533084.0
2014-10-17,196.28875389411536,202.6434612509828,195.56999264218584,201.9931640625,9977920.0
2014-10-20,203.98971460635227,207.5492611025955,203.1112409810538,203.94407653808594,9532004.0
2014-10-21,205.35877161183316,206.6707859860199,202.54079848320623,204.3433837890625,16037152.0
2014-10-22,206.51105375014154,206.80768029299466,203.36222212834943,203.90985107421875,4571544.0
2014-10-27,205.1419922056112,207.02444752920331,204.02393618766834,204.7312774658203,6724768.0
2014-10-28,205.13057133283726,205.40438578181914,203.989689401064,204.28631591796875,5803492.0
2014-10-29,205.40439546825735,205.9291983962654,203.0769934323282,203.4306640625,7896188.0
2014-10-30,203.05416975905626,205.34733963365377,202.41526474222124,204.5943603515625,10738180.0
2014-10-31,205.38157978714094,208.69013771147033,204.75409466356123,208.06265258789062,10105988.0
2014-11-03,208.82702564301184,209.76254322976928,206.59089990563527,207.80023193359375,7239648.0
2014-11-05,208.7928158547056,209.9907419766228,207.69757190002352,208.2794189453125,7524180.0
2014-11-07,206.4996680201911,206.86474473548006,203.90987112457412,205.23329162597656,9028492.0
2014-11-10,205.24467052249977,207.26402607921784,203.7615239317313,206.41978454589844,6389756.0
2014-11-11,206.70500888868858,209.30621152480913,205.9063914788057,207.16136169433594,5913408.0
2014-11-12,207.86870839166286,209.8994840004504,206.305705562285,208.0398406982422,9058664.0
2014-11-13,208.89551728618622,209.92231119966283,206.24867632438222,208.99819946289062,7388952.0
2014-11-14,209.51157682570806,212.8885848177391,208.03983623534148,212.22686767578125,8438056.0
2014-11-17,212.20408609759366,213.11679184425,207.18420449098394,209.6827392578125,13464084.0
2014-11-18,210.15047608010522,213.34494585765296,208.09688836596737,212.7060546875,9189112.0
2014-11-19,213.35633899011415,213.96101201786675,210.41287180059385,211.41683959960938,3454848.0
2014-11-20,211.73630140749887,211.73630140749887,208.11969697064796,209.51158142089844,4770372.0
2014-11-21,210.1961080834189,213.34493970222354,208.5646412091006,212.85435485839844,8823808.0
2014-11-24,212.7402727638342,216.767592017826,211.77052301007026,215.67234802246094,7316860.0
2014-11-25,215.1703479359197,218.77553231640366,214.25764232431453,217.57760620117188,12156508.0
2014-11-26,214.44018035476088,219.02653440259064,212.95703373802246,217.064208984375,8976428.0
2014-11-27,216.90449532052938,217.63466263655295,215.17036013090873,216.34547424316406,13211448.0
2014-11-28,216.31125843693124,220.3956221574562,216.08308200398088,218.39907836914062,9251860.0
2014-12-01,218.661439443262,219.60837706578405,216.35686339390904,216.767578125,7389128.0
2014-12-02,214.88512940643844,216.67630861495616,214.3032823590512,215.23880004882812,4517556.0
2014-12-03,214.9421677325416,215.40992656486213,212.66040374387342,212.91139221191406,6661184.0
2014-12-04,214.48583004114784,215.45557980463175,212.6604187216487,214.80528259277344,6839104.0
2014-12-05,214.7139878173116,215.4897931314663,213.50465570847908,215.11329650878906,4074180.0
2014-12-08,215.62673102452823,215.62673102452823,211.0632023255964,211.5537872314453,4057128.0
2014-12-09,211.07460643405042,213.34496472638864,211.07460643405042,211.46250915527344,4873344.0
2014-12-10,211.31416767980792,213.34494329903595,211.1316293372081,212.5235137939453,5565432.0
2014-12-11,212.18122543803557,213.51605171614966,211.06315558369056,213.0254669189453,4818844.0
2014-12-12,212.88855973150035,213.61872692322393,211.97585422354106,212.54629516601562,4616828.0
2014-12-15,212.20408078526413,215.46700096251942,211.74772792336034,214.82810974121094,6638628.0
2014-12-16,213.92679284817217,214.94218066960067,209.23777035459003,211.23431396484375,4989956.0
2014-12-17,211.2913437467516,212.77449032812729,209.0095797754044,210.3444061279297,7064016.0
2014-12-18,212.79731524694427,213.68720882021893,210.39005689716652,213.128173828125,6493828.0
2014-12-19,215.63811040174443,216.53940999371335,212.77449928254762,214.81668090820312,6114108.0
2014-12-22,217.68028658846035,220.4412154702845,215.05625797654494,219.8936004638672,8295612.0
2014-12-23,218.98088827717095,222.2324018941954,217.9883126064312,218.99229431152344,7544080.0
2014-12-24,218.57016796232475,220.1445766858071,214.73679349677482,215.68373107910156,16664812.0
2014-12-26,216.85885765299832,217.4407046917263,215.06766454435535,216.4595489501953,3366480.0
2014-12-29,216.7903659908174,218.13661215958567,216.37965130558015,217.15545654296875,3614800.0
2014-12-30,216.76760860566017,218.95809676401427,215.11332948735384,218.23934936523438,5681200.0
2014-12-31,218.13664165781648,218.43326819689008,216.710539136518,217.13265991210938,4992528.0
2015-01-01,216.99576911381928,217.77157448998673,215.63811666891775,217.2353515625,3544940.0
2015-01-02,216.85886215263676,221.17138787632138,216.85886215263676,220.25868225097656,5900384.0
2015-01-05,221.33113996183891,221.45663421460475,217.931305540165,218.39907836914062,4796000.0
2015-01-06,217.68026371462713,218.26211069077235,213.92675952664453,214.9991912841797,8219680.0
2015-01-07,214.41736161491522,217.0756082661509,213.63015026516385,215.62669372558594,5746112.0
2015-01-08,217.73734145946173,221.0915375059701,216.35687695026266,220.156005859375,9525824.0
2015-01-09,221.9928152209796,223.612862017948,220.55529282372464,222.62030029296875,8985184.0
2015-01-12,221.19419711349497,222.33507905873316,220.07612723644888,220.65797424316406,4126412.0
2015-01-13,221.09154754379662,221.77607681184483,218.06820994325034,219.81375122070312,5828348.0
2015-01-14,219.06076719585218,222.39215125290198,218.98091102030915,219.9392547607422,3685232.0
2015-01-15,225.8946420702849,227.76569138592055,221.5022462522516,226.6134033203125,11398476.0
2015-01-16,228.67839433416773,231.5762374434814,227.84554489082137,228.48443603515625,7821308.0
2015-01-19,231.1997524637199,232.73994326473655,228.84953817493263,229.21461486816406,4239492.0
2015-01-20,230.45817631654228,234.3371753238504,228.6327650189855,232.9567108154297,8505804.0
2015-01-21,234.42846328453206,235.6948257239506,232.363455508581,232.72854614257812,6740612.0
2015-01-22,233.88082329179258,235.59214638904962,232.40908264279494,233.02516174316406,6470680.0
2015-01-23,235.02174362707078,239.12891972929143,233.743961077094,237.94241333007812,9987912.0
2015-01-27,237.98800236298473,245.91713283480996,237.5088374591417,245.07289123535156,9962400.0
2015-01-28,244.14876990238642,249.4424517158525,240.72612359534364,241.49050903320312,11364940.0
2015-01-29,245.28960659079354,251.13091630261545,242.09513729565765,249.85313415527344,20567616.0
2015-01-30,249.75051793407044,249.75051793407044,242.83676109275112,245.82586669921875,10570416.0
2015-02-02,243.8064728628299,249.39679442121957,240.12141859138288,246.7955780029297,5710352.0
2015-02-03,246.08828220618378,246.93252386416566,240.79460011888284,242.8025360107422,10200688.0
2015-02-04,242.5515139429067,246.61306501677254,241.23949963888816,243.62393188476562,6197512.0
2015-02-05,245.28961713182278,249.3511679801749,244.2285913567725,245.6318817138672,8059148.0
2015-02-06,245.74598018173702,246.19091301557077,239.59663740868004,240.3838348388672,6903120.0
2015-02-09,238.90071684768697,239.98455486585937,236.04851153670694,237.3262939453125,5231896.0
2015-02-10,235.02168428213113,242.39179290153018,235.02168428213113,240.6005859375,9275752.0
2015-02-11,241.41066172395708,242.9622725815685,240.26977957970396,241.50193786621094,4161588.0
2015-02-12,243.03069377419118,246.86406868333376,240.20130066063987,245.517822265625,5525740.0
2015-02-13,246.7043086504799,246.88686090902863,242.68840964448393,243.19041442871094,7714500.0
2015-02-16,245.47214618545317,247.5713576155154,242.43738937003238,243.58969116210938,7388716.0
2015-02-18,243.58972441320404,247.1036186535932,241.19387223826735,245.24400329589844,5381692.0
2015-02-19,245.06143825795112,247.54856643295759,242.73405026508283,246.38487243652344,4507004.0
2015-02-20,247.11507087369827,248.68949379346864,243.806512676405,244.8447265625,6206024.0
2015-02-23,245.76879598469728,246.7841976814443,242.32333789977312,243.57830810546875,5581564.0
2015-02-24,244.2172371798192,244.37694953482026,241.2052916778939,243.61256408691406,5846288.0
2015-02-25,244.1487327861076,245.24399057928343,239.5852050704794,240.14422607421875,4648524.0
2015-02-26,240.41808204176832,240.9542910391821,236.18539845831845,236.88134765625,12426944.0
2015-02-27,238.5470357197328,241.53616921200046,238.5470357197328,240.49795532226562,10261784.0
2015-03-02,246.5103243985605,250.76581907366165,243.69235192963663,247.0123291015625,14385232.0
2015-03-03,247.90225709342886,249.1686473491299,245.7574210566101,247.19491577148438,6029348.0
2015-03-04,252.13493202025728,253.11610172067634,241.8669936121925,243.0763397216797,12277624.0
2015-03-05,243.00788263913972,248.71229302972986,242.43744160008072,247.59422302246094,9702452.0
2015-03-09,245.7574199117347,246.84125788737092,240.9542952151204,241.63882446289062,5755808.0
2015-03-10,242.3233549995419,242.38039910382614,238.44435590821212,240.16709899902344,5134836.0
2015-03-11,239.79058349732117,242.30052388859787,239.58521916732204,241.05694580078125,5465536.0
2015-03-12,241.88982754101568,242.75690911525544,239.8362396738281,240.63485717773438,7530836.0
2015-03-13,241.8669817637389,242.77968735530018,236.07129568661193,237.9081268310547,5426780.0
2015-03-16,238.4443524156002,241.38783372426676,237.87391138111312,239.9389190673828,5348772.0
2015-03-17,241.8669756699301,243.21322195427732,237.95374497399166,241.4220428466797,5369304.0
2015-03-18,241.9012423144842,244.5823153057961,240.3153994500358,242.6770477294922,5148332.0
2015-03-19,244.37693156672066,245.0158366468833,239.28858655607152,240.0872039794922,5373572.0
2015-03-20,239.81340281768655,241.7529022695898,238.66110082542383,240.9314727783203,6483236.0
2015-03-23,240.94285845884883,241.73008375105377,238.6725144200836,239.0718231201172,5446740.0
2015-03-24,238.05645943439407,241.18246510655325,236.2652523349981,236.835693359375,8973564.0
2015-03-25,237.31490475893494,238.83225572020973,235.27270901898146,235.99147033691406,10608900.0
2015-03-26,234.31435968820549,235.52367794229727,228.65557361045265,229.76223754882812,35800620.0
2015-03-27,231.58764569297708,233.54995721079604,230.02462895825124,231.51919555664062,10840896.0
2015-03-30,232.7399133652803,237.07526469267276,231.09704060322792,236.59609985351562,6955144.0
2015-03-31,237.28063960136595,237.28063960136595,231.56480974422936,233.3560028076172,5962256.0
2015-04-01,234.13179309443524,236.58468933812526,231.14268789376757,235.7632598876953,3844196.0
2015-04-06,236.1625782021294,236.58469897892746,232.69429407506047,235.4666290283203,7151172.0
2015-04-07,235.76327338457625,236.89273546188096,233.57278544017495,235.64918518066406,6197072.0
2015-04-08,237.31486442881263,237.8624654793497,235.03310053969778,236.28807067871094,4106144.0
2015-04-09,236.90413828453816,241.63879840435916,235.0216830561756,240.97708129882812,7002784.0
2015-04-10,240.26974697850665,240.26974697850665,236.12833978608452,237.9081268310547,6119324.0
2015-04-13,237.30343308048907,238.74095540307445,236.11692705651134,237.02963256835938,4563236.0
2015-04-15,237.30344538464422,239.28856883441742,233.92642367428363,235.39817810058594,4893996.0
2015-04-16,234.56532163478542,235.8317117013787,232.28355780565326,234.9418182373047,5610120.0
2015-04-17,233.90360937390653,234.53109443984906,231.8386158513428,232.34060668945312,4049012.0
2015-04-20,232.73990624475107,233.88078813810768,228.76963168515763,229.34007263183594,5188880.0
2015-04-21,229.3172842008642,231.46214795216235,227.17242044956606,228.86093139648438,6510744.0
2015-04-22,229.65955337127218,232.96811126882156,226.69326008381412,231.16551208496094,6765936.0
2015-04-23,232.75135820979995,233.69828201208463,229.5682943138286,231.25680541992188,9627828.0
2015-04-24,232.4889466351742,232.5117587051584,228.2562631444049,229.6481475830078,7205244.0
2015-04-27,229.76226281967422,231.02863924201432,227.2637280839963,229.4199981689453,7370704.0
2015-04-28,228.07373279333692,230.78903770213876,225.917462886557,229.21461486816406,7942108.0
2015-04-29,229.08911175612732,230.34408198985113,225.4382892580217,226.6134033203125,7863564.0
2015-04-30,226.12282524445698,227.0355308963014,223.39611432421515,225.62083435058594,15143684.0
2015-05-04,226.81875046739748,230.34407867678198,226.35099162691205,228.39317321777344,3141448.0
2015-05-05,227.95964701613465,229.066310996585,224.94771552112414,225.3584442138672,5138004.0
2015-05-06,225.32420447092278,225.32420447092278,220.304323459925,221.468017578125,11007696.0
2015-05-07,220.87475769273632,221.3311104978866,215.44416209680443,217.064208984375,11736664.0
2015-05-08,219.3915978954183,225.39263413725857,217.9997274940435,224.0692138671875,11571932.0
2015-05-11,224.99332408370287,226.52210866513715,222.25520743401094,225.96307373046875,6731344.0
2015-05-12,225.89465892309232,225.89465892309232,220.64660119053562,221.7760772705078,11107568.0
2015-05-13,222.66595982625137,226.67046724550465,221.69621001538175,225.9517059326172,7791848.0
2015-05-14,225.6664727055742,227.0012991523813,222.2438265068041,226.1342315673828,4455188.0
2015-05-15,227.01272315448546,227.61738230429245,224.57123270388973,225.91746520996094,8153624.0
2015-05-18,227.26371237605755,230.91453506482958,226.35100670386456,230.4239501953125,5713304.0
2015-05-19,229.6252944453589,232.28355484310683,227.7428393103337,229.89910888671875,4786348.0
2015-05-20,230.37831664359436,234.2915476240038,230.35549064665182,233.6640625,4008840.0
2015-05-21,233.6526503208947,235.0217088188687,231.62187464485334,233.81236267089844,3934380.0
2015-05-22,233.81234813151988,234.79351780214816,232.3634335486433,233.72109985351562,4689536.0
2015-05-25,234.65662119913603,235.24987428325954,232.19230487608124,233.54995727539062,4369060.0
2015-05-26,233.75529919477148,235.0673134799324,232.29497860735722,234.42843627929688,4906344.0
2015-05-27,233.6070077884262,237.30346844767934,233.05939275577057,236.88134765625,3218592.0
2015-05-28,237.0866886128184,238.14768654097017,233.2419080943001,234.88478088378906,9561160.0
2015-05-29,235.01025287853375,240.49790599255923,234.37137572275913,239.71070861816406,5058680.0
2015-06-01,239.34566624384416,240.95432129162225,235.24991027619558,236.43641662597656,3841320.0
2015-06-02,236.9384024019675,237.37194317489528,229.29449225766183,230.1843719482422,4726008.0
2015-06-03,230.22999091771612,232.05540214402112,227.7200504815468,229.44277954101562,5824832.0
2015-06-04,230.19577721620607,232.2493650093193,227.0355393497397,231.58766174316406,5557588.0
2015-06-05,230.51521829501888,232.39767367827443,228.74685111680913,230.85748291015625,6753860.0
2015-06-08,229.14614611987756,230.97155729135778,227.16100868553642,228.96360778808594,3811996.0
2015-06-09,229.31727194137312,229.54544833136453,227.51467288972827,228.5985107421875,6040260.0
2015-06-10,227.72006257365717,232.51176729715095,227.4918861582527,231.7359619140625,7986248.0
2015-06-11,232.19230703863624,232.40907741143272,226.96707565536417,228.2220458984375,9094176.0
2015-06-12,228.40456281253188,230.65209464811645,225.92885459052118,230.2642059326172,6528344.0
2015-06-15,228.63277821013372,231.31385120810685,228.1764253594149,229.36294555664062,5999828.0
2015-06-16,228.17642161855014,230.5608680098207,227.50329838941872,230.09310913085938,6010524.0
2015-06-17,230.2299961029111,231.2567899408329,228.06232022285397,229.24884033203125,9686268.0
2015-06-18,229.5226606482625,233.60701010697355,228.68981116559672,232.64866638183594,8431716.0
2015-06-19,233.835208756738,236.15117716064793,231.17694786574904,235.13580322265625,3742324.0
2015-06-22,235.5008102072794,241.1595949474765,234.67938090074983,238.93487548828125,5449652.0
2015-06-23,240.0415800198705,242.14079182158395,237.87390415467206,240.06439208984375,5655180.0
2015-06-24,240.49797357804667,241.36505521245056,237.91956860224303,238.62693786621094,6267396.0
2015-06-25,239.1859187166456,244.3426999458335,237.90813640773717,243.00787353515625,16573568.0
2015-06-26,243.46422586620423,244.365511530937,239.92749156355552,242.5172882080078,5647504.0
2015-06-29,238.42154247045434,242.26630950646003,235.1357965118032,241.1026153564453,6487836.0
2015-06-30,240.0986549109292,244.6051395243679,239.12890505740444,243.4984893798828,7290136.0
2015-07-01,242.17499633316788,245.7459622654912,241.87838375009147,244.6849365234375,4971188.0
2015-07-02,244.83439122994787,245.45508691212308,242.6849118115461,243.2711181640625,4483444.0
2015-07-03,242.31708065757982,247.39767580820097,242.31708065757982,246.96087646484375,4039288.0
2015-07-06,244.61603955925543,249.43225482118586,243.74244071351367,249.08741760253906,3267780.0
2015-07-07,247.93792545887982,250.92651426830537,247.93792545887982,249.85751342773438,4141472.0
2015-07-08,248.0758853017108,248.4207225145469,245.0643125888603,245.71949768066406,5400676.0
2015-07-09,244.3056568439522,247.57013259445853,243.70794462744155,246.91494750976562,2797964.0
2015-07-10,245.93784495863025,251.731097343562,245.6389748964347,250.75405883789062,4900088.0
2015-07-13,249.4322035792888,254.2369401179621,249.4322035792888,251.99549865722656,7076084.0
2015-07-14,251.84603673960402,253.31734735915524,249.66206836988587,251.00692749023438,5674116.0
2015-07-15,251.27137628857258,253.2139479816451,250.76562628059025,252.12196350097656,3849404.0
2015-07-16,252.60475785178187,257.24855430940966,252.44381698541596,256.260009765625,7310424.0
2015-07-17,257.3405030236673,257.8807423359676,254.167989686409,255.30596923828125,3510988.0
2015-07-20,256.5473874211712,257.2485676645511,254.48986988798754,256.386474609375,4551268.0
2015-07-21,256.6853192534219,259.317565228489,251.29434771300183,252.4323272705078,11028136.0
2015-07-22,252.05302392258375,256.80028859035065,250.2713649551426,256.1910705566406,7286400.0
2015-07-23,255.84621942078718,256.71979015826116,252.9035974159027,254.69676208496094,5083172.0
2015-07-24,253.6047327024862,256.32894049335204,252.99551480980622,254.68521118164062,4761008.0
2015-07-27,253.7771662479734,253.91509549939997,245.983840818794,251.92652893066406,3328572.0
2015-07-28,251.50121489418592,256.0760597904937,251.14487196601522,254.8346405029297,6345672.0
2015-07-29,254.0530541494997,256.9956761474087,254.04157641392257,254.80020141601562,3943032.0
2015-07-30,254.4898433393503,256.78875791332814,253.13347812811895,255.30596923828125,9462188.0
2015-07-31,256.4668825866492,257.7083019642707,253.57025608081227,255.55882263183594,5649500.0
2015-08-03,255.81177798306393,256.90376265654817,251.37486061089353,251.8231658935547,4345728.0
2015-08-04,252.4437742252356,253.34035641678983,248.731022009992,249.76553344726562,5390928.0
2015-08-05,251.07597038456282,252.35185118402404,249.478207856963,251.0874481201172,4122780.0
2015-08-06,251.018495591502,253.19095870491768,249.53567880836496,251.9495391845703,3743712.0
2015-08-07,251.48974476227028,252.30587064876295,250.25983109652122,251.19090270996094,3227140.0
2015-08-10,251.731136936648,254.24843708084606,250.1218967918475,251.6506805419922,3954376.0
2015-08-11,251.74262434427553,252.61619494988526,249.2597856485026,251.66213989257812,2727688.0
2015-08-12,250.21387948097248,251.70817402355289,245.45510925377008,246.08731079101562,6005740.0
2015-08-13,247.59307668321762,248.90344664383846,245.20220013515976,247.7195281982422,3465052.0
2015-08-14,248.99538625548232,253.71966606424132,248.2597449518172,253.29437255859375,3601660.0
2015-08-17,252.66218995251722,253.29439139148744,247.31721415031453,250.92649841308594,2500212.0
2015-08-18,250.94949907195618,251.98401058815298,247.9264209175969,249.74256896972656,1857316.0
2015-08-19,249.3977585244858,249.89203080333291,247.133333131171,248.7080841064453,3004576.0
2015-08-20,245.5240543951789,249.3747359598973,245.5240543951789,247.06431579589844,3044852.0
2015-08-21,244.60447552785374,246.66199255078266,241.61588701106604,243.98377990722656,7758972.0
2015-08-24,240.16758116383966,240.16758116383966,232.4777235602414,234.2708740234375,14686328.0
2015-08-25,235.56977271115937,237.31697029364966,231.20184891224096,234.13296508789062,12347920.0
2015-08-26,233.89157742533888,236.55831275341484,231.96048354537956,232.9949951171875,5573000.0
2015-08-27,235.63873671734396,237.81119969898418,231.9834570425102,234.9720458984375,13873432.0
2015-08-28,237.0295957504179,239.7193145470187,234.3513546888067,236.31690979003906,5553136.0
2015-08-31,234.74217536294415,237.45490594519055,233.4662805055266,236.2019805908203,3441460.0
2015-09-01,234.78817690175416,234.78817690175416,228.28225051413926,229.9144744873047,10469144.0
2015-09-02,231.06388262055697,233.09843030006706,226.44307025136195,228.77647399902344,8681688.0
2015-09-03,230.42019156769584,233.33981571345677,229.6615526086141,232.2593231201172,6507368.0
2015-09-04,230.39722125332815,231.27080598455214,225.2936280962834,228.98338317871094,11404592.0
2015-09-07,230.12133572844678,232.14437763185535,225.29361539847935,226.31663513183594,5381740.0
2015-09-08,226.83389868270334,232.1903667124509,224.6039487901629,230.822509765625,7444488.0
2015-09-09,233.22488531360077,235.63874563473712,231.0409164516203,233.63868713378906,6553120.0
2015-09-10,230.58114109360028,233.78812986026722,229.0408654604614,232.42027282714844,4463740.0
2015-09-11,233.22489424096304,234.4892973147189,231.45472713141254,232.30532836914062,4301760.0
2015-09-14,231.9259728106775,235.0180154740274,230.6960592236139,234.42030334472656,5060344.0
2015-09-15,234.0180117109547,234.40882999456693,231.7535724381944,232.91453552246094,4332728.0
2015-09-16,234.2364241165288,236.35141441283972,232.54671339516477,235.25942993164062,4254052.0
2015-09-18,237.93763827755214,244.14470710218393,237.05256185403115,241.3285369873047,7841168.0
2015-09-21,238.61583697892067,242.5354977169564,238.24801624425683,242.064208984375,4276688.0
2015-09-22,241.39753723683998,243.68494602387636,235.70772363864097,236.93763732910156,6025212.0
2015-09-23,234.3053730626003,242.17914134204855,234.17893556900924,241.2021026611328,5161152.0
2015-09-24,240.69637290436197,242.30561321986391,238.1675666942875,241.70790100097656,8252836.0
2015-09-28,242.5354560499639,243.68491318764146,239.79974244970765,240.5583953857422,5777108.0
2015-09-29,237.24797101678558,246.88042816580702,235.66171443519391,244.78842163085938,10418840.0
2015-09-30,245.5240986635997,246.67355605434688,243.99531472132102,245.70802307128906,9027796.0
2015-10-01,247.17928243061664,247.57011474383,243.53550846317478,245.44361877441406,5034788.0
2015-10-05,247.63904177325426,253.9840678095128,247.63904177325426,252.50125122070312,8053372.0
2015-10-06,254.48984596006207,254.6967538864352,248.97245092569756,249.65061950683594,4758964.0
2015-10-07,250.12189546943233,252.50126634408034,249.05289462345397,250.06442260742188,4386268.0
2015-10-08,250.14489493549775,250.7426071258955,247.2252845845611,248.9954376220703,3881908.0
2015-10-09,251.73115864464924,251.73115864464924,248.32875367706814,249.69662475585938,3443228.0
2015-10-12,250.05294229333157,251.84610699597127,247.77703917611228,248.40924072265625,2217340.0
2015-10-13,247.25976822262126,248.7770462288209,246.71950084741354,247.44366455078125,1823652.0
2015-10-14,245.7079532733056,249.77702005548556,245.30564330082782,249.3747100830078,2749148.0
2015-10-15,249.593131309244,252.07597014735472,248.512652739891,249.23681640625,3925952.0
2015-10-16,250.58166964615646,253.22542120664343,249.43221244594474,252.89208984375,4843688.0
2015-10-19,252.88059738170423,253.36336381866684,251.57022732953124,252.37484741210938,2654220.0
2015-10-20,252.42083360230276,253.54730741584493,250.85756038396792,251.7081756591797,3851356.0
2015-10-21,252.62769178653213,253.80013243792808,249.43219537604344,251.73110961914062,7273204.0
2015-10-23,252.75411191506393,256.03006466848456,251.96099773677125,254.8346405029297,4467048.0
2015-10-26,256.08758612147216,256.14505898770193,252.19093701626244,253.22544860839844,4887984.0
2015-10-27,251.85754033856156,256.09902554180303,251.85754033856156,255.38636779785156,8984032.0
2015-10-28,254.04157953339347,258.398011654173,254.04157953339347,255.5243682861328,7694760.0
2015-10-29,255.17952025722207,256.2140318258324,252.88060566031015,253.6967315673828,6702368.0
2015-10-30,253.34036505973685,255.63927944321904,250.68510772164706,252.7886199951172,8097460.0
2015-11-02,251.74265743891553,251.93805956961364,247.4781595809306,248.9954376220703,3156552.0
2015-11-03,250.80006716300832,251.04146441164957,248.0988426146229,249.40924072265625,2548592.0
2015-11-04,250.59320014831184,252.44380958534498,247.8804696632069,248.673583984375,2696444.0
2015-11-05,247.93795839248818,248.9724700408574,245.86893509574975,248.24830627441406,3596952.0
2015-11-06,248.44365941684953,250.3517695282286,247.1907623372156,248.48965454101562,5881004.0
2015-11-09,243.22514858116196,245.90338952547626,241.615908467676,244.78842163085938,11429432.0
2015-11-10,243.6964678495214,244.8344194188337,241.94927019957362,242.44354248046875,4402580.0
2015-11-13,241.2480818783012,242.53546832507308,239.31698817668348,241.8572998046875,3940028.0
2015-11-16,241.09861062459342,244.83434595012346,240.2939907083254,243.9032745361328,4734732.0
2015-11-17,244.44356401309517,244.55850972587046,241.66185531359866,243.86883544921875,2567404.0
2015-11-18,244.07575096926095,245.02980613737606,240.53544494847299,241.06417846679688,2446720.0
2015-11-19,242.53546051706695,246.2022176286266,241.2940411729266,245.73095703125,3277680.0
2015-11-20,244.81141731471433,248.34024555472428,243.6849435667741,246.17926025390625,4648160.0
2015-11-23,246.90343157203836,247.2482687669714,243.46656542104176,245.0758056640625,3408280.0
2015-11-24,244.8918749652346,246.78847948855136,244.16771126192924,244.68496704101562,4002252.0
2015-11-26,243.4550508422674,245.29418248224675,241.63890273520343,244.59300231933594,8791484.0
2015-11-27,244.79993471359185,248.78854624394646,243.90335233688796,248.14486694335938,6925072.0
2015-11-30,248.09881901787,248.5126348153479,245.9148504417869,247.76548767089844,5247776.0
2015-12-01,247.60464523698607,249.40928785520967,246.78851920679995,248.9724884033203,1895332.0
2015-12-02,250.58170329417675,251.2023990404699,246.4091674845376,247.77703857421875,2562284.0
2015-12-03,246.55854497289116,248.51262201929637,245.3631208284925,247.53558349609375,3807712.0
2015-12-04,246.8114919834172,246.8114919834172,242.76540747147766,243.43209838867188,5859828.0
2015-12-07,245.57001541373813,246.23670617634326,243.93779186592474,244.13319396972656,5814808.0
2015-12-08,243.9148323689866,244.1217402898952,240.69635201727516,241.21360778808594,4902660.0
2015-12-09,240.71931777965287,242.99524861579053,240.202062047027,240.79977416992188,3890616.0
2015-12-10,240.23655979183823,244.42057286160923,239.61586411610887,243.82286071777344,6514340.0
2015-12-11,243.6849447816588,243.8228740434791,239.5468985495174,240.5469207763672,3033920.0
2015-12-14,239.31701081919758,243.65045924498182,239.1101028917838,242.5469970703125,5878016.0
2015-12-15,242.07569830224955,244.24816129261404,240.3055453517986,243.55848693847656,4557416.0
2015-12-16,244.37458431131782,246.75395494296953,243.53547499907634,245.36312866210938,6842768.0
2015-12-17,246.88045054319466,249.20234873338418,244.83441088658134,248.3402557373047,4878012.0
2015-12-18,249.43222031677757,249.43222031677757,245.63901143638418,246.67352294921875,3172128.0
2015-12-21,246.38615611630823,248.2597770051675,245.76546044013375,247.2252655029297,3097500.0
2015-12-22,247.0183773733288,247.4781603000358,244.6045170081171,245.16773986816406,2429536.0
2015-12-23,246.58155443945356,247.81146803839144,245.788440191771,246.9263916015625,3013968.0
2015-12-24,247.4091618189335,247.45515694567376,245.59304185424634,246.90341186523438,2146352.0
2015-12-28,246.90339606465028,248.25976111557802,245.4665746257266,247.65054321289062,7755428.0
2015-12-29,248.04139965735453,248.24830760071873,246.2827522960706,247.81150817871094,4231612.0
2015-12-30,248.28273621564549,248.73101326420107,246.5700563437695,246.9723663330078,2112560.0
2015-12-31,247.13330909186075,249.40924006259328,247.13330909186075,248.77703857421875,9290008.0
2016-01-01,248.834536795313,250.63917925163472,247.39771508440018,250.29434204101562,3195076.0
2016-01-04,249.20235072870446,249.20235072870446,245.5470707834755,246.09881591796875,5187536.0
2016-01-05,246.029784785625,247.08730776076695,243.99525134504503,244.2366485595703,3160872.0
2016-01-06,242.91481467881343,247.5356273714684,242.91481467881343,245.31716918945312,4165536.0
2016-01-07,243.70795323751307,244.8114435707676,241.31707622407816,242.81137084960938,6055428.0
2016-01-08,244.13324226458082,244.719476754875,243.05276355010952,244.22520446777344,3488356.0
2016-01-11,241.85729556453566,243.91481268387375,240.30552837733856,243.36306762695312,3288912.0
2016-01-12,244.5815529400035,244.5815529400035,239.89176110175882,240.68487548828125,4258736.0
2016-01-13,241.84581563612258,244.31714882822175,238.39744374017025,243.7194366455078,4515148.0
2016-01-14,241.42049917506836,243.08721210020096,238.9721497483241,241.3285369873047,6279184.0
2016-01-15,240.92623446331288,242.6389145041291,238.65030354425284,239.5813751220703,5417260.0
2016-01-18,238.08706898005983,239.42042245808236,234.71915386297783,235.83412170410156,6495388.0
2016-01-19,236.14449305365594,238.52389208040103,235.93761319300154,238.12158203125,6405212.0
2016-01-20,235.63874051499096,254.7197312103512,231.70760226142275,234.0984649658203,9563588.0
2016-01-21,234.71917217474646,237.53534245794003,232.97200275449225,235.178955078125,6300804.0
2016-01-22,235.7996393984889,240.06413684679117,234.96054405917405,236.85716247558594,4236284.0
2016-01-25,239.0756301136712,240.62739758233525,237.48940137382084,239.3515167236328,10143884.0
2016-01-27,241.02969103065354,241.08716389589648,237.47787918380914,238.08709716796875,4039468.0
2016-01-28,238.85718895318638,240.67333681093857,236.78816614223481,237.17897033691406,9951972.0
2016-01-29,237.98361664390842,242.523972759069,237.98361664390842,241.35153198242188,5360184.0
2016-02-01,243.22513140628686,245.29415426324016,242.23658703835287,243.62744140625,4609484.0
2016-02-02,244.83437054384882,244.891843400784,241.43196618811905,242.2595977783203,6528628.0
2016-02-03,240.12158774526765,241.70784415291322,239.54685919633212,239.97215270996094,4850244.0
2016-02-04,240.92624414110176,242.51250078858456,240.3630213031543,241.2021026611328,5675992.0
2016-02-05,242.02973370651193,244.5585396974834,240.37449840194128,242.59295654296875,7523904.0
2016-02-08,242.5354835904193,243.22515795133992,236.85717591067478,238.133056640625,3481924.0
2016-02-09,236.02954920959675,237.14454523362556,234.6387227234674,235.88014221191406,5535460.0
2016-02-10,235.38585969924623,236.8226812521729,232.2133464852157,232.86854553222656,7682280.0
2016-02-11,232.19037111415602,232.88004548380204,222.58091103671384,224.213134765625,8803600.0
2016-02-12,225.06374361326857,226.7764378290796,222.07515457652445,223.3165740966797,12542144.0
2016-02-15,225.293637661551,227.19024226431407,223.2475979926523,223.82232666015625,10912960.0
2016-02-16,225.63846522087113,225.75341094946046,221.15558180588692,223.787841796875,7136096.0
2016-02-17,224.5809529230742,225.27062724176747,220.46589054228693,224.1211700439453,7503924.0
2016-02-18,226.67299708367372,227.87992734197928,224.60397378372133,227.46612548828125,6799856.0
2016-02-19,227.3051573651136,228.190233781208,223.79931296580335,227.4315948486328,3328660.0
2016-02-22,225.9832999170354,228.97188882743365,225.9832999170354,227.30517578125,4002396.0
2016-02-23,226.4200914707814,226.55802072621927,222.0751375155026,223.00619506835938,6078320.0
2016-02-24,220.69580851209062,221.36249937955554,217.569290170754,218.304931640625,6463468.0
2016-02-25,219.3164771025418,220.0636244301972,215.68419443900189,216.70721435546875,8463196.0
2016-02-26,218.39689875988756,223.22461967984296,217.2474413979934,220.9257049560547,6209388.0
2016-02-29,220.948634922461,225.89130038027335,213.3392346441798,223.4199676513672,8812752.0
2016-03-01,224.13270670768023,226.8454234316573,223.42003468339274,226.24771118164062,4322560.0
2016-03-02,229.43164220139846,232.39724719714644,228.74196792624394,231.54664611816406,6358976.0
2016-03-03,232.36279171798245,234.48928770946534,232.1903731240784,233.5352325439453,4610400.0
2016-03-04,233.44328184302577,235.6157589089045,228.30519938163508,234.61572265625,5704624.0
2016-03-08,235.40884965509406,235.40884965509406,232.07542356134516,233.14442443847656,1913688.0
2016-03-09,232.88007321955192,236.7652449105283,231.4432514449989,235.59280395507812,6528172.0
2016-03-10,235.5927830251041,235.81116869026474,232.21336167382677,234.7766571044922,2671392.0
2016-03-11,234.4662909642646,236.97211333372027,232.8800343771471,236.48931884765625,4730856.0
2016-03-14,236.3284155154205,238.6158242653281,235.69621401477127,236.2249755859375,3008656.0
2016-03-15,236.30541231736774,237.56981521344355,234.86859084455435,236.02952575683594,7690036.0
2016-03-16,236.0985178072572,237.76523081027824,234.24789445157418,236.89163208007812,4803548.0
2016-03-17,237.9261311410388,238.8572026846598,232.4547317863989,234.12144470214844,5113484.0
2016-03-18,235.16745321567387,237.24796795784943,233.4202698389687,236.4203643798828,4135068.0
2016-03-21,237.4778999288429,240.77683706938367,237.30548131805236,240.37452697753906,5318796.0
2016-03-22,240.58142148527898,242.90331970164922,239.24803974447215,242.2711181640625,4120264.0
2016-03-23,242.08718741485455,242.08718741485455,239.21354447067233,241.236572265625,8464300.0
2016-03-28,240.23656592903956,242.07569753423795,239.466435181947,240.81129455566406,11270868.0
2016-03-29,240.81127055838652,243.56996769127497,240.06412341822923,242.2595977783203,6733952.0
2016-03-30,243.2251871832757,245.96090142296936,242.28263772265518,244.8229217529297,7814380.0
2016-03-31,245.25970072706573,248.0299040705202,244.84591293304223,246.2482452392578,20080392.0
2016-04-01,245.70804301517376,247.45521277834067,242.94934505345967,244.70799255371094,5158648.0
2016-04-04,244.88032224412387,246.6275194356951,244.6044637733056,245.7654266357422,6179960.0
2016-04-05,245.7539512249744,247.57009922734073,242.68490609026804,243.09869384765625,6663028.0
2016-04-06,243.91483942607746,245.28268238996145,242.9378007196111,244.02978515625,4295376.0
2016-04-07,244.6044984326889,244.77691701711043,240.70784964993038,242.65042114257812,3911692.0
2016-04-08,242.5354545933803,244.45504238918977,242.36303602376415,243.5354766845703,2962796.0
2016-04-11,243.7539184698502,246.92640367866582,239.74229578335667,246.20223999023438,4049620.0
2016-04-12,245.89186582521398,246.2137194370618,243.51249515752355,244.3745880126953,4941480.0
2016-04-13,246.4436322347325,249.4207152609072,245.86890361478208,248.68507385253906,4974604.0
2016-04-18,249.08741368222087,251.04149122379803,246.35169951142797,250.07595825195312,4117068.0
2016-04-20,251.01849429930098,252.88060953877468,249.09890619402302,252.38633728027344,3821352.0
2016-04-21,251.7311611469049,254.06456519386506,250.35181231870268,250.84608459472656,8191728.0
2016-04-22,250.46675550523517,253.07601806611024,249.47821096324842,251.0759735107422,7809320.0
2016-04-25,252.88059418680683,252.88059418680683,249.31727672326548,251.32882690429688,5561960.0
2016-04-26,251.7310671554959,256.32889486609855,251.15633869167058,256.06451416015625,7053796.0
2016-04-27,255.14500273943864,258.62786358158786,254.94960063287195,258.4439392089844,5763636.0
2016-04-28,258.4439729584539,261.31761626239916,255.2599817902671,256.08758544921875,8089584.0
2016-04-29,256.05312657043254,261.15670590071744,254.30592897498357,260.3175964355469,5611940.0
2016-05-02,259.26010009213843,259.77735588926305,256.55887537382085,256.9382019042969,3862716.0
2016-05-03,257.91525914978524,260.92683195001536,255.90370868321023,257.0186767578125,4695296.0
2016-05-04,256.9036961610464,260.81185082300414,256.1565489462604,259.1681213378906,5292328.0
2016-05-05,259.31757728334435,260.8693447005984,258.099141271294,260.3061218261719,5214248.0
2016-05-06,260.2371028108606,260.29457566925527,256.8462041655778,257.39794921875,2733152.0
2016-05-09,257.4784791455378,263.21426082633224,257.2485876463007,262.3981628417969,6953180.0
2016-05-10,262.88084414673983,263.80040984554785,261.1796419913614,263.20269775390625,5453000.0
2016-05-11,260.85783756972404,263.2257309157953,259.7083802294804,261.8004150390625,6147372.0
2016-05-12,262.99583307970624,264.83496477956436,260.35208126116027,264.16827392578125,4221688.0
2016-05-13,263.9153963625851,263.9153963625851,259.7773500781543,262.2831726074219,5045316.0
2016-05-16,263.22570065500986,268.0304373974539,260.3635634320077,267.3177795410156,4518768.0
2016-05-17,267.8350679416456,268.8006008890089,264.6740602339493,265.1683044433594,4295424.0
2016-05-18,264.6050482892873,264.6050482892873,260.12216519489886,262.2256774902344,4162644.0
2016-05-19,262.0992405633568,262.69695272996506,260.23712540230275,261.91534423828125,3855796.0
2016-05-20,262.0647588824346,264.03034209270817,260.604953722456,262.2831726074219,2016632.0
2016-05-23,262.5245565151825,264.3636883002193,260.51300612529843,261.3291320800781,3463532.0
2016-05-24,261.70841289985896,262.9153429229248,261.0532279284927,262.0647277832031,3259468.0
2016-05-25,263.52461938395703,270.3408794354994,263.52461938395703,269.731689453125,5767348.0
2016-05-26,270.3753439139487,273.31796586434496,268.11091861688584,272.0190734863281,13705560.0
2016-05-27,272.01907914266076,273.5708465495595,270.51327880413044,272.835205078125,5775184.0
2016-05-30,272.88112938345984,274.7202608367603,270.83509002907925,271.21441650390625,3814532.0
2016-05-31,272.6283061354556,272.6283061354556,270.6742285956593,271.708740234375,5515640.0
2016-06-01,271.9500884351139,271.9500884351139,269.2028967430501,270.1569519042969,5675632.0
2016-06-02,270.05348904859176,271.409854286285,269.20290186479434,270.1109619140625,7910616.0
2016-06-03,271.2948624259447,272.4213360102161,268.754579041828,269.3752746582031,4524420.0
2016-06-06,270.35230362246864,271.8236142887797,268.9844609304979,269.225830078125,5547308.0
2016-06-07,270.5706944753307,271.2718745287287,268.4327211155242,269.82354736328125,5628504.0
2016-06-08,270.306404340303,270.812154354165,266.9039993252849,267.2718200683594,4742812.0
2016-06-09,267.2487906416272,267.63959485223654,264.94987631352717,266.5361328125,4648184.0
2016-06-10,266.30623702704054,269.59366762474065,265.8004590453738,266.9844055175781,6322312.0
2016-06-13,265.46713313948976,267.81201453871944,264.616546059729,265.0418395996094,3323236.0
2016-06-14,265.5246091942999,265.9843920673636,263.05327625158236,264.8004455566406,3828768.0
2016-06-15,265.52466604578206,269.17994628185454,265.1108501462548,268.8695983886719,3045824.0
2016-06-16,268.1798935136876,268.7086270331959,265.6050923275296,267.1683654785156,4727768.0
2016-06-17,268.2833784836989,270.8121849646935,267.950047036375,268.9730529785156,3761652.0
2016-06-20,266.4441501915235,271.0994513488818,266.3981831336546,269.4442443847656,2742764.0
2016-06-21,270.1224689623956,270.2259088955525,266.9499555485618,268.202880859375,2670968.0
2016-06-22,268.053437568772,270.12246067178995,268.053437568772,269.3178405761719,3803840.0
2016-06-23,268.92700140671775,273.9960905131481,268.39823990165854,273.5937805175781,3926732.0
2016-06-24,266.63961214681217,269.40981554683225,263.68551241111186,267.11090087890625,11173964.0
2016-06-27,267.13385582032157,268.74309591562474,265.07633863792347,266.6625671386719,4163788.0
2016-06-28,266.96145001037695,269.68565811802773,264.37517116205254,268.2718200683594,4034980.0
2016-06-29,270.02174132462847,271.0647437589296,268.7933049180397,270.78662109375,5420668.0
2016-06-30,271.4123872189384,273.4983919029439,269.3611549383162,272.6755676269531,16278892.0
2016-07-01,273.4984135536398,274.65730513649424,271.5978426750592,272.2236328125,4304876.0
2016-07-04,273.0812312913972,273.38255445337006,271.50515554137894,271.82965087890625,7249852.0
2016-07-05,271.82967936794296,272.177346917462,269.32646169410265,270.1608581542969,2136328.0
2016-07-07,270.69388796862205,275.5264599674452,269.07143983421855,274.8079528808594,4832616.0
2016-07-08,274.68044548719666,274.7963346320561,271.4703218332398,272.3047180175781,3118868.0
2016-07-11,274.8890977856715,278.57437886994785,273.74180637612693,278.0760498046875,5102532.0
2016-07-12,280.4286369850924,280.4286369850924,277.1026232540962,278.6323547363281,7046032.0
2016-07-13,278.0876446748496,278.5859454372461,276.58108556764506,277.61248779296875,6687072.0
2016-07-14,278.36577998441413,278.6323307279792,276.32611932168146,278.2151184082031,3459668.0
2016-07-15,279.01477001469937,284.16023771640624,276.99828153129795,283.62713623046875,5774216.0
2016-07-18,283.9284617668148,287.0574693046532,283.3837883355456,284.4963073730469,4438484.0
2016-07-19,284.8555602885683,285.2611723557001,281.3441130201767,282.3871154785156,2586004.0
2016-07-20,283.46487981888976,287.0574437086631,283.17515692455316,285.59722900390625,4690332.0
2016-07-21,285.249576730161,287.3819543220522,283.3490057593422,284.7628479003906,9112904.0
2016-07-22,285.8638450119119,286.16516820813973,283.11727700498096,285.2728271484375,5620272.0
2016-07-25,285.782634316507,289.59537590635,284.39196456314204,289.01593017578125,9872884.0
2016-07-26,287.96141051170423,288.7146901042448,286.2810175744983,287.12701416015625,5665992.0
2016-07-27,287.6368946641569,289.1550539750517,285.0873331481974,286.69818115234375,10734736.0
2016-07-28,286.94157520722473,290.0126381082714,286.3737296107477,289.3636474609375,10646528.0
2016-07-29,289.25931430217054,289.72287089560353,286.24619644485625,288.84210205078125,3395676.0
2016-08-01,289.4911052428229,291.7972880785781,284.5426440504448,287.9382019042969,5560864.0
2016-08-02,289.0275513361952,291.2178450390449,287.49782015537545,288.16998291015625,5329396.0
2016-08-03,287.660091510975,289.7113241570145,285.3191359405442,287.5094299316406,4733876.0
2016-08-04,288.9348241639242,288.9579963353579,285.9217062530518,287.6368713378906,4662880.0
2016-08-05,289.1202880233818,291.0324592030428,287.8107348295696,289.549072265625,5784912.0
2016-08-08,290.3950371765487,290.8817659469735,288.4596940338781,289.6301574707031,4728776.0
2016-08-09,290.39503633625566,290.39503633625566,286.87198921719835,289.0738830566406,4210856.0
2016-08-10,288.5640484828767,289.9431183611351,282.7116450899509,284.3688659667969,3619720.0
2016-08-11,284.34569540002934,286.2462665814866,283.233147985892,284.6817626953125,2856072.0
2016-08-12,285.3307430052642,286.2462561509551,282.6305196266467,284.7860412597656,4641496.0
2016-08-16,285.78267297868854,287.0458535249187,281.3325404831827,284.4615478515625,3468568.0
2016-08-17,285.87541597908336,286.82570153359416,284.1602505698476,286.22308349609375,5511036.0
2016-08-18,286.9415521008764,290.8586112575111,286.14192823663564,290.3023376464844,6111656.0
2016-08-19,289.7229441390538,289.7229441390538,287.7412278838402,289.05078125,4110636.0
2016-08-22,288.575613749598,290.75430736162355,287.6369002196543,289.7924499511719,5501292.0
2016-08-23,289.9546405302521,290.6499753996292,288.8073493130792,290.0589294433594,5314524.0
2016-08-24,290.1981077610691,293.0141922082828,289.0392159578513,292.45794677734375,5570936.0
2016-08-25,292.96777025738595,293.61676081259765,290.7195320719194,291.70458984375,8729888.0
2016-08-26,292.0406930828343,292.4810775643876,290.6268509416394,291.3685302734375,2521136.0
2016-08-29,290.99770090307976,290.99770090307976,286.5243677001315,286.9647521972656,2944184.0
2016-08-30,288.58717215015764,294.474346964975,288.32062143128724,294.0455627441406,9867608.0
2016-08-31,294.1267183628283,300.15295530328024,293.3154941593059,299.2721862792969,11161364.0
2016-09-01,298.5304715544876,298.99402818733614,295.6100704261918,297.5338134765625,5224676.0
2016-09-02,297.9510238693963,298.76224797172443,296.9427938580101,297.8583068847656,3955188.0
2016-09-06,299.0056409983722,302.21576515723484,299.0056409983722,301.404541015625,5508884.0
2016-09-07,301.5436250884162,302.47073846301544,297.3947870784334,298.24078369140625,4016444.0
2016-09-08,298.9940723380668,300.21090867897755,297.5106852352578,298.8550109863281,2905380.0
2016-09-09,298.9939834681004,300.03698573601235,296.28218888882816,299.0867004394531,4013768.0
2016-09-12,295.4478119370218,297.69607860746333,294.70613263345973,296.653076171875,3985728.0
2016-09-14,295.5173379372179,295.9808945457469,293.2922718749289,294.23095703125,3849508.0
2016-09-15,294.82204740995047,297.5802153045907,294.3237183221083,296.58355712890625,3501812.0
2016-09-16,297.5570082549377,302.35480799590897,297.5570082549377,300.8134765625,6525816.0
2016-09-19,300.6164844450832,301.89126521952267,298.530479541455,299.02880859375,5894832.0
2016-09-20,299.60825154670596,300.1529249410373,297.61496364976335,298.634765625,3778248.0
2016-09-21,299.45758325705117,300.8482531483378,298.5072978233223,299.6893615722656,4256400.0
2016-09-22,302.47068734019075,305.2404267613699,301.439285202576,302.91107177734375,6555800.0
2016-09-23,302.7140679928177,305.58809635379686,301.65946538278484,304.25537109375,4876808.0
2016-09-26,302.7256469934677,303.3746375829723,299.85159027219885,300.4194641113281,5576772.0
2016-09-27,301.0800413706482,302.7372620376128,300.11815567220697,300.85986328125,4056812.0
2016-09-28,301.2886819655032,301.3118541417861,298.7622922990479,300.2109069824219,4989652.0
2016-09-29,300.83665705182085,302.70248383225294,293.88330749977825,296.0968017578125,16450012.0
2016-09-30,296.0040702560717,296.90801131215926,293.7558319951299,295.0190124511719,4138428.0
2016-10-03,296.9080782630812,298.97091131950106,295.8419034689534,298.3450927734375,3900548.0
2016-10-04,298.66953361314404,300.15292050052284,297.2093471920654,298.8897399902344,2775512.0
2016-10-05,300.8482247221384,301.3233815407325,295.8418192451963,298.0900573730469,3647020.0
2016-10-06,298.32189898585824,300.29201489719253,296.45610030460625,297.12823486328125,2895712.0
2016-10-07,297.60339015363644,298.47255893329077,295.80710800901755,296.8153381347656,3337464.0
2016-10-10,297.8351403259739,298.5073031106518,296.38652583022497,297.6844787597656,4719312.0
2016-10-13,296.444467723169,296.444467723169,291.2178553525787,292.6780700683594,4519356.0
2016-10-14,293.37345998458306,293.89496129603106,290.65006424702125,292.45794677734375,4067116.0
2016-10-17,293.3154577543204,293.52406389655727,285.7247179349178,286.87200927734375,5135360.0
2016-10-18,288.14677014020145,292.0406568826026,287.17331260122586,291.5423278808594,2610968.0
2016-10-19,292.29562400144357,292.73600845349176,289.25933376877094,291.6582336425781,3044904.0
2016-10-20,292.09862768369953,293.76742026984857,289.95467822440634,290.9976806640625,3200356.0
2016-10-21,291.1136213643325,295.04225326528245,289.7229511985793,294.520751953125,3956408.0
2016-10-24,294.7640964130815,295.94616025842663,292.2840795553329,292.863525390625,3255664.0
2016-10-25,293.89491497060567,293.89491497060567,288.3438354254887,289.7924499511719,5501796.0
2016-10-26,288.1815746443159,293.1995810377227,286.2578315233401,287.2428894042969,5366540.0
2016-10-27,287.1733349481335,291.3453446568231,283.7314325971149,290.2096252441406,11623860.0
2016-10-28,290.76589296652804,292.4810581372965,287.4282796086208,291.82049560546875,5320536.0
2016-11-01,291.1135852683095,292.93303951758577,289.039180512242,291.9943542480469,3402416.0
2016-11-02,289.97785780186524,291.0440324420864,287.7527915324357,288.83056640625,6474432.0
2016-11-03,288.5639953601704,292.040670003064,285.4929327589477,290.87017822265625,6315812.0
2016-11-04,290.37190073260626,290.37190073260626,287.81073889005035,288.2626953125,5734920.0
2016-11-07,290.1864439566864,290.8470064811645,287.40510423825174,289.59539794921875,5671392.0
2016-11-08,289.9778663341405,291.5771424881555,287.42830467486414,290.7195739746094,5348164.0
2016-11-09,278.13402417894605,291.4381073274902,277.0562491766014,290.0126647949219,13645468.0
2016-11-10,292.90987918806036,297.37161226372416,290.6732125330377,296.3402099609375,10700736.0
2016-11-11,295.2855770171023,297.13980356038076,293.3386334880095,295.7027893066406,7139320.0
2016-11-15,296.0968094191292,298.76226014971235,289.873567067679,290.8238525390625,12512524.0
2016-11-16,293.8949237839198,293.8949237839198,287.4167307480977,288.4133605957031,8647744.0
2016-11-17,287.0110939466605,289.46793838562087,283.9632034971066,285.1336669921875,4815624.0
2016-11-18,286.47804805200917,286.47804805200917,280.26637679312586,280.77630615234375,6879900.0
2016-11-21,282.6536726876957,282.6536726876957,275.4337720686337,277.8326721191406,5552520.0
2016-11-22,279.71006698433536,279.71006698433536,275.66551862672344,277.6820068359375,10017784.0
2016-11-23,278.82931958383887,278.82931958383887,273.7533687058318,274.599365234375,3532692.0
2016-11-24,274.42556423611114,274.9586657542098,269.07149005198,270.1376647949219,15285996.0
2016-11-25,270.9488800693357,276.557904592648,268.39931832360196,275.65399169921875,5969960.0
2016-11-28,273.55635806178367,277.879029323359,273.0580290226353,274.5298156738281,4130180.0
2016-11-29,274.58777947929605,276.4999507243977,272.6872084681328,273.2087097167969,3932644.0
2016-11-30,274.65733218664303,278.5975639564092,273.7533910043399,278.0412902832031,6442840.0
2016-12-01,278.66707381566897,279.96502669481373,276.51152421238777,277.49658203125,4476984.0
2016-12-02,275.58443280625085,278.5859508454181,272.7335480461264,275.60760498046875,4062672.0
2016-12-05,275.25993403421614,277.8906123731355,272.687200276741,277.2879943847656,4551936.0
2016-12-06,276.97514566781956,278.79460017108636,275.8625982005538,276.84765625,2702964.0
2016-12-07,278.562835849739,279.50154959089656,270.48536509572074,273.86932373046875,5628192.0
2016-12-08,275.1209283012209,279.42042843064525,275.1209283012209,278.0181579589844,4309696.0
2016-12-09,277.92536538853034,278.66707295521627,275.3526318105666,277.7399597167969,4387952.0
2016-12-12,276.2797532807847,276.3145256869116,273.7533639721675,274.5298156738281,3425272.0
2016-12-13,273.5564123445115,275.8973681471433,273.1624004455588,274.94708251953125,2526868.0
2016-12-14,275.1208456429815,275.35262394596634,271.96866638103796,272.5017395019531,4314144.0
2016-12-15,269.83633111950024,276.8592261130046,269.69726977466195,272.71038818359375,4941488.0
2016-12-16,272.71034086078214,274.6572842304326,271.5398774271422,274.031494140625,3255828.0
2016-12-19,272.75671741991306,273.3825075187221,271.2965027983588,272.7451171875,3160436.0
2016-12-20,272.57131445834466,274.657319415934,271.57465632797295,273.9388122558594,4189992.0
2016-12-21,274.42549572960803,274.65727401992024,272.3394911167985,273.4983825683594,2658876.0
2016-12-22,272.66404977503555,273.3825569834033,270.80982302143894,271.899169921875,2805716.0
2016-12-23,271.41246249135605,275.6424176070411,271.0184505924033,274.94708251953125,4752516.0
2016-12-26,273.1623629655102,274.91227238635435,271.20381909513094,272.33953857421875,4183864.0
2016-12-27,273.33623512527885,275.097745027503,272.0846263049526,274.7037048339844,4899296.0
2016-12-28,275.793065227215,276.96352892259637,273.73023224680554,275.0629577636719,6507840.0
2016-12-29,274.65729242019495,279.9765932219189,273.8344681171635,279.3392028808594,8100816.0
2016-12-30,278.1340000546493,280.91534005519577,278.12239982067894,279.5710144042969,4066540.0
2017-01-02,280.32434078132,280.4750023818164,276.29141974192936,277.4618835449219,3708656.0
2017-01-03,278.3194499395521,278.5859724035618,274.83117450560707,275.7930603027344,3847500.0
2017-01-04,275.7814846334893,276.279813781764,274.3792424874811,274.77325439453125,6967120.0
2017-01-05,275.5844459909338,276.8592268596891,274.216948127618,274.9354553222656,6776384.0
2017-01-06,275.8393765637236,277.7631479620645,275.39899209134103,276.6622009277344,5525260.0
2017-01-09,277.86748104710256,279.09591767160845,276.31457735341263,277.021484375,4573796.0
2017-01-10,277.2532694976987,282.0279264616719,277.04469160335174,281.4600524902344,5546116.0
2017-01-11,282.19009269578333,286.96472022771485,281.7265360753385,286.0144348144531,9343404.0
2017-01-12,286.2462158203125,288.2626758209366,284.04432185246395,286.2462158203125,2916316.0
2017-01-13,287.1733989970921,287.3356325379794,284.76289830246816,285.6668395996094,3850412.0
2017-01-16,285.8985538144024,289.5954066505998,285.73632030991945,289.17822265625,3765864.0
2017-01-17,289.0275804244755,290.279189077747,286.5359633518507,287.0574645996094,3559612.0
2017-01-18,287.61377009113784,291.1136176381683,287.6021698559356,288.0077819824219,4612888.0
2017-01-19,288.5408342665275,288.5408342665275,286.24622325546494,286.54754638671875,3512412.0
2017-01-20,286.4780263066046,288.56403135252646,285.08735627599,286.55914306640625,13942068.0
2017-01-23,286.47802190096223,289.7229185891608,286.4316775512895,288.48291015625,4793848.0
2017-01-24,289.72289809000006,294.7061319371481,289.54906435114606,293.7906188964844,10261864.0
2017-01-25,294.96107749548554,300.2919787311802,294.38163170899696,299.1330871582031,15636984.0
2017-01-27,301.08003814047584,301.3118164608303,298.5304766165765,299.4344177246094,6852236.0
2017-01-30,299.6777125479494,299.6777125479494,296.80368454181894,297.823486328125,5319628.0
2017-01-31,297.2325628582663,299.61986289662667,295.9809541047322,298.2176208496094,6101040.0
2017-02-01,298.1132273661175,303.6295620240057,296.792102421175,302.6329040527344,10910664.0
2017-02-02,302.6329463147962,302.6329463147962,299.5966559291942,301.010498046875,5971636.0
2017-02-03,301.0800154551317,305.0202466042751,300.5005696979047,303.8729553222656,8005104.0
2017-02-06,304.1627110052838,305.94739281272354,303.9656767919763,304.57989501953125,4310220.0
2017-02-07,305.02028777458116,305.48384444293157,301.99556919629316,302.96905517578125,3411920.0
2017-02-08,303.0617834357381,305.64608932327155,300.8830613548369,302.62139892578125,4940960.0
2017-02-09,303.4905770077197,305.9242496815896,299.5851174706844,300.7671813964844,4465376.0
2017-02-10,300.92937354717344,303.3398737132683,300.8482567945156,302.1462097167969,3296736.0
2017-02-13,303.0617743999842,304.78851168500455,301.1264026607653,303.67596435546875,2795792.0
2017-02-14,304.5567453787899,304.5567453787899,302.23896192841863,303.88458251953125,2446060.0
2017-02-15,304.0931479056105,306.8744876730399,303.03854525982644,306.457275390625,6126940.0
2017-02-16,306.6426925305454,308.96047554287,306.0053022021561,307.7784118652344,5043700.0
2017-02-17,334.9196427352543,337.00564743049114,315.3227761977014,319.1703186035156,402259960.0
2017-02-20,315.496658522044,328.07063320525333,315.0215299108889,326.5988464355469,10566716.0
2017-02-21,325.8919473156982,329.5424561823635,323.8870590096406,328.0938415527344,6260028.0
2017-02-22,327.96634453098574,328.8471135226461,323.29600541487963,324.29266357421875,5296776.0
2017-02-23,325.3704120735184,329.4381045528116,321.4881252715048,323.16851806640625,34494980.0
2017-02-27,322.38049642493723,324.1072337281035,319.5296115463261,323.00628662109375,4681376.0
2017-02-28,322.844059035896,323.62051082488216,320.89711529958777,322.195068359375,2928008.0
2017-03-01,323.6668709292106,323.678471164206,321.3375154488804,322.5543518066406,3481736.0
2017-03-02,323.22647204813603,323.56253929959183,318.98491741480177,319.87725830078125,4601988.0
2017-03-03,320.8970898730043,320.8970898730043,317.30452584770165,319.15875244140625,2492824.0
2017-03-06,319.11244094397694,322.14873164508,318.25484408015427,320.0279541015625,3679124.0
2017-03-07,320.37565496004225,321.5924914140413,318.9733844909876,321.2911682128906,3112876.0
2017-03-08,321.68510248148965,324.304180248748,320.0974268135046,322.6817321777344,3782144.0
2017-03-09,320.23649350358255,324.18829653831295,320.23649350358255,323.1452941894531,3509316.0
2017-03-10,323.33075361962767,326.3438717537174,322.90196938996525,324.5128173828125,5860704.0
2017-03-14,329.61197480481997,330.08713172366186,326.0310107349053,326.9696960449219,7155020.0
2017-03-15,327.02763544928695,329.12524073039856,326.9349467484733,328.3371887207031,4271860.0
2017-03-16,328.68482006290475,329.7857670498432,327.65341788717865,328.510986328125,4980108.0
2017-03-17,328.78917523217467,330.86358005602983,327.4680217193959,330.48114013671875,3390464.0
2017-03-20,330.66651790210443,333.72598014987915,330.5042561158856,332.8568115234375,8142344.0
2017-03-21,332.3701394038865,334.919701142689,332.3701394038865,333.9809875488281,5557280.0
2017-03-22,330.9099037112186,333.0654534537947,330.4695475277537,331.651611328125,5636544.0
2017-03-23,332.4628354666694,332.6018968031979,329.79738472573786,331.651611328125,4922472.0
2017-03-24,332.13834155005776,332.4744088058534,329.58877996104826,330.1334533691406,3810364.0
2017-03-27,330.05240525318385,330.05240525318385,325.42843799970007,326.7727355957031,5864084.0
2017-03-28,328.73124411275376,330.21460291359375,327.52597972050177,329.1716003417969,8061400.0
2017-03-29,329.31061549870776,332.5555116547746,329.1251815439186,331.11846923828125,8575772.0
2017-03-30,330.97945318958864,343.02032604119444,330.2957184376256,339.8333740234375,34321092.0
2017-03-31,336.9593740942991,337.00571844665944,332.9611975859051,334.35186767578125,9651392.0
2017-04-03,335.15146633433193,336.1017518319543,330.5158997183661,332.1846923828125,4149052.0
2017-04-05,332.6598336848957,335.2673397841503,330.8751519387067,331.9876708984375,5744080.0
2017-04-06,331.7906681998223,334.45611890488544,330.295709339066,333.4131164550781,6124416.0
2017-04-07,331.6863782462778,334.91967451337945,331.11850438274325,333.4942321777344,4648360.0
2017-04-10,334.456109141744,334.456109141744,332.0572092358641,332.4048767089844,3393876.0
2017-04-11,332.37011667869706,334.03890929451086,331.7906708685877,333.6448974609375,4356260.0
2017-04-12,333.52903080633035,336.06699230857646,332.71780661743384,334.6183776855469,3565092.0
2017-04-13,334.4561429808344,335.82364083878315,333.07707318189495,333.8303527832031,4804236.0
2017-04-17,333.830328130022,334.6415522561378,331.03738803566546,333.01910400390625,7137056.0
2017-04-18,333.7608265390449,337.23750181549326,333.2972698355184,335.45281982421875,3638860.0
2017-04-19,335.3832450956209,337.64308382380494,333.2972401157587,335.8468017578125,4338144.0
2017-04-20,336.77390650373485,339.7986249647893,336.76230627017424,338.8946838378906,5781372.0
2017-04-21,339.78701417690996,347.4356986706603,336.8434408557067,346.8794250488281,17258032.0
2017-04-24,347.2270896659944,356.7068284524586,346.97213917695285,355.3277587890625,20206952.0
2017-04-25,355.7913566442022,358.2134290106019,354.52814769923754,356.2549133300781,9057780.0
2017-04-26,357.6223334871443,359.95171682899803,340.35484932503203,359.40704345703125,7795852.0
2017-04-27,358.3525222205943,364.807543986713,358.3525222205943,363.5675354003906,16180420.0
2017-04-28,361.5510565190712,361.5510565190712,356.2664987823718,358.4452209472656,5437728.0
2017-05-02,358.5610541143266,359.4649952035172,354.70193950221574,357.0776672363281,4007040.0
2017-05-03,360.2414551920234,360.2414551920234,356.7879525526034,357.9352722167969,2507964.0
2017-05-04,356.76480070677974,357.6107972847612,352.90568578597674,355.7333984375,5131028.0
2017-05-05,357.4253176599832,357.61075162085683,353.76323742535385,355.1307067871094,2757896.0
2017-05-08,356.4750777892007,356.93863445732717,354.284783849605,355.7333984375,3747252.0
2017-05-09,355.73334366235963,358.2365323088538,355.2350146622048,355.9535217285156,3345836.0
2017-05-10,356.93861896144114,360.4152938214551,356.2548842229393,359.6736145019531,2342244.0
2017-05-11,359.48820228417674,361.5742073264447,357.170418903879,358.4220275878906,3875744.0
2017-05-12,358.3061599742003,360.85572184590677,356.0578929841056,359.6388854980469,6147604.0
2017-05-15,359.25644258007947,360.9252353831492,357.46016036717907,360.04449462890625,2804780.0
2017-05-16,360.4153280597039,362.0377764818376,358.850824224075,361.49310302734375,3590376.0
2017-05-17,361.2960751602737,362.82580649249013,359.60408201974053,360.91363525390625,3472472.0
2017-05-18,359.0246093667623,361.9218382996768,358.8160032249422,360.9020080566406,3107280.0
2017-05-19,361.45827955333016,363.8687796700468,358.15543858915254,361.8638916015625,2854136.0
2017-05-22,362.7562037003014,366.2097059530655,362.2926471104874,365.2825927734375,2860052.0
2017-05-23,366.20983109859316,367.0326556439978,362.73315548689766,363.6834411621094,3080172.0
2017-05-24,363.6717733121744,365.155131880701,362.03772488830384,363.138671875,3467388.0
2017-05-25,363.2197963702765,377.6595968946489,363.2197963702765,374.8203125,20090804.0
2017-05-26,372.38664664231646,378.26222144545665,371.10026563811465,376.8715515136719,5443156.0
2017-05-29,375.4345321900223,381.9706694642827,374.9362031458451,378.2390441894531,5916340.0
2017-05-30,377.7986998374993,378.6099240396044,374.58857543924887,377.5785217285156,4434184.0
2017-05-31,376.6397510025179,380.8117605520843,376.21096679079596,379.23565673828125,5318912.0
2017-06-01,379.884651704221,380.081657609908,375.60835318385034,377.4741516113281,3359540.0
2017-06-02,378.72571631763185,381.5302278973198,376.9178343838839,378.7836608886719,3213544.0
2017-06-05,378.6562399524376,379.87307616420605,376.6397798330938,379.0850524902344,2899900.0
2017-06-06,378.957594763046,380.9972555200513,377.7987030359419,379.87310791015625,5002632.0
2017-06-07,380.2091934060296,381.2521959327689,377.87980977901003,380.3019104003906,2554276.0
2017-06-08,381.0203708034438,384.6129346210388,380.49886960411555,381.2173767089844,4248768.0
2017-06-09,380.13959669263147,387.069773749552,380.13959669263147,386.3280944824219,5305272.0
2017-06-12,385.67911282771536,388.46045258368446,384.7519995757257,386.7800598144531,3971412.0
2017-06-13,385.15763649586484,392.14575874266063,384.983802749891,388.6227111816406,5051620.0
2017-06-14,388.2286998729773,389.3759912806739,386.3744732467183,387.3479309082031,3858360.0
2017-06-15,386.60621987618777,388.3677293680526,383.26860656393023,385.7602233886719,3526692.0
2017-06-16,385.91093814353377,388.1591767361372,384.3116619304142,386.89599609375,3755104.0
2017-06-19,387.3016120938804,393.096070682957,386.6989940592674,392.3775634765625,3825532.0
2017-06-20,391.70535507618655,392.6324683426391,389.352799503913,390.9057312011719,3660264.0
2017-06-21,389.99020687391146,394.31287832581785,389.29487189376306,393.7218322753906,3410932.0
2017-06-22,392.8526656125816,397.7316107328705,391.9834968828332,393.5596008300781,6675460.0
2017-06-23,394.48669454338113,394.6605282806946,388.27502434607896,389.0746765136719,5217468.0
2017-06-27,391.47357737562413,392.8642472774913,383.88283749459885,386.5251159667969,6000432.0
2017-06-28,385.91091150548533,388.22869475777054,384.24211888114104,386.2469787597656,4449036.0
2017-06-29,388.9417683962058,392.4182182130937,385.2320001819597,388.0201721191406,9187708.0
2017-06-30,385.8620426164324,387.3086055337555,383.3421921035905,385.4537353515625,4330432.0
2017-07-03,385.5820534524318,389.05850395160877,384.3338054778336,386.9819641113281,3504332.0
2017-07-04,387.3669218999541,388.87181437509594,385.44204485994527,385.75701904296875,3766080.0
2017-07-05,385.69870637033,387.1919500783323,383.8088327079582,384.68377685546875,4014200.0
2017-07-06,385.57040605233556,388.00857239980814,385.29040683076227,386.8769836425781,4571676.0
2017-07-07,387.5068980621562,389.5484342682471,386.84194625128004,388.98846435546875,5517396.0
2017-07-10,389.175118453025,407.84059176012454,387.55356685197154,391.1233215332031,1309252.0
2017-07-11,391.4033160399042,394.49478501941485,388.9651215295769,392.0682678222656,4410280.0
2017-07-12,391.974984026487,393.1415762408515,386.97031481936517,392.2666320800781,5738892.0
2017-07-13,393.8415087920641,395.07810786027517,391.89330560299857,392.8032531738281,4481004.0
2017-07-14,392.8849122460995,393.3865525697522,390.1084172167866,391.9632873535156,2443252.0
2017-07-17,392.5699351692097,393.7598534640804,391.2750064922527,392.52325439453125,2399340.0
2017-07-18,391.9049544357154,393.80650533140647,391.35666182292505,392.8032531738281,2322188.0
2017-07-19,393.14155167859474,395.7547066830075,392.406592933212,394.84478759765625,3987244.0
2017-07-20,395.21809595051076,400.14110914815274,393.87651497231724,399.18450927734375,3698476.0
2017-07-21,399.9311486044756,400.1994705176604,396.6413641626717,397.3529968261719,3873508.0
2017-07-24,398.9745235293327,405.97407657370695,395.4747470071456,404.830810546875,19678176.0
2017-07-25,410.4071007499502,410.4071007499502,404.35249914389453,405.89239501953125,11160468.0
2017-07-26,406.4406671449218,409.4738064519734,404.22414226669173,407.735595703125,3895344.0
2017-07-27,409.70720839287696,419.69324969381654,408.66895265704926,417.5583801269531,17961712.0
2017-07-28,413.4402782750123,416.8233956762469,410.89710156679877,414.95684814453125,9255396.0
2017-07-31,414.7351182202689,417.8732391935725,412.168615913664,416.3333435058594,7369140.0
2017-08-01,415.7384529279435,422.1080576759133,413.48692430567553,419.31988525390625,8516860.0
2017-08-02,421.60636474048823,421.60636474048823,415.7850818328917,418.0249328613281,7397916.0
2017-08-03,417.17332962997256,418.1066032980485,414.00020485476455,415.29510498046875,4256784.0
2017-08-04,414.6068341442034,419.21487295925573,412.0753349724378,417.69830322265625,3545068.0
2017-08-07,416.7067233777797,419.1448896220629,416.4734049436376,417.30169677734375,1918660.0
2017-08-08,418.1299437385314,419.3315393235098,412.0636646886433,414.81683349609375,4035372.0
2017-08-09,413.20689685350607,414.6184846017171,410.255413322588,411.67864990234375,3270056.0
2017-08-10,410.64047097112484,412.04038166761734,408.9722383615535,410.7454528808594,7788444.0
2017-08-11,407.14068124172877,410.17382098736914,403.9092265166629,408.08563232421875,6359836.0
2017-08-14,409.00722604238064,414.12855441692386,407.8406338403202,409.9871520996094,3577084.0
2017-08-16,411.1886955295927,417.59330299406304,407.96891854967566,415.5984191894531,4426832.0
2017-08-17,414.43185936492733,415.5284445883388,409.18219471428085,411.9003601074219,5454868.0
2017-08-18,410.64044293238226,410.8737613658665,406.674029563149,408.80889892578125,3707464.0
2017-08-21,409.2404923175951,410.407084370952,405.55405003648684,406.72064208984375,4009724.0
2017-08-22,408.61054985988176,409.24049818522604,405.2274328566401,407.6072692871094,6609556.0
2017-08-23,408.3072699830784,414.8285089883062,408.3072699830784,413.5452575683594,3360524.0
2017-08-24,414.11690926589864,414.12855809926987,410.4421437967331,411.2237548828125,7878276.0
2017-08-28,411.200408734359,413.241945006819,410.25545769574745,411.1654052734375,1507784.0
2017-08-29,410.4071020746605,410.4071020746605,405.5074152392041,407.4089660644531,4918596.0
2017-08-30,408.762176041971,412.97358472502896,408.3188938490185,412.6352844238281,2694320.0
2017-08-31,413.4402904400139,415.27183456314987,409.8005283423236,414.4785461425781,7303436.0
2017-09-01,415.5401077914852,415.64508968843177,410.897065517441,412.41363525390625,2295172.0
2017-09-04,411.8070265794524,411.8070265794524,407.397302581586,408.5172424316406,3642524.0
2017-09-05,409.9404925907662,411.7837139338395,408.54058197292636,409.5555114746094,3682436.0
2017-09-06,406.8490582165236,411.29378620201544,405.50747709265545,410.6171569824219,5751632.0
2017-09-07,410.66378014659216,414.54853786504833,410.66378014659216,412.168701171875,6946420.0
2017-09-08,413.76694790342094,417.64002850503766,413.2069779231406,417.09173583984375,8311664.0
2017-09-11,418.3399341080733,426.73939736958505,417.68663112856564,425.421142578125,11477676.0
2017-09-12,426.436055491882,429.28255724222385,424.2428851769692,428.1859436035156,6687680.0
2017-09-13,428.1392624549862,431.40572004319864,425.57276006424786,429.73748779296875,4995376.0
2017-09-14,429.3409128940456,432.22238979643777,427.3227027865996,429.1659240722656,8154016.0
2017-09-15,428.37264169815563,432.0590843209572,427.77766830329546,431.39410400390625,3767332.0
2017-09-18,432.46739609315335,435.0105442467473,432.22240034418127,434.0772705078125,4084928.0
2017-09-19,435.11551827971545,435.83879967071306,431.0674494715296,431.5690612792969,4241468.0
2017-09-20,431.1724430945414,434.3105644723983,430.5308174351745,431.3707580566406,3446128.0
2017-09-21,431.1724564608025,431.2891156752129,427.1360362497016,429.0959167480469,7712496.0
2017-09-22,428.09268528648613,429.0609340278938,424.6395609805162,425.5961608886719,8243524.0
2017-09-25,425.21114216890004,425.21114216890004,418.2465930439988,419.9148254394531,10149228.0
2017-09-26,417.41832037834797,419.17985731706574,416.4733694081984,418.1766052246094,11438732.0
2017-09-27,419.0399133847057,421.2797646865022,412.97363401499393,414.4902038574219,7337220.0
2017-09-28,413.90689298459836,419.73985370873305,411.4103971871701,418.8765869140625,27646464.0
2017-09-29,419.9964925801492,425.10617180134466,419.0982223370831,421.3030700683594,6213632.0
2017-10-03,421.83967943526363,424.8728187232384,419.29650310524994,422.0379943847656,4394424.0
2017-10-04,421.816369788857,422.74964345242824,418.4215754451159,419.273193359375,6625104.0
2017-10-05,418.8065742560589,421.13975851375284,418.36326355084645,419.6465148925781,3336196.0
2017-10-06,419.50655796502184,421.0114505207258,418.57328419869253,419.99652099609375,3030660.0
2017-10-09,419.69314936846206,420.6730752560927,417.7565952557038,418.9231872558594,3062492.0
2017-10-10,419.73982165016963,423.46123891543465,418.25825543564804,420.60308837890625,3798180.0
2017-10-11,420.73148423133756,423.5313055599254,417.0800448857198,417.6750183105469,5267440.0
2017-10-12,418.8298944051615,424.9778291399021,417.1733393021696,424.35955810546875,5381560.0
2017-10-13,426.2027780225619,433.16735616095673,425.1061927597559,431.8257751464844,6433464.0
2017-10-16,433.9722638164773,437.06373290011624,429.7725322311566,433.30731201171875,3274544.0
2017-10-17,431.6391380665513,432.5024049501818,429.09596123250253,431.9307861328125,2613288.0
2017-10-18,429.5391881308327,437.47201398441683,429.07255131591603,435.9554443359375,3926720.0
2017-10-19,434.3922501437754,435.1388577028288,429.4575598145947,431.2657775878906,570008.0
2017-10-23,433.9489601650016,436.23546372456025,428.3843212222505,434.74224853515625,4162892.0
2017-10-24,434.6722148750043,438.54529493663097,432.3390306835121,435.6288146972656,11328872.0
2017-10-25,433.9722979745141,434.67225329382785,416.4734149916708,418.8299255371094,21367208.0
2017-10-26,412.5069310522851,422.306303848776,410.1387435968831,418.88818359375,28571464.0
2017-10-27,420.99980529116067,421.7230867700062,415.0735111279895,417.885009765625,7472088.0
2017-10-30,419.56481715010545,423.7062187930441,418.1999101922039,423.472900390625,5422352.0
2017-10-31,422.65634568699295,422.65634568699295,419.7981948536142,421.9563903808594,4682460.0
2017-11-01,423.4962883801349,425.80614659765524,422.773006923261,424.9195251464844,4190612.0
2017-11-02,425.3394783575919,426.92605500123466,423.92789052841323,425.1294860839844,4737944.0
2017-11-03,425.9694856230526,429.3059508728824,425.01288566790237,427.1360778808594,3810488.0
2017-11-06,425.80614697062884,429.3059235210724,425.24617702630695,426.6460876464844,6148244.0
2017-11-07,428.8392725447213,430.4608242339314,424.8145296440704,425.5028076171875,7446376.0
2017-11-08,425.85278217559403,427.81266266144144,424.4062193186311,426.02777099609375,3283144.0
2017-11-09,426.27278487809366,428.1393323761915,424.8962004019956,426.4710998535156,3113308.0
2017-11-10,425.036194246798,428.09268862090835,422.85467251112965,425.106201171875,7744360.0
2017-11-13,425.10620352487064,425.3745254308108,418.8066055582562,423.1346740722656,3335872.0
2017-11-14,423.68296062752665,424.4062420948237,419.9731917375936,420.521484375,4712468.0
2017-11-15,419.50652768495695,420.8247824809962,417.1733434375434,420.031494140625,6148368.0
2017-11-16,420.9064475573039,423.70626871622164,418.8532339815961,421.76971435546875,4012972.0
2017-11-17,426.66947018264,428.90935025595047,423.0413851012776,425.9345397949219,6358772.0
2017-11-20,426.73942866392724,429.23592459056357,426.73942866392724,428.8742980957031,2392424.0
2017-11-21,428.710916165835,431.63907370699684,428.3959419974884,430.7641296386719,2275532.0
2017-11-22,431.56902415103275,433.97221501377004,430.36745720091346,432.86395263671875,5660796.0
2017-11-23,433.7388924194789,433.97221081238877,428.8392061683713,429.9707946777344,3232580.0
2017-11-24,430.0058483342651,433.4589723449685,429.53921149396746,431.9657287597656,5203684.0
2017-11-27,431.4057812946662,434.4389209143691,430.61249292864693,433.4006652832031,3870472.0
2017-11-28,433.0389984338012,436.53877482200545,433.00399497366857,435.22052001953125,5090540.0
2017-11-29,435.13885465103317,437.58869806863953,432.9923365728696,437.0754089355469,3274584.0
2017-11-30,436.0020954382877,437.2270170741103,429.305868554958,432.5023193359375,5796312.0
2017-12-01,432.78236679982143,433.9722851111334,430.26251633248097,431.2191162109375,3858148.0
2017-12-04,432.78235596344297,432.78235596344297,426.99604758100884,427.9293212890625,3641932.0
2017-12-05,426.0394660717009,426.6344394787059,421.60641576755944,424.7445373535156,3893360.0
2017-12-06,424.6278933941459,424.9545449140192,419.7398833545866,420.7431640625,6395120.0
2017-12-07,421.52471517342997,423.8462219827382,420.69642341746993,422.22467041015625,4231304.0
2017-12-08,423.2395888199142,432.3390066611362,423.2395888199142,429.3992004394531,8956400.0
2017-12-11,431.17240652983605,432.047350536593,429.3058593154212,430.7991027832031,3198232.0
2017-12-12,431.42909761249933,431.615763746576,423.6945860622197,424.6162109375,2410588.0
2017-12-13,424.651231929764,430.47251553047926,423.49628857983197,424.95452880859375,2907460.0
2017-12-14,425.5728470949584,429.30594224491415,422.7730257324916,428.8509826660156,3683092.0
2017-12-15,433.0389870480166,440.50517647987897,432.92232783814376,437.1103820800781,12450124.0
2017-12-18,432.8056813160141,443.07169208577403,422.14304061356023,438.3936462402344,12297988.0
2017-12-19,438.59198291970597,441.8234373817977,437.7403649795602,439.6885681152344,4952112.0
2017-12-20,443.0483822130634,444.0283082482149,434.82390737383145,435.87384033203125,9343504.0
2017-12-21,438.6153014398823,439.80521968016706,435.1855035928824,435.9088134765625,6854544.0
2017-12-22,438.405317745445,438.6386361689391,434.38057494017147,437.8570251464844,4470904.0
2017-12-26,438.87192422304025,439.29190874876844,433.20227553196474,435.9204406738281,6785696.0
2017-12-27,436.32878456147665,436.37546533562056,431.9074117630877,433.2139892578125,3489384.0
2017-12-28,433.7156317081951,438.84863712659455,433.5056394266462,438.1836853027344,8700520.0
2017-12-29,437.8920242298332,438.4519656556206,435.8738141905291,436.86541748046875,6345872.0
2018-01-01,436.93544070439526,438.8136655797725,431.7557826161738,432.6890563964844,6580516.0
2018-01-02,433.6340127905395,437.4720898664656,433.6340127905395,436.8537902832031,4776316.0
2018-01-03,437.4720772358851,438.2303621697606,431.91908694300224,432.2574157714844,4531288.0
2018-01-04,432.3390108596568,435.255490965294,432.3390108596568,433.94891357421875,2373776.0
2018-01-05,434.67220947072013,435.8504788652752,432.93399866217055,434.81219482421875,2870868.0
2018-01-08,435.13885038972813,436.4687539823326,433.44729185604155,434.11224365234375,4570308.0
2018-01-09,434.43894132804274,436.27048541128966,432.80571222530574,434.8355712890625,5305528.0
2018-01-10,435.18549737067065,435.8154741815216,433.34230467249125,434.9521789550781,4615888.0
2018-01-11,434.9522199214611,437.70538887726343,433.0973497352986,436.90045166015625,4059096.0
2018-01-12,437.0054027547983,438.2069983198087,433.97226328025886,435.2088623046875,4336708.0
2018-01-15,436.29376586145315,444.33160247821263,433.93725552772156,442.780029296875,12576444.0
2018-01-16,444.109960596822,445.63820772786687,439.86357650207384,443.34002685546875,6445384.0
2018-01-17,442.60500955770834,443.89993808412794,440.27182553262816,441.08843994140625,2905496.0
2018-01-18,448.9046093390382,455.90416145970926,447.5163762276053,451.30780029296875,16649540.0
2018-01-19,451.5061603151383,457.28079139118796,447.7963916245769,455.4842224121094,11455988.0
2018-01-22,457.30411284971063,463.83702874756364,455.70588733523647,458.0857238769531,8849768.0
2018-01-23,458.47071255641987,458.8673424928477,453.40771404435424,455.2742614746094,5047796.0
2018-01-24,455.56588012605795,459.4039566394583,455.1108921305284,456.75579833984375,4790568.0
2018-01-25,455.8808701196716,461.97047523331474,455.087581789182,460.7922058105469,8723668.0
2018-01-29,461.50382638368177,468.2583831275852,461.50382638368177,466.55517578125,8235892.0
2018-01-30,466.12355782901454,467.0801576690488,462.93875565220617,465.5869140625,6397560.0
2018-01-31,464.16363247610485,469.78660024190094,463.6036626176594,467.9667053222656,6943348.0
2018-02-01,468.03676390664475,470.13662974670444,463.2070838670087,464.5719909667969,6521420.0
2018-02-02,463.3704344575165,464.28038209454525,452.98776359479774,454.50433349609375,7346124.0
2018-02-05,447.50477626374203,451.52951942878354,444.66995146863565,446.5364990234375,7926784.0
2018-02-06,433.9722810042046,446.10483939787053,428.4426455903622,442.55841064453125,10749804.0
2018-02-07,444.93828080707715,444.93828080707715,434.532283711511,436.95880126953125,8364972.0
2018-02-08,439.571953700049,442.9783973265265,435.48888088170986,438.8603210449219,5171444.0
2018-02-09,431.1490961420686,435.06882834683466,430.2624747903202,431.52239990234375,6408952.0
2018-02-12,433.9722676990568,440.0385467099038,432.8406790413609,437.8570251464844,4381108.0
2018-02-14,440.9252000338017,442.8150737046766,437.3904199657041,439.3736267089844,3577188.0
2018-02-15,440.90180628203984,442.08007569393885,437.472036905204,439.0819396972656,4915224.0
2018-02-16,439.5485496247011,442.103374771304,437.62367278017126,438.31195068359375,3583520.0
2018-02-19,439.245234633827,440.41182668824666,433.75060314626137,438.2186279296875,3654552.0
2018-02-20,439.7468954521994,440.0035400199082,433.69229379947717,434.7188720703125,4084068.0
2018-02-21,435.82712330088845,435.9671371353378,432.15235825288346,433.3656311035156,2753072.0
2018-02-22,431.639104071597,433.97228841793,429.6675746914474,432.3857116699219,13253596.0
2018-02-23,433.24901155722256,439.770250481816,431.7324417160376,438.7669982910156,4076748.0
2018-02-26,440.528513248387,446.758132294568,439.4669315016969,445.9998474121094,4788884.0
2018-02-27,446.74646737247434,448.3796963953793,443.3050205027817,443.8999938964844,4787328.0
2018-02-28,440.8668983463009,442.2434544467589,438.17205879666216,439.6186218261719,4066364.0
2018-03-01,438.4753167994861,441.741774669809,435.83880726879596,437.32037353515625,3909840.0
2018-03-05,437.2737472327002,438.17201750417627,433.563978448954,436.2937927246094,3781464.0
2018-03-06,436.30544207139684,438.6153001080252,429.18923031568687,430.7641296386719,4576828.0
2018-03-07,429.3058464859556,432.4323186729184,426.62268494541837,427.57928466796875,5628164.0
2018-03-08,429.25928851566823,433.6223320651179,427.4393932436352,432.3040771484375,5518724.0
2018-03-09,432.7940439184612,435.19723532643724,430.2392183042221,431.8841247558594,4108108.0
2018-03-12,434.0189425134606,436.17713804277474,432.43239424012285,435.6638488769531,6557116.0
2018-03-13,435.7104597975932,439.746879742713,432.80565694268876,434.03057861328125,5124200.0
2018-03-14,433.0389797449048,435.8154745893041,431.1724324184181,435.0221862792969,3680392.0
2018-03-15,435.1854968017479,440.3885088551599,435.1854968017479,438.8252868652344,5870924.0
2018-03-16,438.6386478957265,438.8952924721807,430.83415781370024,432.33905029296875,7896336.0
2018-03-19,432.33907861744444,433.972307732567,430.0408976302731,430.99749755859375,7838740.0
2018-03-20,430.4958475861829,433.0156981285685,428.1976666503641,429.18927001953125,3657372.0
2018-03-21,431.17246061214826,434.7188893718679,430.075875378634,433.71563720703125,5921140.0
2018-03-22,433.7156854473437,438.63869919417584,432.8290639181718,435.7805480957031,6673224.0
2018-03-23,430.85749033446916,432.3623828360008,428.6642913662939,429.6675720214844,7190152.0
2018-03-26,429.2826089017404,443.30504162749594,427.7893651705336,441.77679443359375,10501768.0
2018-03-27,441.8584293648424,443.07167374035095,437.7053501510786,441.57843017578125,6136836.0
2018-03-28,439.32690042352505,443.2349838951618,437.7170261366285,440.0618591308594,8837508.0
2018-04-02,441.08848512900124,451.64614392407515,441.08848512900124,450.58453369140625,4596368.0
2018-04-03,448.8930280081926,449.30133530253556,445.871565422557,447.01483154296875,4079884.0
2018-04-04,446.3264572577427,449.12627827962143,438.2769718198413,439.39691162109375,3714108.0
2018-04-05,443.60834688940844,446.57147958821844,441.01848950491245,445.3815612792969,4858892.0
2018-04-06,446.15149542122913,449.4762830857494,444.65828023760565,448.7646789550781,3720008.0
2018-04-09,447.69140903191504,453.1043851447475,447.13143911097467,452.4161071777344,4003536.0
2018-04-10,453.33771726129595,453.33771726129595,446.45482345830663,448.1697082519531,6067236.0
2018-04-11,447.0147555177905,447.9713553198794,444.56491216838486,447.7030334472656,2870812.0
2018-04-12,447.0380795697414,450.9811664480004,444.681569293312,450.0245666503906,4712516.0
2018-04-13,449.83786411830357,452.63768484933036,447.7613247132088,449.1379089355469,3297172.0
2018-04-16,447.97138447070256,454.97093735305725,447.93638101004007,453.1277160644531,2847744.0
2018-04-17,453.4543795019105,455.20426776857596,451.2611805114389,454.6209716796875,2667832.0
2018-04-18,455.20428948047095,455.78758559718096,450.3162794149436,450.9112243652344,2712720.0
2018-04-19,452.63776789995245,453.75770779035105,451.0045388405197,452.4044494628906,3169032.0
2018-04-20,452.87105350566594,457.5374219086095,450.806191183614,456.3475036621094,9361380.0
2018-04-23,461.7372019296158,461.7372019296158,434.0423139441264,451.64617919921875,15304620.0
2018-04-24,451.47113037109375,454.51594706144596,449.3712646484375,451.47113037109375,5037416.0
2018-04-25,449.8146253615098,452.1711359050115,446.10485647594527,448.1463928222656,4020592.0
2018-04-26,447.22482374477244,452.4511343261543,445.92989493336586,450.3629455566406,7847480.0
2018-04-27,451.0045302117673,451.5878262932621,446.22150234351005,448.7646789550781,5777008.0
2018-04-30,450.3045568834583,456.0908651727002,450.0245861680526,453.6410217285156,4609552.0
2018-05-02,454.970920676052,461.5038364601184,454.03764699261393,459.5206298828125,7100048.0
2018-05-03,459.1823423275398,460.7805678585979,454.0376596120957,459.1473388671875,4152772.0
2018-05-04,459.63725334860015,464.30362140290066,458.7739866510547,463.9536437988281,6881436.0
2018-05-07,462.3554643940875,463.67371919671046,460.8038911655579,461.3638610839844,5264128.0
2018-05-08,461.7954784316182,461.94714109943897,456.0441737365857,458.9490051269531,7100564.0
2018-05-09,456.4058331221249,462.0871309546529,456.4058331221249,461.59716796875,4327332.0
2018-05-10,463.9770244004192,466.40354176970897,462.4371284580106,464.9336242675781,7171672.0
2018-05-11,464.9336293986366,470.60327870513663,463.37040729221684,469.37835693359375,6057068.0
2018-05-14,470.64990712665974,473.02977210798286,469.52999579537754,471.7115173339844,4742916.0
2018-05-15,472.9481561108435,481.8025795334971,472.86647187168137,475.4563293457031,9826684.0
2018-05-16,473.76471802299983,478.06943137863766,470.6382455720039,472.0848083496094,6841604.0
2018-05-17,472.2014721559418,477.00782584588853,469.55331382144766,473.1114196777344,6615476.0
2018-05-18,472.39980886447876,472.39980886447876,467.45346959295676,469.4716796875,5217460.0
2018-05-21,470.3933235507182,471.5365896573212,463.3821211841516,465.0153503417969,4848108.0
2018-05-22,466.33355015374906,469.89165632955354,463.2537581678497,464.2803649902344,3960372.0
2018-05-23,463.79036085483307,465.23692364819925,458.0973857819447,459.0539855957031,5726292.0
2018-05-24,458.9606376917431,464.3619645686308,456.4524647892872,463.370361328125,4520744.0
2018-05-25,464.303644060535,470.36992282715505,464.2803179153753,468.66668701171875,4759588.0
2018-05-28,468.4567785483067,478.7694422769754,468.03679396082487,476.48291015625,5103940.0
2018-05-29,475.5029366300366,478.93270598751684,473.3564185735697,474.2430114746094,3351244.0
2018-05-30,471.23323923365706,479.00275463460133,470.4399793271082,477.9178466796875,4866996.0
2018-05-31,493.0982586586364,507.1867803345974,488.4020847666494,502.3614501953125,39639192.0
2018-06-01,496.85519376593544,502.0209850054679,493.33306337534515,495.5872497558594,21151356.0
2018-06-04,504.8386358036733,506.482296478383,478.5283131096614,480.4654846191406,88796324.0
2018-06-05,481.357757243828,485.33775260065056,475.0179233679337,484.5511779785156,17105460.0
2018-06-06,483.75275788744796,484.8329005825765,480.18367795665455,483.0835876464844,9782000.0
2018-06-07,486.80524603490846,488.3550059418528,482.10907337910896,484.22235107421875,10563896.0
2018-06-08,483.47105040743907,483.99936991371237,477.8356423405238,481.2051696777344,6180888.0
2018-06-11,481.8038724201316,484.39851961015336,478.7279133322856,479.54974365234375,7091188.0
2018-06-12,481.80388889191755,481.99174729390575,478.6340004979173,479.9136962890625,5234256.0
2018-06-13,481.8273741443,482.48484986278504,475.2762067456696,477.0020446777344,7897960.0
2018-06-14,476.661580104133,480.1837100063803,475.48753680338393,478.399169921875,16927576.0
2018-06-15,475.7223824786036,478.7514201628533,474.8536018337177,476.56768798828125,10880816.0
2018-06-18,476.68506553807373,478.7279181234205,471.7540835683752,474.1139221191406,7487404.0
2018-06-19,475.47580656644544,479.17404313228633,474.14916050669393,475.1353454589844,10981152.0
2018-06-20,475.7223003114466,483.23617672307853,475.48749167358307,482.8017578125,9051712.0
2018-06-21,483.70585185211553,486.2417969096168,480.6650910933606,483.142333984375,13510704.0
2018-06-22,482.98964632816126,490.4683248413383,481.3225392910942,489.1886291503906,7848980.0
2018-06-25,489.11818394818346,492.581611635528,486.77009738049225,491.9123840332031,6992336.0
2018-06-26,489.8226635116669,493.80265921410205,488.3668611456805,491.6189270019531,9161932.0
2018-06-27,491.45455082564735,497.6769806378211,490.75012480917485,496.05682373046875,19126804.0
2018-06-28,496.6203009362323,502.4905172593556,495.7280165898513,500.342041015625,37533540.0
2018-06-29,498.1935206418693,502.49053056948236,494.29573129586834,495.0823059082031,19458120.0
2018-07-02,495.05885389334014,495.07054846510016,484.46896055399344,486.8170471191406,9864876.0
2018-07-03,486.8170995756668,489.57610158700845,485.02083609030734,486.1009216308594,6863100.0
2018-07-04,487.52147488359344,494.98840165351896,485.81911211759416,493.9317626953125,6097992.0
2018-07-05,494.27226407307603,499.90767230953867,491.3489075156785,498.6749267578125,9735968.0
2018-07-06,496.2212169318068,501.44571029367233,495.76335145075404,496.65557861328125,8121344.0
2018-07-09,498.22877515569695,500.14244279265694,494.91795013907165,499.1210021972656,6182296.0
2018-07-10,500.11897351626595,504.74475027080535,498.96843394030293,503.9933166503906,10950736.0
2018-07-11,503.67632761066994,506.17701690919836,501.2695388456107,504.4277038574219,5857920.0
2018-07-12,505.5195974851419,511.84773743799775,505.30829259814124,508.5838623046875,8020668.0
2018-07-13,509.15906903287544,514.418817346762,507.9146290115367,512.0941772460938,7161188.0
2018-07-16,511.7418946063724,514.2426408594526,508.06716255413056,509.26470947265625,9017336.0
2018-07-17,507.9497430796353,512.1175960507036,507.9497430796353,511.1196594238281,6361924.0
2018-07-18,513.526545609771,521.2752314831695,510.3918270304536,510.9906005859375,17460272.0
2018-07-19,512.5872558398422,515.0527465344452,509.7695521888673,513.315185546875,5304776.0
2018-07-20,513.3152604536332,517.248305707058,509.79313037593937,514.0079345703125,10006964.0
2018-07-23,504.83858409189634,511.4132261172792,502.03263226418625,506.35308837890625,16880132.0
2018-07-24,504.13427139495946,509.3000627180564,504.13427139495946,507.1280822753906,5208792.0
2018-07-25,508.27857959252145,511.1315394130599,507.18674217531776,509.6170349121094,7038616.0
2018-07-26,508.3607497419521,517.3891312686384,508.3607497419521,514.8414916992188,21281092.0
2018-07-27,517.0368510088285,519.384937307219,512.986402144105,517.0838012695312,10554596.0
2018-07-30,516.3442774088621,516.3442774088621,507.04583092880904,509.5113220214844,7169120.0
2018-07-31,507.1866128269098,513.2681330779627,504.85027855253185,511.765380859375,8860944.0
2018-08-01,507.8442693651751,510.70892404859285,505.23786985673473,506.88153076171875,6071560.0
2018-08-02,505.6603835868547,505.7073338474858,498.11130907957795,500.1893310546875,8905704.0
2018-08-03,500.97598941226005,504.1459060780445,496.38546899765464,498.1817321777344,13604008.0
2018-08-06,498.02910846873385,501.8799471029781,494.53048278248724,496.4559020996094,5744632.0
2018-08-07,498.9683507107908,501.1990327492626,494.97660390510447,500.35369873046875,7428456.0
2018-08-08,501.516079561361,505.261266075008,500.8586038740913,501.63348388671875,9945380.0
2018-08-09,502.9601112421543,502.9601112421543,491.84189911119523,497.4421081542969,8944408.0
2018-08-10,498.61617969879643,498.6866337606767,492.62855898661405,496.49114990234375,5442940.0
2018-08-13,489.3412792892311,494.02570089585447,488.4020445881002,491.1375427246094,10054252.0
2018-08-14,492.62856195674306,494.2722225543108,490.09261699808627,490.5387878417969,4935964.0
2018-08-16,489.10644870241555,489.97522929677376,485.20860193680744,487.392333984375,10625160.0
2018-08-17,489.0829579369203,491.46630034357423,486.44136038794585,487.7798156738281,6065328.0
2018-08-20,487.22796996809353,494.8827552219809,487.22796996809353,492.2059020996094,7811136.0
2018-08-21,492.6285196730597,495.9158405860353,491.37227053649883,492.170654296875,7776320.0
2018-08-23,494.27222982426895,494.74184714476706,487.66238896879116,488.3785095214844,12574552.0
2018-08-24,486.2887448269696,491.59544358226884,485.12645340141387,486.01873779296875,9714628.0
2018-08-27,487.69758150919733,490.39788106979233,486.1126230714568,488.5076599121094,12574788.0
2018-08-28,490.2804234388974,492.687211916028,488.120195490543,491.8888854980469,9973532.0
2018-08-29,491.25485856201266,491.7010293604736,486.6995940126993,488.04974365234375,9873692.0
2018-08-30,489.24736582018244,490.2569972361471,484.14027726774924,485.1382141113281,21827460.0
2018-08-31,485.86604855125705,488.1084826306532,483.2949052914213,483.9875793457031,15771500.0
2018-09-03,485.9129818327431,488.15541583376285,484.52763377259936,487.23968505859375,7661608.0
2018-09-04,487.67408906864836,487.9206496299713,481.122950303974,481.7804260253906,7130536.0
2018-09-05,482.2500774990513,483.75283011755516,477.9648190974949,480.3833312988281,5641508.0
2018-09-06,481.1229218840395,483.47100837444475,477.27205430714184,481.8742980957031,10402412.0
2018-09-07,481.59252407075047,483.70580184580496,479.1857354936051,482.9896240234375,5919300.0
2018-09-10,482.5318184789387,482.5318184789387,475.51103348960424,479.27972412109375,8598592.0
2018-09-11,480.4890281884246,480.8881914914845,468.2437494156144,469.7113037109375,18186536.0
2018-09-12,470.0635063871725,474.63052378834703,467.16362489612703,472.39984130859375,12246008.0
2018-09-14,474.2783033736878,478.39920714522356,474.0669698304762,476.56768798828125,10334672.0
2018-09-17,474.61872103583096,475.0061323658206,466.7995817673198,467.7857666015625,9338220.0
2018-09-18,468.4197863797874,471.9301642677093,465.1441884810871,467.08135986328125,9325736.0
2018-09-19,468.4080207771668,469.14767374317864,459.4031149542187,460.54193115234375,16712264.0
2018-09-21,463.48883226720335,469.5821056940648,448.5315030219591,462.63177490234375,22610148.0
2018-09-24,461.9273316970658,463.08962308700353,449.65857933657696,452.1710205078125,13390792.0
2018-09-25,452.1710514202,460.69461773967225,449.65861007720304,458.4404602050781,16682552.0
2018-09-26,460.9176451667265,464.4515269457104,459.12138185806106,462.150390625,14726724.0
2018-09-27,462.43219238398564,466.3300105055273,459.08616889470886,464.01715087890625,18352208.0
2018-09-28,465.0737875327995,473.2451118675505,464.2519572062397,471.0379333496094,14460716.0
2018-10-01,471.91846487224274,479.4792923957831,469.1007609012587,477.9412841796875,12449588.0
2018-10-03,476.7672268493777,481.87431514672244,471.2609752998059,476.9316101074219,15332148.0
2018-10-04,471.4957904681714,473.79692680723684,456.23322752970967,459.6966552734375,17970584.0
2018-10-05,458.804350792834,467.2692141014966,455.564008616562,461.4694519042969,15729180.0
2018-10-08,461.39908527286013,462.3383200520415,453.1807809550229,456.7029113769531,20128020.0
2018-10-09,456.56199268080974,461.3990456455287,453.1807420335218,455.6697082519531,12459364.0
2018-10-10,456.7028519829452,465.4494747265775,454.4721696724887,461.90386962890625,15939932.0
2018-10-11,452.00666163802475,457.4777147740267,450.2690718554584,454.9535217285156,14359904.0
2018-10-12,456.7028664827261,468.936392546365,455.9984404675856,465.3555603027344,9600320.0
2018-10-15,467.26926033678166,472.1532922115992,462.6435409333883,471.507568359375,12585968.0
2018-10-16,470.3217055502956,473.89078541022445,466.6821716331565,467.9149169921875,9406004.0
2018-10-17,471.04964040966115,472.6698258733057,461.04679736822436,463.6531677246094,7940796.0
2018-10-19,459.9666574895893,465.12069574920235,459.7553239778042,462.0447082519531,9867348.0
2018-10-22,472.90464436342523,474.3134963327304,466.94049862740013,469.3590393066406,20331160.0
2018-10-23,463.2775507996948,469.3591016746057,463.2775507996948,466.0600280761719,19428564.0
2018-10-24,470.5565788009592,471.6836718920969,463.18358076575566,467.7975769042969,18072336.0
2018-10-25,463.41838521848933,470.4626453160439,460.8002628162647,462.29132080078125,29847056.0
2018-10-26,462.29125190557,464.2636215084091,457.64202946879,460.5066833496094,15155712.0
2018-10-29,461.18770117631914,461.38728281239014,445.00937814516374,452.31195068359375,17044280.0
2018-10-30,452.0066857228885,453.6503463982445,445.9721144229201,449.1302795410156,13828704.0
2018-10-31,446.617844648898,450.3395563558483,442.61434533852633,448.8954772949219,23449404.0
2018-11-01,453.1807349588011,453.1807349588011,445.19724014605544,449.0011291503906,19629052.0
2018-11-02,452.24142965507474,460.224923221156,448.9541087749236,457.7476806640625,30092868.0
2018-11-05,457.8534089995868,460.1427934202508,455.05918023045075,459.2857360839844,5705296.0
2018-11-06,459.0509246658972,463.9819064653774,456.22146888235756,457.0668029785156,8485588.0
2018-11-07,460.4598302967307,461.38731313522226,457.8769347672743,459.74365234375,958760.0
2018-11-09,459.8023171667845,460.20150909590456,454.66003032454637,456.7967834472656,10101620.0
2018-11-12,458.2290744305769,460.694565223055,450.1634031421028,451.07916259765625,7907764.0
2018-11-13,450.59776820451305,454.9886781907456,448.06182349453235,452.65234375,13350420.0
2018-11-14,455.18834045534317,460.2249747597689,454.7304463692893,459.6966552734375,26110636.0
2018-11-15,460.6711034535279,464.287162453352,453.46246058661814,463.7823181152344,10392524.0
2018-11-16,465.1559608534531,472.66983806057607,464.92115219073054,470.62701416015625,15813216.0
2018-11-19,472.2002137063884,474.5483002986628,470.06346064005197,472.88116455078125,12286428.0
2018-11-20,472.6698361608857,474.21956759599294,469.394266794337,472.5406799316406,5705168.0
2018-11-21,472.61113703394085,475.24098259750536,470.5565612301664,474.0199890136719,6545604.0
2018-11-22,472.7284888622024,477.83557672151096,469.65250144738957,470.9087219238281,12974552.0
2018-11-26,472.88118457730934,481.8273891401136,472.4467942719754,481.3108215332031,18184436.0
2018-11-27,479.2562633925767,485.5608419970674,479.185809323954,484.6451110839844,12895440.0
2018-11-28,484.87989498009244,492.76948908318366,483.7293554479616,490.5740051269531,13021108.0
2018-11-29,493.3330560275255,501.8800693841869,491.68939520306446,500.3890686035156,31908636.0
2018-11-30,500.14240724302033,501.9152239546169,495.4462344050577,499.7784423828125,13040924.0
2018-12-03,500.37726277446467,502.9601580773831,494.7183510439008,496.2211608886719,10799856.0
2018-12-04,494.36608677699525,495.68103808900366,488.07326109813096,489.7051696777344,8157420.0
2018-12-05,487.93243731946336,494.34272575240243,487.4510680599201,492.9103698730469,11798844.0
2018-12-06,490.6795901555243,493.4855418617039,489.5760010428992,492.40545654296875,11730252.0
2018-12-07,494.6713892764455,497.3247385821171,488.4724636240853,494.88275146484375,9903920.0
2018-12-10,485.091172839859,494.22526382865266,485.091172839859,490.4565734863281,10915056.0
2018-12-11,482.7665460672503,486.3591295922572,477.1311389147143,483.6001281738281,18905780.0
2018-12-12,485.3377227603968,490.7031232893499,483.72931791990663,489.646484375,11370488.0
2018-12-13,491.9241363785556,498.9683960880337,491.0553558129864,493.4034423828125,7064236.0
2018-12-14,494.24872919945005,497.32474559898566,490.29223764466326,492.0885009765625,6158284.0
2018-12-17,494.03735642755623,500.7529061612367,492.86331328015234,500.1893310546875,8437324.0
2018-12-18,498.73360192289687,502.25573187997946,493.70871944799256,501.4221496582031,7413968.0
2018-12-19,500.87033843152136,507.0457598704799,496.279818003692,498.6044006347656,9009896.0
2018-12-20,496.04504150169146,502.5961801237921,493.7204013936671,501.8917541503906,7980476.0
2018-12-21,501.0816788709038,504.6273125563341,495.2232142875157,495.7162780761719,10220308.0
2018-12-24,494.0374317294471,494.0374317294471,487.77980373051804,488.55462646484375,5601488.0
2018-12-26,487.69759555401464,499.4380287642702,485.81912624037375,498.34619140625,7601916.0
2018-12-27,500.8469182908011,502.0679119709213,492.7342668691588,494.2840270996094,11639868.0
2018-12-28,497.17216899920794,501.9622430199572,496.7377500216206,498.4753112792969,9415612.0
2018-12-31,501.7861265881309,501.7861265881309,497.01949913328076,498.19354248046875,5866528.0
2019-01-01,499.5907247023574,505.0735309653175,494.41323855144566,504.3926086425781,6373440.0
2019-01-02,503.14799739973824,504.2515866129729,497.72389453870045,499.79022216796875,8134232.0
2019-01-03,498.78056207790377,499.7315486504346,493.8026297718144,495.86895751953125,12771664.0
2019-01-04,496.67901956990454,499.7902343243313,495.5284800629517,497.1955871582031,7287120.0
2019-01-07,499.6024035817004,501.39872433136287,497.3247709120071,497.9469909667969,5387012.0
2019-01-08,498.26400764091665,498.6162206529154,492.3115848076029,493.8026428222656,8343460.0
2019-01-09,497.324727668682,498.1113595877368,493.7086973385452,497.04296875,8568628.0
2019-01-10,497.0899287679056,498.68663910687155,491.3723150175811,495.09405517578125,7691540.0
2019-01-11,496.33850478726356,498.7335414021781,494.97660323719,495.892333984375,6408040.0
2019-01-14,495.422767141627,495.422767141627,492.73421945891204,493.485595703125,4855160.0
2019-01-15,494.2839869444297,499.3206212947151,493.5678090578374,498.240478515625,5087556.0
2019-01-16,497.8061407407654,498.9684322117089,495.0353869225107,497.8413391113281,5252452.0
2019-01-17,499.0271130885557,501.52780242923404,496.232912917923,500.6825256347656,8240228.0
2019-01-18,501.3163907208111,502.2556251764941,496.514566031396,500.2010498046875,5207976.0
2019-01-21,502.47881615648697,508.7129979871169,499.32065092065733,504.40423583984375,17561512.0
2019-01-22,503.8993676531204,504.08722604015855,499.91937246334453,501.5160827636719,8796976.0
2019-01-23,501.08160798509414,501.51602687381165,493.4385757419872,494.3660583496094,7624288.0
2019-01-24,495.446231808925,498.18172954217283,492.60502432631404,493.62646484375,10111572.0
2019-01-25,491.4545400634067,495.4462874026699,490.75011406236024,492.1589660644531,11262236.0
2019-01-28,490.7500878854749,493.57954363735365,487.6388732134737,489.3764343261719,15360436.0
2019-01-29,487.9911100056597,489.106451168911,482.0621911904821,483.142333984375,14762788.0
2019-01-30,483.0601139646413,483.0601139646413,476.1919606855232,477.7651672363281,18514160.0
2019-01-31,476.89641619642055,490.6914257737419,474.7831381335117,488.3902893066406,16579404.0
2019-02-01,488.39022215622003,497.08989378431465,487.6036476034212,490.855712890625,15654188.0
2019-02-04,491.92413549231185,496.1506913103842,489.0242256532682,494.24871826171875,7938288.0
2019-02-05,494.97673478075035,497.5596304556025,492.3938391058983,496.3973388671875,8690288.0
2019-02-06,496.9138429165516,499.43803609380046,496.2916228778102,498.4165954589844,10875684.0
2019-02-07,498.9801701942932,500.1424616328208,494.4718552448418,497.1486511230469,7217308.0
2019-02-08,495.9159060790346,503.65284021287,494.6596567765675,498.4165954589844,12235644.0
2019-02-11,496.22121169892824,503.17151446628924,496.22121169892824,502.40838623046875,7036364.0
2019-02-12,502.020883670549,504.3689701236385,498.92142101773663,500.07196044921875,9772388.0
2019-02-14,502.4905346624277,502.4905346624277,494.41313965259303,495.49322509765625,7441388.0
2019-02-15,494.82408797019195,495.0001944777867,487.97938064587476,493.2508239746094,8416524.0
2019-02-18,494.6948937464669,497.3247392593423,489.81086217893676,490.7265930175781,7138744.0
2019-02-19,490.6797040184521,495.01191284828616,487.9794041055159,489.3530578613281,5268636.0
2019-02-20,490.3979237394512,495.68111899161187,488.8481635349491,495.05889892578125,4892500.0
2019-02-21,493.49733260964746,497.78259051009337,491.5954169236043,496.83160400390625,5261544.0
2019-02-22,497.6534360377441,499.69631717908845,490.53877971576736,491.0905456542969,8890708.0
2019-02-25,491.95938481548524,500.1307383753816,491.95938481548524,499.0623474121094,8140596.0
2019-02-26,495.7397545538738,498.96837344084395,493.35646972420585,495.5988464355469,9607428.0
2019-02-27,496.87865212220333,498.8392701311798,490.3157039002316,491.2784423828125,7030092.0
2019-02-28,491.47806864807086,494.4718793035095,486.8053415429955,487.8267822265625,11645376.0
2019-03-01,489.86955131215547,493.30947514098693,487.69757127637956,489.1886291503906,9352928.0
2019-03-05,490.49178686937597,495.704584981655,486.05392612657954,494.7653503417969,11837276.0
2019-03-06,495.4462801867686,495.5167342511141,490.8792631451005,494.09613037109375,8458044.0
2019-03-07,495.3523742349434,500.1424479893788,491.9241448534031,499.32061767578125,10204852.0
2019-03-08,496.6320159364735,500.1423935716287,495.31706464725676,499.7197265625,7053460.0
2019-03-11,500.6120245268166,503.359274171759,498.31088837094916,499.7784423828125,9224108.0
2019-03-12,504.13418453994956,510.7088269093574,501.78609797944677,509.76959228515625,15097292.0
2019-03-13,510.70883455598266,524.5625454703749,510.02791237377454,522.813232421875,57166348.0
2019-03-14,527.1101793533685,527.7323992963131,519.0679837244925,522.3905029296875,15379864.0
2019-03-15,523.858195555882,530.644143872125,523.1655213748528,529.0239868164062,12763088.0
2019-03-18,531.1137701244236,538.0993288774123,527.6151434610266,531.0081176757812,14358720.0
2019-03-19,532.8982808984978,534.401033468184,528.5543204681729,532.4873657226562,11957992.0
2019-03-20,532.7809343906317,540.0600040098956,530.9142167116051,539.8251953125,11711992.0
2019-03-22,540.059864680348,541.7035251380709,533.2034639505413,534.4596557617188,30403880.0
2019-03-25,530.6676309006491,537.2070757429473,529.0239700969745,535.6690673828125,9199260.0
2019-03-26,534.4009633971294,543.5820041954984,533.6261407424923,542.7249755859375,11786848.0
2019-03-27,544.4155931295608,546.6462752480446,535.1406516895488,539.9307250976562,13885300.0
2019-03-28,539.778233492227,545.9302097671302,537.2070897760112,540.7174682617188,19554328.0
2019-04-01,545.9889149764292,547.5738736587605,541.1401383825003,542.8307495117188,9647076.0
2019-04-02,544.7561232234284,544.7561232234284,536.6434720782605,538.8507080078125,10910496.0
2019-04-03,538.2048802321849,543.8167835219373,537.3008440820696,538.3574829101562,7659452.0
2019-04-04,538.3575262927257,543.1124014022787,535.3637160385626,536.2911987304688,9211552.0
2019-04-05,537.1953328147168,543.2886068591166,535.8334309465172,541.3749389648438,8351180.0
2019-04-08,544.5211584640575,545.4486409944524,535.3871266018939,537.57080078125,6398132.0
2019-04-09,539.2615236644732,540.7642759689412,532.3111652720755,537.0660400390625,10777600.0
2019-04-10,528.3194887685606,536.3029832655077,523.8581241967372,525.3491821289062,108128700.0
2019-04-11,527.1218935733749,531.3719528924851,525.2551763486294,530.0805053710938,8793300.0
2019-04-12,528.8126185686696,533.5322383500043,528.8126185686696,531.9003295898438,9170444.0
2019-04-15,533.0156395917834,538.3927347875293,531.6889936396315,537.4300537109375,10219780.0
2019-04-16,537.934902414806,542.3845151744359,535.4342130500812,541.2457275390625,8273776.0
2019-04-18,543.1123565029128,543.5937256555237,537.2421408035731,538.5687866210938,10614856.0
2019-04-22,545.9301895756782,545.9301895756782,530.9024338196166,532.71044921875,20980420.0
2019-04-23,534.7884604256,537.7118166974003,526.3471007946778,527.2158813476562,15282400.0
2019-04-24,528.3195561700672,536.2795478858267,527.6268819950236,535.3051147460938,12354128.0
2019-04-25,536.9839745272602,539.7782323564232,530.1862743626349,531.4777221679688,18086636.0
2019-04-26,532.0529708894993,536.5378396569926,529.9396927464303,535.5868530273438,11707568.0
2019-04-30,536.5378788277836,544.7561833174872,534.9881184791882,544.1574096679688,12536836.0
2019-05-02,545.5779607516854,554.0662714906894,544.1691086903511,553.1622924804688,17169300.0
2019-05-03,555.1346652111702,558.3750364337064,553.3266498553529,556.0151977539062,12351520.0
2019-05-06,551.3307553234757,552.2464862028912,544.0634384764508,546.740234375,13748092.0
2019-05-07,552.246472505503,553.6788282827391,544.2864817469844,545.3079223632812,9924204.0
2019-05-08,545.3549133852304,545.6484242364069,537.2422619934446,541.7623291015625,12064208.0
2019-05-09,540.0599998337511,540.0599998337511,533.3914558098189,537.9232177734375,9027724.0
2019-05-10,538.0287955543353,545.9065794973313,538.0287955543353,539.238037109375,10594200.0
2019-05-13,539.1324007274973,543.1946017505849,535.3637105106106,537.0543212890625,11071632.0
2019-05-14,539.2850165561116,542.6427917261306,534.3188365247194,537.2186889648438,10494744.0
2019-05-15,539.1206826841227,541.7505282075591,535.8803117149184,536.9369506835938,8956348.0
2019-05-16,535.492961872065,544.5213444096216,535.3638056291235,542.5606689453125,8050136.0
2019-05-17,543.1124725353436,556.3322125798328,542.783763316484,554.6416015625,14758780.0
2019-05-20,565.4192877058159,572.6279025414492,558.8446448255158,571.1369018554688,17699632.0
2019-05-21,572.4634941351707,575.1402898400529,563.4116091264627,564.4095458984375,10325176.0
2019-05-22,566.3232859231374,569.645805510317,562.1906306030819,564.8909301757812,11386660.0
2019-05-23,565.6540527697989,572.9096173156408,544.5447775085488,547.5972900390625,33081996.0
2019-05-24,554.0779088817442,560.2885856366674,549.487388731992,557.2830810546875,13692800.0
2019-05-27,558.5862435883819,568.6830149786518,557.0247890829756,565.5014038085938,12049024.0
2019-05-28,567.415119589704,568.2369498891303,560.5000161069395,567.3446655273438,7364840.0
2019-05-29,565.9358266303697,570.7729080061649,565.9358266303697,567.509033203125,7475216.0
2019-05-30,567.297698440124,574.7880714451217,566.6050243878411,572.8274536132812,9359200.0
2019-05-31,576.8778844044375,578.8033038078225,553.3970201525989,569.4931640625,19785080.0
2019-06-03,569.8806611589381,577.5823972579152,569.3992919040638,576.9484252929688,8480860.0
2019-06-04,576.4552609799813,578.9794540779587,573.1796916343841,575.8212890625,6442988.0
2019-06-06,576.0325633112662,579.9773600595282,566.6754730923387,569.0235595703125,15634924.0
2019-06-07,569.5636402958801,576.2791913398175,565.654098782773,574.7294311523438,7970932.0
2019-06-10,579.9655986614478,579.9655986614478,571.0781258837007,572.9800415039062,7077140.0
2019-06-11,575.6334473766449,577.6058172496859,573.0153536691001,574.905517578125,7103292.0
2019-06-12,574.1071991883874,574.9055257372972,569.0940111442859,569.8923950195312,7308620.0
2019-06-13,571.9821064881531,575.7507967001718,567.2859335950034,574.0366821289062,11107948.0
2019-06-14,573.6258675965989,577.3828065699671,569.4110631511193,571.7826538085938,11956920.0
2019-06-17,571.7591781049204,572.9097177915146,567.6030756266746,568.7066650390625,12810020.0
2019-06-18,567.7672930038977,571.0546139724894,564.4799720353061,567.5911865234375,12419652.0
2019-06-19,569.8806782159634,574.0837307448697,567.4621372963798,570.1976928710938,10744276.0
2019-06-20,573.7417012699987,575.7853973957396,570.4930146823125,573.2691650390625,11171492.0
2019-06-21,573.1864739598666,574.0606544899699,568.3783945203262,570.3984985351562,13250260.0
2019-06-24,569.8668761540858,574.273311168089,569.4061648601266,571.2844848632812,6915000.0
2019-06-25,571.7334634924727,576.848645487942,567.7523223868624,573.8244018554688,8899800.0
2019-06-26,572.8791086099689,583.5820624249767,572.2411964345317,583.0858764648438,10533636.0
2019-06-27,583.2867959280184,589.3706987108626,580.3097951825828,581.7628784179688,19879236.0
2019-06-28,582.1645556265985,584.7635045356458,575.79714233596,577.380126953125,12756844.0
2019-07-01,580.2744309319894,588.0712779274111,578.8686473284337,587.2561645507812,8524160.0
2019-07-02,587.8350149517786,590.0795618336282,582.9206270844641,589.4888916015625,7246828.0
2019-07-03,590.4339833290284,591.4499476980156,586.6536937198789,588.224853515625,7463256.0
2019-07-04,589.4416614761516,590.1740579691856,584.0547373139126,586.8427124023438,7993964.0
2019-07-05,587.1498206429052,589.4770265894634,581.2194688430377,584.149169921875,7583060.0
2019-07-08,584.6573099804474,584.6691349234236,566.3465299883666,569.3117065429688,14607140.0
2019-07-09,567.9531169744108,569.5951687956683,560.6642227376548,562.1172485351562,16482688.0
2019-07-10,562.0227559567246,566.5709169875882,559.069404637982,564.3854370117188,11569148.0
2019-07-11,567.7522984504781,570.3512477983579,566.0157046767904,568.7327880859375,9097596.0
2019-07-12,571.2961337481518,571.2961337481518,563.5111131891433,565.60205078125,8976272.0
2019-07-15,566.0983746794747,567.7522514001575,561.6919976324263,565.8030395507812,8233184.0
2019-07-16,571.296229613895,571.296229613895,562.7905785526459,564.9642333984375,12770568.0
2019-07-17,565.377711569128,569.7841460349224,564.9878922956555,566.44091796875,7759736.0
2019-07-18,567.7522175508764,573.895187861456,567.4922995800656,569.85498046875,10802584.0
2019-07-19,570.5874559202653,571.9341725405675,559.2465872311668,561.290283203125,8939228.0
2019-07-22,554.0486465007414,555.1945697595224,538.9865564306252,542.766845703125,22171296.0
2019-07-23,542.1170340694548,542.1170340694548,529.7247865356197,534.792724609375,27802864.0
2019-07-24,533.197957873672,541.7626752650182,531.839416494355,538.90380859375,17363740.0
2019-07-25,539.8726344855927,547.0669869403489,538.7503609565746,540.1207275390625,19462008.0
2019-07-26,538.2659018799078,541.9162320000765,537.0019023235773,538.0532836914062,12829828.0
2019-07-29,537.1672493173387,537.1672493173387,525.2357125101732,530.2564086914062,9976492.0
2019-07-30,532.7846250429258,536.6121571541547,529.2169532611534,532.1348876953125,10394136.0
2019-07-31,529.2405417121429,535.6197803845661,527.8820001430158,531.9930419921875,13891840.0
2019-08-01,527.8373106620138,530.4183410722914,520.2362032749215,526.1087036132812,18241676.0
2019-08-02,523.5513217893141,526.6296425415806,516.6842985727197,524.3446044921875,27825536.0
2019-08-05,520.2480238284405,520.9465542366927,512.06678342584,516.0330810546875,19822440.0
2019-08-06,513.1323713379744,523.3737073141476,513.1323713379744,518.3655395507812,24890940.0
2019-08-07,518.5786002022879,521.4201267787388,512.6587531680152,517.1578369140625,18750136.0
2019-08-08,520.4730424198932,531.128768948053,516.9211335771734,528.7963256835938,19711600.0
2019-08-09,532.0759215559696,542.0212658841185,530.3710169476325,540.3637084960938,30436112.0
2019-08-13,538.3035443330222,538.3035443330222,521.5622284123144,525.7653198242188,15440068.0
2019-08-14,529.3290782043871,529.3290782043871,521.6688299760862,527.920166015625,14254052.0
2019-08-16,524.2616725731888,528.7607564841602,521.917436186086,527.5057373046875,15247560.0
2019-08-19,530.0631686942667,530.8919473810793,521.3491412250062,522.5686645507812,8498200.0
2019-08-20,523.136890207802,527.5294283348353,522.5686080084531,525.8245239257812,10270592.0
2019-08-21,526.8427485595611,530.7025008644707,524.3090652783917,527.0677490234375,10472712.0
2019-08-22,525.8837748919289,525.8837748919289,513.1442510506022,514.8136596679688,13992044.0
2019-08-23,511.71159769028765,515.5002999406553,506.6442315548242,512.1141357421875,20099616.0
2019-08-26,519.7389861887867,536.6105541023887,513.1324585091314,534.2426147460938,25280244.0
2019-08-27,534.20707062032,538.2088646472811,530.442070507641,535.1423950195312,20660832.0
2019-08-28,532.7862596352718,534.526717874484,527.1861071861758,532.1942749023438,13662588.0
2019-08-29,531.8391831377588,533.6624848926344,525.753590511788,527.3282470703125,14783716.0
2019-08-30,528.879159072258,535.1541972255666,526.1560293076145,527.56494140625,19233320.0
2019-09-03,525.6824862183307,525.9192801310417,520.0349282757688,523.5394897460938,11428676.0
2019-09-04,522.6041876837775,538.4693805133259,520.7098363011448,532.2535400390625,15060704.0
2019-09-05,532.5495777305816,538.090532871578,526.8665230993971,529.2699584960938,17296252.0
2019-09-06,527.576841740472,534.3491708225876,525.9903340748198,531.8154296875,12870004.0
2019-09-09,531.8391081769959,535.3673142208179,524.7589935745563,532.6915893554688,10643404.0
2019-09-11,538.4693878048979,538.4693878048979,530.6906842102223,533.0941772460938,15209116.0
2019-09-12,532.9520784399274,541.9739501576969,532.3482423655698,537.7235107421875,18132300.0
2019-09-13,533.0230449796491,536.9182928976408,529.9447244177942,534.5503540039062,15371340.0
2019-09-16,533.2362149247615,535.781749610595,530.6551842746951,531.4010620117188,11030184.0
2019-09-17,532.2889871447702,532.431086609831,520.4966971190984,523.6342163085938,10656556.0
2019-09-18,525.0431084755679,526.6651119497242,516.2106847387084,518.0458374023438,12959884.0
2019-09-19,520.8993320905264,524.2854970682935,513.3692730727348,521.4439697265625,10623310.0
2019-09-20,524.7353317954808,572.9939447204633,523.504014961774,568.115966796875,46150034.0
2019-09-23,596.5076101596419,607.4711228325581,582.0394779614176,595.4183349609375,41920410.0
2019-09-24,591.9847061618342,597.6440568283388,581.3526839635703,593.7843627929688,23379048.0
2019-09-25,591.9374420908302,591.9374420908302,582.560379903726,587.1068115234375,15608976.0
2019-09-26,587.1541364469159,603.8244027151188,585.5202239647298,588.4328002929688,30671560.0
2019-09-27,591.1560912126836,593.6424276668125,586.1123685578173,589.238037109375,14873170.0
2019-09-30,581.9447487061157,587.2489092784182,576.119595271932,581.3053588867188,18218458.0
2019-10-01,583.2234715307761,594.3527866594592,578.2981460392825,591.4165649414062,18768352.0
2019-10-03,587.225229523867,589.0485889890971,576.0485678633604,579.4584350585938,16298876.0
2019-10-04,585.6623494935137,587.0594103434742,561.3436281460217,563.4273681640625,18403632.0
2019-10-07,568.8737121149742,577.7061372321348,559.3783102451832,562.1014404296875,22513220.0
2019-10-09,566.9319766884739,582.4656805535213,563.5695146757208,581.6369018554688,17427270.0
2019-10-10,578.6295976927835,580.5949408157695,566.9792915533363,568.5658569335938,11556858.0
2019-10-11,574.6514924334763,579.6715119387164,563.0722351431893,567.7371215820312,17186318.0
2019-10-14,572.5675912144648,577.7297092648689,567.0739848626146,570.3890991210938,12267802.0
2019-10-15,571.6204506216349,580.1450306640453,571.5494008924131,579.2215576171875,8400374.0
2019-10-16,583.2944089411139,584.8809164640575,573.0885690152525,578.2980346679688,10586816.0
2019-10-17,581.329008008613,582.4419277448391,574.5093323198743,577.777099609375,12243614.0
2019-10-18,580.3581079726567,584.3362567915518,577.9428219147227,582.0393676757812,11233806.0
2019-10-22,595.2999008800527,595.2999008800527,583.744346293607,586.9174194335938,20006228.0
2019-10-23,590.492927708308,591.8663438692063,583.9337483422535,588.006591796875,10190214.0
2019-10-24,591.0376233528876,593.950200126325,580.7844350714618,585.4019165039062,13107494.0
2019-10-25,587.2488331309754,590.492897784054,577.7770777578952,582.0393676757812,12993542.0
2019-10-27,587.2252406478804,588.1487716564039,584.8810038782007,586.15966796875,1750082.0
2019-10-29,586.3016553422095,595.4655670682729,586.1595558877563,588.4328002929688,14232568.0
2019-10-30,590.5165679677607,597.9992196162357,588.669564208927,591.2032470703125,12011366.0
2019-10-31,595.6313874919168,598.5676667088752,581.1396115333599,582.6787719726562,13217706.0
2019-11-01,586.7753536696891,589.0248959860176,581.3764405482972,587.2726440429688,11512260.0
2019-11-04,590.3035115605496,591.9847714358326,582.0631297909731,585.757080078125,9935176.0
2019-11-05,587.7224666692404,589.5221234546789,582.0631155174988,587.0120849609375,12367810.0
2019-11-06,588.4090527422021,596.2469528078017,581.5894356705652,595.134033203125,12130336.0
2019-11-07,597.1942973156508,601.3144886136432,591.9848308045706,598.4729614257812,16963034.0
2019-11-08,596.2469897310632,600.035691810371,592.6713790193141,594.6367797851562,13251496.0
2019-11-11,593.1924663760677,600.7461692265641,592.2215881890567,598.97021484375,14286610.0
2019-11-13,597.6441038503623,601.4565087824031,593.6896572642707,595.5603637695312,9293496.0
2019-11-14,598.5202419214672,604.7715773095834,595.3945164164026,603.303466796875,11055218.0
2019-11-15,608.0157616503795,608.5603992508233,601.9775164438053,605.1979370117188,9279012.0
2019-11-18,604.7715813107898,605.9318482210083,596.1049020094194,597.6914672851562,9130292.0
2019-11-19,599.2307161006366,603.82449501675,597.2416124892662,602.3563842773438,10570578.0
2019-11-20,602.8772245945202,607.5893997299098,600.0356980057007,603.04296875,11054258.0
2019-11-21,601.574941647184,609.5075378074598,600.6751132070991,607.7789306640625,12019526.0
2019-11-22,607.9210364953358,607.9210364953358,597.6678482963531,598.97021484375,7688010.0
2019-11-25,598.6860657393921,605.9556273541223,598.6860657393921,601.9774780273438,7893556.0
2019-11-26,605.4584191902981,606.0741065761243,600.0121584162208,603.8482666015625,8716002.0
2019-11-27,604.2980091100126,608.9154899789958,602.0247646347251,605.4346313476562,9580666.0
2019-11-28,606.2870636546285,607.6368351005303,597.6677890291662,599.2306518554688,12366040.0
2019-11-29,600.3672694795663,606.1450756971117,592.9319636666191,603.80078125,15567626.0
2019-12-02,603.3271222125159,603.3271222125159,596.05756143599,599.4437255859375,8946204.0
2019-12-03,600.6040648502295,600.9829582398772,593.784446324688,594.5421752929688,6991906.0
2019-12-04,593.1687123793719,595.2525102365593,584.5020326190057,592.7661743164062,11395614.0
2019-12-05,594.6368793688133,596.1286926245755,587.604111518524,589.9010009765625,12772494.0
2019-12-06,591.4874330163,596.7206010947484,586.3963643958487,590.1140747070312,13774650.0
2019-12-09,591.7480196412462,591.9137638268414,586.0886679479555,588.64599609375,8265350.0
2019-12-10,592.4583675755458,593.7133868708223,589.6641878529149,591.7479858398438,9788900.0
2019-12-11,592.0320931939212,593.8790971635698,588.4328375005865,591.3927612304688,11054642.0
2019-12-12,593.4055179530598,601.19601419843,593.4055179530598,598.425537109375,12913148.0
2019-12-13,599.0885828591198,602.5694417190632,596.365452937033,598.5439453125,11775186.0
2019-12-16,601.1012822455773,601.4564730761341,591.1322364768808,595.465576171875,11327576.0
2019-12-17,596.7206646863573,603.7297876816821,594.5184697187642,601.9774780273438,12427354.0
2019-12-18,607.6131642399483,615.1905692499555,603.1851297494278,612.0411987304688,17447172.0
2019-12-19,618.0320846573876,618.2688785595552,609.0812635932508,610.3599853515625,13018376.0
2019-12-20,610.33631822104,615.4747346337728,606.2161272088615,614.101318359375,15026044.0
2019-12-23,615.1905711182808,617.5585101910995,610.3599985341358,616.80078125,10195782.0
2019-12-24,615.0011386627299,616.1851082265389,609.4838289331773,610.5257568359375,7179208.0
2019-12-26,610.7861821418609,611.8044075067481,598.9228420576536,601.6696166992188,14949758.0
2019-12-27,602.4036385569852,605.7187529201134,601.456463024663,603.8244018554688,7092992.0
2019-12-30,607.1395825893263,610.3363003603699,603.374582561169,607.2106323242188,9334190.0
2019-12-31,607.1159397427451,607.1159397427451,600.8172558318032,602.4511108398438,8357056.0
2020-01-01,604.345388393747,606.1923924015477,601.7406554576465,605.5293579101562,3673698.0
2020-01-02,605.7187936863252,609.981083868637,605.7187936863252,609.3890991210938,6137166.0
2020-01-03,607.2342686142049,608.5603376104458,598.4255468849254,600.6987915039062,10855550.0
2020-01-06,596.720662743602,597.5731439576414,585.3545548818191,587.6987915039062,10890186.0
2020-01-07,596.1997455707353,602.143238298382,593.0503748607391,597.0048217773438,14724494.0
2020-01-08,590.5403967229826,597.7389673426164,587.2726865285207,595.4420776367188,11332110.0
2020-01-09,599.0885942510204,604.2033658480826,598.1887658278872,602.1195678710938,9546316.0
2020-01-10,608.1340427397233,609.4601116176075,603.871752817819,607.4710083007812,9214580.0
2020-01-13,607.4710726189669,614.0066076489296,604.2980573544421,609.033935546875,7451568.0
2020-01-14,610.4546733854722,612.1359331976332,605.0084136927392,610.6914672851562,7886290.0
2020-01-15,609.2233645040944,609.9573909159484,603.3982113725496,608.2051391601562,11787448.0
2020-01-16,607.163288419645,611.4018762888768,605.8845666176381,609.8153686523438,7150400.0
2020-01-17,607.0211887708494,608.513001967246,602.3563603023184,605.3162841796875,16918814.0
2020-01-20,617.9610470531414,617.9610470531414,593.1687365718038,594.3053588867188,22178450.0
2020-01-21,591.9848038717975,591.9848038717975,586.4911964540704,589.3090209960938,14984804.0
2020-01-22,591.0612337852921,594.3526456307169,584.5967492247966,587.6513671875,18368310.0
2020-01-23,587.248887040562,590.4929519914465,582.9865967313965,589.5457763671875,11508920.0
2020-01-24,590.0904878830103,593.8791908549719,586.8227200074896,589.40380859375,11831756.0
2020-01-27,584.8808767973225,584.8808767973225,573.869961505389,574.556640625,18888552.0
2020-01-28,577.2088623646235,581.4711527758164,574.5804268199824,579.2926025390625,13412158.0
2020-01-29,580.2871308654205,588.1960236793792,578.8426650097595,585.283447265625,13788350.0
2020-01-30,586.7516319136959,586.7516319136959,576.4510963819321,580.6423950195312,12111984.0
2020-01-31,583.1996118168922,586.2069402792469,577.8954521394406,580.7606811523438,11178268.0
2020-02-03,566.8846145462204,567.3344998460584,557.744346592457,564.8955688476562,13077010.0
2020-02-04,567.3582188812532,584.4073807174176,567.3582188812532,582.4183349609375,20897704.0
2020-02-05,584.8335688880729,591.0375573266558,581.234313274247,589.4510498046875,18020682.0
2020-02-06,589.4510640616896,591.3690599560683,585.9228002816666,587.1541748046875,11827550.0
2020-02-07,590.0904895607375,590.5640774335792,583.2708126296134,588.2908325195312,6815448.0
2020-02-10,588.6458915087595,588.6458915087595,580.6423045001527,587.3909301757812,9219834.0
2020-02-11,588.8118029491535,594.3527577254539,586.3254667116565,587.5330810546875,11613520.0
2020-02-12,589.7115734966399,593.3582346641225,589.1669937125963,591.51123046875,6297930.0
2020-02-13,596.6733008644125,596.6733008644125,584.2179181807978,587.9119262695312,9112140.0
2020-02-14,588.7643573113077,591.2270486728398,575.4092038524705,577.4692993164062,14688858.0
2020-02-17,580.1450206114938,583.9337227869158,575.1486464932532,576.4273681640625,10152690.0
2020-02-18,576.3090515064869,577.0667804849288,569.9629629163823,574.5804443359375,10529116.0
2020-02-19,578.9611110497709,582.513019706518,574.8882673522369,581.1869506835938,10012268.0
2020-02-20,582.5131039288668,582.5131039288668,574.9830449256308,576.40380859375,11123414.0
2020-02-24,572.5439293050475,575.2907615812694,568.3053417555244,573.0175170898438,16568084.0
2020-02-25,570.1997004329769,572.5676393882633,567.3581736866331,568.4474487304688,13886680.0
2020-02-26,567.1214166243225,570.5312258169903,561.5094124980089,567.9501953125,13814786.0
2020-02-27,565.9374182644348,569.489326747266,559.3071890964833,568.0448608398438,20655098.0
2020-02-28,556.7024777583055,561.201562010712,554.1450919894718,557.720703125,24313056.0
2020-03-02,568.4000622917009,568.8500053945262,552.2744321654279,558.6441650390625,14664898.0
2020-03-03,556.4656152795914,561.3672370094275,553.1505009757981,559.68603515625,22369550.0
2020-03-04,558.0522006667385,558.833632138287,536.6223516377066,544.0813598632812,34288870.0
2020-03-05,546.0467512820113,551.7298050681208,541.1924761730429,545.2653198242188,19549708.0
2020-03-06,532.7863223170319,540.3163805679825,521.4202141076019,537.474853515625,23053566.0
2020-03-09,525.6824725647729,529.6606217571953,504.3710209743091,524.40380859375,34420590.0
2020-03-11,523.3144603666055,530.4182765706771,517.1578196564101,527.4820556640625,35538240.0
2020-03-12,509.1069356209674,511.4748748564138,475.2217309428317,483.6752624511719,59000770.0
2020-03-13,464.13972221452224,512.1615082677355,435.32191586076743,506.6442565917969,66342364.0
2020-03-16,490.1633803351871,491.1105559493614,471.2198680517016,473.35101318359375,31986322.0
2020-03-17,477.3764904665349,478.32366604285744,452.1342671386415,461.7954406738281,42676838.0
2020-03-18,466.4840180328291,470.2727207173597,409.6534777648702,415.2891845703125,61181406.0
2020-03-19,401.12886944187676,435.67710547774163,376.502303667405,424.1215515136719,67220048.0
2020-03-20,414.3893115640694,433.1433762737958,390.4968020476459,418.1069641113281,88637464.0
2020-03-23,376.31286067374276,397.2217739590976,362.294673119177,365.39666748046875,50276954.0
2020-03-24,376.62070252521124,383.6061226600706,349.86299150015697,363.5733642578125,61057272.0
2020-03-25,364.8757175147829,410.8137330098405,357.6771773468276,405.746337890625,47228042.0
2020-03-26,412.0687471848041,444.0833008932357,398.2873532998881,426.7499694824219,57043156.0
2020-03-27,447.51682439119236,468.2126182809355,413.0159337363424,428.3365173339844,55235936.0
2020-03-30,416.75730532049823,420.072420249184,392.13073727883244,393.8593444824219,39268444.0
2020-03-31,404.3492849888451,413.7263182768991,396.8666030278932,408.18536376953125,35211092.0
2020-04-01,409.1087563917279,409.1087563917279,388.34194561812984,392.9120788574219,29103504.0
2020-04-03,399.23447692603287,399.70806468039353,383.60608103213127,385.42938232421875,34996280.0
2020-04-07,413.9157401505629,429.68620822188024,400.3474380216403,424.38201904296875,60412638.0
2020-04-08,416.7335819807689,447.54046196793706,410.17437373984075,420.9721984863281,56219352.0
2020-04-09,432.3856797751441,440.86291331760424,421.4931599122434,438.0924072265625,44457146.0
2020-04-13,442.33103680896863,448.3456080798709,419.6935441323949,424.02685546875,34158056.0
2020-04-15,440.67349824915425,440.67349824915425,399.23456101454815,408.848388671875,57978752.0
2020-04-16,409.6534651387446,421.8246779187658,405.50957170526016,416.6388854980469,53854396.0
2020-04-17,433.33283252946575,435.7007715050366,420.1907712150475,431.1069641113281,55883462.0
2020-04-20,450.38196720347804,455.0941712744574,442.804562918246,447.4693908691406,66232986.0
2020-04-21,438.06874645123276,442.33103695724475,430.0177532732101,436.48223876953125,33178006.0
2020-04-22,435.29823900880433,441.85741849282465,429.6862062216211,439.77362060546875,38289354.0
2020-04-23,442.8046029436081,453.93391649352765,432.1725508137539,452.252685546875,40901222.0
2020-04-24,441.8574108639782,453.88655236824343,438.54229631301587,444.2490234375,33284568.0
2020-04-27,447.61152351828474,453.4129741043949,438.684376089416,440.2945861816406,27421072.0
2020-04-28,446.97214154625533,446.97214154625533,436.6479337103437,441.09967041015625,29441436.0
2020-04-29,442.80460969418954,470.1306325655098,442.3783690959177,462.7426452636719,55877778.0
2020-04-30,474.2508593129951,482.5859934672033,469.84646941798604,474.4402770996094,43793134.0
2020-05-04,453.4603310664581,454.64430059926866,434.51681854148853,437.1215515136719,26722324.0
2020-05-05,444.22536178957523,447.06688862405014,430.04140122638694,431.651611328125,29672858.0
2020-05-06,435.22720397595276,449.9084263081122,428.9048181789834,448.2035217285156,33785846.0
2020-05-07,445.4093366633235,446.7353767542662,436.34011851196357,438.0687255859375,21831730.0
2020-05-08,446.11975432207817,447.0432564098975,438.16348422991985,439.9867858886719,20807484.0
2020-05-11,443.75176755695486,451.8027601380309,432.8592481825579,433.7117004394531,28550784.0
2020-05-12,426.7026367214937,430.680786073331,412.5423489795209,426.9631042480469,49568418.0
2020-05-13,450.3820252275569,454.64431568712365,436.69532541185623,439.3237609863281,44346966.0
2020-05-14,425.28184412084346,431.43848551680225,421.4931417233304,423.24542236328125,39554890.0
2020-05-15,421.7299241312722,422.62975248836386,414.3893134361181,420.61700439453125,24349628.0
2020-05-18,420.54595520728026,420.54595520728026,393.69352188084963,396.22723388671875,46649964.0
2020-05-19,407.68803988874686,410.7426869335507,391.2308640881771,393.3857116699219,47460692.0
2020-05-20,396.1325084429772,409.1798461352874,394.1197603572423,405.9120788574219,40014306.0
2020-05-21,407.9722160774846,418.6516151860271,403.6388761454271,407.0723876953125,48478908.0
2020-05-22,402.54965032024086,412.16347736443464,394.52233092393,397.2691345214844,42047432.0
2020-05-26,405.8647717604575,412.8501922779216,401.9576721489945,403.686279296875,38005152.0
2020-05-27,407.2382036862673,430.8702200526852,405.9358370990581,427.9576721191406,56025754.0
2020-05-28,435.7008120888158,449.908447265625,432.83561144259414,447.6589050292969,75488806.0
2020-05-29,447.0669218258737,452.2763880759633,437.334697476126,450.68988037109375,53025166.0
2020-06-01,461.7481162931512,471.21987252480557,457.53317320786255,467.739013671875,39190230.0
2020-06-02,467.2891014144718,475.95575262140204,461.842841558605,474.0614013671875,41623594.0
2020-06-03,483.05954953457444,495.49122911818483,480.90473085451634,484.1251220703125,50546088.0
2020-06-04,486.87196992255116,492.03403078925146,469.3728657021748,474.3929138183594,54275882.0
2020-06-05,475.0559265765521,493.667950866198,474.91385601288056,489.3819580078125,35195984.0
2020-06-08,502.0031012034842,505.152471843992,476.6188050067185,481.1178894042969,49812664.0
2020-06-09,483.05953793177673,486.2562554622076,463.9029063572049,467.5732116699219,61844146.0
2020-06-10,468.8519319748906,473.5167603419333,463.2636015970991,469.7280578613281,36497730.0
2020-06-11,466.4840151026413,468.09422529565535,457.012258450811,458.7171630859375,30897714.0
2020-06-12,439.4894935687484,467.2654305596224,439.4894935687484,465.4184265136719,42644876.0
2020-06-15,458.43300217923496,461.27452905224675,446.5933068750192,449.8373718261719,32009936.0
2020-06-16,461.748117949204,470.72261279198466,450.85559824373564,469.0413818359375,45399970.0
2020-06-17,468.37837623983796,473.0669074428646,460.9193677203461,463.7608947753906,36957838.0
2020-06-18,464.11605003476484,485.38015409345786,460.32734758550146,483.035888671875,40870126.0
2020-06-19,482.088722986111,493.9520919935411,479.34191943493755,489.3819580078125,47877752.0
2020-06-22,492.2708271479766,495.34914792027973,484.85919524719657,487.2034606933594,29694474.0
2020-06-23,492.05768170416377,494.89920825875953,481.4256307312841,493.62054443359375,28830512.0
2020-06-24,496.55686737134437,500.81915807839454,487.8191945462986,488.9794616699219,39429246.0
2020-06-25,483.95939574936546,496.79361386861143,476.90292580142204,487.2034606933594,70646790.0
2020-06-26,493.0049896943048,503.4239231940884,486.8483471717054,500.3218994140625,39969138.0
2020-06-29,491.11061869299635,512.7062138929917,491.11061869299635,509.604248046875,46005956.0
2020-06-30,508.63334256433905,510.7881903709314,500.25086088112084,504.7735900878906,35746130.0
2020-07-01,504.77348901342947,519.0521711600045,502.61869944932215,513.6532592773438,34846718.0
2020-07-02,516.3528763862364,526.2745191114437,513.9375320069659,515.9266357421875,36954496.0
2020-07-03,517.6315213477282,518.9575904554594,506.73900077042003,508.6096496582031,27597254.0
2020-07-06,524.7115459040901,530.3709544341806,520.9465462623243,522.3673095703125,35558216.0
2020-07-07,525.3983071949202,526.4875244282308,517.6551583698904,523.3855590820312,24349850.0
2020-07-08,524.2616979883546,532.7389312253459,523.314522382233,525.8482055664062,30056350.0
2020-07-09,529.4711611519176,535.0121152953822,524.3800922946875,532.7625732421875,20114484.0
2020-07-10,529.4237627937017,530.4182855168448,520.7334390530152,523.36181640625,17562978.0
2020-07-13,525.6351840251527,527.1032948475197,507.35470396011993,511.5932922363281,29922114.0
2020-07-14,503.2344199505109,506.21804642380647,497.26722481493465,501.4584655761719,26612674.0
2020-07-15,506.8336709933505,511.0012670090253,497.3145672016317,498.759033203125,20974394.0
2020-07-16,498.99575076796,504.6077541154426,489.73708701196995,503.210693359375,23662456.0
2020-07-17,501.553210316007,522.8409599731156,501.1980194464601,520.2125244140625,28405738.0
2020-07-20,537.5221669572308,545.9994003595516,532.3837507560095,536.5986938476562,65124096.0
2020-07-21,545.5969274404998,548.3910496179376,537.0486432832329,539.2034912109375,47512422.0
2020-07-22,539.1797013815561,542.0212281345551,529.2580602600719,533.4255981445312,24718012.0
2020-07-23,532.7863031475329,541.7371246026141,528.6424096786076,535.3436889648438,20149122.0
2020-07-24,531.7917220922633,531.7917220922633,521.5385352402088,529.9920654296875,19598440.0
2020-07-27,520.8755063164347,522.3673193800389,509.27260574996956,511.2380065917969,37970094.0
2020-07-28,511.001308830975,518.2945735498025,501.766345418367,514.624267578125,35596450.0
2020-07-29,511.9484623566267,515.5003712073897,499.8956747807778,504.1816101074219,33592086.0
2020-07-30,508.6333376902901,513.2034718863025,495.7043665966615,497.5750732421875,26956266.0
2020-07-31,500.9138114020133,500.9138114020133,483.08324741798464,489.12152099609375,37726696.0
2020-08-03,485.87737777143593,486.3509655689854,470.27268296658633,474.53497314453125,31783542.0
2020-08-04,477.3765326172594,502.50039012196834,475.0085934673722,493.3127746582031,60306168.0
2020-08-05,496.29636937905894,500.01408028854587,483.0596119600508,486.6352233886719,33221360.0
2020-08-06,491.11057166842573,499.63515246884197,486.0195025792882,492.8628234863281,33646888.0
2020-08-07,490.09232405100107,495.9411218281457,483.3436978902163,494.3546142578125,24836784.0
2020-08-10,494.4257025592764,503.89745931328554,494.3310081161424,497.5750732421875,22172854.0
2020-08-11,496.55683522207664,507.2125612998036,496.55683522207664,505.1524658203125,20136148.0
2020-08-12,504.3710889758005,504.8446768527731,496.3200950672666,503.7554016113281,20666432.0
2020-08-13,505.76810816309927,507.37831837353264,500.34555054567113,501.55322265625,19892740.0
2020-08-14,504.7972645640739,504.7972645640739,486.51678643130293,489.90289306640625,20924512.0
2020-08-17,495.84646604229073,495.84646604229073,483.1543177737902,489.09783935546875,19561012.0
2020-08-18,486.8482674681288,502.78450879716246,484.006740615202,500.34552001953125,24040824.0
2020-08-19,504.37099424589417,506.6442387528146,500.2271011006814,505.12872314453125,17715624.0
2020-08-20,499.6114566677705,506.24168626831124,498.2143956977765,501.5295104980469,19216734.0
2020-08-21,504.56048129086855,515.6424479794565,504.1815879057319,514.150634765625,28924302.0
2020-08-24,514.3164355667011,531.8154845363902,514.1506913715862,529.0213623046875,36779740.0
2020-08-25,529.9447567762272,533.7334592375407,523.8828097137209,530.2762451171875,27601738.0
2020-08-26,530.8919371815633,535.983006159888,525.445677344286,529.6842651367188,25190062.0
2020-08-27,533.1651279730452,535.1068262437444,523.9064640600558,526.6769409179688,20645996.0
2020-08-28,526.6059266286294,532.7862704907259,518.5786366109733,527.8135986328125,38696610.0
2020-08-31,534.917488792034,544.0577576301962,521.2781352761166,528.4530029296875,38501166.0
2020-09-01,534.2070987245911,541.5950576766639,524.7353416550061,533.8756103515625,28877884.0
2020-09-02,532.3600482680174,539.4165182338052,530.7498381439231,537.11962890625,19761682.0
2020-09-03,538.5877152462028,542.7079059029746,534.2070281800104,535.5804443359375,19833362.0
2020-09-04,525.6824633183799,532.9757270743686,523.0303831737506,530.0868530273438,23661370.0
2020-09-07,528.6660828453123,530.1815406768401,520.4729908029005,525.9192504882812,17615466.0
2020-09-08,527.5768577194156,529.8501024928822,522.3673914403189,526.8427734375,14624918.0
2020-09-09,521.4202077633379,525.6824982900137,516.8027263594391,519.2890625,15728872.0
2020-09-10,522.3673363118392,523.2434621677486,513.369168233938,516.47119140625,15188088.0
2020-09-11,519.265338707995,523.2434879320994,507.2125518924717,510.83551025390625,20794730.0
2020-09-14,515.2635641186764,518.1050911266838,498.38014625056275,501.0322265625,21650590.0
2020-09-15,505.7917994749095,509.6515518289854,501.10326842319205,506.97576904296875,16505110.0
2020-09-16,506.83366198587436,519.0522508698061,505.9575360808241,517.9393310546875,18710112.0
2020-09-17,513.3691952247481,518.1050734094782,510.52766831390994,513.1797485351562,18318686.0
2020-09-18,517.1578690147392,517.2525634487629,495.94111280255106,500.7243957519531,23481778.0
2020-09-21,499.6351267865274,507.3782757200217,493.2416915148514,496.9356994628906,19842878.0
2020-09-22,499.185268712797,501.1269672278319,487.5586645161511,490.35284423828125,18620678.0
2020-09-23,495.3728894570415,499.63518009290516,489.8555794606369,495.9648742675781,16079828.0
2020-09-24,491.5841803560392,495.8464709371609,485.42753840553,487.98492431640625,19809510.0
2020-09-25,497.26712457064923,498.19059753473636,485.73527472018765,494.42559814453125,20321544.0
2020-09-28,496.7699200515837,501.52950076111574,493.78635147587335,499.2562561035156,16152422.0
2020-09-29,501.05584594475675,506.6915518044461,497.74073165211655,503.210693359375,12644446.0
2020-09-30,502.0031064212992,514.7426307785333,498.21440373132714,510.81182861328125,18813842.0
2020-10-01,516.2580935562258,525.6825031478362,516.2580935562258,524.238037109375,21203080.0
2020-10-05,526.629633942416,536.1013899485746,526.156046142108,527.7425537109375,16940126.0
2020-10-06,537.5457916797883,543.6787298370856,533.3544938987045,541.8317260742188,19371990.0
2020-10-07,542.210692302306,551.6587459363651,538.7534781835764,550.4274291992188,21248778.0
2020-10-08,558.8336375702047,569.7261576245393,550.9483886643206,564.4219970703125,35060674.0
2020-10-09,568.7789683314858,585.8281297469175,564.350933803847,584.1942749023438,44972388.0
2020-10-12,583.247069481048,588.5512296372209,570.9574315684628,574.7698364257812,19220546.0
2020-10-13,574.6514615247294,578.9373965283816,565.9374342386844,567.5712890625,18353952.0
2020-10-14,566.1980055233097,575.0777781551355,556.7025455312693,573.751708984375,22582918.0
2020-10-15,575.0303029100788,576.3563719189317,551.2562176775979,553.7425537109375,28246896.0
2020-10-16,558.8336455446905,569.9629596720636,555.5185306982389,567.99755859375,25822848.0
2020-10-19,584.8809468387893,584.8809468387893,564.8008120814739,569.9866333007812,42359556.0
2020-10-20,571.8572699084973,581.281678713912,571.0995409888332,579.6477661132812,27411978.0
2020-10-21,582.7971833858658,592.4583868682222,578.5822400545762,590.4219360351562,35640752.0
2020-10-22,587.2251180091838,591.9846981063613,579.1978286272638,584.0758056640625,21913060.0
2020-10-23,588.9064295975948,591.250666084375,583.0812765302468,585.2598266601562,15866230.0
2020-10-26,582.4183510706442,588.1960996171958,570.4839027686133,573.467529296875,19571976.0
2020-10-27,580.6186781144091,585.3545564024548,567.2871691713575,583.9811401367188,24317780.0
2020-10-28,581.5657719923105,583.4601230411454,569.0156962937793,572.8517456054688,16571186.0
2020-10-29,568.5895579548477,570.4128596049055,558.1232780908251,562.2434692382812,23060024.0
2020-10-30,560.0413047538221,567.973900810896,557.1050255565358,560.514892578125,11522716.0
2020-11-02,565.629711039602,580.1451921021588,557.6497662859526,575.5277099609375,21926080.0
2020-11-03,580.8318375389686,592.3400462511466,580.3819521733202,591.0139770507812,28164230.0
2020-11-04,592.9319939059985,598.9939415687415,582.5130611057333,595.4893798828125,23404822.0
2020-11-05,599.562178822435,604.2980570121856,593.0976935312227,601.07763671875,21433928.0
2020-11-06,599.6805625400184,620.4000291628225,599.3253716836275,619.287109375,35705724.0
2020-11-09,622.8626667877825,637.4254919967238,622.8626667877825,634.8681640625,26288440.0
2020-11-10,642.6586806298552,660.6550180387974,640.0776500995573,660.0156860351562,41517356.0
2020-11-11,662.9756001906362,670.0320702645637,649.0521067328153,658.2633666992188,36116194.0
2020-11-12,652.3199077601627,657.6004237819327,644.0794677139719,649.6204223632812,27053948.0
2020-11-13,648.2470477549742,648.2470477549742,637.9228098899588,643.5111694335938,22472480.0
2020-11-14,647.7733862084215,651.1594925740694,646.5420117361771,648.6731567382812,1835066.0
2020-11-17,656.2980017294028,668.9901201865498,653.8353104626648,667.0247192382812,31059900.0
2020-11-18,664.4437000382147,672.0211050279592,662.5730513057764,667.1431274414062,18862776.0
2020-11-19,658.1449889263016,662.7624703017743,647.8681560663222,650.8754272460938,20266882.0
2020-11-20,650.070363791555,667.0011291667048,646.4711077495306,664.7515869140625,20405362.0
2020-11-23,670.1267175383426,674.2232634515739,651.3489502514798,660.4655151367188,25246636.0
2020-11-24,666.8116241633022,684.334372809639,663.9937998702551,681.1139526367188,40154400.0
2020-11-25,687.3180076712156,693.5219963829492,661.6021666174429,664.3489990234375,24152602.0
2020-11-26,670.1267941015735,678.1777873875996,656.8663345716484,675.6441040039062,27943126.0
2020-11-27,678.0830833467495,684.8080074601961,670.3872810499112,682.3690185546875,17994580.0
2020-12-01,682.3690104462229,686.2287628068216,675.0994488482569,678.79345703125,17147574.0
2020-12-02,677.7042028299456,678.0830962284707,660.5603460504777,666.3143920898438,17892150.0
2020-12-03,676.7570322500701,678.1777957887336,650.7334032246226,652.2251586914062,37933222.0
2020-12-04,654.0248155752419,663.7096639052261,650.3782122840587,656.2033081054688,26912322.0
2020-12-07,651.1832869841245,653.5275236928608,643.17964084008,649.8809204101562,24316318.0
2020-12-08,651.1832019175762,657.718736450316,646.518373815132,651.7988891601562,19457896.0
2020-12-09,652.1303508775582,667.7824495985499,651.2068778623737,666.4326782226562,22069074.0
2020-12-10,662.0757587301833,663.9701099711853,651.5384299521099,656.3216552734375,19727966.0
2020-12-11,658.3108313387821,660.6550681335584,650.2361351594091,654.8773193359375,21356384.0
2020-12-14,654.9719735588316,657.3399127257109,647.8681560581934,649.8335571289062,17222050.0
2020-12-15,653.9300382066189,660.6312591314887,646.9209158475564,658.9027099609375,21561436.0
2020-12-16,664.9173166786283,670.9792640576541,660.4182322709024,668.09033203125,16832092.0
2020-12-17,671.831637116775,684.3343665170745,665.1540607427205,682.8189086914062,21924478.0
2020-12-18,679.5985574538313,681.824397200528,666.0066094291611,668.398193359375,22995918.0
2020-12-21,671.3107140052659,674.3179850066851,647.2524303718895,650.0703125,23761824.0
2020-12-22,655.8244596437975,655.8244596437975,636.9756406113383,650.283447265625,22851558.0
2020-12-23,647.6313366151035,654.0010695985399,644.5767183346328,651.4910888671875,15467394.0
2020-12-24,658.0028723203482,664.9172423380148,652.130372293053,661.6494750976562,14952188.0
2020-12-28,665.3909284869355,672.9683340782458,664.9173406374786,669.1085815429688,11699194.0
2020-12-29,672.9920220532118,679.48015232617,672.4947316976208,675.904541015625,14495346.0
2020-12-30,681.9191122043819,681.9191122043819,669.1795883098822,678.41455078125,16216726.0
2020-12-31,679.5985460859396,683.8608366188828,674.8863702322585,680.2142333984375,22145750.0
2021-01-01,681.9664673920958,683.3872308658292,672.7788520330828,674.8863525390625,8810938.0
2021-01-04,681.0192736609507,681.0192736609507,662.5493489928165,670.600341796875,15740192.0
2021-01-05,672.1158159334071,677.5857784188031,667.2852432584963,675.667724609375,14386824.0
2021-01-06,679.5985087322957,681.9664477871121,669.2269241099976,672.7551879882812,22134050.0
2021-01-07,678.4145520741395,678.4618992939315,668.9664981906012,670.71875,19894842.0
2021-01-08,678.1778291530658,682.9137078482687,673.9628855521313,678.0120849609375,13768764.0
2021-01-11,686.7022978773078,693.7587675349387,680.2141682562502,687.3889770507812,17331392.0
2021-01-12,687.862529995965,704.5564988055578,686.2760225365455,701.3834838867188,20388156.0
2021-01-13,707.0193244648524,708.9136758960336,692.432795320349,696.4819946289062,16934650.0
2021-01-14,696.7187757202818,704.6987194148936,689.5439082446808,695.5821533203125,12297166.0
2021-01-15,695.7479136170566,696.9555857845563,684.3344577523865,694.587646484375,14165236.0
2021-01-18,696.1267159476713,711.731410769727,694.7532997710615,702.3780517578125,42825632.0
2021-01-19,706.4983792073738,715.8990864870037,694.7533773788126,712.205078125,17360254.0
2021-01-20,710.8553693019672,710.8553693019672,703.7515514874906,706.5930786132812,13346052.0
2021-01-21,706.5930138834698,707.7059336769149,695.2979561553767,698.4473266601562,26333054.0
2021-01-22,695.1795566696569,695.1795566696569,682.0374949646825,683.647705078125,15392364.0
2021-01-25,693.853536512856,701.3835947711163,689.1413606041951,692.7879638671875,20344718.0
2021-01-27,695.2270015102044,697.0740057875922,665.9356029610964,667.5694580078125,23556276.0
2021-01-28,658.2396207030954,663.6385325776972,635.5547560738761,649.5018920898438,42704446.0
2021-01-29,658.9264028315245,667.1668424746923,646.2105814067206,658.5238647460938,28704502.0
2021-02-01,667.8772579391374,702.0939797162,663.496570375984,699.370849609375,26370544.0
2021-02-02,710.8553173311757,747.5583733559366,709.1504127425507,739.0574951171875,42420206.0
2021-02-03,747.7951981441097,749.0738621856243,730.272448092601,745.80615234375,20237254.0
2021-02-04,741.6385402984712,752.0574725376579,730.9591116288991,747.842529296875,24484684.0
2021-02-05,733.1139377693545,766.3834817798823,733.1139377693545,756.6038818359375,27054716.0
2021-02-08,767.2122882010688,772.7295980086683,755.7040807536468,760.2268676757812,17447580.0
2021-02-09,762.4764740964574,771.0010557944302,751.4418535518959,763.3526000976562,18421366.0
2021-02-10,761.6949586277138,764.7732794572811,742.1121138356696,749.0975341796875,19788006.0
2021-02-11,749.215885700542,756.6985959261269,740.7859998925289,744.645751953125,13648618.0
2021-02-12,745.3799133148704,754.1886355811185,744.9536726964518,749.1922607421875,9910106.0
2021-02-15,757.7878518274786,769.5801999926454,756.1776416929837,765.60205078125,10355244.0
2021-02-16,767.7805450141519,777.1576069056083,761.7423003535508,770.3616333007812,13897358.0
2021-02-17,767.2122372237433,768.0647183895073,749.6894885957936,751.3470458984375,12794426.0
2021-02-18,760.5583606487642,760.5583606487642,733.1139687293299,736.0975952148438,14720560.0
2021-02-19,731.6931664576377,740.7860292853279,726.0101127375784,728.8989868164062,17139508.0
2021-02-22,731.7168916782571,745.3798888586701,729.064753611122,733.1139526367188,29451838.0
2021-02-23,735.8371394738815,737.7077884015558,721.1085685500753,724.1868896484375,18239906.0
2021-02-24,722.931841154258,764.3470748323017,718.0775657714667,760.795166015625,14314332.0
2021-02-25,762.3579920072215,774.908069216845,758.6876864081806,760.771484375,20109570.0
2021-02-26,751.6075668233725,752.4836927211386,720.3270684390092,726.6731567382812,27912846.0
2021-03-01,740.6914095593214,744.7406088677005,729.6567893487684,738.276123046875,13536018.0
2021-03-02,746.2322673582679,751.8206264779094,734.53467191637,742.6803588867188,16110038.0
2021-03-03,750.1631036638017,755.8461574794367,741.1649351223799,751.5128173828125,11222410.0
2021-03-04,733.3744250896104,744.0064482821596,728.8989856058892,735.031982421875,16291438.0
2021-03-05,725.0629432827818,731.9773138054445,720.3744123616639,724.58935546875,17445822.0
2021-03-08,730.272425268386,736.4290669859535,716.3015844477521,719.61669921875,15117050.0
2021-03-09,731.6931099609376,741.4963537466908,728.4963924902344,739.9808959960938,15066696.0
2021-03-10,744.4801043633497,745.900867921295,735.0793970504816,736.7843017578125,11055016.0
2021-03-12,757.7405377905536,757.7405377905536,726.9810309590243,734.984619140625,15631204.0
2021-03-15,733.303371388489,733.303371388489,717.6276265503748,723.9500122070312,12230386.0
2021-03-16,725.0156362632634,729.5147207460253,715.1176388389844,716.1358642578125,13722366.0
2021-03-17,721.8662033617888,728.8516234041614,705.7405156649922,708.1795043945312,21064428.0
2021-03-18,715.9463312672258,720.8243085586888,701.4545566632114,706.119384765625,18065540.0
2021-03-19,703.2779062108723,715.6858838559789,698.0921427541265,709.19775390625,21235020.0
2021-03-22,707.9664936714229,707.9664936714229,691.6277127277023,695.7716064453125,14015632.0
2021-03-23,696.1740150663642,713.9098537543666,695.7477745153468,710.4526977539062,19761428.0
2021-03-24,706.0720757291848,713.4363314696999,696.6476667715011,700.3416748046875,16368900.0
2021-03-25,705.7404783853448,708.2742192275458,686.8206699198174,693.024658203125,23964356.0
2021-03-26,707.5401996278873,709.9081387163341,698.0684432741003,706.2615356445312,12021258.0
2021-03-30,713.5310828024924,740.0046528436594,711.1157965428214,735.8133544921875,25607644.0
2021-03-31,733.1139368392285,733.1139368392285,704.698667969491,707.3744506835938,30774506.0
2021-04-01,710.0976484763646,710.0976484763646,693.806214538646,704.1067504882812,35763762.0
2021-04-05,700.9099594168414,703.2778984689253,677.704156706419,686.5128784179688,16006586.0
2021-04-06,691.4381980531808,692.6932173036304,678.4855830970582,682.0848388671875,15075734.0
2021-04-07,681.6349234429235,689.8753046696546,673.2287402423026,685.376220703125,25088180.0
2021-04-08,688.123153205223,691.8645088213298,677.467426469423,678.5567016601562,17613592.0
2021-04-09,675.3362345728195,678.5566548887363,670.1741157477531,673.323486328125,28157816.0
2021-04-12,659.7078551379362,662.54938215217,640.7643417097112,647.4182739257812,22549128.0
2021-04-13,647.8681060041231,666.0775336661652,644.5529914266166,663.1886596679688,18600682.0
2021-04-15,665.3909109555909,680.4036222634213,658.7606812378839,677.2779541015625,34444984.0
2021-04-16,679.5748161245511,684.3343968185246,674.1522587343736,676.5912475585938,15606526.0
2021-04-19,658.2870680749406,671.4054275301584,649.9045868073125,668.8954467773438,24069242.0
2021-04-20,674.8626116817444,675.5256461606865,655.4218094629292,658.9500732421875,23186270.0
2021-04-22,653.5512274824252,675.7151617997141,649.3126393851161,673.6787109375,38485312.0
2021-04-23,667.285193457898,679.4090292715103,663.1175977980581,669.7241821289062,22713528.0
2021-04-26,669.1795392853847,676.7569438349715,664.3252644958056,665.296142578125,30170952.0
2021-04-27,666.4565150269433,682.9136931382856,665.2962478960185,681.350830078125,20592906.0
2021-04-28,680.1904622383832,700.4363402266798,677.7041263450838,699.3944702148438,24103940.0
2021-04-29,703.8461619317026,712.1103036895167,691.9117725521276,697.3580322265625,24078552.0
2021-04-30,684.3344441215665,688.5020403312811,666.5748997239481,668.84814453125,35232902.0
2021-05-03,659.7078363110799,673.394535934582,652.2725306270976,669.8662719726562,22473700.0
2021-05-04,667.7351002247756,673.9154441830442,655.1140315140075,657.505615234375,21486328.0
2021-05-05,663.4965435023666,667.5693872393219,654.3562753461298,664.2542724609375,14421612.0
2021-05-06,666.6222341637894,668.1377499432683,660.6550389228186,663.44921875,11477044.0
2021-05-07,669.1558806243075,674.8389344089317,667.8772166471722,670.0083618164062,12048334.0
2021-05-10,675.8098707886772,677.230634357259,669.0849463551311,672.4237060546875,11060050.0
2021-05-11,661.128612382698,674.4837660986876,660.678727067445,664.7042236328125,14519034.0
2021-05-12,662.9046518558176,667.0958931379954,657.7425322705889,662.7862548828125,13774926.0
2021-05-14,660.3471969061856,662.5020447148758,654.6641427937886,656.7952880859375,10604142.0
2021-05-17,660.726040338843,683.1977586511666,654.1668607756777,682.0848388671875,15120692.0
2021-05-18,690.9409231735007,702.2123363536926,689.0702744188992,699.3471069335938,22165280.0
2021-05-19,696.2688083859091,700.3653547002302,687.9100293890692,690.5857543945312,10130916.0
2021-05-20,690.6568366668654,694.232448095952,676.5202507595741,678.5567016601562,10684184.0
2021-05-21,683.3871869956029,711.2815196347564,683.3871869956029,709.10302734375,19341646.0
2021-05-24,711.9209177142021,720.06660540615,709.6713754829415,715.0939331054688,22146102.0
2021-05-25,715.3543770125982,716.8935373735985,696.41086487721,700.4126586914062,19236974.0
2021-05-26,700.9099392941847,704.2250538719275,696.1740613259808,699.5128784179688,12283990.0
2021-05-27,697.6422519596574,705.172310355068,692.5985297827585,702.1650390625,20439496.0
2021-05-28,706.0721322104973,716.5384120604125,700.3180283108625,712.015625,17750020.0
2021-05-31,710.3817667851011,719.6167297533075,704.4619187285587,717.8881225585938,15661054.0
2021-06-01,719.9955084849281,723.1685234134856,713.8151649737893,715.922607421875,11030162.0
2021-06-02,715.1176501334982,715.2123445786457,707.0666567213992,712.276123046875,10624016.0
2021-06-03,714.1704026204795,722.1976927085534,704.5802496675188,720.1139526367188,10287260.0
2021-06-04,717.959185353156,720.1613804324387,710.0028862960756,710.8316650390625,9424476.0
2021-06-07,715.1175968039121,717.0119480537238,708.4873674295712,710.3106689453125,8091668.0
2021-06-08,708.7479282364206,710.9974705499297,701.6204078871059,702.3544921875,9872540.0
2021-06-09,702.7570287371487,711.3289573399608,697.1450242244664,701.0521240234375,10223442.0
2021-06-10,701.9045201388227,705.1722877692647,697.9027260492259,701.4072875976562,11483540.0
2021-06-11,706.1194312271526,708.7478667213167,701.4072555985663,703.917236328125,7205974.0
2021-06-14,700.0811928397461,703.7514984338662,692.645887212192,700.6494750976562,8881964.0
2021-06-15,703.7515338961059,708.4874123207096,698.4473731849562,705.7642822265625,7569602.0
2021-06-16,704.6987112068459,707.5402382681639,700.0101799934681,703.0885009765625,7702098.0
2021-06-17,694.279801213809,700.3180464153616,691.4382740601372,694.3271484375,9283802.0
2021-06-18,695.9372691383855,705.6458189970701,689.0702460676088,700.8152465820312,11938060.0
2021-06-21,692.0774763800032,706.498258668373,690.9645566822982,705.0300903320312,7260472.0
2021-06-22,708.9609305084452,714.1703962636843,700.9099379776212,702.7095947265625,14366824.0
2021-06-23,705.645854671328,709.3398628067645,700.2469419391567,703.5147094726562,7844868.0
2021-06-24,705.6458725038901,716.7514840843272,704.6986968360997,713.3416748046875,14785024.0
2021-06-25,715.6385466601647,720.8006654850395,713.6968481510871,717.5328979492188,10383176.0
2021-06-28,719.8535528502914,721.2743164414434,712.749734894532,714.3362426757812,9356786.0
2021-06-29,716.7857178673613,717.3564596471477,709.722512551715,714.4313354492188,10971692.0
2021-06-30,712.5049495969985,717.7369619104611,710.6499518008912,712.4573974609375,9679022.0
2021-07-01,714.4075246053683,714.4075246053683,705.3704121103602,707.154052734375,16911442.0
2021-07-02,706.321710020015,708.3431694594663,702.516609898695,704.1337890625,14827036.0
2021-07-05,708.6761078676606,715.5966570879147,706.107711679034,711.2921142578125,7373882.0
2021-07-06,712.0293057048922,732.481717291606,711.5536682261314,729.9608154296875,17669032.0
2021-07-07,729.627951175681,735.0264253821098,726.6314115936917,732.2439575195312,9629190.0
2021-07-08,725.3472183752016,731.3877916578379,719.8535817918715,723.1830444335938,8420922.0
2021-07-09,719.4255306350982,721.0664568010882,712.2671629680933,714.4075317382812,10695842.0
2021-07-12,714.4075732356201,714.4075732356201,705.8460976575634,707.2730102539062,14458978.0
2021-07-13,711.601265962492,716.3576410548972,705.8936158516059,714.336181640625,18178142.0
2021-07-14,712.2671884304233,716.95220640485,709.2230966806467,713.052001953125,9788494.0
2021-07-15,715.8345156127509,726.1796323666229,713.2898663223192,723.302001953125,10438802.0
2021-07-16,726.7502893243508,727.701564317052,722.3982526817174,724.0867309570312,5170628.0
2021-07-19,707.2729809603507,708.1528987460736,697.2845931996463,699.6627807617188,25111600.0
2021-07-20,685.8692040498094,691.5768534593777,683.0867365748871,686.4161987304688,24174250.0
2021-07-22,692.5757594227039,698.4736760969855,687.2961947294137,689.0560302734375,13207114.0
2021-07-23,690.3879027749199,693.2179229686257,682.6825977011295,686.22607421875,13126684.0
2021-07-26,680.1615709513936,686.8204954222465,679.2578481609638,682.3257446289062,13167166.0
2021-07-27,683.0629838249257,689.6268043734378,683.0629838249257,684.799072265625,22401430.0
2021-07-28,682.5635980986397,684.2996284750666,667.7950309210904,674.1210327148438,20670342.0
2021-07-29,679.3292509173456,680.1378114327916,672.2184936053619,674.5728759765625,13702230.0
2021-07-30,674.9296073725011,680.9939854514296,669.6737898129428,678.4730834960938,11655488.0
2021-08-02,682.5398220441142,682.5398220441142,673.6216187944088,676.6657104492188,13258786.0
2021-08-03,670.6488717578449,684.8704445513364,670.6488717578449,682.3970947265625,12033120.0
2021-08-04,685.393645546079,701.3275019831323,684.9180080404954,696.95166015625,22053948.0
2021-08-05,697.8078001562104,716.8095540851317,693.1941393958622,706.2503662109375,18822408.0
2021-08-06,705.632037503602,713.4562511669117,701.0896761466853,709.9603271484375,13339270.0
2021-08-09,709.6511206336975,716.9521443443277,702.0409209486176,715.3112182617188,10998048.0
2021-08-10,708.2243186988494,722.8501735007229,708.2243186988494,717.094970703125,14838346.0
2021-08-11,720.5432632537157,722.4220081617676,709.1993204454371,711.0542602539062,12585786.0
2021-08-12,712.0293148021268,717.0710605291638,708.3669293933626,714.1221313476562,8597674.0
2021-08-13,714.0270906387526,728.2011133257563,713.931986350072,725.9180297851562,16658428.0
2021-08-16,725.8941785477451,730.1035587891065,723.6586474723767,728.0107421875,6252778.0
2021-08-17,721.6371571363015,724.8715152055369,715.977117606963,720.42431640625,8282666.0
2021-08-18,740.424924369185,744.539200641727,717.4278612617312,719.6395874023438,22985932.0
2021-08-20,706.8211504103504,722.8739164966347,706.8211504103504,720.471923828125,13150406.0
2021-08-23,727.6539570181045,729.2235838615592,717.570466084363,725.1568603515625,10843054.0
2021-08-24,727.725379419533,744.1348732691891,726.5124805626797,741.447509765625,18381314.0
2021-08-25,738.2369106671249,744.277541414522,736.286808638916,740.7578125,7727974.0
2021-08-26,737.2380960643395,747.226483172308,734.1226473371297,739.5211791992188,11119002.0
2021-08-27,738.189390820678,741.35239176859,734.9788377356009,736.5008544921875,6382138.0
2021-08-30,739.9016920090548,746.750883701105,737.9991419868863,745.9185180664062,9049166.0
2021-08-31,743.6592338463132,753.100626642032,743.040881869667,752.1731567382812,12062576.0
2021-09-01,749.1290604651969,760.0687229354822,748.8912417158429,751.0791625976562,12422558.0
2021-09-02,748.701014189379,757.2149374729586,747.3454588595391,755.7880249023438,9618524.0
2021-09-03,754.4087237244855,760.0688223113899,745.9424099772768,749.6286010742188,10735334.0
2021-09-06,751.4834619703639,751.959099481168,742.9219867758911,744.7056274414062,7876896.0
2021-09-07,743.1836118359313,752.4585433116437,739.7114347769459,746.3941650390625,7245496.0
2021-09-08,747.6783002895594,751.7450238964017,744.6580139570113,749.794921875,6724080.0
2021-09-09,748.6534762607636,751.2456775887658,742.47018833739,746.0850219726562,8250948.0
2021-09-13,742.9457683103893,753.4097932161694,738.9742068333936,739.8779296875,8959164.0
2021-09-14,741.9944879763249,744.1348566916412,735.6209339673617,736.5484619140625,9758506.0
2021-09-15,730.1035190625556,739.5211642267409,730.1035190625556,735.716064453125,14822998.0
2021-09-16,731.4115135658899,744.0397115165498,730.721862464464,741.9706420898438,10260550.0
2021-09-17,746.2752622816204,755.788012597511,741.6139914023458,752.5299072265625,20498102.0
2021-09-20,743.8970028151653,752.3157628066822,741.0431779961812,741.923095703125,8781610.0
2021-09-21,742.9457684361612,746.1087693954601,727.2259259755568,738.1655883789062,14774996.0
2021-09-22,736.7624450118473,737.3094397175464,727.725333033006,729.4851684570312,10582202.0
2021-09-23,733.4330648045631,747.702190578971,733.4330648045631,746.7509155273438,13664304.0
2021-09-24,751.031614308282,764.8012967419484,749.1290643037012,761.7572631835938,20806702.0
2021-09-27,768.487491944163,777.9051377473095,764.8251063880609,772.95849609375,16415462.0
2021-09-28,776.2403768870238,776.2403768870238,752.458502595142,768.1783447265625,12773790.0
2021-09-29,759.5931184310665,764.1592270047574,753.9568254387971,758.0948486328125,16263036.0
2021-09-30,754.361109397566,764.0403213516778,752.9817489724259,758.6180419921875,15975348.0
2021-10-01,752.9341573446038,755.7879823250635,744.4915917774107,752.7914428710938,11128596.0
2021-10-04,755.7880094198329,761.6621211029538,753.2195552330974,754.2421875,7051028.0
2021-10-05,757.2149087913734,759.8309150717456,749.7236180793985,758.8558349609375,10257178.0
2021-10-06,759.1174947716279,773.7909008998,754.8367570191563,768.1070556640625,18600830.0
2021-10-07,773.6719736034911,774.19516325999,764.3494898817696,766.0142211914062,11265724.0
2021-10-08,766.7275941968978,771.4839688507248,761.0913018443557,762.2803955078125,7245562.0
2021-10-11,760.9724350269096,782.4236743028476,760.5443496718865,777.0965576171875,13080848.0
2021-10-12,772.9109560129631,780.7827800509983,772.9109560129631,775.098876953125,8176946.0
2021-10-13,778.6186511655094,783.8506640933167,775.2891883932683,779.7601928710938,6225644.0
2021-10-14,779.094254281992,803.827405211579,779.094254281992,802.5907592773438,14757288.0
2021-10-18,810.9619343879581,820.4746843514532,792.9115145567133,794.4573364257812,28856456.0
2021-10-19,796.9068483595202,804.9926860848645,794.7902846500209,803.2090454101562,8987540.0
2021-10-20,803.3992848197823,807.9891982795003,791.6748089028501,796.1458129882812,10908568.0
2021-10-21,795.1708493673277,799.9985238690318,789.9625835542432,797.3112182617188,9738190.0
2021-10-22,799.1185583853392,812.3888563513312,794.6713593378141,799.427734375,12175554.0
2021-10-25,803.8273231078144,803.8273231078144,767.5837711720544,788.1312866210938,16426766.0
2021-10-26,784.8019211145486,796.1458645438692,783.0658325252933,786.1099243164062,12090656.0
2021-10-27,786.109950708577,791.9603157232438,778.7613738795511,781.3773803710938,13249642.0
2021-10-28,784.8019203094409,784.8019203094409,754.9081133208074,757.9759521484375,17797750.0
2021-10-29,756.2636126504593,761.9712625572553,741.9944878834696,752.86279296875,12406874.0
2021-11-01,753.8854894500015,766.2520653021783,753.1958382519653,763.5409545898438,8122320.0
2021-11-02,763.8738016710508,771.484001438633,761.0437818569678,764.2305297851562,13237722.0
2021-11-03,763.4456759274227,765.7287589613844,749.3906238120624,752.1968383789062,10207338.0
2021-11-04,758.6418376355663,759.9973929432354,756.3112021961033,758.1423950195312,1096808.0
2021-11-08,757.2624587445608,763.2554796846038,746.9648951674751,761.138916015625,18943580.0
2021-11-09,758.4515931319643,758.4515931319643,746.2990890867115,747.8211059570312,12695476.0
2021-11-10,745.7996076796335,746.2752451845312,737.2381325914745,739.7352294921875,13714126.0
2021-11-11,737.2618699516246,739.5687000261834,730.3888738006117,736.4295043945312,7999404.0
2021-11-12,737.2381874767336,741.5427304410064,734.8838048767004,738.6651000976562,14914092.0
2021-11-15,742.9933537829838,747.6308195742927,739.3309681261308,740.6865234375,9533594.0
2021-11-16,739.6163278032643,740.6627071004274,733.2427735591466,736.286865234375,8245406.0
2021-11-17,731.007273085122,734.3842876661621,727.0119065399798,728.1058959960938,7598878.0
2021-11-18,725.84660133652,734.1464521581363,725.4660681271121,732.1963500976562,9152874.0
2021-11-22,735.3355016821271,738.5222493898997,713.0043465081801,720.7572021484375,15261272.0
2021-11-23,714.407566305228,726.6790377392206,711.7202026626078,720.8524780273438,11235214.0
2021-11-24,724.8715849784808,730.7456967746908,720.1390148495992,722.0415649414062,30802286.0
2021-11-25,720.4957602069751,729.2950545918285,716.7857642148182,725.799072265625,10251652.0
2021-11-26,713.4562710293536,716.6430191487968,706.3217083190601,708.65234375,18624936.0
2021-11-29,710.983003439544,717.0949340909893,695.3820692229132,714.0508422851562,12990996.0
2021-11-30,711.0780789007943,727.2497542737889,707.058965157582,710.388427734375,25221542.0
2021-12-01,711.0781159528814,716.8095714832115,708.2718428796858,715.6680297851562,8677634.0
2021-12-02,715.5966817276724,727.1546972193483,713.4563127893044,725.7039794921875,11203110.0
2021-12-03,725.7277436410184,730.5554179694886,716.8095402344054,719.9011840820312,8124694.0
2021-12-06,719.6395749131635,722.3982957810733,712.1958360389292,715.2637329101562,7029532.0
2021-12-07,720.0913135234882,728.6765929508213,718.1650166360319,725.6800537109375,12427534.0
2021-12-08,730.5792222790491,739.6401401548495,729.6279472500399,739.0455932617188,15295534.0
2021-12-09,734.9550484079257,739.4736046987022,723.9202815328325,726.2271118164062,11747744.0
2021-12-10,725.2997435153653,726.7742083729865,717.4754706369173,724.1820068359375,7779384.0
2021-12-13,725.8229106864412,731.3640998278455,716.8809014063122,718.7597045898438,10322142.0
2021-12-14,714.6453871321823,721.0664937719724,712.0531858243114,714.62158203125,9191100.0
2021-12-15,714.8832114257813,724.5624236009718,711.387287173768,713.456298828125,10115148.0
2021-12-16,719.5444151143828,721.5420693396168,710.6024071149554,713.5037841796875,13210432.0
2021-12-17,712.0293739008451,716.3101116196879,698.0931712139019,700.6378784179688,14994768.0
2021-12-20,690.6256264168148,693.4794513193636,672.5989541701382,678.0925903320312,21156668.0
2021-12-21,684.6801804486681,690.0311023174055,680.1616242039565,685.774169921875,9118750.0
2021-12-22,690.7683691083477,692.5282046456658,682.872740106407,687.3912963867188,8577484.0
2021-12-23,691.220197770224,693.3843716225142,683.4197311478777,686.8681030273438,9779166.0
2021-12-24,687.5340937481999,690.6257378916542,679.2104364388997,684.3948974609375,5561024.0
2021-12-27,679.6384584249116,691.5769484677854,676.4279051909655,690.054931640625,4705098.0
2021-12-28,694.7636080671955,697.7125951282051,691.2914894785592,694.8112182617188,5450678.0
2021-12-29,692.5521137704626,694.9064965404104,688.4378371376323,691.5056762695312,7668702.0
2021-12-30,693.7173135335258,697.6888751595437,687.2962071004079,695.1442260742188,7215918.0
2021-12-31,695.1441587739171,706.2265349915142,695.1441587739171,703.6580810546875,6325736.0
2022-01-03,706.3216999908345,724.3959253104654,704.1813312029835,722.8025512695312,9069184.0
2022-01-04,722.9689818191866,729.1047170271323,717.1662276895983,727.0357055664062,8857352.0
2022-01-05,730.9597335226943,747.7021503050373,726.8216524342752,744.3013305664062,14332638.0
2022-01-06,733.9086147431605,739.4973550044904,727.749132743457,732.36279296875,9628930.0
2022-01-07,734.3843069802756,745.2050602081262,730.5316548059,737.499755859375,11179384.0
2022-01-10,741.0432762210418,747.7022016813078,735.0978070600898,741.5902709960938,8856496.0
2022-01-11,742.731769713943,746.1325314282669,736.191754015291,744.80078125,8389198.0
2022-01-12,745.7995970381922,749.9138730090968,738.1893970684148,740.401123046875,21085530.0
2022-01-13,739.6163215437484,739.6163215437484,723.1592754547615,726.7741088867188,41963896.0
2022-01-14,727.7253548760855,736.6197526556398,722.4933425207672,734.9312744140625,11208968.0
2022-01-17,727.7253527081879,740.0919273293728,722.5646976035137,723.6824340820312,22989372.0
2022-01-18,729.1522929821604,737.6662159084163,724.3959179463994,727.36865234375,12341152.0
2022-01-19,729.6279369589961,732.3628526288228,719.8060108107658,722.2317504882812,14317626.0
2022-01-20,726.9880639951974,727.0118690930589,713.5037534034572,717.7369384765625,15197846.0
2022-01-21,713.4562826460474,727.6303040191038,706.6070907204011,723.7300415039062,11537694.0
2022-01-24,718.1888873366842,723.5636148158452,698.0219018920284,707.1065673828125,11868508.0
2022-01-25,693.7887057220415,711.0781185988046,686.8206041850661,707.7724609375,13594248.0
2022-01-27,689.6743715648455,706.321683981928,682.5398091003816,701.54150390625,28617838.0
2022-01-28,702.7544584132536,707.1303005135713,694.4308015454147,695.9766235351562,24925208.0
2022-01-31,700.4951197241377,709.4371278413857,697.6650998575648,706.6546020507812,12842546.0
2022-02-01,717.4991893169476,721.542108182837,700.8280712395866,712.0293579101562,14739484.0
2022-02-02,719.1400601109066,730.1035271800179,716.1197737442617,728.2960815429688,13969290.0
2022-02-03,727.1307556251952,732.4578718695587,717.736915936824,720.7572021484375,10564762.0
2022-02-04,726.9643987359728,729.0809624800141,720.1627589609288,724.87158203125,11579958.0
2022-02-07,719.2114343241577,722.4933446051142,694.4307328001756,698.3071899414062,12268042.0
2022-02-08,702.2312794492199,703.2063015747357,687.0822353308985,695.3107299804688,13981130.0
2022-02-09,701.0896640531371,713.3135243877856,697.7602016051236,712.314697265625,11308342.0
2022-02-10,720.1152104926523,730.3414172466761,714.2410986903759,725.394775390625,14314530.0
2022-02-11,713.5751512828815,725.3471792743838,713.2184231619269,722.4219970703125,10711104.0
2022-02-14,708.6999366331057,713.1946881745109,698.8542627513499,700.947021484375,14656620.0
2022-02-15,702.0409964179948,725.2996833180713,700.6378889247106,721.9226684570312,13135066.0
2022-02-16,729.7943552747017,729.9846218788012,716.7856818187674,720.947509765625,10032264.0
2022-02-17,719.6871085679842,723.9202940415751,714.4075437913573,716.5479125976562,7351208.0
2022-02-18,712.6476505919669,721.5420481321954,708.9138499717109,719.330322265625,7796128.0
2022-02-21,715.3588072476773,728.0583054018553,711.3396935564448,723.9678344726562,7468066.0
2022-02-22,708.6047551441089,723.9678112195843,707.7247793394828,718.5455322265625,9536196.0
2022-02-23,725.3947427030585,725.6801135920207,711.3872414933543,713.8843383789062,9029562.0
2022-02-24,689.6268166665427,701.5415010977686,669.2933137242217,675.119873046875,23630766.0
2022-02-25,684.8941874749454,697.2370153028564,681.5171728738023,692.5757446289062,18318654.0
2022-02-28,678.2590813465437,684.2283552518861,672.5752363928466,678.3779907226562,24880832.0
2022-03-02,659.4713958190617,665.1314936990638,644.2034436334029,653.6448364257812,38505560.0
2022-03-03,656.8554354054835,662.0874482870623,648.2464076398575,652.0990600585938,17527922.0
2022-03-04,646.8670352805982,659.2336109550803,635.8798200435912,649.9586791992188,21219364.0
2022-03-07,627.1280940741168,633.715662365495,616.9256921049088,630.1246337890625,27054458.0
2022-03-08,619.3750870184799,634.50038171104,614.5236080739608,631.5514526367188,39212492.0
2022-03-09,632.5979142059786,653.8588885491644,627.2945441400525,652.17041015625,23134694.0
2022-03-10,678.734676699917,678.734676699917,656.4986247477649,662.4202880859375,22273206.0
2022-03-11,660.1848501728542,670.149432575976,652.9075731964616,664.3704833984375,15150780.0
2022-03-14,673.0270237794027,689.6743353216494,673.0270237794027,686.130859375,25018126.0
2022-03-15,686.5827315469807,689.436556548215,671.4812409154484,677.3078002929688,18867928.0
2022-03-16,688.2474388752825,692.0525387446689,683.1105308271242,688.79443359375,13364108.0
2022-03-17,700.1384408684183,708.6048120871039,699.4487896776494,703.9673461914062,14823954.0
2022-03-21,707.2729750042046,710.4359760473683,700.5189456092843,707.03515625,12257876.0
2022-03-22,704.5618974676001,712.5050210059953,693.0989865284727,710.673828125,10461814.0
2022-03-23,716.7856708144304,722.398216212513,700.8993676260746,703.5867309570312,31188256.0
2022-03-24,697.2845910655177,699.0206795927611,682.3258145703531,686.178466796875,20160044.0
2022-03-25,690.1500239764209,690.6256614843303,674.9296237233227,680.5897216796875,16366462.0
2022-03-28,680.58974632828,683.966761144496,666.6535436173285,681.4934692382812,15754886.0
2022-03-29,685.3936701441318,694.5496924552175,680.16165739494,690.5305786132812,12377448.0
2022-03-30,700.1384153992661,705.2515186367268,691.6007453109708,702.4927978515625,20109742.0
2022-03-31,699.6627526430442,706.1789630767555,697.237013039462,699.3535766601562,14295714.0
2022-04-01,702.231320199511,718.2127309447108,699.3299426337677,716.3101806640625,14568556.0
2022-04-04,751.5072706543655,819.0953496497071,743.2074192757403,788.0362548828125,97450970.0
2022-04-05,792.7450201895066,792.7450201895066,761.9712963036054,764.9440307617188,30922582.0
2022-04-06,755.1696250388968,756.1685102240006,735.9776637926485,737.6423950195312,27027860.0
2022-04-07,733.100080241604,733.1238272791691,719.9724391818007,721.4231567382812,40781732.0
2022-04-08,719.2114176149829,725.7038807905826,712.1720177896111,720.42431640625,41256322.0
2022-04-11,716.3100788229164,718.2126288330701,710.245700665551,711.6250610351562,20799066.0
2022-04-12,705.8460070134646,716.7143116143333,704.0148143622292,710.3645629882812,27435402.0
2022-04-13,708.6998992573039,714.5502639320367,695.691224799288,696.78515625,28892520.0
2022-04-18,674.8582617385757,680.9464450214841,661.15993644386,663.7283325195312,45620376.0
2022-04-19,656.8078410106541,660.9221170332797,631.1709679279387,638.400634765625,74096022.0
2022-04-20,644.2271829644586,646.8194421533099,635.142518406885,644.1558837890625,49325736.0
2022-04-21,649.2452444448392,656.2847032867525,643.68030843123,653.6924438476562,52446270.0
2022-04-22,646.8669864904109,654.168010350688,641.706331335433,644.774169921875,20659148.0
2022-04-25,642.1105776037376,651.9325028659932,628.9116379529942,649.6018676757812,20935488.0
2022-04-26,652.5746446077407,657.3072144691479,645.5114394033479,652.5984497070312,17016842.0
2022-04-27,646.8670295884091,655.9041425017765,645.0120316413157,652.8363037109375,18054334.0
2022-04-28,652.5746789306378,655.9041415782432,647.8658558596376,652.2655029296875,20773722.0
2022-04-29,656.5462285607915,668.1517954743881,652.3606532888389,658.5676879882812,28401476.0
2022-05-02,647.8420880799416,668.9603468911126,647.8420880799416,667.65234375,19494316.0
2022-05-04,665.8924654170124,667.6047487158417,642.1105916521191,644.9644165039062,29055916.0
2022-05-05,654.0015630179496,654.0015630179496,640.4458942572139,643.5137329101562,17862912.0
2022-05-06,632.5978677162095,634.9760551888268,624.5120303093106,626.699951171875,26731268.0
2022-05-09,618.3286887390562,630.9330812402754,616.1883202011134,627.7700805664062,32762434.0
2022-05-10,625.4870637597833,643.5374821065801,625.4870637597833,637.8536376953125,20113812.0
2022-05-11,643.5375186995411,644.4887936717504,631.9557575251372,641.4447021484375,17102924.0
2022-05-12,635.6706993369925,638.4133907389254,622.1498973824371,626.9856567382812,22382290.0
2022-05-13,630.353829122959,634.1790892090257,619.262889083472,621.35595703125,16768238.0
2022-05-16,625.0368734940553,631.292053906236,618.4448991695826,627.9719848632812,9804356.0
2022-05-17,631.580808934981,633.6979588896172,624.6519812363082,632.2544555664062,16641444.0
2022-05-18,637.0902245927911,641.5410265716883,630.3297937681616,632.2063598632812,15732384.0
2022-05-19,618.8779477207698,623.7858941010936,615.0767694162303,619.2869873046875,20537506.0
2022-05-20,626.9615731938593,637.1623059170763,621.837124950426,635.5985107421875,13919350.0
2022-05-23,632.2544265466233,639.9290287015857,625.0850152898169,627.4427490234375,19486320.0
2022-05-24,625.5181243809486,637.5473190805823,624.0265159854545,634.63623046875,12870796.0
2022-05-25,639.9530491395458,642.8159734964427,636.6810852434131,639.3756713867188,12887112.0
2022-05-26,645.7993054909392,659.6809832899339,644.7647830842534,657.6119384765625,26992428.0
2022-05-27,660.0659236596756,671.0846178237094,659.5606740424182,669.8095703125,24031718.0
2022-05-30,678.5668121550864,683.4987815396562,672.8890092715018,674.3806762695312,12624674.0
2022-05-31,671.662083279525,675.944488061126,664.0115042012508,668.3179321289062,13485388.0
2022-06-01,664.0115306279351,673.8513881488794,663.6025497657505,671.1568603515625,12091896.0
2022-06-02,667.4999765351084,667.860852355906,663.3378636546508,666.4654541015625,11475020.0
2022-06-03,672.8169034842749,673.995741003826,662.231212745682,664.1558837890625,6957244.0
2022-06-06,662.2311613834544,667.3796325306656,654.7008747630125,663.265625,6173266.0
2022-06-07,655.3504712553794,661.2688580365657,651.5492343077399,655.63916015625,10253966.0
2022-06-08,660.7876929692908,664.4926611407994,652.9446351687653,657.9487915039062,5986588.0
2022-06-09,655.4707669191479,664.9979118561328,653.016823143348,662.90478515625,7311816.0
2022-06-10,654.436222491499,658.213377451669,646.4969548898966,650.105712890625,9155430.0
2022-06-13,636.8735744947378,639.9530596115558,629.5117437124109,638.3170776367188,10892572.0
2022-06-14,630.9312384303023,638.0284630380025,627.9239398677174,631.2921142578125,11870356.0
2022-06-15,626.3119845887259,633.1205196838177,624.7481894734992,629.1027221679688,11810470.0
2022-06-16,630.3297546494468,635.4060979237764,614.9323865969412,616.520263671875,12169192.0
2022-06-17,613.4888357837941,625.0368609279597,611.8528538077786,620.5860595703125,14723922.0
2022-06-20,627.7795517185277,637.547280721459,622.703267102487,636.1759643554688,15936840.0
2022-06-21,643.2731332819936,651.5010895040998,637.0901398592911,643.104736328125,13220684.0
2022-06-22,641.0357608318419,643.2972258536737,636.6811690239211,640.0734252929688,8159698.0
2022-06-23,640.193710492177,648.6141463686242,634.419697319756,642.43115234375,15372244.0
2022-06-24,644.0671595693715,655.1821236118307,644.0671595693715,651.4049682617188,8013432.0
2022-06-27,659.1998582409274,662.0868649193548,650.5388382056451,652.5838012695312,9804164.0
2022-06-28,646.6894682409041,650.0576425546589,643.9949405371601,647.6036987304688,9770574.0
2022-06-29,640.5545375901551,649.9373082816165,640.5545375901551,646.6653442382812,9994046.0
2022-06-30,642.8401831561805,651.5012035879254,642.8401831561805,648.6141967773438,12475822.0
2022-07-01,646.6653918015329,654.3881578947369,639.9772068826776,651.380859375,11472452.0
2022-07-04,651.3567925787985,654.4843831117648,645.8474450575549,652.2951049804688,8487480.0
2022-07-05,656.3128389795442,663.6987525096566,648.7585284770123,650.8275146484375,14325718.0
2022-07-06,648.6141194735643,660.835791929005,648.18105675633,659.80126953125,15049078.0
2022-07-07,664.0114788767993,672.6724981664967,661.3409744346241,671.6139526367188,17743142.0
2022-07-08,678.4465165399553,678.4465165399553,671.1087084709948,672.2394409179688,12474030.0
2022-07-11,670.7478551643559,678.3984342696596,670.3869793455802,676.5940551757812,7462880.0
2022-07-12,676.1610141176355,676.1610141176355,668.5345166503326,669.6893310546875,9876974.0
2022-07-13,668.8231306008078,670.8440115296884,651.6213846159309,653.3535766601562,15945610.0
2022-07-14,655.3505510850302,660.4749999608194,649.2156615649611,650.081787109375,10372410.0
2022-07-15,651.0199810197498,656.7458891263111,648.0367643942972,655.3745727539062,13595646.0
2022-07-18,648.6141460423058,657.3232708257327,645.7512213402739,648.3976440429688,20332220.0
2022-07-19,643.3213172038678,653.6905062823398,643.3213172038678,648.6382446289062,15792538.0
2022-07-20,654.3399677588443,659.7290225107647,652.1025262039135,656.8179931640625,20347862.0
2022-07-21,654.6528133808986,658.9592412990309,653.473917137891,654.7490234375,12640278.0
2022-07-22,657.275177078658,672.19137802261,655.5429848453301,670.026123046875,12729592.0
2022-07-25,671.2289837108764,675.8481821741008,665.5993447613678,671.9988403320312,10143126.0
2022-07-26,671.710190933296,674.5971974845852,667.0428871698978,670.6275634765625,8527964.0
2022-07-27,668.2938535156615,676.5218097245117,666.0564118856013,675.751953125,9212778.0
2022-07-28,680.8764869533358,685.182915066855,678.9277339602053,681.7425537109375,17420406.0
2022-07-29,691.9192202105274,692.2079091114783,680.9967358477592,690.0907592773438,20019736.0
2022-08-01,692.4003980885738,696.9474098698968,688.0939701842794,695.8407592773438,13193036.0
2022-08-02,693.8439067006424,695.094931123578,684.7258011854689,688.190185546875,15036510.0
2022-08-03,685.6399502739025,690.8365853805471,681.8146902206062,689.8020629882812,10975498.0
2022-08-04,692.8815166078793,696.1053168364679,679.8659062909707,688.9840698242188,12012206.0
2022-08-05,689.5134375282818,691.4140267889854,683.8116110098687,686.6505126953125,9268982.0
2022-08-08,687.1075476112192,704.6701705018421,686.6744848885744,703.4913330078125,15357736.0
2022-08-10,703.154500244152,708.0383647964982,697.2361719881424,705.5363159179688,17353102.0
2022-08-11,715.2558072753152,717.4210619895695,709.5058765842018,714.870849609375,18301766.0
2022-08-12,714.534075300651,716.6031200233123,710.1794838724827,714.6062622070312,8850370.0
2022-08-16,719.2495616686834,725.8415362160341,716.0016794217771,722.7861328125,12563756.0
2022-08-17,721.7516252798,727.8865140946783,714.8949848396419,726.5151977539062,12384350.0
2022-08-18,721.7515867041628,728.4398298215469,721.5831897478574,727.3812255859375,8342138.0
2022-08-19,726.563363324178,727.5256989047398,716.9400075185597,718.4075927734375,8063702.0
2022-08-22,714.4378329054255,716.1459430188553,706.2098181490651,707.4849243164062,8234066.0
2022-08-23,699.2811789385421,710.1795824902051,697.8857805878358,705.2957763671875,14966884.0
2022-08-24,703.4191637412739,709.9630335639699,702.1199755407531,708.6879272460938,13455520.0
2022-08-25,712.0801600941289,715.4002292936442,701.0614069473538,704.8385620117188,11823040.0
2022-08-26,708.303013425697,712.9943990116683,703.0822963230394,704.9588623046875,7706176.0
2022-08-29,691.4380811198513,695.7685910224809,687.3962601301372,692.5928955078125,8653178.0
2022-08-30,695.9850421787525,716.9158385123882,694.3731420244557,715.0633544921875,10135400.0
2022-09-01,704.7904820543832,716.6753023262013,702.023767412422,708.3511352539062,22403136.0
2022-09-02,708.351080797229,717.1804968372654,705.0069298539969,714.774658203125,12038086.0
2022-09-05,715.0633864131738,721.2704621778411,714.101050906599,719.369873046875,12131932.0
2022-09-06,721.2223729044177,724.951423073854,715.2317990033503,716.627197265625,12238696.0
2022-09-07,707.9421400567993,716.9399535633776,707.9421400567993,713.2349853515625,9776206.0
2022-09-08,716.9880436773584,721.7516160908172,713.1627836065959,720.5968017578125,11164690.0
2022-09-09,719.92312760574,726.0820979884301,718.888663984653,721.0779418945312,15128888.0
2022-09-12,721.751579586768,723.676250465666,716.9399023895229,718.6480712890625,11080492.0
2022-09-13,721.2223728893526,729.4022248737516,721.0539759192867,728.054931640625,13001966.0
2022-09-14,718.8887165967504,740.4690789237419,718.0706961615213,735.537109375,20219760.0
2022-09-15,736.1867370805904,741.4555010181163,727.5257166443482,731.7118530273438,13539372.0
2022-09-16,723.2432582308112,728.8247925761237,713.5717978693896,718.26318359375,20560046.0
2022-09-19,716.4588760497247,728.488071416577,712.1283657176579,723.0027465820312,12076038.0
2022-09-20,728.4880522483752,733.2997302685097,726.5152760073807,731.7118530273438,10781668.0
2022-09-21,725.6009801321287,732.0967448746909,724.1574768560039,730.5810546875,9072304.0
2022-09-22,722.7139425983661,726.6354714109892,713.4514636402978,715.0152587890625,12048144.0
2022-09-23,708.4473309391279,709.7224372346395,691.438062580459,695.8407592773438,15806252.0
2022-09-26,685.8324662197185,691.1734166960763,682.2958948729614,686.4580078125,8923486.0
2022-09-27,689.2247583187195,692.881621797613,677.0030846314178,680.299072265625,12639700.0
2022-09-28,676.5218139126857,678.7351736760943,666.8503544937673,668.6066284179688,11816132.0
2022-09-29,671.8545371114053,674.6933797809945,663.434101683277,665.1422119140625,14410388.0
2022-09-30,663.4341823816585,688.7676199193113,656.7940432846984,683.9078369140625,15781756.0
2022-10-03,678.4224718418965,682.22370896109,674.1641488370536,679.9862670898438,11541112.0
2022-10-04,687.8293370288237,701.5426186694823,686.2174367235855,699.1367797851562,11538526.0
2022-10-06,702.4808875755999,703.7559939592081,690.0908170525987,691.4381103515625,12549198.0
2022-10-07,688.1901072180511,690.4515719276419,683.4265352110768,688.4547729492188,13297994.0
2022-10-10,677.4841817579505,686.1452011270152,672.7687143847188,680.8523559570312,13109302.0
2022-10-11,674.1641338324686,681.8147129301799,673.3701952846903,673.9476318359375,14521620.0
2022-10-12,675.1745875438293,680.7802037798269,672.3357447059547,678.350341796875,9225050.0
2022-10-13,674.6212615810351,676.6421426191388,665.9361602736982,670.5553588867188,14714234.0
2022-10-14,681.8147001498437,696.249732615966,680.9726565893199,692.400390625,12849920.0
2022-10-17,690.4757528984051,701.3501327995798,686.626410721968,696.0332641601562,18410500.0
2022-10-18,701.5666257336586,703.9002774553204,692.8815247929514,694.7340087890625,10561108.0
2022-10-19,704.4296436407238,710.8773037655702,699.3292768206403,701.8554077148438,12967040.0
2022-10-20,694.8062769145736,699.0886819198254,694.0845252418784,697.1159057617188,7898078.0
2022-10-21,698.6555450817992,701.3741545079234,689.9945259278926,692.2078857421875,10492606.0
2022-10-24,699.7623104281301,703.9484465267632,699.7623104281301,703.0101928710938,2167794.0
2022-10-25,703.0341691638182,706.2580282452401,695.287380341186,698.1262817382812,13773394.0
2022-10-27,704.6701461335379,706.0414624275766,698.2946736608377,699.8103637695312,15937276.0
2022-10-28,697.6931978037887,705.8730490883848,696.442173472227,701.8793334960938,10474278.0
2022-10-31,708.2789372387135,720.7892989018973,705.9933903964011,720.1637573242188,12830528.0
2022-11-01,723.4358110615345,735.7055903645403,721.2224508560967,728.127197265625,19073756.0
2022-11-02,729.931460645262,735.34459771333,727.33314310533,728.5841674804688,12720406.0
2022-11-03,720.6449111524606,731.4952673413037,720.3081172240958,725.3844604492188,10332352.0
2022-11-04,723.2913397099678,729.4984154442802,716.7474700445205,720.3803100585938,10818060.0
2022-11-07,726.5633397491442,727.5256752984809,717.9504248353214,725.9859619140625,9835834.0
2022-11-09,728.9932685473082,730.3886081201978,723.6763410840517,725.7694091796875,9269790.0
2022-11-10,720.3562225050898,734.7431498920162,719.3698638652188,733.6605224609375,12774182.0
2022-11-11,743.4041999414936,787.6716345011165,740.0360255728266,775.2334594726562,56722338.0
2022-11-14,775.6424002436796,783.341084117066,768.9060518544665,777.1099853515625,19195390.0
2022-11-15,781.0074781111963,781.0074781111963,772.3945632755499,779.0106201171875,11030202.0
2022-11-16,778.8421514086572,790.0774060630871,775.6423742836154,785.6987915039062,13578150.0
2022-11-17,778.5774806193391,785.0492217336395,776.5565996778271,778.6015625,12100930.0
2022-11-18,779.9729198902146,780.9352553866862,772.3945278555009,776.556640625,10459232.0
2022-11-21,773.5493742606727,775.6424423049926,765.1529614641645,768.5933227539062,8344816.0
2022-11-22,769.8684242750784,771.9614923063164,765.5379143885311,767.4625854492188,8546314.0
2022-11-23,772.2742311837565,772.2742311837565,766.9813859856123,769.4594116210938,10185738.0
2022-11-24,772.7312711598448,785.2657136747216,769.4593659279763,781.9697265625,17197960.0
2022-11-25,784.1591205878366,785.1214561638104,776.6529148425003,778.361083984375,8410496.0
2022-11-28,771.2638148082744,773.4530928760762,767.0054918764588,769.9887084960938,16105980.0
2022-11-29,768.5451734076865,775.8107945409757,766.4280236025191,768.8338623046875,12638236.0
2022-11-30,768.4730227722782,776.0754969244954,768.4730227722782,773.9342651367188,15184806.0
2022-12-01,780.4540790252827,787.6715951691663,777.0859048248036,779.2511596679688,20446366.0
2022-12-02,774.680127315897,778.8181584847341,772.3464753255907,773.2847290039062,7811078.0
2022-12-05,774.6560449978288,776.8934869252123,768.0399880135933,776.0995483398438,11592622.0
2022-12-06,770.3495948908293,776.4604020366052,769.8684271238768,775.2334594726562,12353092.0
2022-12-07,776.6769624240152,778.8181354914701,772.0095998448971,774.8966064453125,11674720.0
2022-12-08,774.6800661101757,782.378749996985,772.2742273955479,779.2511596679688,14803634.0
2022-12-09,782.3787950839879,786.637118107019,779.4917884600618,784.8087158203125,11963384.0
2022-12-12,781.8976595918489,795.659046653405,780.1654672932444,790.9195556640625,14434808.0
2022-12-13,793.9267873639345,797.2949616133573,791.5209486143468,793.1088256835938,17031702.0
2022-12-14,795.3703041942985,801.3849011709643,793.9268009198986,799.8211059570312,14227640.0
2022-12-15,797.319103295872,803.2615137057865,782.88406971569,785.1696166992188,18182648.0
2022-12-16,779.5157798111618,791.5689958244285,774.198853068412,788.9466552734375,14647958.0
2022-12-19,791.0398199705028,792.3149263180803,782.4750101040391,791.4006958007812,9604542.0
2022-12-20,779.5880032718654,787.3829564457624,779.5880032718654,785.939453125,7174698.0
2022-12-21,789.5963126931921,791.4247737186288,773.0201064666394,778.3369750976562,9269198.0
2022-12-22,780.5503096365309,783.1005222357195,774.1989187571569,775.66650390625,9747096.0
2022-12-23,763.6132225912555,771.8652612871225,762.867389080973,768.7376708984375,10693152.0
2022-12-26,769.6278068793584,788.6339327760353,765.0567133092716,784.0387573242188,9907322.0
2022-12-27,785.7469942121562,787.1664156857469,776.3642223890472,784.832763671875,7926772.0
2022-12-28,780.9833552219441,785.7469276450677,780.9833552219441,784.2072143554688,8691870.0
2022-12-29,779.5398699494827,790.7992071900476,775.1612551160126,789.7406616210938,11012896.0
2022-12-30,791.520995396169,791.520995396169,779.4918009372607,783.413330078125,7122640.0
2023-01-02,782.8599557722763,788.9948447926183,778.7941116415499,783.6779174804688,4381378.0
2023-01-03,780.5502688048173,790.5585810922254,780.5502688048173,788.8023071289062,8378030.0
2023-01-04,786.7093364964484,791.8818902379387,773.2366383790779,774.7042236328125,10351600.0
2023-01-05,777.085950452134,778.5535356487463,764.7680672572426,769.7240600585938,10941436.0
2023-01-06,770.8307523930382,774.2470317456477,759.3789361975485,767.1738891601562,9092462.0
2023-01-09,767.9437146970364,775.4258965646997,765.0567082508069,768.6654663085938,10729340.0
2023-01-10,769.8683496277957,769.8683496277957,753.0274794796877,754.6153564453125,16371766.0
2023-01-11,754.4469115539331,768.9060251968651,750.6216516314828,765.48974609375,15195798.0
2023-01-12,763.9982383478842,771.7450279982426,762.2419641719711,769.5797729492188,9250070.0
2023-01-13,769.2669828560861,774.6320153125537,763.1320937043018,770.1812133789062,9244546.0
2023-01-16,777.0858851595061,780.1172653577423,760.3893883970367,762.7952270507812,14748094.0
2023-01-17,764.9605254372576,775.1612584159965,759.0421385172157,774.1508178710938,10786354.0
2023-01-18,772.274237215273,789.884965083016,769.724024650822,787.8159790039062,19090642.0
2023-01-19,787.6716113274065,793.9267921137573,785.7469403162216,791.087890625,11172162.0
2023-01-20,791.0878313258544,803.0689192196495,790.751037418662,799.1954956054688,18843404.0
2023-01-23,801.7458215030824,809.6129030380878,799.4121694938297,805.0418090820312,15444400.0
2023-01-24,805.9800286815163,819.139954334254,805.9559468005266,815.8198852539062,24983940.0
2023-01-25,813.8471429635326,814.5929177332151,791.6653214666925,793.2772216796875,14704142.0
2023-01-27,785.2658420562207,787.6716810331086,765.0327127660719,777.470947265625,35179948.0
2023-01-30,767.4625666928607,782.0419731157772,761.2073858984988,776.6769409179688,18512822.0
2023-01-31,779.3473843212695,780.7908875770869,767.4625643428925,771.552490234375,18596244.0
2023-02-01,781.4164037954262,801.1442809848427,772.7553845415359,783.1245727539062,17302790.0
2023-02-02,773.7658324138648,781.6569951120864,764.4552483744704,771.4802856445312,17497106.0
2023-02-03,775.1612302770866,798.9790334420251,773.2365593142633,798.1610717773438,14411100.0
2023-02-06,798.7384939446326,803.2614827057959,792.0983552594887,794.7688598632812,11167672.0
2023-02-07,798.4498004893098,801.0962231951561,785.5544809008483,795.9476928710938,10264588.0
2023-02-08,795.9717934088378,802.6840603891873,793.9268303609384,795.8515014648438,8444826.0
2023-02-09,798.73841772385,799.5323562116175,786.9738904271942,794.19140625,11777336.0
2023-02-10,793.3494822002282,798.0167863072628,790.1737277709518,797.3431396484375,8172116.0
2023-02-13,796.3326188427218,799.5805011250109,791.3044393965116,797.9445190429688,5736944.0
2023-02-14,801.1443083812574,807.1589052910266,797.7520522296284,805.3304443359375,10908592.0
2023-02-15,807.3994872360046,807.3994872360046,797.1746725138561,803.6945190429688,11438712.0
2023-02-16,805.089813874159,809.2760083229089,799.2195911244155,800.7833862304688,8062500.0
2023-02-17,799.2195685807135,802.6599294642466,790.5344678960206,796.765625,8956270.0
2023-02-20,798.7384045852328,803.2854159842882,786.61300169689,789.283447265625,8086706.0
2023-02-21,789.115146297544,799.8692342574486,786.2281396647481,792.2427368164062,12389296.0
2023-02-22,788.6339109553685,790.0533322670238,774.222960909244,776.700927734375,10359102.0
2023-02-23,776.1235754720026,778.9383950431011,766.0671578181314,771.4321899414062,27882010.0
2023-02-24,778.4813560195853,778.4813560195853,762.7471345130758,764.551513671875,17061740.0
2023-02-27,763.0839740657053,769.3872600713753,758.9459430133319,766.4521484375,14312972.0
2023-02-28,766.0190402522969,772.4185946735463,764.431163219567,769.6759033203125,18993992.0
2023-03-01,775.6423810879135,776.1235488181169,767.8234054721079,768.9301147460938,14137256.0
2023-03-02,766.9813446479279,772.7312753996731,761.2073320156976,762.3861694335938,17391814.0
2023-03-03,767.943731924865,779.4917579688479,764.094389910204,777.5189819335938,14986234.0
2023-03-06,779.4917852900815,788.8504748967295,778.5535316356411,783.0043334960938,27004710.0
2023-03-08,779.4917718675084,788.8745431955432,779.4917718675084,784.568115234375,20099774.0
2023-03-09,784.27938296168,791.9780672791738,782.859961535162,784.6402587890625,20700166.0
2023-03-10,774.8965873418113,776.4844644274136,762.6508914747951,764.4071655273438,27387000.0
2023-03-13,764.0463022356049,771.6968814107662,753.0034668384583,754.7357177734375,26443550.0
2023-03-14,755.5536230150942,761.9772004206781,750.2848599011005,752.7147216796875,33185612.0
2023-03-15,759.2828049016546,761.6405389201565,739.3624458014605,741.9126586914062,37264754.0
2023-03-16,740.5171674402086,750.1886274704333,737.1730750713688,746.7242431640625,21753342.0
2023-03-17,749.4187322719004,759.8600484180247,740.9982970778341,756.7084350585938,22950876.0
2023-03-20,754.4469617185391,754.5191486294086,743.596664030981,751.4637451171875,26503114.0
2023-03-21,756.3716494546454,761.4479929018443,748.793257108229,759.9804077148438,33050494.0
2023-03-22,762.1697342790129,763.156151684689,753.1719206327385,758.2241821289062,14177324.0
2023-03-23,754.350750068819,765.225129615806,749.9240302046185,752.1373901367188,28364178.0
2023-03-24,750.6217384723866,757.3099823765483,748.1918176834523,750.9345092773438,31477748.0
2023-03-27,751.6801683664236,759.980311312014,750.0923501751296,754.206298828125,31872006.0
2023-03-28,753.3643152523856,761.6404357125624,752.5944586072359,760.3412475585938,39276302.0
2023-03-29,762.1697080199377,770.8307274292553,761.1592675027767,763.9981689453125,39763612.0
2023-03-31,767.7512367744048,776.0994853441741,766.2115234957539,774.4635620117188,34711228.0
2023-04-03,773.5011989750112,777.4226689404504,771.1915704030113,774.9447021484375,40025398.0
2023-04-05,778.8180825386323,796.8137675382653,777.5670581774376,795.7311401367188,43365392.0
2023-04-06,793.2291334002176,803.1652006446278,792.5314049071793,801.7938842773438,44637344.0
2023-04-10,800.3022433921424,804.0312933763835,795.8514417980481,797.9926147460938,31813286.0
2023-04-11,798.2573101275717,803.2614665555587,794.4560730939902,800.3263549804688,42361542.0
2023-04-12,802.5877968377349,812.307361770148,802.4915867834721,810.7195434570312,26955504.0
2023-04-13,812.3555567321653,816.5657746530499,807.4716921966794,814.3523559570312,35330086.0
2023-04-17,827.6085828103118,827.6085828103118,795.5147153318975,801.9382934570312,32405148.0
2023-04-18,803.5502384879993,807.0387050922136,797.0063680535616,798.5460815429688,29637226.0
2023-04-19,801.1442851788886,803.6944976892919,797.3671301762054,801.4810791015625,24741168.0
2023-04-20,804.368086679066,807.134801181368,801.8179329013308,804.46435546875,32922716.0
2023-04-21,803.0689611623811,806.8942212156402,800.3022466466929,805.7634887695312,20128618.0
2023-04-24,811.729970551708,813.8711434821779,805.5228950106629,812.2833251953125,35675852.0
2023-04-25,812.066755339811,812.066755339811,799.6526631336261,800.7352905273438,50353068.0
2023-04-26,798.738456878835,805.955973055451,796.3326181532963,804.416259765625,27392750.0
2023-04-27,803.7907560168101,810.8879805910382,801.5533141495392,808.843017578125,47790392.0
2023-04-28,810.6232785465422,813.6546588421882,803.5501361717647,812.0186767578125,27916272.0
2023-05-02,812.547950500037,817.5040017864336,809.3241500911014,811.8502807617188,32221184.0
2023-05-03,810.7435373497618,816.0604642226169,808.193383640843,814.6891479492188,29407270.0
2023-05-04,811.7781309061464,834.5614130090665,811.7781309061464,831.3616943359375,56854638.0
2023-05-05,788.6339660930405,799.1955750303342,780.5022191249311,782.2103881835938,62770416.0
2023-05-08,786.7093355416769,794.095249360511,784.3034965950662,791.25634765625,37244524.0
2023-05-09,793.878651970084,796.8137633850524,789.0909977997552,791.2803344726562,43688938.0
2023-05-10,791.2803925786036,796.1642571593527,785.7950682892969,794.937255859375,46340550.0
2023-05-11,801.2164814876731,812.2111527020498,793.5659026029952,795.4664916992188,35734618.0
2023-05-12,792.4833249747595,804.8974770572269,791.1601135942614,802.4916381835938,22478760.0
2023-05-15,804.5124814304968,808.7226992609494,801.1924121940802,806.3409423828125,18512260.0
2023-05-16,813.6412692634764,813.6412692634764,800.1113815056924,801.7174682617188,32722086.0
2023-05-17,803.0314612780545,803.0314612780545,791.0346460503185,797.4102172851562,30466868.0
2023-05-18,802.0580796447568,804.953835962047,798.1645938212387,800.5980224609375,49646942.0
2023-05-19,802.0581085513332,803.0314800422937,794.0521518021368,801.5227661132812,30460332.0
2023-05-22,800.597982910975,804.4428118537385,794.6117249890884,798.6755981445312,28334032.0
2023-05-23,802.5447954516952,802.8367950174272,794.9768083346355,796.8018798828125,22470074.0
2023-05-24,792.1053982534182,795.6095118101778,785.3160965486113,786.3868408203125,33588112.0
2023-05-25,786.3380947431477,788.455225154943,777.407423655138,783.3693237304688,29776930.0
2023-05-26,787.944211421121,787.944211421121,779.7922252930767,786.3868408203125,26635066.0
2023-05-29,792.5676872978805,798.6512587386072,790.7912725552128,795.9744873046875,21816292.0
2023-05-30,795.0498137776772,799.4543434930372,792.5920864341458,796.5828857421875,37125928.0
2023-05-31,793.249109394473,795.706836766176,780.9602943063138,783.9777221679688,43334270.0
2023-06-01,788.3822359863269,788.3822359863269,778.6971779535536,780.6439208984375,50366938.0
2023-06-02,784.7564131844704,785.9001722239442,779.1838851154611,781.8606567382812,17859710.0
2023-06-05,785.7541372012771,786.7275086936293,779.889550195903,780.838623046875,18697242.0
2023-06-06,782.4203699015892,783.4910548041016,774.9253973543547,778.4052124023438,32182852.0
2023-06-07,780.3762267164857,784.8051144822347,776.7504417142903,782.4446411132812,24949026.0
2023-06-08,780.278861070367,791.350960923385,780.278861070367,782.9312744140625,37395522.0
2023-06-09,786.4355374130215,787.7009085166137,782.1040222342899,783.8560791015625,18212578.0
2023-06-12,784.8051052341397,786.3868338718737,778.4294745818307,779.0865478515625,13408292.0
2023-06-13,773.8789124939628,783.0772840204289,773.8789124939628,780.4005126953125,27926108.0
2023-06-14,783.7829699953168,784.537356602154,778.7944415181629,779.548828125,20113968.0
2023-06-15,780.6439096325554,781.5929230405386,768.4767664026215,769.961181640625,35377476.0
2023-06-16,772.4432372595309,783.1746215295391,770.9101653895649,780.0355224609375,15779272.0
2023-06-19,784.0507655809437,785.6324943134937,777.8941787861185,780.7169799804688,24829146.0
2023-06-20,780.7169656771292,784.0507512165266,774.1467079853705,782.3473510742188,20005626.0
2023-06-21,786.4841646307309,796.8262367213268,784.0507359035319,796.023193359375,24308946.0
2023-06-22,798.1646301932708,806.7059888717916,797.7023024946114,799.9166870117188,56596140.0
2023-06-23,796.9722855006775,807.8497002925832,795.2688853504051,799.8680419921875,21339218.0
2023-06-26,800.5979965482512,803.3964393933287,792.6649956756461,795.9988403320312,16130314.0
2023-06-27,799.6003360457688,814.1766100290189,797.4589662553369,807.2169799804688,33831864.0
2023-06-28,812.7652324615918,817.5834334461853,808.1417176661517,815.7583618164062,59562950.0
2023-06-30,829.3124901661796,831.6486054517263,819.2137611926184,828.047119140625,40699016.0
2023-07-03,833.449367439012,855.3502267293802,832.2326530339916,837.002197265625,44104116.0
2023-07-04,838.778513734139,850.2399866599931,834.0820438772298,841.0902709960938,38795188.0
2023-07-05,835.274343134364,837.0994145323269,812.0594587162262,814.3712158203125,37165754.0
2023-07-06,814.2252978880014,821.4525697320477,808.0930690327465,815.1986694335938,52156544.0
2023-07-07,810.3317601084606,815.1986175265295,806.0976179186929,808.093017578125,19926336.0
2023-07-10,808.3850372058562,816.0503378295722,802.8854644229833,806.1705932617188,38398442.0
2023-07-11,809.3583461576029,815.6852604691176,800.8413461228718,802.2527465820312,50670426.0
2023-07-12,805.6352319869237,810.9644765133695,791.9107178120092,794.7334594726562,70958358.0
2023-07-13,806.2922367876993,806.6572510904781,797.2155953198356,798.699951171875,41913546.0
2023-07-14,804.7835648843277,804.7835648843277,795.7312215849707,800.354736328125,24727214.0
2023-07-17,803.0314502823962,818.6053935606003,794.7577929158504,817.0966796875,49252928.0
2023-07-18,826.3924020963348,829.3125165913748,812.7652011194812,816.4153442382812,81076818.0
2023-07-19,818.1673927652148,821.8905505906512,815.1986216073076,820.1141357421875,32935134.0
2023-07-20,818.1917641303833,823.4722926593728,817.6320636334198,821.8905639648438,56210948.0
2023-07-21,817.6320741412428,822.4016183376864,814.3469452719253,815.5636596679688,42154248.0
2023-07-24,816.9019892100436,819.8951183000274,812.813817239081,816.8533325195312,32179444.0
2023-07-25,819.8951278192749,826.879056170404,816.8533420034627,825.7109985351562,55992596.0
2023-07-26,827.1710534459679,827.1710534459679,821.5255108693627,822.8395385742188,24794358.0
2023-07-27,827.3170606790924,828.8257745170246,811.5240735457453,814.2982177734375,59741302.0
2023-07-28,808.6283856221597,812.2298721075693,798.6999842928814,799.8680419921875,41015684.0
2023-07-31,803.0558374366854,806.3409662159895,797.5319067020986,803.615478515625,34565006.0
2023-08-01,805.1972354940766,811.5241504025686,803.0315076162769,808.993408203125,35394188.0
2023-08-02,799.1379875966741,803.7615021412346,794.830830666086,798.407958984375,28116322.0
2023-08-03,798.1646183703506,803.6884896703888,789.8909607409018,792.6407470703125,57673946.0
2023-08-04,795.8042164551875,806.1949453417267,792.9327586465489,804.1021728515625,37388304.0
2023-08-07,809.4070457041624,809.4070457041624,801.8391180613743,803.6398315429688,28300918.0
2023-08-08,803.8588478451442,805.7569341954113,799.1623777784342,802.9828491210938,43773828.0
2023-08-09,804.4914945725491,805.221523152016,793.8330654303563,803.2747802734375,33361236.0
2023-08-10,801.5957522263969,805.099865704745,793.7844225264857,796.1448364257812,50781118.0
2023-08-11,797.3859527425766,797.3859527425766,786.5814933374278,787.846923828125,28225822.0
2023-08-14,784.0507929265752,785.9975360499187,778.8189207825898,784.0021362304688,31304410.0
2023-08-16,770.4721710730195,783.3937010320665,769.5961724006356,781.714599609375,34137542.0
2023-08-17,777.5291487912239,783.5154073300141,775.7770919586137,777.3831787109375,52884040.0
2023-08-18,772.6379419530916,776.8964420218484,771.6402124587459,774.1953125,25633366.0
2023-08-21,778.9405181779168,778.9405181779168,772.3702607612333,773.5869750976562,21837270.0
2023-08-22,776.9207377849476,777.7237811054864,768.963438139342,770.2774658203125,32273570.0
2023-08-23,768.9634840803492,774.0980425006611,765.6783552717781,772.1755981445312,36498588.0
2023-08-24,775.4364030038525,776.8477441031978,767.0897307917666,768.622802734375,43145792.0
2023-08-25,766.3110504597091,767.746749618975,758.4510639302869,759.9597778320312,30069756.0
2023-08-28,759.9597651143588,770.2531801549441,759.9597651143588,767.868408203125,28867238.0
2023-08-29,773.6842594017068,775.1200179106506,769.669102242421,773.976318359375,35538932.0
2023-08-30,780.6195643753474,780.6195643753474,765.8973208258516,768.3307495117188,28084204.0
2023-08-31,768.4767470204652,770.4965046276685,760.7384322394234,764.80224609375,100075772.0
2023-09-01,764.5833196769412,768.4768057096691,758.9134187598048,766.384033203125,43226776.0
2023-09-04,773.8303310146484,774.5360015777221,766.4813881806992,771.1779174804688,25073638.0
2023-09-05,773.0516417713671,773.0516417713671,764.38861183011,766.4813842773438,38712082.0
2023-09-06,767.4060807161218,778.6971658570981,766.4813659496907,776.507080078125,56320910.0
2023-09-07,776.5071078478363,785.510794150052,772.4432937501639,783.9777221679688,34208342.0
2023-09-08,782.7366896240351,794.7091467964383,782.3959739643648,790.0856323242188,34502210.0
2023-09-11,792.762427572447,796.4612273788786,790.3776555229446,794.173828125,31573022.0
2023-09-12,798.164597670977,799.5759981707856,790.8886697671352,796.6558837890625,39033340.0
2023-09-13,793.9305153592652,803.8102007820438,792.61642814262,800.062744140625,46420094.0
2023-09-14,800.2330637010272,803.0315068308923,795.7798770993519,799.5760498046875,23538848.0
2023-09-15,803.0315033597159,812.7652185519548,803.0315033597159,808.7500610351562,173411202.0
2023-09-18,804.8565015861909,805.464858730247,791.399629677695,792.8353881835938,37056288.0
2023-09-20,778.2104866731253,778.2104866731253,759.4244292708094,761.0304565429688,115474648.0
2023-09-21,755.8230190263404,763.5856334809762,748.0604045717047,755.9933471679688,72841442.0
2023-09-22,758.7430770496563,761.3711919566923,741.5874045249608,744.4588623046875,61704250.0
2023-09-25,742.195730377536,749.8366724935371,742.195730377536,745.1158447265625,40208754.0
2023-09-26,742.1957087996923,749.4959944600172,742.1957087996923,748.352294921875,27575308.0
2023-09-27,741.2223412220462,745.8458554975613,737.3288555163493,743.0960693359375,39338538.0
2023-09-28,746.5759362770035,748.3279930851168,738.9592924506106,741.5630493164062,55354188.0
2023-09-29,741.5629997895483,747.2815569377753,740.8816873168103,742.8284301757812,32053782.0
2023-10-03,743.1690816035621,743.1690816035621,732.9486816600946,733.9464111328125,38971694.0
2023-10-04,727.5951410981291,747.0625696224938,724.7966982477518,744.41015625,54649430.0
2023-10-05,747.0869560565192,755.1172706279191,745.8945403681716,747.4276123046875,48512674.0
2023-10-06,751.4428415259151,751.9295273041055,744.5562258825445,746.600341796875,17759356.0
2023-10-09,743.6558133244023,744.6291848078113,735.8688414571311,737.937255859375,16454972.0
2023-10-10,740.0300286548502,744.1424994102023,737.426212407623,742.1227416992188,33266292.0
2023-10-11,744.6778161774354,750.5424029295025,743.8991308991633,749.3013305664062,31333360.0
2023-10-12,747.5979272653602,755.3362421435227,745.4078415117224,754.2898559570312,22025336.0
2023-10-13,749.4960266639874,753.7788848660191,744.6048112974557,747.4276123046875,39745300.0
2023-10-16,745.3592240817852,746.794923276397,740.0056808464606,744.4345092773438,17856084.0
2023-10-17,757.1613797779257,757.1613797779257,747.0626501424497,750.080078125,32902558.0
2023-10-18,750.0800099587005,750.0800099587005,738.8375816778204,739.640625,31216200.0
2023-10-19,732.6567520860139,742.8041382598725,731.5860077723223,737.3045654296875,30252364.0
2023-10-20,732.46203118805,743.1691173582408,732.46203118805,741.1250610351562,21094010.0
2023-10-23,741.4657259067877,744.0208260452915,730.0772676931944,732.9730834960938,22376136.0
2023-10-25,740.2490577379119,741.1251158897211,725.8674694399969,728.3252563476562,28311996.0
2023-10-26,725.7701287135245,726.1351430280494,710.6828703798318,712.2159423828125,55561798.0
2023-10-27,715.1846713831347,719.3215000369331,713.9193003827721,715.0143432617188,31940532.0
2023-10-30,712.1429060469561,725.1373914861161,711.4858921827074,722.7769775390625,23310982.0
2023-10-31,731.9754116576363,731.9754116576363,717.3748382868058,718.591552734375,32634824.0
2023-11-01,711.6562634115908,719.0538633124389,711.6562634115908,717.6181640625,33877466.0
2023-11-02,722.7283533192214,725.4051249981815,714.041024388573,718.7131958007812,45225154.0
2023-11-03,724.188409593513,725.84315305655,721.0979669049797,722.1199951171875,18095340.0
2023-11-06,729.0552066561768,729.0552066561768,721.7549208752405,727.351806640625,25593730.0
2023-11-07,727.1084316790375,727.1084316790375,718.9320882014275,723.8233032226562,41952848.0
2023-11-08,722.2172785513859,726.8407930714139,720.7815793854345,725.9161376953125,31399546.0
2023-11-09,723.2150058605088,726.4271198457463,721.9982915168673,723.044677734375,22116740.0
2023-11-10,720.3435553235623,728.0818705084018,720.3192566823748,725.8917846679688,14015186.0
2023-11-13,726.1837249264701,728.0574529993991,723.1662973344708,724.5776977539062,20605914.0
2023-11-15,732.0240144584016,735.3577999173147,730.2963157159859,732.1700439453125,41245460.0
2023-11-16,734.7494821683149,739.275683586882,731.8537256048544,734.0924682617188,29713838.0
2023-11-17,725.1617989259986,733.6787999200959,724.6751131549073,732.5107421875,23701874.0
2023-11-20,736.355559924993,736.355559924993,730.7830316987671,732.5593872070312,19331452.0
2023-11-21,739.2756311878541,740.7356883923068,735.9174877356371,738.7645874023438,24959972.0
2023-11-22,739.7622592873266,739.7622592873266,731.756303337279,736.136474609375,29123650.0
2023-11-23,734.1654789893513,741.6360936254299,734.1654789893513,740.3950805664062,13046220.0
2023-11-24,740.3462978210936,746.1622278549652,739.6892839772345,745.6511840820312,16469192.0
2023-11-28,747.1599852149395,748.1577148272565,742.5851864137691,743.9722290039062,28489338.0
2023-11-29,746.5272258063289,760.6897681490088,746.0891967833849,758.8160400390625,34042488.0
2023-11-30,763.6828760176745,765.2889031775027,750.5423621524202,758.6456909179688,69491440.0
2023-12-01,758.2077422076743,762.028213465217,755.3849410922298,756.9910278320312,22153536.0
2023-12-04,772.8569470817542,784.5374047202694,765.873018667368,783.2720336914062,50662456.0
2023-12-05,796.4612297811876,797.6779441560443,786.7275147823341,790.2316284179688,52230820.0
2023-12-06,797.4102062498663,797.4102062498663,786.8004930390686,792.22705078125,38613060.0
2023-12-07,790.86431017188,795.2444817359088,786.5814519897668,793.5167236328125,20450386.0
2023-12-08,793.5167662504412,805.4649253113081,793.5167662504412,804.5888671875,33728038.0
2023-12-11,803.0557997692163,809.6990123500813,801.5713845523902,803.5181274414062,23187620.0
2023-12-12,805.0754658820659,806.0731953368484,794.1980523054578,795.5364379882812,36581476.0
2023-12-13,794.4901060535459,796.2178641804811,786.0461204150259,793.7357788085938,29346914.0
2023-12-14,801.0847344683164,807.3872910879392,800.5980487244109,803.1044921875,35172366.0
2023-12-15,803.0314839042278,811.7918273650013,801.3767404796611,806.2192993164062,138837130.0
2023-12-18,808.2390318694991,810.1857749432232,803.4938456272962,805.8056030273438,18014754.0
2023-12-19,803.0314705665357,807.2413140972394,800.135714179051,804.44287109375,24008446.0
2023-12-20,806.9249792104754,812.2541644467366,800.3303634873538,806.4382934570312,34232520.0
2023-12-21,806.438219443738,822.3771764061897,803.1530909094922,820.8927612304688,36589240.0
2023-12-22,819.3841375121868,820.5035385294108,811.3538224343752,813.1788940429688,48578850.0
2023-12-26,814.3469774999401,820.5278631124984,812.0595781088068,818.824462890625,18045856.0
2023-12-27,818.3620896655261,830.5292334309963,816.9506891067552,828.9718627929688,27009078.0
2023-12-28,831.8919383640549,837.7808237889657,828.3391087868577,829.9208374023438,44076470.0
2023-12-29,825.9057143332578,834.6174011041943,825.4190285852712,831.8676147460938,25011426.0
2024-01-01,830.2858079331686,831.8188797770368,823.472208102533,826.4409790039062,14239686.0
