Date,Open,High,Low,Close,Volume
2010-01-04,221.9574887442635,223.6583124128019,220.7073875002893,222.17860412597656,4069264.0
2010-01-05,222.8078088255154,223.7177449610671,221.115498277022,222.92262268066406,6895528.0
2010-01-06,228.16548151091578,228.16548151091578,218.98954667183918,219.6698760986328,6817288.0
2010-01-07,219.9675036166697,219.9675036166697,214.15067499951482,214.73321533203125,10892600.0
2010-01-08,214.21868570341718,214.5843668500712,209.03117485470403,209.5584259033203,12649312.0
2010-01-11,210.48533949858611,213.00254485211684,210.39178593730725,211.72267150878906,7849656.0
2010-01-12,212.6028540138222,220.5967213247419,212.6028540138222,219.99717712402344,24859680.0
2010-01-13,210.6342420877942,229.1859660638163,210.6342420877942,228.20799255371094,19704040.0
2010-01-14,227.82526372247764,229.85773910672785,225.37607420419178,228.7394561767578,8413904.0
2010-01-15,228.73955845468743,228.97342174523502,225.71208355224877,227.55323791503906,5049504.0
2010-01-18,226.46459977279332,228.7607109984281,225.8693116772584,228.47581481933594,6140088.0
2010-01-19,227.91031191538556,228.59064120468523,223.49668395585493,224.1599884033203,5837512.0
2010-01-20,225.2443348861582,227.33210020947277,224.33865453637029,226.0139617919922,6091992.0
2010-01-21,224.7637211053678,226.60910959314512,221.1069522792116,223.24998474121094,6682792.0
2010-01-22,221.106962661728,221.9573740565808,217.02498796643457,219.03196716308594,13486496.0
2010-01-25,216.85502354881913,218.55159105124062,214.1337056062457,216.20021057128906,6498712.0
2010-01-27,215.32420965174313,215.48154409708695,211.340023139129,212.7942352294922,9840856.0
2010-01-28,213.70841537694508,217.27163134763015,210.8595367796002,211.9012908935547,12732872.0
2010-01-29,208.55490456544987,212.60287154445598,204.50695834844294,210.5193634033203,15012280.0
2010-02-01,208.09571314086602,215.15412923841072,203.2568795667474,208.45713806152344,12308784.0
2010-02-02,212.6879525511968,212.6879525511968,205.93992783898355,207.49618530273438,9889384.0
2010-02-03,208.35088610304587,212.60294500310803,208.35088610304587,210.32383728027344,6405608.0
2010-02-04,209.6265165441315,210.05172246004253,205.16185442706583,206.5692901611328,6176408.0
2010-02-05,203.28240291261298,203.96698847829202,198.0608834192431,200.07635498046875,13544872.0
2010-02-08,201.96425495180762,207.6705254421824,199.37901183423284,204.4049530029297,9252480.0
2010-02-09,204.4389548525391,211.07216553411067,203.60980351734264,210.3748321533203,10387392.0
2010-02-10,211.83757234433293,212.27978231324465,208.18080172578362,209.79232788085938,7187984.0
2010-02-11,210.30680630256006,214.14640669349677,210.0516828011821,212.47109985351562,6453888.0
2010-02-15,213.19816955592228,216.20861805298887,210.4641048047898,212.48806762695312,8950128.0
2010-02-16,212.6029614797778,216.94006189396526,211.60372756082285,216.12791442871094,4418096.0
2010-02-17,216.87191014005174,218.24957244970935,213.75941688667677,214.18885803222656,7991184.0
2010-02-18,214.55888886453138,216.59987710581112,213.6234359206115,215.46456909179688,3721696.0
2010-02-19,214.72043708868767,216.38725228869794,213.04087401826055,215.35824584960938,5998992.0
2010-02-22,217.28870132598374,220.4011956843951,217.28870132598374,218.41549682617188,5855400.0
2010-02-23,217.54378823597884,220.17155163669173,217.28015234907198,219.51673889160156,3786032.0
2010-02-24,218.38569171833282,220.9624429342321,216.93999204574263,219.09153747558594,5427016.0
2010-02-25,218.60685973198997,223.63278087758195,218.60685973198997,222.58253479003906,8729568.0
2010-02-26,222.72275226324683,223.65820483098096,219.5847424090105,221.27279663085938,10546368.0
2010-03-02,223.79006941165864,225.4228555360828,223.033190628221,224.5937042236328,8534656.0
2010-03-03,225.45269270823476,227.61273049141286,223.88366624338215,226.74105834960938,5904976.0
2010-03-04,226.37956481920446,226.5496471368748,221.447177606765,223.13099670410156,6755240.0
2010-03-05,223.98986612075407,224.50862541609825,222.21677068404196,224.1429443359375,4984808.0
2010-03-08,225.6142255698963,227.85506871969122,224.3471204329373,226.17124938964844,8664992.0
2010-03-09,225.36332881891343,229.73869232149772,222.62500763622134,228.2462158203125,7958752.0
2010-03-10,227.47657668588303,228.88401195032318,225.35906023601285,226.14569091796875,7330952.0
2010-03-11,226.63466358900874,229.18589807593943,225.35904634554342,228.16114807128906,4298424.0
2010-03-12,229.60262713593795,229.95130420821448,225.89484489510767,227.33628845214844,3176920.0
2010-03-15,225.7332210305773,230.67412016734875,224.16847217000233,229.7174072265625,10582856.0
2010-03-16,229.61109325066258,233.43368859515817,228.1058691250857,232.3621826171875,5881344.0
2010-03-17,232.5876460637708,234.1779121056625,230.71673995283734,232.8682861328125,6352000.0
2010-03-18,233.0128377230358,237.59654910920796,233.0128377230358,237.06080627441406,8923048.0
2010-03-19,236.4229545363168,237.69005960831825,234.7178750010371,235.76388549804688,12582544.0
2010-03-22,234.0417911250884,236.1593077620501,233.25939582214434,234.49249267578125,4108528.0
2010-03-23,235.56823765654656,238.03017475428484,235.0664824229804,236.03170776367188,4792560.0
2010-03-25,235.6490609355125,244.06813601043697,233.93548981849807,239.30157470703125,15207528.0
2010-03-26,239.47585991853094,240.24123020946374,234.9686793163711,235.97642517089844,9105680.0
2010-03-29,234.54351402502186,235.56400792215754,229.6323871450563,231.0270538330078,13981704.0
2010-03-30,230.88674001642067,230.88674001642067,223.70927470892428,224.85733032226562,10649936.0
2010-03-31,225.69074812424122,227.62969091283108,221.6683174754346,222.46343994140625,13070104.0
2010-04-01,222.82485650518876,227.74023999733777,222.8078524245799,227.09817504882812,8187000.0
2010-04-05,227.8253203402753,228.76077331666315,224.3386319737388,227.73602294921875,7318616.0
2010-04-06,228.08042437649178,228.33554789369146,224.955161290796,225.4654083251953,5348808.0
2010-04-07,225.83108089076288,227.46812339691544,222.586747830458,224.8275909423828,8380880.0
2010-04-08,224.50874461080477,227.73179745022426,223.6583326994002,226.52847290039062,7227984.0
2010-04-09,227.05989191700385,229.41552784179495,226.63468612689712,227.58714294433594,8260312.0
2010-04-12,228.41198774059822,229.44099383092487,225.5333576324973,228.17388916015625,8325648.0
2010-04-13,228.76064089263903,237.5921705939799,224.0833787182542,236.57591247558594,57635400.0
2010-04-15,237.09469866899096,240.21570435918548,234.6540220997978,238.2512664794922,22395128.0
2010-04-16,237.44345708079797,238.88064453700568,235.6533363148322,237.14581298828125,6244344.0
2010-04-19,235.95948221680536,235.95948221680536,232.67264918714713,234.02479553222656,8754896.0
2010-04-20,235.18136901944771,237.26062159187956,231.31199556423715,231.93280029296875,9542128.0
2010-04-21,233.26791839049628,233.84194626112549,229.63666475387976,230.66990661621094,6496288.0
2010-04-22,230.29149867628428,234.9560153645407,229.0158810691409,231.17591857910156,6978144.0
2010-04-23,232.5875701021891,234.1778356247105,231.04408136956576,231.90298461914062,5888336.0
2010-04-26,232.17084495754193,234.20332007679295,231.74138301052056,232.92344665527344,4454288.0
2010-04-27,232.08586290904358,233.2168938485357,231.85623514285695,232.7959442138672,3280256.0
2010-04-28,230.47009404150452,232.32823123684065,228.85431173494854,229.5686492919922,5544496.0
2010-04-29,229.5260314280544,232.4089177010294,227.48504411635625,230.38919067382812,11319960.0
2010-04-30,230.63160514475462,234.61153522664375,227.6636772329057,232.8554229736328,8067024.0
2010-05-03,230.2914614420142,230.88249335202963,228.08039128045868,229.1774139404297,5408952.0
2010-05-04,230.0363093548402,230.12135050432443,225.82677245537084,226.73245239257812,6576208.0
2010-05-05,225.3080058038633,230.29142530620473,221.95739292806292,229.01580810546875,12122080.0
2010-05-06,228.78624033324058,228.78624033324058,224.9806483661393,226.05215454101562,7808360.0
2010-05-07,224.34713352537645,224.96368204811978,221.70660087212286,222.54000854492188,8984392.0
2010-05-10,222.8078434089284,228.2334736718211,222.8078434089284,227.5446319580078,5635408.0
2010-05-11,227.0429269359262,227.4426162950551,224.16853114741645,226.27330017089844,5802824.0
2010-05-12,225.8693623220098,229.51762044929117,225.55045791361087,228.05491638183594,9185176.0
2010-05-13,228.25041084804846,231.56701517855288,226.31572498858753,230.13406372070312,4923880.0
2010-05-14,230.46156046271366,231.90726028849454,223.6582671649214,225.52066040039062,6824496.0
2010-05-17,224.08343040847026,225.19322156915499,219.07025876482487,222.49742126464844,8170824.0
2010-05-18,226.20946635976682,226.20946635976682,219.5805126539925,223.59019470214844,7144600.0
2010-05-19,223.31809033798402,225.55893325070798,220.54999637579627,221.34939575195312,11939240.0
2010-05-20,222.12751997808624,224.04520237532063,219.95897029989283,221.17080688476562,6508872.0
2010-05-21,218.38567684377117,221.78732290052773,217.5650380373786,219.55499267578125,7127200.0
2010-05-24,222.04245099841913,223.65823290916978,219.3423943844016,221.14100646972656,7186104.0
2010-05-25,219.98871888232526,219.98871888232526,213.46181027269384,215.44325256347656,8838128.0
2010-05-26,219.4340468469359,225.8372771738988,218.68122320215426,224.22471618652344,7868856.0
2010-05-27,224.80219098633532,227.89901273297656,222.0047861107772,226.13246154785156,11312696.0
2010-05-28,228.4166532151769,229.64425024677774,225.61496588497863,229.04969787597656,6793992.0
2010-05-31,233.97294520255403,233.97294520255403,224.52420649207437,227.38577270507812,7020752.0
2010-06-01,227.12906201177228,227.34293118504135,223.92958753393128,224.5070343017578,5782888.0
2010-06-02,225.418123242169,226.86815215382384,224.48566194051776,225.86724853515625,6557144.0
2010-06-03,227.55683576556999,231.47492380663644,227.55683576556999,230.80764770507812,5517096.0
2010-06-04,230.8075203155296,234.22942573162342,229.47725040789246,233.45521545410156,4950400.0
2010-06-07,231.83421342925638,231.83421342925638,226.7013526153245,228.55345153808594,7781952.0
2010-06-08,228.55348405777218,230.03774487525422,226.5174656870827,227.0863494873047,6651144.0
2010-06-09,228.24122746480938,228.24122746480938,223.8355216123215,224.5583953857422,5427120.0
2010-06-10,224.57980527681298,227.04358307587006,224.18201684837368,226.32070922851562,5187448.0
2010-06-11,227.97601042880902,230.20025017077307,224.220475526451,225.0545654296875,9912864.0
2010-06-14,226.70992538631987,236.0132360075175,226.70992538631987,234.94815063476562,9728848.0
2010-06-15,234.95670190332737,237.8225491684872,232.86934687640192,233.94723510742188,7946312.0
2010-06-16,235.67531476302804,237.77979621928915,234.5717579540532,236.91575622558594,5720064.0
2010-06-17,237.4803221259205,238.14759810153328,234.05841546704556,236.52647399902344,5639240.0
2010-06-18,231.65027293478235,240.8166976731195,231.65027293478235,238.35292053222656,8356232.0
2010-06-21,239.48217993866467,241.14181755146797,238.78497466337177,239.60195922851562,7164752.0
2010-06-22,238.67810458748963,239.47798400910312,236.11167335536607,236.7190704345703,4763688.0
2010-06-23,235.0080520766647,239.95697308585054,232.50578230895326,239.34103393554688,4948088.0
2010-06-24,240.7653682110541,242.41644251599743,238.08346113069697,241.4754180908203,12316104.0
2010-06-25,240.38906495949578,240.555878816764,237.05270427144583,237.62586975097656,3345664.0
2010-06-28,236.96709176237027,240.98783303054046,236.96709176237027,240.30345153808594,3834168.0
2010-06-29,238.9389003635441,240.69690898622147,236.71894272257845,238.98167419433594,3773072.0
2010-06-30,237.65146045691648,240.27348855441613,233.7162670872195,238.76358032226562,9449976.0
2010-07-01,238.7635845212879,238.7635845212879,235.34167718311107,236.7147216796875,5847248.0
2010-07-02,237.39050104682815,237.39050104682815,232.34747011235393,233.33126831054688,11169440.0
2010-07-05,233.54515818527636,235.4272070790771,232.68968141536692,234.69577026367188,3616720.0
2010-07-06,234.6573445555091,239.4480158260554,234.6573445555091,238.2589111328125,5872600.0
2010-07-07,239.4993246815281,239.4993246815281,236.55647157231056,237.9722900390625,5923392.0
2010-07-08,240.04673525678916,243.50285238519623,239.5420124143262,241.9715576171875,6278192.0
2010-07-09,242.79295121435706,246.42016557150424,242.79295121435706,245.8470001220703,7859112.0
2010-07-12,243.81516971152587,248.94374895355654,243.8108881503904,247.73751831054688,8597240.0
2010-07-13,245.5218299080755,245.9538498486352,237.90808675064736,239.25546264648438,25502384.0
2010-07-14,238.67376553240098,240.30345314936878,234.14401967597806,234.64874267578125,14193928.0
2010-07-15,235.16622123015355,237.48028946711418,234.40057389765593,236.0773162841797,8328136.0
2010-07-16,235.68383864889395,238.7635548708033,235.3416479575707,237.56588745117188,8205560.0
2010-07-19,235.17056073078015,238.91755310726094,234.03705402663942,237.00555419921875,7047120.0
2010-07-20,237.00558423174036,238.03643803269884,235.55555512058805,236.0816650390625,5054736.0
2010-07-21,236.73615640042422,237.73706032180246,236.11165400797944,237.1082763671875,2634480.0
2010-07-22,236.51791584584777,236.51791584584777,233.29277292925056,235.64105224609375,8226952.0
2010-07-23,238.42142979978883,245.52617016094555,236.5393804795178,238.37437438964844,5323096.0
2010-07-26,238.67805514429452,240.38900894461204,238.67805514429452,239.91421508789062,4470816.0
2010-07-27,239.79014959093413,242.44212769914637,239.79014959093413,241.99728393554688,5093960.0
2010-07-28,242.01441112056588,242.82711416250484,240.56010041393822,242.2796173095703,3725168.0
2010-07-29,241.65513507284354,242.9554558707931,240.46174889455546,242.36944580078125,3613008.0
2010-07-30,240.8167142911928,242.20686406285597,236.11159198710197,238.5411376953125,4472672.0
2010-08-02,239.53355343916675,240.62856814630803,237.92097098406785,239.2726287841797,3815232.0
2010-08-03,239.96129338016166,241.1589611546081,236.9243500949582,238.19046020507812,2434584.0
2010-08-04,238.67805017805406,247.40391437811195,238.67805017805406,245.90682983398438,9536024.0
2010-08-05,246.37740154221487,248.6700843170336,244.79905049071928,245.457763671875,6594296.0
2010-08-06,244.75191739218465,247.40389552541,243.98198825673214,244.991455078125,3676480.0
2010-08-09,243.6826138220296,246.62544623148986,240.92370060603506,245.919677734375,4201544.0
2010-08-10,245.52191211800627,245.52191211800627,240.8167883666159,242.01873779296875,4811984.0
2010-08-11,242.44205580370988,244.48663641688088,239.5334355153097,240.4658966064453,5344800.0
2010-08-12,239.19129352092665,239.19129352092665,235.59829125773678,237.19802856445312,6973400.0
2010-08-13,237.39476751193078,239.36236378320083,235.6838142325655,237.58724975585938,5561808.0
2010-08-16,236.11154616626104,237.651404076041,235.2560695497166,236.27407836914062,5193608.0
2010-08-17,235.68389956376006,237.52317500500178,233.54520719022324,235.29893493652344,5140640.0
2010-08-18,236.54793588702864,241.20172206380295,235.95336270807678,240.1537628173828,6128144.0
2010-08-19,240.8167046759901,241.67218142439503,238.50263589442218,239.92701721191406,4826744.0
2010-08-20,239.79008369590954,239.79008369590954,235.5982484832447,236.93280029296875,4624824.0
2010-08-23,237.13810110643874,240.38891201626726,236.22274536948706,239.8029022216797,4511832.0
2010-08-24,238.59244127845196,238.59244127845196,235.70092598077065,236.56068420410156,5247552.0
2010-08-25,236.28268614566883,239.01593027496412,235.76511851771016,237.04405212402344,3502008.0
2010-08-26,237.39483468302987,238.07493462688046,235.0294494592834,236.59495544433594,7834984.0
2010-08-27,235.9404427802428,235.9404427802428,229.3874837671806,231.82559204101562,6973800.0
2010-08-30,232.63409084850915,234.05845135942425,228.0957822691039,231.01722717285156,4781168.0
2010-08-31,229.6954700652577,233.03182884832847,228.93836491022017,232.1635284423828,7722280.0
2010-09-01,232.16359057546077,238.20752609573736,231.68451519079932,237.49319458007812,10131800.0
2010-09-02,239.44790297458704,240.73111788870594,234.90531382434236,235.51271057128906,3402512.0
2010-09-03,236.20575409919968,239.87574193936854,236.20575409919968,237.6044464111328,7606688.0
2010-09-06,238.357187360326,242.95537446507882,238.30158973099802,242.2410430908203,6391192.0
2010-09-07,242.95546337038397,245.76997429248473,240.40613778182865,245.08987426757812,8321272.0
2010-09-08,244.40972903476018,246.94194879239632,241.67220319327876,246.32598876953125,9386496.0
2010-09-09,245.53039367901022,248.08826084169905,244.49525844330202,247.6605224609375,7591392.0
2010-09-13,247.23280191174362,251.93792443947575,246.5484204531644,251.24497985839844,6650488.0
2010-09-14,252.41695710750307,256.64300354494543,252.36562015252966,254.55564880371094,9767144.0
2010-09-15,254.50429082422818,261.7758419906347,253.99100485954065,261.1641845703125,14344648.0
2010-09-16,259.3847493708094,259.3847493708094,253.07132879378585,253.73004150390625,7088984.0
2010-09-17,253.73012044892786,257.71236886529,253.16977900505086,254.08941650390625,8616488.0
2010-09-20,254.50440366629647,258.1829547108849,254.50440366629647,257.3788146972656,5025976.0
2010-09-21,257.9262942629844,262.20367891079513,256.352225066857,261.7032165527344,9223912.0
2010-09-22,261.81866197304305,262.0239680408446,256.1682338052816,257.8663635253906,10806440.0
2010-09-23,257.075007021529,259.61576841717573,254.33748182526915,258.6020202636719,11181376.0
2010-09-24,258.60207885344164,261.66469003776496,256.0998091618126,260.84344482421875,8791520.0
2010-09-27,261.348144310725,261.775882681119,258.6405687803961,259.431884765625,7210320.0
2010-09-28,258.78182483740284,259.04703109481056,256.7286797808416,258.063232421875,6209144.0
2010-09-29,258.8672964171847,263.40132375033437,256.86548893002254,259.29931640625,8972920.0
2010-09-30,260.6594973620216,263.05911394440335,257.28036402842685,260.96319580078125,13665816.0
2010-10-01,261.0059586085947,266.0575530367393,258.8929351955496,265.3817138671875,8086512.0
2010-10-04,266.2243768523485,270.501760799205,261.99404830604016,263.354248046875,7636640.0
2010-10-05,263.0590773012531,266.13879332819465,262.6313389641779,263.8888854980469,5189152.0
2010-10-06,265.71099728116485,267.1567441922119,263.1959047596817,265.5227966308594,5788528.0
2010-10-07,264.25670795057556,264.98386302263117,260.2359681403855,261.2154846191406,6833672.0
2010-10-08,261.7759176700971,263.970207449242,259.81260246470447,263.17034912109375,6548160.0
2010-10-11,263.51254728955956,264.94118950075784,261.6604273146044,263.0120849609375,4493832.0
2010-10-12,262.80242352762406,263.91026159811014,260.9460433979366,263.076171875,4625624.0
2010-10-13,263.57238536808757,270.7412846746734,263.07620467841525,269.718994140625,13024504.0
2010-10-14,270.76703639064044,276.22924456004534,270.0056493214601,272.4908142089844,9193376.0
2010-10-15,273.7525936419316,277.0034056914295,261.874289154171,263.17034912109375,25870360.0
2010-10-18,263.52966892369346,266.8146919885695,260.0051081407048,265.80096435546875,12591096.0
2010-10-19,264.74434129126627,265.6297679334409,256.7285296638326,257.51556396484375,14077712.0
2010-10-20,257.4813986882634,260.4584619819444,255.7875505310257,258.2342224121094,7093856.0
2010-10-21,259.9031531945934,263.41867990753536,258.3642900697124,263.07623291015625,9231920.0
2010-10-22,260.54466420847467,267.4500321680089,260.349597077797,264.6974182128906,11345744.0
2010-10-25,265.18728513012,266.5830862209553,260.9651693882994,261.749755859375,5224432.0
2010-10-26,261.8234888490878,263.84352198635065,260.3236348287437,261.2903137207031,6925872.0
2010-10-27,260.2629743639232,260.95654658074915,257.24593098750165,258.37298583984375,9072696.0
2010-10-28,258.70242875886646,262.9418803347376,255.5856929405264,257.5623779296875,18232152.0
2010-10-29,259.135840020151,259.91610852472826,255.23449749726484,257.635986328125,6886024.0
2010-11-01,258.6157233228991,262.85951381198225,258.6157233228991,260.23260498046875,4552944.0
2010-11-02,260.2629706938504,262.9158928522573,258.7717946819312,262.4347229003906,4998504.0
2010-11-03,262.8594728011386,263.96919233509374,261.3943102846031,262.2005920410156,3047536.0
2010-11-04,263.90412639441774,267.4586826303478,262.9461259073606,266.7781066894531,5514792.0
2010-11-08,267.37202765518623,267.37202765518623,260.6747224877533,261.4679870605469,5381520.0
2010-11-09,263.2799670767458,266.5917695415625,262.6904265726616,265.27398681640625,5266960.0
2010-11-10,264.25100926350814,269.19271120839653,262.69914992622,267.2550354003906,9728432.0
2010-11-11,267.37206596053056,267.37206596053056,264.51108081892954,264.8275146484375,5586392.0
2010-11-12,263.3839935666787,263.44901594823733,259.1358646381839,259.90313720703125,7499456.0
2010-11-15,260.34964861049616,263.9865633780037,258.14756547698425,262.6947937011719,5850488.0
2010-11-16,261.1299106804982,261.7367863029296,254.90943555057595,257.5710144042969,8375136.0
2010-11-18,259.13583736468723,262.85079083986653,256.50459013476006,260.43194580078125,7128224.0
2010-11-19,259.01015287436263,260.84377552496267,255.32121228034407,256.95111083984375,5664792.0
2010-11-22,257.60560440146025,265.9848110551099,257.60560440146025,263.8780822753906,8780144.0
2010-11-23,262.5084603542038,265.18739629658876,258.3513652512762,261.138671875,4579872.0
2010-11-24,262.1616029442306,263.11526468090096,255.776412601072,259.7341003417969,4038888.0
2010-11-25,260.57069804559166,269.7128407280742,260.57069804559166,265.66845703125,18331976.0
2010-11-26,266.15823970683704,269.1059205374665,262.4259513630627,263.7350769042969,9515792.0
2010-11-29,265.72479411055303,268.3820335852028,264.52403902144437,265.6337585449219,4964328.0
2010-11-30,263.86082354970387,267.25932244877373,261.1472186011463,264.51104736328125,9072544.0
2010-12-01,264.40692607287144,265.85475303996037,263.123813949545,264.63232421875,4624096.0
2010-12-02,264.94448832348314,269.57407268309987,262.8637724465971,268.62908935546875,7197360.0
2010-12-03,269.36600729492187,272.9118854388189,269.01922131835937,270.9265441894531,6647816.0
2010-12-06,271.3600952198174,275.38280509783345,271.01330915563875,272.5218200683594,6023648.0
2010-12-07,272.7342063318227,276.99533104879384,272.24435838317993,275.5735168457031,6085496.0
2010-12-08,273.87428418214466,274.3164448642797,269.972941102627,271.45977783203125,6951112.0
2010-12-09,272.6605078217267,275.8769566189251,272.32671781151487,273.2196960449219,7931128.0
2010-12-10,272.6605424064326,274.1343831761971,270.3024014080377,272.59552001953125,6125120.0
2010-12-13,273.00738793558935,273.6489338262993,266.5918443639051,272.6866149902344,6849080.0
2010-12-14,274.28172416423155,275.17470238440296,271.0826316483352,273.8439025878906,3933584.0
2010-12-15,272.80787878184145,278.2090750930679,272.80787878184145,277.7279052734375,8254392.0
2010-12-16,279.11084345368783,286.0985933206453,278.29590441190044,285.5177307128906,8509144.0
2010-12-20,281.9457739462064,291.62977143619895,281.93709582735573,290.42901611328125,11346320.0
2010-12-21,290.48097816292494,292.1325508112967,287.05646622601216,288.63433837890625,8059840.0
2010-12-22,288.2658833806352,291.27424791531956,287.29054768498645,288.9161071777344,5927280.0
2010-12-23,289.91319093016716,292.340693725037,288.63441713644113,291.9852294921875,6231504.0
2010-12-24,290.1732210618935,293.1902638648717,289.74407756752777,292.18023681640625,3620064.0
2010-12-27,291.0401897781501,294.05723261855115,291.0401897781501,292.76544189453125,3691760.0
2010-12-28,292.2538494019704,293.8967435508757,291.60362576788117,293.26385498046875,2554440.0
2010-12-29,293.1209243539763,296.06860593576727,292.2626373010292,295.1929626464844,3802920.0
2010-12-30,295.63506948617885,299.44971554406504,294.9414974756541,298.8385009765625,8991688.0
2010-12-31,297.6290439569425,299.189580744366,295.2145382943916,298.4743347167969,5859728.0
2011-01-03,298.58277043602436,300.81086643514425,297.169613137144,299.8268737792969,5048544.0
2011-01-04,299.7097732916765,303.35102596111545,299.7097732916765,301.8294982910156,8119288.0
2011-01-05,300.40345549726396,301.44381378470035,298.67820313705596,299.935302734375,3523160.0
2011-01-06,301.7037929731803,302.8308473722181,298.5913973684458,301.54339599609375,4691840.0
2011-01-07,300.26040616090637,303.0043425995351,290.98387836172174,292.2322998046875,8550928.0
2011-01-10,292.6007663783256,298.50912597962616,290.6067463407844,294.39971923828125,10390408.0
2011-01-11,289.56636353352246,296.7968445038011,285.0668228181259,288.32659912109375,12319416.0
2011-01-12,290.43332132015644,293.90118187323293,287.67636794723245,292.8001403808594,10035400.0
2011-01-13,285.4916902438733,286.01186945476405,276.99542979932437,277.8797302246094,22352872.0
2011-01-14,276.22808136042363,284.1824862822309,276.12838883875907,277.8016357421875,10321640.0
2011-01-17,277.42883059644834,284.5119311943859,276.67023613778616,283.3935546875,8218616.0
2011-01-18,281.7637133304161,289.19360147639236,281.7637133304161,288.0925598144531,9797168.0
2011-01-19,286.7183714168254,287.31225101165546,280.5325877647656,281.72900390625,6935088.0
2011-01-20,280.20314302082534,286.74005193796086,278.99806990065167,285.7430419921875,7231848.0
2011-01-21,283.5843627345465,284.19123847259044,280.11650137429524,281.2305603027344,4626824.0
2011-01-24,280.8966791552146,285.2315044508198,279.79563776335874,284.7676696777344,7501360.0
2011-01-25,283.0641155737554,286.5189800909358,280.55425575005853,282.60028076171875,9925912.0
2011-01-27,283.41095395418625,283.41095395418625,276.17179376600194,277.1601257324219,12710648.0
2011-01-28,277.9317087068938,283.3719153497669,272.2834177158428,274.6675720214844,12684296.0
2011-01-31,272.0969313452464,272.0969313452464,267.5627007270086,270.29364013671875,7749368.0
2011-02-01,271.0393252224389,271.22137520838135,263.82617924413853,267.8228759765625,10301688.0
2011-02-02,269.8862517078187,274.3077739812201,265.72481897991145,267.82720947265625,9174728.0
2011-02-03,268.8805945748066,273.35414373802337,267.56281162604427,270.28509521484375,6049408.0
2011-02-04,268.6725101203938,270.81390988844765,262.378334427496,264.2423095703125,6959880.0
2011-02-07,266.58309711589476,269.96426109446696,265.378024061783,267.671142578125,7341128.0
2011-02-08,268.7592067172335,270.49313708315117,266.33170420494884,268.4644470214844,6023992.0
2011-02-09,267.45871977690376,273.93494451201786,265.97620106468315,271.4207458496094,7504144.0
2011-02-10,269.2489789375572,269.9729031848709,263.64405863365204,264.7017517089844,8252152.0
2011-02-11,262.70780335095094,266.0456195320581,261.8538552874188,263.6311340332031,11214152.0
2011-02-14,263.90417805990876,270.3457330256766,263.6007402730462,269.1536560058594,6979048.0
2011-02-15,268.75925139744976,271.27345084600654,266.5181375604676,269.3271179199219,4599952.0
2011-02-16,267.220273788998,270.8138393014285,267.1205812854284,269.01922607421875,2920384.0
2011-02-17,270.36313516768996,271.18675222207287,268.9499774622039,269.9166564941406,3392984.0
2011-02-18,270.926586272246,272.66051642438845,267.8141901156063,268.7851867675781,7102304.0
2011-02-21,268.75925000061704,275.5042444435391,266.6785332264187,274.41619873046875,9398952.0
2011-02-22,272.244419725538,274.5678907959411,269.9729750358575,272.3874816894531,6085648.0
2011-02-23,269.2706354110183,269.2706354110183,266.1625787642926,266.9211730957031,7076384.0
2011-02-24,264.4243702047502,267.02526564938705,259.65606188958253,260.85247802734375,16486520.0
2011-02-25,262.10093947463173,263.78718271266433,257.1419023013742,260.72247314453125,10366720.0
2011-02-28,261.99686953257714,271.7762407026932,257.263231325393,259.838134765625,14514472.0
2011-03-01,262.69047834503317,269.4528074905489,260.7831547398877,267.2333679199219,8377632.0
2011-03-03,265.126613844706,265.2046322396475,260.1762345051265,262.3523254394531,12571856.0
2011-03-04,265.8982337216394,267.89225373324604,264.25099979900773,265.4820861816406,9770912.0
2011-03-07,263.21058053988884,266.5917441238993,262.3002672672706,263.79144287109375,7357728.0
2011-03-08,262.71209399909435,271.5334637093189,261.84078985837004,270.1723327636719,8514512.0
2011-03-09,270.4930828268858,271.60280227171086,266.24495428248923,268.3690185546875,6676440.0
2011-03-10,268.32574892966034,268.75923156121064,265.5081118245831,267.9139404296875,3438200.0
2011-03-11,265.98484971428854,266.9385111702394,263.99083030639133,264.7624206542969,7278272.0
2011-03-14,263.1238577068339,269.4527017307545,262.7467194937486,268.8284912109375,3557952.0
2011-03-15,262.8639187997835,265.196047343784,260.6098086781495,262.7035217285156,9037824.0
2011-03-16,262.2569316962026,265.41701511928113,261.82778822301856,262.7684326171875,5594720.0
2011-03-17,258.71106325671286,260.00283278575796,257.57533051233304,258.2428894042969,8321376.0
2011-03-18,258.36863661413116,259.63875338590447,254.24623384549335,254.983154296875,7468000.0
2011-03-21,255.87600449823768,256.3615132942308,251.79695169814113,253.3531494140625,6607096.0
2011-03-22,254.4673064068786,256.3399598833918,253.5006485834236,255.1522216796875,5119744.0
2011-03-23,254.43257665694023,259.9854922232892,253.76067872045797,259.51300048828125,7266720.0
2011-03-24,259.4783367478945,261.1472447028842,258.24725043770184,260.3323059082031,8189232.0
2011-03-25,263.90420835278076,276.1284177410009,263.5617613300982,274.2254333496094,12662792.0
2011-03-28,272.14033148744863,273.7485559019737,269.604458694837,272.1880187988281,12056632.0
2011-03-29,271.5334083010349,276.44909508015417,271.2689797717292,275.1183166503906,9860592.0
2011-03-30,275.0014110326096,277.7323519050961,273.6706107441616,274.9060363769531,5608128.0
2011-03-31,275.86832214615976,283.0641331889414,274.29910669326495,281.0094299316406,18839928.0
2011-04-01,280.4718418718332,282.3054642905208,278.12235837051537,279.0023193359375,5588288.0
2011-04-04,279.59624075925683,285.7516928813986,279.2494547242066,284.63763427734375,7375992.0
2011-04-05,284.1001395114662,285.49162280513247,280.12511701357573,284.6463317871094,4302536.0
2011-04-06,284.27788185685085,286.0118122127938,281.9414149354461,283.944091796875,6766920.0
2011-04-07,282.79531666521234,282.79531666521234,280.697265511032,281.4081726074219,3800288.0
2011-04-08,281.06999680611744,283.03366367206957,278.0746290967491,279.7955627441406,4832928.0
2011-04-11,277.0214382021772,282.78675768984186,275.781673537766,281.0354919433594,8000064.0
2011-04-13,278.38245348150724,287.5809603330097,277.0820060189652,286.6359558105469,11068904.0
2011-04-15,285.76467375628505,285.97709712441457,258.1388411686998,259.17919921875,81019736.0
2011-04-18,253.0671222824749,257.22855492021347,249.68595826431235,251.94874572753906,41086712.0
2011-04-19,251.94007798404377,253.76070483802343,249.7726650626394,250.3231964111328,19210632.0
2011-04-20,253.0671098148258,253.83870027860348,250.63960756240542,252.05276489257812,17949856.0
2011-04-21,253.04107478810826,254.9310627547326,251.51522906082857,252.2868194580078,23953696.0
2011-04-25,252.72033523994267,256.9641253154607,252.0614332750906,255.00045776367188,15527240.0
2011-04-26,254.45429430803495,256.18388570391886,253.15384646659695,255.09152221679688,18230880.0
2011-04-27,255.32132469203714,257.024903332606,255.10458332981977,256.02789306640625,9981328.0
2011-04-28,255.66798604418912,256.4482545672131,253.240483972559,253.94705200195312,23419304.0
2011-04-29,252.28687342489917,253.9341073063676,250.37521092396653,251.96176147460938,16254336.0
2011-05-02,253.0715163611612,255.234590604694,252.28690851211263,253.3749542236328,13468184.0
2011-05-03,253.15382876114978,256.3745958900618,251.415559368106,252.37789916992188,13234040.0
2011-05-04,251.5065372539154,251.8533232411666,246.45646631457018,248.79727172851562,16924400.0
2011-05-05,248.58494648520718,249.590613459822,245.95803758548564,246.95504760742188,12661232.0
2011-05-06,247.7699475712479,252.28684421068567,246.91166058832744,250.81300354003906,11930664.0
2011-05-09,252.28685378238544,252.8937293756764,248.60225196597602,252.16114807128906,4938200.0
2011-05-10,252.08747324720338,253.5786491951019,248.99241163937157,249.69032287597656,4873368.0
2011-05-11,249.85937194015617,253.5006257991036,249.68163984000282,251.94442749023438,6410072.0
2011-05-12,251.2377999027484,252.2001395997153,248.99236883134492,249.7943115234375,4996480.0
2011-05-13,249.9633883726364,252.4602522434371,248.92736924930247,249.5429229736328,8282336.0
2011-05-16,249.339097969566,249.339097969566,246.42176963258598,247.11965942382812,6469368.0
2011-05-17,246.94627991606882,249.45182124033073,244.8265549150056,246.57781982421875,7570472.0
2011-05-18,247.0850688360612,249.88970957509554,243.01033261315072,246.43484497070312,10176496.0
2011-05-19,247.92602683036344,247.92602683036344,245.83665345856122,246.7772979736328,7455960.0
2011-05-20,246.65158070415745,248.2728012720427,245.5375220401445,247.0720672607422,8023672.0
2011-05-23,246.8986984964403,247.32784204685493,245.16476805747766,245.96237182617188,6778880.0
2011-05-24,245.6111751026,248.2857704917216,245.6111751026,246.60818481445312,7625464.0
2011-05-25,245.15166123494444,245.15166123494444,238.98755347814617,241.7661590576172,11075416.0
2011-05-26,243.97990961771862,244.30737012633224,240.8362887350279,242.4561309814453,8476176.0
2011-05-27,241.0109156039798,245.11508699288817,241.0109156039798,243.41229248046875,6264944.0
2011-05-30,245.03646911854273,245.03646911854273,241.09820309024985,242.8097381591797,6867352.0
2011-05-31,243.89257878402861,246.07564876956414,242.4561229973548,243.25074768066406,20410608.0
2011-06-01,243.97981028140669,246.5994932837124,243.10658261397145,245.5123291015625,8105864.0
2011-06-02,242.75736223698846,246.2502739238516,242.4953938604737,244.77015686035156,7117288.0
2011-06-03,245.4643065968771,248.24117494811955,245.4555657922583,245.9183807373047,6293384.0
2011-06-06,246.42493056199575,248.51630726450904,244.08030495940034,247.8133544921875,3769264.0
2011-06-07,247.1278514610608,253.58536713514692,247.1278514610608,252.5855255126953,7978664.0
2011-06-08,252.27550460115438,252.55493322579397,250.37623418749044,250.7648162841797,5945968.0
2011-06-09,251.6205858160269,251.6205858160269,249.26724120329726,249.87413024902344,4221616.0
2011-06-10,250.48539081945646,251.55946526178218,248.97470248342418,249.9483642578125,7187264.0
2011-06-13,248.73894308656403,251.68171655911488,246.22404271572,251.28004455566406,7733184.0
2011-06-14,251.2974902361128,251.7952257978812,250.15792374006594,250.8172149658203,7870104.0
2011-06-15,249.8959700019837,249.8959700019837,246.85276253855312,247.61248779296875,7335880.0
2011-06-16,247.03609678101074,247.03609678101074,244.07149323791924,244.52993774414062,7628960.0
2011-06-17,244.512495756542,244.79629475782554,238.5046849424866,241.85350036621094,8525168.0
2011-06-20,241.7356358684686,242.73547735182507,231.6236545285425,236.6054229736328,12458152.0
2011-06-21,237.77990723322858,240.5742359263844,235.18642517870055,238.1422882080078,7542816.0
2011-06-22,240.39964307266882,242.9058029048235,239.44783318056406,240.5786590576172,5625000.0
2011-06-23,240.13762498249613,243.55195392349816,238.87144477804299,242.67872619628906,4158768.0
2011-06-24,243.7179130487765,251.28879486928534,243.7179130487765,249.7388153076172,11219288.0
2011-06-27,247.26753856451322,255.2444829517388,246.27206741178287,250.70806884765625,10724296.0
2011-06-28,250.6207616194355,251.21456081713586,248.32853852904154,250.2059783935547,4486792.0
2011-06-29,250.44169173377585,253.84727959208033,250.44169173377585,251.6423797607422,4800752.0
2011-06-30,252.01787731293425,254.89515823717622,251.62055445715083,254.14854431152344,11341840.0
2011-07-01,256.29243359572814,259.3443613776333,255.3406235454264,256.21820068359375,6402464.0
2011-07-04,259.0561663063809,259.9599657798565,256.29240831840065,256.6373291015625,4114592.0
2011-07-05,258.2135286316605,259.3399842634439,255.5065217369762,258.1654968261719,6423728.0
2011-07-06,257.34026505049655,259.5626258174095,256.4757779473019,257.9253234863281,3440224.0
2011-07-07,258.0562620625929,261.96832667135925,256.9909284646034,261.59283447265625,5751472.0
2011-07-08,261.968400212304,264.0554066063782,259.1085785099864,259.9206848144531,5669792.0
2011-07-11,257.94269085811754,259.88127317498567,252.23616131402923,255.08287048339844,9206520.0
2011-07-12,248.86991165267602,248.86991165267602,239.85820543137604,243.76589965820312,29652656.0
2011-07-13,241.5348241898321,245.1456298903508,241.10258066631545,242.52157592773438,13338168.0
2011-07-14,241.03274377127826,241.3602042509965,238.47855202947594,239.29502868652344,10891224.0
2011-07-15,239.61370359710432,241.26846598168058,237.51795691841244,238.5090789794922,6392624.0
2011-07-18,238.82780042596397,239.54821335229457,236.4133341156347,236.94161987304688,9408656.0
2011-07-19,237.6053433178165,241.18557818589093,237.22548060297663,240.18136596679688,8324424.0
2011-07-20,242.12865094620736,242.12865094620736,239.70107297431665,240.35162353515625,6222712.0
2011-07-21,239.7185264552569,243.15031647502437,238.9850235235844,241.71823120117188,5897088.0
2011-07-22,243.13279531329204,248.3459604729142,241.88407542544738,246.9706268310547,7749624.0
2011-07-25,246.07560051072366,246.6912303897197,243.72662619457103,245.1805419921875,7404256.0
2011-07-26,245.28968470695764,246.59952638392608,243.41224496996952,244.6609649658203,6848736.0
2011-07-27,244.59115114165962,247.63870818878183,243.73538347864084,244.21128845214844,8506440.0
2011-07-28,241.44742035900765,242.22458435985595,238.78407630079798,240.233642578125,9481376.0
2011-07-29,239.35172048720653,242.971245159625,237.9894767025324,242.39927673339844,9757592.0
2011-08-01,242.76613533909395,246.58213760082796,242.76613533909395,245.8224334716797,6094952.0
2011-08-02,244.37724676475702,244.37724676475702,239.70110616751617,240.22067260742188,4932528.0
2011-08-03,238.8278217758313,239.2382346097734,236.513767926815,238.61825561523438,5646088.0
2011-08-04,239.26444270077945,241.00652808364313,236.12082228573271,236.57052612304688,6529888.0
2011-08-05,230.8465556199908,230.8465556199908,220.49006332586018,226.2708282470703,15758072.0
2011-08-08,218.30697938802876,218.30697938802876,212.28170675691916,215.73095703125,16170240.0
2011-08-09,205.2958393536111,213.06319574931197,205.22597687139339,207.352294921875,16849744.0
2011-08-10,213.76615826569275,216.24611660684644,210.54395631944982,213.6875762939453,13955960.0
2011-08-11,212.36899544229504,215.5999382183497,210.88013781817048,213.11997985839844,8206232.0
2011-08-12,217.25908720267074,217.25908720267074,204.5405322049371,207.40907287597656,14098080.0
2011-08-16,212.1943548803143,212.91476781354993,207.15583475046176,209.5135498046875,10146704.0
2011-08-17,209.2253990145848,215.29433275060887,209.2253990145848,213.84913635253906,8531328.0
2011-08-18,215.25066230310648,215.52137146079903,204.59728266782088,205.5665740966797,10674664.0
2011-08-19,198.57203151353255,198.57203151353255,189.63018602752297,194.2670135498047,28899200.0
2011-08-22,193.32392369649713,196.04841190462434,189.9270755623322,191.63861083984375,15708072.0
2011-08-23,192.21927473930953,201.0737963461931,191.5861845669711,198.82960510253906,17143440.0
2011-08-24,199.09589518558442,199.52813858895695,194.72975713326898,196.55479431152344,8606144.0
2011-08-25,196.49371905811958,197.79484129647926,188.74819258747925,190.66055297851562,26853752.0
2011-08-26,190.93130474334225,196.7295302129616,190.59510343124663,192.3328399658203,21021960.0
2011-08-29,195.515753715403,201.91214896312667,194.90449410128608,200.51498413085938,11222528.0
2011-08-30,203.54945331338624,206.08181459441937,199.09599037087972,204.59295654296875,12142920.0
2011-09-02,208.2647935910558,208.2647935910558,198.6854905773202,202.51895141601562,14960904.0
2011-09-05,200.29223349669232,200.29223349669232,195.62046529675916,197.79481506347656,10902544.0
2011-09-06,196.8168424137223,202.5888877873494,194.0530844333781,201.0651092529297,10816696.0
2011-09-07,200.6590376880732,202.09114428598969,198.0175231974406,200.09580993652344,13157432.0
2011-09-08,200.84242455151968,205.55785538881625,200.75510175823644,204.19998168945312,11027872.0
2011-09-09,203.2961598394881,203.2961598394881,197.43679314296884,198.5981903076172,12392104.0
2011-09-12,192.80872942817155,193.62520608085762,190.42044248123406,191.97479248046875,8198264.0
2011-09-13,194.12724614498012,197.32324653191213,191.73896001004556,194.03555297851562,10365216.0
2011-09-14,196.56358572194887,206.68428780525016,196.38894015489248,205.3526153564453,17236880.0
2011-09-15,207.65355994103913,212.06336009958517,203.46206672103497,210.43914794921875,13703456.0
2011-09-16,214.63062683841173,214.63062683841173,207.2693344175199,209.151123046875,11304104.0
2011-09-19,209.48739416594145,210.58766995762306,205.7412546278149,206.31320190429688,6558432.0
2011-09-20,207.56626590325817,213.0676015161758,207.40471021875493,212.76634216308594,9008904.0
2011-09-21,213.06759151727945,214.36869246245382,211.32113584910502,212.68772888183594,7402480.0
2011-09-22,208.1775041120768,210.6050816201443,204.04276201914843,205.43557739257812,9037856.0
2011-09-23,203.28740908533385,208.68396054908672,202.67614969375424,204.23049926757812,10448432.0
2011-09-26,204.77192901805705,206.51838470264605,200.9384673179999,205.64515686035156,6544288.0
2011-09-27,207.58375087966127,215.56941648286872,207.58375087966127,213.4300079345703,10341024.0
2011-09-28,216.56053422445854,221.79990198795352,214.1591573328567,215.70913696289062,20061760.0
2011-09-29,216.7351669216118,224.41520211419197,215.7964469198361,222.76918029785156,23256344.0
2011-09-30,221.09252866237338,223.8955983076464,219.02298312903136,221.19296264648438,10730656.0
2011-10-03,217.43372863411994,219.8787665464715,215.48642631868938,216.2024688720703,9885128.0
2011-10-04,214.13288686854693,216.7132789200389,210.76224082393958,212.9365692138672,7838480.0
2011-10-05,214.63506554162183,218.21967063763313,212.02849283143325,213.6745147705078,10771856.0
2011-10-07,223.5463131962161,224.84741406962587,217.22850163745014,219.066650390625,18457728.0
2011-10-10,222.23645155364574,227.1177859108443,220.7868850316147,226.16160583496094,16946432.0
2011-10-11,226.46290129656467,226.60262627968999,217.43373388687016,218.70428466796875,22339248.0
2011-10-12,226.60257787560352,234.72359511738816,226.60257787560352,233.96826171875,34633704.0
2011-10-13,237.43065505206877,238.30388291176743,234.4616803290933,235.4833526611328,18041536.0
2011-10-14,236.74088344586735,240.72279086995096,234.5752734508153,239.5919647216797,19600992.0
2011-10-17,241.1069460272878,241.43875554932612,237.53543139104295,239.83639526367188,14145496.0
2011-10-18,235.76274972380602,237.95455988559627,234.69741614152005,235.90684509277344,10518136.0
2011-10-19,237.6926418664901,238.82783817224484,235.867604025624,238.1947479248047,10135320.0
2011-10-20,236.37278901258358,242.08015576065858,235.98205819183102,241.25039672851562,5573680.0
2011-10-21,241.25036846001873,241.3776823390191,237.68984579546185,239.06399536132812,6858312.0
2011-10-24,241.4654858802415,243.64306982210948,240.69279203804038,242.98452758789062,6075592.0
2011-10-25,246.82162449126693,254.54851988622656,246.82162449126693,251.00994873046875,15677584.0
2011-10-28,256.4801658154006,260.9011864917774,249.8113345691719,251.00547790527344,24868784.0
2011-10-31,250.77289958931638,254.43878493870503,250.77289958931638,252.6651153564453,10291624.0
2011-11-01,249.36795802013887,252.36213820352845,247.436234401673,249.06942749023438,7906192.0
2011-11-02,247.6118739955599,250.58847624648274,247.3835707851927,248.8762664794922,5317856.0
2011-11-03,248.84121384787255,249.54365905280656,242.9757920992883,246.04022216796875,10779624.0
2011-11-04,249.80700934662198,250.3250539722562,245.11380286086836,248.13430786132812,7643688.0
2011-11-08,247.17722178917626,250.07041276179982,245.05233001306453,249.5523681640625,6107336.0
2011-11-09,249.8070020193933,251.76067716699666,248.0508895271656,248.95529174804688,6679648.0
2011-11-11,229.23416220340604,246.5318719359244,229.23416220340604,243.7220916748047,9441224.0
2011-11-14,246.7469579540621,248.70063302666196,245.6801282307584,246.62843322753906,4633040.0
2011-11-15,245.86458214999575,247.61190581841288,244.23578323391186,245.70652770996094,5098024.0
2011-11-16,245.41678950733998,246.20704035011855,242.19432646917267,243.950439453125,6552648.0
2011-11-17,243.0723088714777,244.889880968478,239.96397697516173,241.7727813720703,6366984.0
2011-11-18,239.8015794004647,242.7342789814516,238.83132286394547,240.65768432617188,4737896.0
2011-11-21,238.83130606680422,240.1352282059446,230.6039230826959,234.44981384277344,9365792.0
2011-11-22,228.29468624882412,242.77382912114263,228.29468624882412,239.18258666992188,14859512.0
2011-11-23,234.8801285501471,236.15770512553436,229.81814108345424,232.91766357421875,12792816.0
2011-11-24,231.89469353309363,235.67033602530228,227.1180753270224,234.10739135742188,13231776.0
2011-11-25,233.12395098391104,233.12395098391104,227.5043905835456,228.26829528808594,8022528.0
2011-11-28,230.0551987017242,232.67618450496332,229.38786718367052,231.46885681152344,7290208.0
2011-11-29,230.24389507366587,230.7575665312274,226.64825918149245,228.11460876464844,10659368.0
2011-11-30,226.62633402380933,230.48978179484678,224.8702214006105,228.8961181640625,11640232.0
2011-12-01,234.79224470027253,236.27177807803233,230.98148909404154,233.15467834472656,8125208.0
2011-12-02,232.772734189104,238.4318029754607,232.50052815074167,236.56153869628906,9451408.0
2011-12-05,236.19716893711177,238.63377541964144,234.89764119237788,237.1761932373047,7468184.0
2011-12-07,237.5142182803233,243.43230889671736,235.6746947033921,242.25132751464844,8070392.0
2011-12-08,241.20204298854415,242.16790482795952,236.73274541547175,239.13421630859375,7295584.0
2011-12-09,234.27857889889142,240.5698650374669,233.5805284403222,237.97959899902344,10570752.0
2011-12-12,238.8224612922088,241.99225227154798,236.88197024463355,240.60931396484375,11025800.0
2011-12-13,239.82348628955236,242.77374216216978,237.8390707681849,241.6586151123047,9648336.0
2011-12-14,241.46541863089874,242.9800653477653,239.27027846152694,240.60931396484375,9857632.0
2011-12-15,239.38451079377896,240.0913504541513,234.00202099532004,238.51084899902344,10053168.0
2011-12-16,236.6362196092191,244.87239361806795,236.36840809741537,239.2264862060547,13669288.0
2011-12-19,236.19714058583534,237.38691113899577,233.19419237952602,235.0029754638672,12064432.0
2011-12-20,236.19707637313377,236.9126834758551,232.78144692897237,234.33120727539062,10484608.0
2011-12-21,238.74352532253621,241.8869713923948,235.31910550363997,240.85086059570312,8422920.0
2011-12-22,232.6848779570594,241.28982816075444,232.6848779570594,238.90591430664062,12707136.0
2011-12-23,240.58747869573503,240.58747869573503,235.60450810596024,236.61427307128906,7045296.0
2011-12-26,236.28501789310565,244.71436078338368,236.28501789310565,243.73533630371094,4236568.0
2011-12-27,242.78259846249085,245.76799026998623,240.25818627232934,242.29087829589844,6178200.0
2011-12-28,243.1337649621696,246.20696170239205,241.6015611604997,244.27523803710938,6851248.0
2011-12-29,242.1679516672629,243.6518583873364,239.8015939903863,240.7718505859375,8837168.0
2011-12-30,240.93864895352928,243.66062348616754,240.7191348783165,243.01524353027344,5308816.0
2012-01-02,242.27327179834197,247.3177005752973,240.76301936324313,246.6416015625,5826176.0
2012-01-03,247.97191135814546,253.4904828555875,247.61189966683924,251.50169372558594,8903008.0
2012-01-04,249.80702089496222,252.44118983234318,249.46019293892473,250.63238525390625,7341424.0
2012-01-05,249.2977839926611,252.52903602895628,248.61729024119225,249.38119506835938,7125272.0
2012-01-06,249.19235187646447,251.7914068273926,246.83038925127553,248.67868041992188,7087632.0
2012-01-09,250.02657678848894,251.6773272193766,247.36606142939496,249.0651092529297,8265784.0
2012-01-10,252.00214824091043,252.476290049592,250.26359254754374,251.44020080566406,11179176.0
2012-01-11,251.8265662968828,254.18852935160663,246.99725627375568,248.19142150878906,13795800.0
2012-01-12,241.4654525687565,241.4654525687565,226.36728064915926,227.2628936767578,48970600.0
2012-01-13,229.87510649621728,229.9629121136719,224.10188714857546,226.9072723388672,20898944.0
2012-01-16,226.64830945192938,232.1581133911482,226.45953589969784,231.82005310058594,13188736.0
2012-01-17,232.68494921062532,234.68692211763363,231.2668966798283,233.74301147460938,8740424.0
2012-01-18,232.15813891952274,232.15813891952274,226.97760556239268,229.35275268554688,9700424.0
2012-01-19,229.69953366100574,230.29661624689734,226.24000032971807,227.8292694091797,9652336.0
2012-01-20,227.94344511009103,229.14637811007455,226.213678261625,227.31124877929688,11635712.0
2012-01-23,227.41658161068963,229.65562517481033,227.32877598072412,228.32098388671875,5160864.0
2012-01-24,229.87511165791025,231.77172161228467,227.8555824111066,230.1209716796875,5653208.0
2012-01-25,231.36787794974632,234.88010380097586,230.48982148693892,234.07229614257812,10545360.0
2012-01-27,237.25088614087588,240.14847283319597,235.86355246747033,239.27041625976562,12218872.0
2012-01-30,236.9785889253313,239.28788111306451,236.19712745017114,238.1551971435547,9588456.0
2012-01-31,238.12889655905752,241.87379854411236,237.6020627171127,241.11428833007812,8658896.0
2012-02-01,240.56110700645377,241.28989810397792,236.69326428694376,240.82452392578125,6269336.0
2012-02-02,240.59621731692903,244.36307030014686,239.70937187186522,242.0801239013672,11538256.0
2012-02-03,240.5917809472635,245.1532783833816,240.5917809472635,244.38497924804688,11637200.0
2012-02-06,246.30363569775906,246.54947436652924,241.6499362797282,243.84507751464844,7937680.0
2012-02-07,246.29486760909572,246.29486760909572,238.27381227635985,239.48992919921875,7221640.0
2012-02-08,241.28993742350633,244.27532966237067,240.70603839861698,243.1470184326172,6671496.0
2012-02-09,241.3776374263099,247.79623650521066,239.87177969265173,246.72499084472656,10156840.0
2012-02-10,245.767939057453,246.0313559267536,241.56643141734068,245.01280212402344,5177616.0
2012-02-13,243.6825837355356,245.8996759756301,242.08892006643453,244.83721923828125,5734008.0
2012-02-14,243.7484321806284,246.7250345031664,242.69476460636056,245.94796752929688,5477768.0
2012-02-15,247.17286555328565,252.4412037178317,247.17286555328565,251.484130859375,7178328.0
2012-02-16,251.47539655489746,256.19055595291627,251.17247133176815,255.42225646972656,8256552.0
2012-02-17,256.063193392844,261.48519157270107,254.6495140375775,258.8334655761719,11457280.0
2012-02-21,257.27050708545823,259.89588696183444,255.62415145137894,257.9949035644531,6049224.0
2012-02-22,255.09289274411083,262.8900363872695,255.09289274411083,259.2241516113281,10413120.0
2012-02-23,258.0607601603671,261.88909440474896,256.0587874035521,257.5470886230469,10474960.0
2012-02-24,257.44612297936277,261.1339596659703,256.6997750785017,258.85540771484375,8536440.0
2012-02-27,260.3437457875403,260.3437457875403,252.1778205402414,253.17442321777344,6910568.0
2012-02-28,253.40705580369473,255.51439098709344,250.68068662278824,252.212890625,7950200.0
2012-02-29,254.10953560107941,255.34760376533634,251.4929231032894,253.1831817626953,8868408.0
2012-03-01,250.38216018297078,252.44119801504817,246.29480362859482,250.8299560546875,9806632.0
2012-03-02,251.56313749427656,251.56313749427656,247.00603373537942,249.8684844970703,6077656.0
2012-03-05,250.95724794281006,251.46213025146486,245.5659700804147,246.7206268310547,5780456.0
2012-03-06,246.30353762415965,252.88016957051465,245.9523151664228,250.46112060546875,10349688.0
2012-03-07,249.543527566721,254.197224597346,248.93767747146228,253.21820068359375,7908568.0
2012-03-09,254.10949945828708,254.89975014768743,250.0704403791298,250.71142578125,6644808.0
2012-03-12,255.95346093546226,255.95346093546226,244.18750424065885,247.3836212158203,7294472.0
2012-03-13,249.714869796714,251.98904895531572,249.5436530695019,251.10659790039062,7710424.0
2012-03-14,253.75835190560875,255.9534933580794,250.59295364376038,252.77932739257812,10602088.0
2012-03-15,254.1973511876473,255.08856994087515,252.04611280972077,253.04708862304688,6251360.0
2012-03-16,255.07536625994317,255.77781133053853,249.99580176843148,251.55874633789062,9031008.0
2012-03-19,254.19730716654908,254.63633533091271,246.84797998248612,249.1484832763672,6061528.0
2012-03-20,248.13872127434098,250.52703022781358,246.11919169567508,248.60848999023438,9225384.0
2012-03-21,248.7050862631202,253.75830524491502,247.69971595014025,251.76512145996094,6250664.0
2012-03-22,252.35334971928964,252.40164709725988,247.1113585375566,248.34063720703125,5664640.0
2012-03-23,248.75327285547482,253.12160159693613,248.52496971331595,252.23915100097656,5497736.0
2012-03-26,251.91444425676374,251.91444425676374,247.70856162208997,248.55587768554688,4922664.0
2012-03-27,251.1241775672119,254.9656750387383,248.69196516976817,252.52027893066406,7590752.0
2012-03-28,251.65096888986818,252.41487368459843,247.96313194172637,249.64022827148438,5919920.0
2012-03-29,247.655780781306,249.2231198602215,243.02842834216136,245.1533203125,14000208.0
2012-03-30,246.72501135593703,252.26555473892847,246.11916113234128,251.67726135253906,7963600.0
2012-04-02,251.47534819505793,253.64853774388044,249.4558185133239,250.2636260986328,4851584.0
2012-04-03,251.67730468419595,252.67388581412362,249.5919207800602,250.98802185058594,5451584.0
2012-04-04,250.15820521859453,252.43675671408994,249.7191771294078,250.3426055908203,5254144.0
2012-04-09,249.14849618910563,251.0670579415778,246.94456611500715,247.85336303710938,6541568.0
2012-04-10,249.54364589732913,250.0397392223901,240.32405306861008,243.3445587158203,7243056.0
2012-04-11,243.12942083668352,248.0509312105646,240.86842562299432,246.24212646484375,8179640.0
2012-04-12,247.8533157990805,248.65235552211547,240.4512976876377,241.52252197265625,11805608.0
2012-04-13,221.09461601112508,221.50729825878858,209.77647684807386,210.95745849609375,75255568.0
2012-04-16,210.73354006118822,213.06478413549996,204.85495663728284,207.62083435058594,33491480.0
2012-04-17,210.64574224335365,210.64574224335365,205.12277575055094,209.0388946533203,23687088.0
2012-04-18,210.73350294049814,210.95741157475652,206.7822497603638,208.20909118652344,19165328.0
2012-04-19,208.96858306914024,212.04617428753744,207.92370478287887,211.20762634277344,17113512.0
2012-04-20,210.27252241313,213.22717314693344,207.4407909806951,211.3832550048828,11507520.0
2012-04-23,209.85545273038375,209.85545273038375,202.39197428599772,202.91001892089844,18136696.0
2012-04-24,202.8880742618641,207.64276207937763,193.02312440500057,206.30372619628906,53037912.0
2012-04-25,206.31688526234325,207.66031569353777,202.23831802162402,206.33883666992188,24638504.0
2012-04-26,206.3432740613792,208.87208102662296,205.67156942484334,206.88766479492188,17137064.0
2012-04-27,206.95789135175485,210.55792255473403,206.78228007356074,209.9432830810547,14062464.0
2012-04-30,210.0310359332228,216.70426282742218,209.88616523989234,216.18621826171875,10869608.0
2012-05-02,216.44084165011407,218.46037080141332,216.15547340047397,217.05548095703125,10124688.0
2012-05-03,216.00184816397473,219.2726078567016,216.00184816397473,218.01258850097656,11400728.0
2012-05-04,217.9335970754313,219.33848730637686,212.78817802982368,214.41697692871094,10800888.0
2012-05-07,211.5237692500108,215.01843772010602,207.91494916998025,214.03501892089844,10710000.0
2012-05-08,210.2944402067062,211.41396175686717,204.51243209640222,210.19784545898438,11526640.0
2012-05-09,207.92372515517698,210.27692025090516,206.57152707141918,207.7700653076172,10498144.0
2012-05-10,207.92370131442473,209.4032345374809,203.91098889992105,205.83392333984375,9084024.0
2012-05-11,205.81643071758626,207.2213210296517,201.25493177298378,202.9451904296875,8901312.0
2012-05-14,203.7266453189078,205.9481323384016,202.31298735153845,205.3730010986328,7918416.0
2012-05-15,202.3919408320857,213.27983699832373,202.3919408320857,212.068115234375,10267152.0
2012-05-16,208.80178963704486,209.41642905145164,206.69445450193592,207.96324157714844,8589288.0
2012-05-17,207.96324364204716,208.75349432555953,206.02712518005748,208.14764404296875,5807416.0
2012-05-18,204.1788074550158,211.17251652740316,202.14169991735764,209.22763061523438,5938160.0
2012-05-21,209.40768709813682,209.46037906315593,204.06033156268052,205.50473022460938,4776760.0
2012-05-22,206.7822726014913,207.92814043768666,204.02955734049849,205.56178283691406,5823208.0
2012-05-23,206.78220203682028,207.64270126261565,202.58508978452846,206.18511962890625,5402032.0
2012-05-24,209.10502124130042,212.65686029073237,205.90034658626135,211.93582153320312,7612048.0
2012-05-25,210.35130603422465,212.30971853221573,209.2875363194345,211.2281494140625,4313728.0
2012-05-28,213.11083913028304,213.4669140494648,210.31565970794156,212.38088989257812,4725784.0
2012-05-29,212.84376944791086,215.87040606908567,211.68652603393224,214.49061584472656,5144760.0
2012-05-30,214.26808543185226,218.87926004243755,212.99511323244042,216.520263671875,8051488.0
2012-05-31,214.35710133782646,227.17579842779614,212.8526934975862,216.25765991210938,21626352.0
2012-06-01,214.98022015880994,216.4490291164167,212.1316209682998,212.68353271484375,6543040.0
2012-06-04,211.3304417792791,213.32001886921395,208.74889889318007,212.36306762695312,4812088.0
2012-06-05,212.309719679286,214.7043153715299,211.39282220365405,212.65245056152344,5992720.0
2012-06-06,213.39571773705615,216.61375820612997,213.32449839892,215.02476501464844,8777184.0
2012-06-07,217.91785162217488,219.41782591991745,216.86297097562138,218.35848999023438,6647088.0
2012-06-08,221.55871224287893,221.55871224287893,213.00402518149846,215.3585662841797,5564824.0
2012-06-11,216.04843714112138,218.34066922038954,214.9713019174346,215.92825317382812,3553784.0
2012-06-12,213.8407950913736,219.8762695078839,213.8407950913736,218.8125,4134680.0
2012-06-13,218.20718097080018,221.62994709162822,217.38375764638207,219.88519287109375,6157784.0
2012-06-14,219.0751046829988,223.43702265515117,219.0751046829988,222.3955078125,7883336.0
2012-06-15,223.4414651060856,225.3954218613067,222.79162403767194,224.55419921875,6311512.0
2012-06-18,225.6624430229989,226.49477670331962,222.2352224879356,223.5883026123047,7117032.0
2012-06-19,222.54685119702827,222.99194489942232,218.79915352963394,220.49942016601562,6414080.0
2012-06-20,220.76646968182945,221.2115633707041,218.3585084783995,219.88519287109375,6535976.0
2012-06-21,218.63000382679374,222.81388419318597,217.2190482440409,221.77236938476562,6536616.0
2012-06-22,218.073671753049,221.16707315866938,215.99953063661897,220.27243041992188,6414328.0
2012-06-25,220.31247012071492,221.47862430365294,218.83031679841432,219.7115936279297,7949448.0
2012-06-26,218.37184242247304,218.97715236442812,216.27544710756098,217.2412872314453,10330160.0
2012-06-27,218.2739429624373,220.32137391192182,217.9579220997032,219.7071533203125,8677384.0
2012-06-28,219.43122971314637,222.27982985546714,217.94907614483284,220.1700897216797,7612976.0
2012-06-29,222.01268823187095,224.23815623740293,220.42815066531497,223.3657684326172,9364968.0
2012-07-02,222.81382320580468,224.22032312040034,221.71888876512844,222.49334716796875,5175216.0
2012-07-03,223.99337388223728,223.99337388223728,220.46379001732805,221.70559692382812,6428808.0
2012-07-04,222.5468532355773,222.97860282409076,219.78727225545614,220.7130584716797,6390816.0
2012-07-05,220.78872680664062,221.47862203202172,219.20864419367103,220.78872680664062,5780464.0
2012-07-06,220.41040568500688,221.2115743647989,217.20573096583877,217.61965942382812,4887440.0
2012-07-09,215.52327120973055,219.77834941959435,213.8230046526868,217.02322387695312,7314680.0
2012-07-10,217.5618134971632,219.27987962794498,217.32592251537244,218.9326934814453,7054720.0
2012-07-11,218.0958777581666,222.76045028718798,217.6507841300887,219.96527099609375,16945880.0
2012-07-12,200.29217442147058,202.9627367470902,197.53259335166365,201.57403564453125,54271864.0
2012-07-13,197.44357775114497,201.0755469184337,197.44357775114497,198.49400329589844,26756504.0
2012-07-16,198.5117251559962,199.52652976625077,192.56972620794116,193.2863311767578,18441096.0
2012-07-17,194.4970337370551,195.66318790872822,192.4852232797587,193.2819366455078,13503128.0
2012-07-18,193.2819212792531,194.85309320113737,192.54751674244076,193.96290588378906,7873264.0
2012-07-19,195.84125541696537,200.29219304007822,195.24037883784513,199.86489868164062,10912392.0
2012-07-20,199.838192444939,199.838192444939,196.31306282139326,197.51036071777344,5153832.0
2012-07-23,195.84120610883514,196.72248284308952,194.2922888992097,194.87091064453125,3890800.0
2012-07-24,194.99555959121517,196.90946259564845,192.73449217688886,193.0504913330078,7153512.0
2012-07-25,193.52669736020107,194.0608096804224,191.39024807931568,193.0415496826172,7036544.0
2012-07-26,192.90357262430473,192.90357262430473,187.05059159059545,189.05796813964844,11975336.0
2012-07-27,192.45850462795156,192.63654209754264,187.76722165084465,191.2700958251953,9862488.0
2012-07-30,192.2804996524667,197.17653089361747,192.0624080619795,196.70472717285156,7166920.0
2012-07-31,197.17649537026836,199.04588878009935,194.5059333562241,198.24026489257812,6914440.0
2012-08-01,197.17642615872845,198.5473054848386,195.90790964732352,197.49244689941406,3047984.0
2012-08-02,197.44353727141598,198.22690641874968,195.39610654227144,196.35305786132812,2420032.0
2012-08-03,195.50740557880673,197.38570966542386,194.51485533193883,196.59788513183594,3095592.0
2012-08-06,197.81740812432284,198.94794159535496,196.4999266358775,197.3367156982422,3250784.0
2012-08-07,198.68981881717104,202.01911085142711,197.8085420237179,200.58592224121094,5465344.0
2012-08-08,201.3604047644197,204.2980234015664,201.1823672712593,203.28321838378906,8039104.0
2012-08-09,203.8751518958409,205.7667999594962,202.51761622662943,203.14520263671875,6931096.0
2012-08-10,202.7847042663944,206.61251036097516,201.53844181699603,205.90481567382812,5635688.0
2012-08-13,204.85883769349982,207.50269001502664,204.75201954847591,206.5323944091797,4013928.0
2012-08-14,205.92704936293597,207.8587516159177,203.7950549510096,207.35580444335938,4044816.0
2012-08-16,207.24898772298212,207.24898772298212,204.8365927122913,206.1184539794922,3729624.0
2012-08-17,206.87951475305925,209.63909519942106,206.19407492429,209.2874755859375,8493280.0
2012-08-21,210.5292970840245,217.1166831238629,210.5292970840245,214.4461212158203,12206136.0
2012-08-22,213.90309397724337,217.20569749717745,213.12418010302193,216.635986328125,5149168.0
2012-08-23,216.7606255428537,221.03352493753826,215.8036741159191,220.5172119140625,14722856.0
2012-08-24,217.91791231009773,218.8392651178819,216.67164973969685,217.633056640625,6724512.0
2012-08-27,216.33333191375758,217.78434168422723,214.1434840071854,214.70428466796875,7891360.0
2012-08-28,213.3779463332268,218.2250129827884,213.3779463332268,215.52774047851562,5666056.0
2012-08-29,215.60339716362228,215.60339716362228,212.082701504939,212.6034698486328,5616416.0
2012-08-30,212.20726883663306,214.1923687609015,210.97880624391058,212.9950714111328,11175392.0
2012-08-31,212.39870932858818,212.39870932858818,209.61687376005574,210.23109436035156,5811064.0
2012-09-03,210.61836196573918,213.54707014007283,209.90621196754563,210.5382537841797,4321512.0
2012-09-04,210.1154024545277,211.15246213560786,208.66884785515853,210.15545654296875,2333328.0
2012-09-05,208.9269633247436,209.81715064184945,207.60948174880917,208.25486755371094,4013224.0
2012-09-06,209.2385238723062,216.1285648483823,209.2385238723062,215.60336303710938,7623384.0
2012-09-07,218.54102587625601,222.012757040889,218.19386145302983,221.41188049316406,6075696.0
2012-09-10,222.19077514147395,224.95035608273426,220.65520187577266,223.646240234375,7337320.0
2012-09-11,222.54681441123645,225.74703325585259,220.28574747005325,225.17286682128906,5441904.0
2012-09-12,225.3063673329225,226.99326763306922,224.42952429823097,226.08082580566406,5083328.0
2012-09-13,226.00075703270917,228.50217031650473,224.1491630942092,227.4473114013672,5249704.0
2012-09-14,230.38044859504825,235.42780569948948,230.21132171937595,234.30618286132812,10627848.0
2012-09-17,235.8106109744091,235.8106109744091,226.7307006990638,228.2885284423828,9859272.0
2012-09-18,229.6683490994968,233.14007995797758,229.4903116195747,231.5199432373047,7184200.0
2012-09-20,227.5852608867638,235.4545067870946,227.5852608867638,232.9797821044922,11625136.0
2012-09-21,232.81516241860464,235.89965296125825,229.98881751991786,230.852294921875,12293872.0
2012-09-24,231.44872253271154,232.3299993598883,229.23659816449916,231.46206665039062,8854032.0
2012-09-25,230.55849563172424,232.42788883954904,230.38491346618648,231.2751007080078,8849752.0
2012-09-26,229.49033014849556,231.44874258575967,228.5244680486987,230.49624633789062,8489904.0
2012-09-27,230.78101389234178,230.8255232489266,225.64018320679395,226.9398651123047,13822880.0
2012-09-28,227.97696222872528,229.6594074933671,224.87910615014377,225.65802001953125,9685224.0
2012-10-01,227.1134493022662,233.24683000167312,226.9087019135147,232.30767822265625,8826288.0
2012-10-03,231.91607929378804,233.15343112341247,227.9324905601168,229.5125732421875,7823624.0
2012-10-04,229.2321239829892,230.99467732493306,227.6253316743587,229.28106689453125,7164280.0
2012-10-05,230.1134271432751,230.1134271432751,183.42755649364898,224.93699645996094,11632000.0
2012-10-08,224.75455505947085,226.36578147141347,218.98613543790236,221.4964599609375,8077440.0
2012-10-09,222.99186229000776,226.99770412755282,221.12246943248675,225.77369689941406,9084320.0
2012-10-10,223.17889770089258,225.0527248414073,221.62106970933502,222.91627502441406,5932104.0
2012-10-11,222.1907355897805,229.67276370495603,220.8732541250827,225.50222778320312,14966400.0
2012-10-12,209.19401007241203,217.90450127015163,205.7222796924869,213.23101806640625,56701776.0
2012-10-15,212.37196595308234,214.7131627458925,209.4432586204714,210.58270263671875,14790120.0
2012-10-16,211.8556340844183,212.66571309542894,208.9269270133829,209.70138549804688,7282048.0
2012-10-17,211.5129554747644,211.77555637880565,209.83939902225288,210.98773193359375,5707320.0
2012-10-18,211.78057300036454,214.7369007960549,210.08741219325358,212.9989471435547,10192576.0
2012-10-19,211.95976324040416,214.7369199016267,211.95976324040416,213.5140838623047,10937200.0
2012-10-22,212.16131428296057,214.8264886099607,212.16131428296057,213.71115112304688,4566864.0
2012-10-23,211.60147286896506,213.57235872972595,210.52644421764094,210.80416870117188,4743144.0
2012-10-25,209.8993010703454,211.16246822487827,208.74811604399775,210.0560760498047,11256776.0
2012-10-29,207.92840908722664,209.5409516824744,206.70108937514536,209.22740173339844,4736664.0
2012-10-30,208.37636853219146,211.87021134077077,208.37636853219146,211.27447509765625,5728256.0
2012-10-31,210.5264105940087,212.72126040658455,210.1277585737817,211.69102478027344,6517320.0
2012-11-01,211.60138232445135,212.3180677853301,209.72905030650742,211.83877563476562,7010976.0
2012-11-02,212.4076664393194,215.41775430743297,212.23746238056845,213.93959045410156,7049216.0
2012-11-05,213.4917056762322,214.1635984742504,212.09415990775014,213.0751190185547,4959200.0
2012-11-06,213.57233631819133,215.5880148279058,212.4301184960198,213.36180114746094,6815768.0
2012-11-07,213.39316067589306,216.2599033885835,212.77054436728284,215.39987182617188,4695264.0
2012-11-08,212.4972705442538,213.62157540140964,211.87017067333906,212.79290771484375,5229160.0
2012-11-09,211.87017863964385,211.87017863964385,210.07846465537625,210.40992736816406,5938920.0
2012-11-12,210.9743116555352,212.22851138512223,209.0527028727194,211.3281707763672,3696192.0
2012-11-15,209.19601284168988,209.36175511488048,204.14787239132716,205.7156219482422,9133048.0
2012-11-16,205.2408139664872,213.84104013007635,205.2408139664872,209.93063354492188,13693104.0
2012-11-19,209.988882081183,213.32146576721397,209.33041843356204,211.2923583984375,4036128.0
2012-11-20,212.9586561097485,212.9586561097485,207.19382894759295,208.26437377929688,5440304.0
2012-11-21,208.70772931811757,211.7715548327647,207.96416388889736,210.5128936767578,6989808.0
2012-11-22,210.34721038145818,214.28898093375128,209.18259635464432,213.44688415527344,5827312.0
2012-11-23,213.39314357939074,214.9161005234922,211.15798467396726,212.99449157714844,3477736.0
2012-11-26,214.1770030711991,216.886970379744,214.1770030711991,216.564453125,3788056.0
2012-11-27,216.97653445005042,222.1725043088873,216.9631053455695,221.33486938476562,5717304.0
2012-11-29,219.4849803469418,220.3136481298843,217.37971624973642,219.0594482421875,10365096.0
2012-11-30,218.73244734551278,221.85449577450106,217.24979968042692,218.30691528320312,7050712.0
2012-12-03,218.3203084665848,219.7536793879904,217.18705833045036,218.51290893554688,5202984.0
2012-12-04,217.60361634153145,219.2161585787268,216.3494168237128,218.36061096191406,4510288.0
2012-12-05,217.6036311242663,217.69321681019642,212.989968298865,213.43789672851562,13995024.0
2012-12-06,214.4680818349794,214.4680818349794,207.29674498328163,209.47816467285156,11011928.0
2012-12-07,207.9283586166293,210.3919647613761,207.04146915312182,207.94178771972656,9485912.0
2012-12-10,207.92394232903183,209.9888972500979,205.9575404342897,207.26101684570312,6829920.0
2012-12-11,207.48047024034344,209.27666780476537,204.5107131908172,205.51406860351562,11384424.0
2012-12-12,206.94297784406345,208.17926494314815,204.81531735757144,205.85003662109375,15359688.0
2012-12-13,206.4905812874839,207.2699726030046,203.57456200470585,204.57345581054688,9967112.0
2012-12-14,203.62827155313954,205.60364037431572,203.0011717287348,204.1478729248047,8507992.0
2012-12-17,203.09071830669558,205.3169310032105,202.19037792931522,203.02352905273438,10961640.0
2012-12-18,202.4636693002893,203.73578178619317,201.11988388457942,203.44911193847656,8292000.0
2012-12-19,203.71790995084547,206.03817115286822,203.36405076124905,205.7022247314453,9991896.0
2012-12-20,206.59362917763053,206.9430047227131,204.0762618001474,206.01132202148438,8441728.0
2012-12-21,205.95752360144638,207.95528907897224,204.8645824394551,205.76492309570312,6924016.0
2012-12-24,207.93731662899825,208.59127455186734,207.21166392114037,208.04481506347656,4323992.0
2012-12-26,208.10754283150823,208.8152609827638,206.43677858234534,207.4132537841797,3263560.0
2012-12-27,208.5375724954317,208.64507094858357,203.95525135233902,204.9496612548828,8110232.0
2012-12-28,206.23524318487455,208.33153976002296,205.01238528978115,208.12548828125,7064256.0
2012-12-31,207.39093407323796,208.20617284347009,206.37861110065134,207.72239685058594,3451824.0
2013-01-01,208.51963627515576,208.725665840726,206.54426766861556,206.83990478515625,2959992.0
2013-01-02,207.49842261842997,208.55553839870515,206.360688445626,206.87132263183594,4349944.0
2013-01-03,207.39084897376136,210.42333298705486,207.03250625415228,209.44235229492188,10599288.0
2013-01-04,210.38306255868267,210.9698533054352,208.91386573351758,210.48609924316406,8454008.0
2013-01-07,210.62488604282933,213.20493594644995,209.231824443432,212.74806213378906,8761624.0
2013-01-08,211.8701452118545,212.13441860853655,208.15233928107565,209.9888458251953,12867424.0
2013-01-09,209.64849454052313,211.58355481316926,208.13450464300396,208.82431030273438,6149968.0
2013-01-10,208.82420605282238,209.86787040611563,206.871233985707,208.04481506347656,10901016.0
2013-01-11,225.84549979556678,243.85222151667307,225.84549979556678,242.96533203125,92852568.0
2013-01-14,247.23862383496723,254.1501519699748,246.56224741307932,251.42227172851562,50924760.0
2013-01-15,251.37740798748607,251.68647419677663,248.55545918078406,249.6797637939453,20377880.0
2013-01-16,249.13785618269193,249.83662908566185,246.85342060820125,247.92396545410156,11660824.0
2013-01-17,250.12326525515726,251.43568696356985,248.97656396278046,250.6562957763672,11767072.0
2013-01-18,251.28792843808932,251.73585700928024,248.81983763652508,249.7694549560547,7290592.0
2013-01-21,247.52977459837675,251.7895790393276,247.52977459837675,250.5084991455078,5899560.0
2013-01-22,250.26661260438578,250.71900287832466,248.77948128132448,249.36627197265625,5110280.0
2013-01-23,249.13778800908648,250.6607446420079,249.13778800908648,249.90823364257812,7458712.0
2013-01-24,251.73581128903058,253.34835385244784,250.01128660315376,250.67869567871094,11211296.0
2013-01-25,251.73580952355346,253.3483520756616,250.0471103801036,252.15237426757812,8442536.0
2013-01-28,251.91497104171475,253.31251661401993,250.929528409617,251.7940216064453,6723008.0
2013-01-29,251.37740490290895,253.07953273368418,249.8141392431554,250.75030517578125,6197184.0
2013-01-30,251.26547109025702,251.3729695469774,249.09750170561938,250.00230407714844,6805528.0
2013-01-31,250.12325622591413,251.47600894622593,248.1523709691197,249.8992919921875,17480440.0
2013-02-01,250.04266811700663,251.01017622661283,246.53985832891843,248.2375030517578,7899648.0
2013-02-04,249.1378941559656,249.94416565808845,245.91280814747412,247.9374542236328,7500016.0
2013-02-05,247.5476542341998,249.2587496365155,245.96199191893425,246.88919067382812,6166112.0
2013-02-06,248.62273686626116,249.76943830637293,246.88478287449777,248.68992614746094,9097344.0
2013-02-07,249.5857420649702,250.75035608034872,249.05271156300222,249.8992919921875,10704472.0
2013-02-08,249.33041167038752,252.33601603213376,248.35393636941805,249.89480590820312,5482696.0
2013-02-11,250.95191530084372,252.17923488535422,249.48718051380516,250.1277313232422,7394792.0
2013-02-12,248.1523673532879,248.5196774398504,245.6215715490531,246.8309783935547,4442392.0
2013-02-13,246.98769902748967,250.58455502896274,245.91267095772912,249.90371704101562,6322888.0
2013-02-14,250.33830170886864,253.34839034273344,250.33383992053427,251.98220825195312,6894000.0
2013-02-15,249.9440299691668,251.60136493491217,248.71671061207746,249.81861877441406,5194256.0
2013-02-18,249.31699497312354,249.64845767801725,247.52528103152724,249.0572052001953,2754784.0
2013-02-19,249.05716683767702,253.07955526838504,247.88806929656107,252.67193603515625,4643344.0
2013-02-20,253.1019530246417,253.73802012789363,251.6013928217702,252.5823516845703,5545224.0
2013-02-21,250.98334552953975,252.62274660139445,250.22632874770727,251.5387725830078,5558744.0
2013-02-22,250.72347104410173,255.76714986227205,250.58014706025284,254.47264099121094,8703536.0
2013-02-25,257.1109271377721,261.7693829604774,256.8959302330189,261.39312744140625,10457648.0
2013-02-26,261.23187358171316,266.0157407073436,261.23187358171316,265.1557312011719,12173544.0
2013-02-27,264.09860138053466,264.09860138053466,259.9866271564887,260.7436218261719,7029760.0
2013-02-28,261.1691331334533,263.0101232025369,258.49050822106165,260.4255676269531,11808104.0
2013-03-01,261.0527638422529,265.29911782738975,259.08187818524203,261.03485107421875,8414632.0
2013-03-04,262.12770544806654,263.6058692005932,257.3035077253095,260.1075439453125,10108320.0
2013-03-05,261.9978490658121,263.3281835155833,260.9855263365452,261.7066955566406,7171944.0
2013-03-06,264.0090831122853,266.66977428207366,262.1501796597641,266.0785217285156,12205480.0
2013-03-07,267.07735126283353,269.63502721065413,266.96536914490366,269.14678955078125,13715360.0
2013-03-08,267.6821571814373,267.77174291007896,264.9273960257046,266.0920104980469,6162896.0
2013-03-11,267.1267564909487,267.8613551642528,262.48621091346513,263.8971862792969,4866160.0
2013-03-12,263.3819005637129,263.8029488875922,260.8735015107252,261.41998291015625,5714056.0
2013-03-13,258.90267464630114,258.90267464630114,255.3282139421755,256.524169921875,10730136.0
2013-03-14,256.752618559104,258.80412235935023,254.683180121486,257.478271484375,8332320.0
2013-03-15,257.67983254260423,260.84219020138625,256.9362668710021,257.85003662109375,7260792.0
2013-03-18,256.7749477880855,258.90260762584114,255.40876620805298,256.2822265625,6446824.0
2013-03-19,257.558924811227,258.56228042227616,254.52197788988371,255.85679626464844,11976144.0
2013-03-20,256.645026193733,257.5319155587923,253.30796005900322,256.7211608886719,8994640.0
2013-03-21,258.27558621836056,259.3058218206884,256.39428642280535,257.36181640625,9940080.0
2013-03-22,255.31472912672245,257.60364784722316,253.52749901152546,256.5017395019531,7370288.0
2013-03-25,254.8892668016394,256.66306829715774,253.7649617267683,255.56564331054688,5036856.0
2013-03-26,254.87135027069672,257.0796293196923,253.8859074401246,255.72689819335938,3415584.0
2013-03-28,256.6629708326595,259.52522890795854,255.42668408576165,258.8443908691406,12348048.0
2013-04-01,260.7615116453762,264.59578302935546,260.7615116453762,263.7581481933594,7422040.0
2013-04-02,262.4860497240863,267.83431059501675,261.12883538281784,265.984375,9720888.0
2013-04-03,264.179198637984,268.7167263779062,264.0985802759177,265.93060302734375,8355472.0
2013-04-04,263.8298781606867,264.2016500553319,257.2946059265597,258.01129150390625,7499960.0
2013-04-05,257.91714805535145,259.7088614840096,255.319163583797,256.7391052246094,4372960.0
2013-04-08,255.31918716359434,257.4378797400521,253.2811129502709,253.6976776123047,3716360.0
2013-04-09,253.84562609457478,254.32938024314387,246.92064543293733,247.82546997070312,10840656.0
2013-04-10,251.10869311123946,253.33042263329634,248.71227586517253,252.241943359375,6551616.0
2013-04-11,256.79741876341313,262.987799616169,253.9665017877296,261.29461669921875,17018672.0
2013-04-12,235.1669342760468,235.1669342760468,203.24306294559312,205.74697875976562,98027744.0
2013-04-15,205.1512874932847,211.15353040247686,197.4469159979037,209.54547119140625,66559976.0
2013-04-16,207.7492256741843,208.37632553607273,204.88248344840858,205.71115112304688,14301736.0
2013-04-17,206.04714233028494,207.1176872389594,201.56785662745267,204.600341796875,15149144.0
2013-04-18,204.82874433266528,208.10758983895568,204.37187036638528,205.66189575195312,13224368.0
2013-04-22,205.294617034821,205.42002827731494,199.1983052360656,201.07960510253906,15401288.0
2013-04-23,201.5678278450571,203.4133020397088,201.06613916937243,202.66525268554688,7869960.0
2013-04-25,201.38866252426527,201.56783393220502,199.16244903201013,199.570068359375,13762344.0
2013-04-26,198.889181214666,200.47484341063193,197.31246446399103,198.1635284423828,11129584.0
2013-04-29,197.62602799868975,201.46029982464276,195.83431423623563,199.71337890625,8965680.0
2013-04-30,200.13449412121767,200.88254361553118,199.07737827393817,200.26438903808594,8840720.0
2013-05-02,200.31363059975615,205.2811534243615,200.31363059975615,204.85562133789062,9376184.0
2013-05-03,205.7559676001678,208.19717805716337,204.09414840101195,206.7593231201172,9117192.0
2013-05-06,207.39089989087663,210.07847094777782,207.39089989087663,209.72909545898438,6000104.0
2013-05-07,210.5263827367802,210.97431121068823,208.26434394354456,210.41888427734375,6983104.0
2013-05-08,211.8701427825188,213.21392804329588,209.45581297162363,210.58457946777344,7278352.0
2013-05-09,210.69658908860595,212.2195459163761,210.52638501528182,211.5476531982422,4561424.0
2013-05-10,211.61034413414674,213.66184746391988,211.16241573275485,212.45692443847656,4534040.0
2013-05-13,210.97427624975975,211.61480511270204,208.7615143296363,209.59466552734375,5014960.0
2013-05-14,209.38865091022762,212.38977171583818,209.38865091022762,210.53086853027344,4484448.0
2013-05-15,210.7951762819568,212.5600104001129,210.29348755580065,211.46258544921875,8893176.0
2013-05-16,210.83996870070953,211.4043630485892,207.2341438695204,208.96763610839844,6991752.0
2013-05-17,209.3527949697833,212.22850443273418,209.18259090351808,210.6831512451172,6431752.0
2013-05-20,210.16804300355798,213.48271375851604,209.98887161139808,212.5017547607422,8758288.0
2013-05-21,212.3360035801758,216.5331020143187,212.04485008011164,214.79066467285156,5660128.0
2013-05-22,215.00562578676832,217.96195314133638,213.0571373030757,213.688720703125,6245672.0
2013-05-23,212.85564444494102,216.73022635665976,211.0773593738484,211.40884399414062,5100584.0
2013-05-24,211.56559842638032,213.66189506330352,209.09302435125804,210.3382568359375,3688648.0
2013-05-27,209.73798763049749,213.7514304303129,208.76151247646257,212.5599365234375,3325168.0
2013-05-28,212.31815227165208,213.2140094542329,210.85341702952718,211.97772216796875,4234952.0
2013-05-29,212.31804963556374,214.19934880954975,209.00337966235028,210.7413330078125,5166528.0
2013-05-30,211.4754516645971,212.8484246411641,209.93481199101743,212.1959228515625,6338632.0
2013-05-31,212.2458193055643,220.66495503842347,212.2458193055643,218.56243896484375,18498304.0
2013-06-03,228.83031186946204,237.8928984781536,224.31260359484705,227.84249877929688,33215248.0
2013-06-04,225.65838574758249,228.3273128326389,223.26587195369316,226.1930694580078,11714560.0
2013-06-05,224.7521217543804,225.67650105586023,222.48647536572736,223.05288696289062,5078784.0
2013-06-06,222.0333471925711,222.45474857277577,218.94299665289327,220.18910217285156,7509232.0
2013-06-07,219.76769909738414,224.1086687159719,219.3145698208947,221.74334716796875,6618168.0
2013-06-10,222.93963438352174,226.38341735367368,222.6858775290509,225.36387634277344,4289040.0
2013-06-11,225.65838953433095,227.87872308597397,223.46978388360728,224.3443145751953,5957704.0
2013-06-12,223.14357080604668,227.144694517986,218.66666122884925,219.43698120117188,5927288.0
2013-06-13,219.67712141993235,219.76774729510558,215.2364535364436,215.68051147460938,4154328.0
2013-06-14,216.7498537875333,218.31768550997657,215.4312431672704,217.0443878173828,5584064.0
2013-06-17,218.53975544046546,219.85836630817184,217.03537923481818,219.5502471923828,2720504.0
2013-06-18,220.2208407107066,222.9396165219499,219.74051922562944,221.720703125,4284904.0
2013-06-19,221.67092507651077,221.9156105523615,218.16370758808668,220.97764587402344,5836832.0
2013-06-20,220.03963773494064,221.85215534395994,212.31378142649595,214.7017822265625,6802928.0
2013-06-21,214.83762286952916,220.4020405361757,214.83762286952916,219.2012481689453,6161368.0
2013-06-24,217.7286708222403,217.79664023040542,213.14299256785077,215.725830078125,7336552.0
2013-06-25,215.68954534244585,216.31034132943236,212.51764026388048,215.13671875,5790640.0
2013-06-26,216.7408288204262,218.82522372731515,214.93282510299946,217.44769287109375,5567232.0
2013-06-27,219.40522219200673,226.56012990737779,218.64397376568638,225.0059051513672,10670944.0
2013-06-28,223.95461571268748,227.2669952454327,219.677079643078,226.46043395996094,11707392.0
2013-07-01,223.75525847380138,224.16307486227123,221.22680571547022,222.12399291992188,4209080.0
2013-07-02,221.86120718934714,223.26137249357237,217.5020938744309,217.8600616455078,5110832.0
2013-07-03,217.59278249948827,222.2056318872137,216.83153380157052,217.90997314453125,5349856.0
2013-07-04,220.49269182523605,224.31256253133728,219.3145557817802,223.6645965576172,5210784.0
2013-07-05,223.57403978094734,225.07390247858652,221.00932302273822,222.59527587890625,4337360.0
2013-07-08,225.2052466249213,226.02087930887473,222.9849132074925,223.67819213867188,5415168.0
2013-07-09,224.84277455706143,227.83342814850965,224.84277455706143,226.4015350341797,8611368.0
2013-07-10,227.01783328908286,228.37722151237077,225.93032271045251,226.66891479492188,6865416.0
2013-07-11,229.7366101724661,232.31491208244586,227.4483066589139,229.1339569091797,15704960.0
2013-07-12,252.0441259415288,263.32253300414624,249.22113898107116,254.133056640625,52873040.0
2013-07-15,252.39750730198958,252.8461007976697,247.25449073558536,248.5594940185547,12874240.0
2013-07-16,244.87562382522518,251.0880313183125,242.97248065341014,247.29986572265625,6301536.0
2013-07-17,247.5581679764471,249.97789659192762,247.5581679764471,249.29820251464844,6575048.0
2013-07-18,249.58370466912461,255.33844876734153,248.2107312659552,253.82046508789062,13078696.0
2013-07-19,254.0243571529316,259.64316205606457,254.0243571529316,258.05267333984375,16402840.0
2013-07-22,255.7643016129797,262.35279731153975,255.74618086579093,260.70794677734375,6751136.0
2013-07-23,261.90872466124483,264.3692078091787,261.90872466124483,262.99169921875,6168480.0
2013-07-24,261.00254280266984,265.26195929979673,261.00254280266984,263.5944519042969,4875280.0
2013-07-25,263.63059082063756,266.92484923298036,262.90558403941895,264.2015380859375,7177688.0
2013-07-26,265.5338028498911,267.6181978893271,263.0506628270066,264.0203552246094,6899640.0
2013-07-29,263.72126184734356,266.80254119538813,263.72126184734356,264.73626708984375,4362952.0
2013-07-30,265.6244299158959,269.43071652676855,265.6244299158959,267.8628845214844,6336208.0
2013-07-31,269.06820774763503,271.1163612576683,265.370667830424,269.1271057128906,11807328.0
2013-08-01,270.7900949067831,271.43806101596596,267.9580365179488,269.5802307128906,8690632.0
2013-08-02,270.5182098288346,273.6901151367104,270.1647778018535,272.67510986328125,11962296.0
2013-08-05,271.76889964993813,274.1432933357209,271.56045569602895,272.69781494140625,8502784.0
2013-08-06,272.60267799132833,272.965181552487,267.4415379644239,270.73126220703125,10031832.0
2013-08-07,269.61190412997917,272.1313071886202,267.4595401894457,268.5561218261719,6503608.0
2013-08-08,266.4400475442355,269.883830471678,266.4400475442355,268.6649169921875,5765368.0
2013-08-12,269.70258221732723,273.6901203952716,269.2494528789245,272.3669738769531,7594376.0
2013-08-13,272.61163606786147,280.3963879563524,272.6025646324201,279.4538879394531,10334312.0
2013-08-14,278.22145569185335,280.47803128685763,275.73377967435846,278.1897277832031,9211208.0
2013-08-16,273.69011939480276,275.4981010233295,268.94584638888597,269.9200744628906,12087616.0
2013-08-19,270.9804024822551,274.3199522668604,267.4323866616842,272.3307189941406,5259328.0
2013-08-20,273.6901193058551,273.78074517317486,270.29164928136186,272.4802551269531,10362056.0
2013-08-21,271.4064418037959,271.4064418037959,264.81794349166677,268.1393737792969,7526584.0
2013-08-22,270.88072919491714,275.18092236109334,268.61508241342733,273.708251953125,10965816.0
2013-08-23,272.3307356999307,273.68558801318017,270.27353290359486,271.9410400390625,5498864.0
2013-08-26,273.68553163273737,276.3952578264769,272.64787007399946,274.6597595214844,5571544.0
2013-08-27,274.7775970453077,279.1276381594814,274.76852560947185,276.9571533203125,8525552.0
2013-08-28,276.5901600653705,283.6589780486926,276.5901600653705,282.4128723144531,14329696.0
2013-08-29,278.2214222146415,283.3825611104374,277.4057893807875,281.3570861816406,20086288.0
2013-08-30,280.215190280879,283.0155208161037,275.27608036163326,281.4703674316406,12678560.0
2013-09-02,278.86480272702033,283.4414080017207,277.7319796392232,279.66229248046875,5125040.0
2013-09-03,278.40267696010835,280.44175906674974,273.40013328357276,274.93170166015625,6267312.0
2013-09-04,277.2879246465546,284.5561138063076,276.91637191561864,282.0910949707031,8979400.0
2013-09-05,280.64113077923383,280.64113077923383,271.4335555452046,272.3126220703125,9457072.0
2013-09-06,272.41222177745226,278.3935276164435,272.41222177745226,274.5102233886719,13465928.0
2013-09-10,274.7776318520945,288.91526726400963,274.7776318520945,286.2780456542969,21879136.0
2013-09-11,285.01837438753506,287.55136314658716,281.6425605732471,282.6711730957031,9145680.0
2013-09-12,281.39333093215475,282.6711645701453,276.2276562580379,277.8453369140625,6957440.0
2013-09-13,277.3377955625958,277.8453092424976,273.0829157456595,274.4196472167969,9255384.0
2013-09-16,274.1432047442265,277.12932216915993,270.07411280332786,271.2794189453125,6332184.0
2013-09-17,273.4182674949538,274.59186816235797,271.06199472237546,273.92578125,8027280.0
2013-09-18,274.14321503431796,274.5283749232092,272.3306979101241,273.4317932128906,7439816.0
2013-09-19,271.7870003143341,275.04953182861084,271.1798113742686,273.5995178222656,15327808.0
2013-09-20,271.87762417658627,274.7776521678032,270.382297243615,271.4380798339844,7991712.0
2013-09-23,272.33070814165427,275.8605809485493,271.9727404212677,273.6357116699219,8886376.0
2013-09-24,274.5964104827184,274.68703636076555,271.5966850691759,273.24609375,11752256.0
2013-09-25,274.7595124926467,275.04951084670193,271.21149646625327,272.75213623046875,8080776.0
2013-09-26,274.9588557647879,275.21714831270504,271.9682024225869,272.9922790527344,10682440.0
2013-09-27,274.05261974916186,276.4995181397794,271.06196616062937,272.4757385253906,5701568.0
2013-09-30,273.7082268858753,276.8620113419648,271.65555994001943,273.05572509765625,8679184.0
2013-10-01,274.5963568995841,275.348555965687,272.1494586697858,273.2369689941406,5310216.0
2013-10-03,275.04942598836703,276.1369360746472,273.6900383805168,275.2442626953125,14686712.0
2013-10-04,274.2565041222811,275.4119838174679,272.3307046303031,273.36383056640625,7352816.0
2013-10-07,273.23696159151064,275.47995157472457,272.45757036332355,273.8577575683594,9795344.0
2013-10-08,275.52983551733405,276.59015376559057,273.8985698660298,274.97247314453125,17982912.0
2013-10-09,274.32449345640185,283.785824915717,272.78385375083235,281.8328552246094,17371792.0
2013-10-10,283.21493311339384,286.463857483262,280.10192543167204,283.4414978027344,17434688.0
2013-10-11,302.2372593561517,302.5091369507749,286.0877346606232,296.75439453125,41290600.0
2013-10-14,295.0778978474558,302.2871918222302,295.0778978474558,301.2721862792969,12231712.0
2013-10-15,301.2403052747488,305.1417522816914,300.22530024764956,304.0315856933594,9221320.0
2013-10-17,303.6122368403521,306.13762398195666,297.2121514058795,297.9870910644531,11513008.0
2013-10-18,299.58262573273305,303.03793682803274,297.3033909051864,302.1855163574219,10944776.0
2013-10-21,303.8674903398133,307.9427564606983,297.67709942486766,304.0908508300781,9383368.0
2013-10-22,304.32337501696463,306.7120082002794,303.1746319839229,304.719970703125,7208760.0
2013-10-23,302.6823166424849,304.39630529678874,298.9443723706952,303.11993408203125,6561584.0
2013-10-24,301.0686392139344,307.6966484943155,299.9518143416217,301.65667724609375,6480560.0
2013-10-25,303.41172629781164,305.41745285386685,301.43335501006015,303.7353820800781,6011344.0
2013-10-28,302.42707855251064,304.040772210483,300.23445039828505,302.99688720703125,3412448.0
2013-10-29,302.6367782331322,306.78042239445455,301.47436855623135,304.1046142578125,5200392.0
2013-10-30,301.86185709535596,304.4009335673592,301.5382013019289,303.0379333496094,5591088.0
2013-10-31,301.25096998231965,303.41167971616875,300.5124891422512,301.7615051269531,9687544.0
2013-11-01,300.85905395748557,302.22659511183775,298.0692610993443,298.73480224609375,6166704.0
2013-11-05,296.48283955008486,299.9974237878945,294.7506212378304,297.74554443359375,5320232.0
2013-11-06,298.6071455669692,301.9712875833654,298.6071455669692,301.4197082519531,3704664.0
2013-11-07,302.83279419837805,309.9713618589131,302.0988984182879,306.1103515625,7192712.0
2013-11-08,305.41742248014845,308.9912577184355,305.41742248014845,306.33367919921875,8616112.0
2013-11-11,305.41738862981106,309.79351837734265,304.51482077264143,306.5661315917969,7803200.0
2013-11-12,306.5570526831141,307.6966699793338,303.4208347871774,304.21856689453125,6452184.0
2013-11-13,302.32217396496054,306.2014348550608,302.32217396496054,303.7808837890625,4687512.0
2013-11-14,305.62709477903894,307.69663510276723,305.42196368897044,305.80487060546875,4343528.0
2013-11-18,309.15537312505296,311.34343828429843,308.8681984761619,310.3497009277344,6326536.0
2013-11-19,310.5229579197697,314.3520724918866,309.9805044736837,313.89166259765625,8975208.0
2013-11-20,310.796408857263,313.9235229667995,309.52003756832147,310.17645263671875,4306608.0
2013-11-21,309.6112336147616,309.9759111572996,302.0533004489219,304.90234375,8495496.0
2013-11-22,305.05278950128246,307.6967019028178,304.1410955697186,305.19866943359375,2720936.0
2013-11-25,305.59974333670795,308.0430870250392,301.49712148403734,303.2293395996094,5707296.0
2013-11-26,302.6823550934963,305.3262672313612,300.1888635360774,302.3359069824219,7321096.0
2013-11-27,302.6823873072675,304.12743110173955,299.56439849205816,300.2481689453125,6779624.0
2013-11-28,300.986608455726,304.3234169577443,297.6680516378176,303.39349365234375,7499968.0
2013-11-29,304.14110913807383,306.8761910547831,301.7707048102591,305.8323059082031,5411560.0
2013-12-02,305.59970296845086,307.86981119046555,303.1472560215146,304.38714599609375,4711376.0
2013-12-03,302.68237733004383,306.2835682651453,302.68237733004383,305.3034973144531,7001240.0
2013-12-04,305.41743558731366,308.6995334025803,304.2140041733459,306.81689453125,8443120.0
2013-12-05,308.15256803690556,309.88478661462784,304.68813088146106,305.5360107421875,6317072.0
2013-12-06,304.41914549835394,305.32627644553924,302.5182548799877,303.2111511230469,6544848.0
2013-12-09,306.7849958594517,308.52177718214375,302.77810564005,304.3963623046875,8856632.0
2013-12-10,304.04992771059204,309.050577853711,303.7353977542461,307.318359375,12345896.0
2013-12-11,306.7849475752637,308.3074716896094,304.50571319506116,307.63739013671875,6256960.0
2013-12-12,306.73024009643797,308.672152259307,305.23507123141917,306.68011474609375,5520232.0
2013-12-13,304.96158182692454,308.1525101868475,304.96158182692454,307.5918273925781,8315624.0
2013-12-16,308.15248416312505,315.81071158019677,305.76385101562033,314.7394714355469,10117696.0
2013-12-17,314.0876257712722,317.7161491250527,314.0876257712722,315.11328125,10713952.0
2013-12-18,314.53441549981767,316.69968864999754,314.30649201032503,315.213623046875,9183344.0
2013-12-19,315.6739490092781,323.19085924236055,314.9901787226154,320.2096252441406,7331456.0
2013-12-20,321.37209179222526,325.7482224038641,319.85867105243966,323.7744140625,8685456.0
2013-12-23,319.0927982509185,322.7304472477201,315.4961710194055,316.2164001464844,8845904.0
2013-12-24,317.81644642610297,319.3571999854371,316.0021847373144,317.8529052734375,7109912.0
2013-12-26,317.9076231805346,322.22904282294667,317.6113227000824,320.9754638671875,6869928.0
2013-12-27,321.8279124993102,325.6570264723898,321.8233495786647,324.6815185546875,7382064.0
2013-12-30,325.26500423028455,325.9305451797642,316.8136068530575,319.3070983886719,11863432.0
2013-12-31,319.09289671338024,321.0712682213724,317.29230108192615,317.78460693359375,3590808.0
2014-01-01,318.3635109238146,319.001696655907,315.6329921359924,316.1754455566406,1478688.0
2014-01-02,315.7423757677553,319.82220578742096,315.7423757677553,317.3196105957031,4404744.0
2014-01-03,316.81365013476136,325.9305897069847,314.921885173525,325.0325622558594,10046344.0
2014-01-06,325.93973047873806,326.4320363349258,316.230189389597,320.7248229980469,11098328.0
2014-01-07,320.82970952187037,321.4542066114804,314.2335939529362,315.1863098144531,7713688.0
2014-01-08,315.5372138446339,316.8135851228266,311.8904387640834,312.5377502441406,8990392.0
2014-01-09,313.6226356305932,317.45174920515274,311.603242970126,314.6072692871094,12590808.0
2014-01-10,318.18116428868024,325.9305622727885,314.3520499906503,323.7652893066406,30258176.0
2014-01-13,326.5686546252824,335.04740528975793,326.5686546252824,334.1357116699219,17119912.0
2014-01-14,332.3123917450636,336.87086076762967,331.8975666123802,336.11871337890625,7425832.0
2014-01-15,336.89814513241305,339.5466195287763,335.59441881470144,338.42523193359375,17130144.0
2014-01-16,337.235507040495,340.7409649423954,336.74774199701795,339.6104736328125,17608232.0
2014-01-17,339.9706549399963,343.2208347866982,339.1501304308893,340.0390319824219,25667896.0
2014-01-20,338.4207580933238,342.7923256650166,337.73242478296396,341.8213806152344,9761944.0
2014-01-21,341.8851806186511,343.7085682486172,338.9996785974896,342.6464538574219,12102464.0
2014-01-22,341.08289847571064,344.4379362930326,340.978062586293,343.33477783203125,6769760.0
2014-01-23,344.99398242550694,346.3523969797375,342.8742948156678,345.7597961425781,7907344.0
2014-01-24,343.2527235161838,346.1655808218823,342.3136744291709,342.6282043457031,6876584.0
2014-01-27,339.1500367859392,343.15236299421395,338.34774192470894,340.2622985839844,8099048.0
2014-01-28,337.9649353194435,338.1199188338349,334.30449314283504,335.056640625,14108544.0
2014-01-29,334.22691551853217,341.3107712239649,333.1009648785974,338.9494934082031,8102080.0
2014-01-30,337.6640247531713,338.8492266808821,333.6799273401119,337.71417236328125,7183632.0
2014-01-31,337.3267067316477,340.950689594508,336.10048301961797,337.427001953125,5369928.0
2014-02-03,335.95912777788465,336.5973133666079,330.470736166494,330.8673095703125,4384112.0
2014-02-04,326.4775306956558,327.47583089666995,323.33675018988095,324.66326904296875,4535112.0
2014-02-05,326.38634346367803,327.2068677908213,322.9902844430015,326.50030517578125,4326992.0
2014-02-06,325.65703992932754,326.65990315419384,322.830789022886,324.90032958984375,5749904.0
2014-02-07,327.02459630940405,328.3784706308956,323.5464930439432,325.1601867675781,7551456.0
2014-02-10,326.37728691042247,326.93342908680904,324.3351014992535,325.8211669921875,6049424.0
2014-02-11,326.75106447688563,330.2155009864062,325.793785967676,327.8678894042969,5833592.0
2014-02-12,328.25542247953854,330.7124333412874,327.5898814124097,328.2189636230469,4208712.0
2014-02-13,328.64740999965056,329.84627853285167,326.39096767627245,326.9151916503906,3588320.0
2014-02-14,329.6274460801783,334.0445979524559,328.50605828935227,332.2485656738281,5962168.0
2014-02-17,335.9591370189449,335.9591370189449,332.6633731126422,333.51123046875,13569920.0
2014-02-18,332.49477076077187,336.83444269891424,332.49477076077187,335.6856994628906,4978240.0
2014-02-19,336.93012794133955,342.97922552443663,336.8800025862336,342.1951599121094,7064304.0
2014-02-20,341.4202274345677,341.4202274345677,337.87374719431523,338.3523864746094,8816848.0
2014-02-21,340.60881962982563,342.3774967813884,339.8110875174699,341.9490051269531,5517984.0
2014-02-24,341.52051641677934,342.2225162300743,340.06180625589616,341.8760681152344,4357608.0
2014-02-25,342.34111759764176,345.723511444412,342.34111759764176,344.8847351074219,8099512.0
2014-02-26,344.62031355799616,348.0665211452067,343.9000842398002,347.1274719238281,7352168.0
2014-02-28,342.89715025635957,349.8305635205124,342.89715025635957,348.7091979980469,9839496.0
2014-03-03,348.7228997157151,350.9975714334724,345.70974707177004,346.28411865234375,7204176.0
2014-03-04,343.7086496480071,348.67281919460794,342.97016857971886,346.4027099609375,6937912.0
2014-03-05,348.9872121783553,350.4915067387792,347.34616356698376,348.4219665527344,4943504.0
2014-03-06,349.90810138306216,350.9975710876404,348.0254624766403,349.3519592285156,6226312.0
2014-03-07,348.9052044794383,349.5433901160613,338.08340392147585,341.0008239746094,15072744.0
2014-03-10,340.03444615201886,340.03444615201886,332.3397590660713,334.7375183105469,7432472.0
2014-03-11,333.0417620883268,338.1381217864182,331.04059854711846,335.07940673828125,4124272.0
2014-03-12,334.90158638310334,337.63212707817996,332.9505705846893,334.71014404296875,3940104.0
2014-03-13,311.7993125728492,313.61357452344805,304.5057614015545,306.1103515625,40790880.0
2014-03-14,304.50572248550935,310.33143683578993,304.0544385160903,309.4425354003906,11167544.0
2014-03-18,309.97591201246473,311.06081880124805,304.5057488593036,305.46759033203125,11804312.0
2014-03-19,305.41751442121716,306.1332031717054,295.27491786021403,298.28350830078125,15777848.0
2014-03-20,298.1238412642848,305.37180621245324,298.1238412642848,301.1369934082031,8023032.0
2014-03-21,303.5940987598027,304.32345395201844,298.1695195176981,301.3741149902344,12380320.0
2014-03-24,298.32446075013314,302.54104485733365,298.1238925523397,298.6526794433594,8160344.0
2014-03-25,296.1180935785402,299.00815795894306,295.9357548509672,296.7015686035156,7548064.0
2014-03-26,297.21212310897903,298.02808445545594,294.53175274248133,296.20013427734375,8458568.0
2014-03-27,296.11816208102215,297.4765770124316,293.196178844079,294.5728454589844,13599368.0
2014-03-28,295.3979077644205,298.9443876317851,294.2309352854389,297.44921875,7146824.0
2014-03-31,299.51884758239464,301.31031746874675,294.48173800854306,299.2909240722656,9176928.0
2014-04-01,299.31361259993486,303.13816332164157,298.5796947002635,302.1307373046875,8628352.0
2014-04-02,305.308074529958,305.417473352364,301.81628224865705,302.8692932128906,5644400.0
2014-04-03,304.4602152804178,305.2351551905491,302.59580547767393,304.3371276855469,4700216.0
2014-04-04,305.50860057223457,305.96444748445816,301.41510420372697,302.3222351074219,3925584.0
2014-04-07,300.67668184533375,302.1764140269217,296.8475670371154,300.2572937011719,7097544.0
2014-04-09,299.13129001350876,301.75240961238836,294.52267353671846,296.7153015136719,10664680.0
2014-04-10,296.7108353133724,297.007135886354,290.4793974367903,291.85150146484375,21263240.0
2014-04-11,292.65369336332014,296.8110257610864,288.5510714937409,294.94659423828125,18678336.0
2014-04-15,303.7945931919242,308.88184887352526,296.07255142171584,297.1939392089844,20782384.0
2014-04-16,295.56656976097537,295.56656976097537,286.95562619231487,287.8490905761719,13198304.0
2014-04-17,289.9186468809803,292.65829137624996,287.9448385814189,291.0172424316406,8391912.0
2014-04-21,292.65378943962827,293.5654834877268,289.0070132472341,290.1876525878906,6119624.0
2014-04-22,289.19380521126544,291.7419846568734,286.4906200297909,287.2427673339844,6626896.0
2014-04-23,289.3761551167727,290.9989744206697,288.45989845922804,289.2485046386719,12016720.0
2014-04-24,289.2485046386719,289.2485046386719,289.2485046386719,289.2485046386719,0.0
2014-04-25,290.647916686207,291.741948994938,288.4006008886131,289.5174255371094,5962904.0
2014-04-28,288.9158182695895,291.10388379135355,288.55114068262884,289.74090576171875,6042480.0
2014-04-29,290.19207909165164,291.28611143506976,289.09804674823357,289.71343994140625,4835464.0
2014-04-30,289.7044107251944,290.8303616240847,289.0981431692704,289.9916076660156,7741936.0
2014-05-02,290.374482309188,296.0269840056306,290.374482309188,293.5380554199219,4764392.0
2014-05-05,291.0126528309293,294.7505973065146,289.421751645999,289.635986328125,4196688.0
2014-05-06,289.6359985309907,290.3288947320882,287.63939798390277,288.56475830078125,4566024.0
2014-05-07,287.27468537550465,289.0069034085528,278.06657898930155,279.64837646484375,15596072.0
2014-05-08,279.8899478585786,281.5674552551894,277.7429048818454,279.4614562988281,9161992.0
2014-05-09,279.4341323264257,284.9042947863231,278.3264333315557,283.6689453125,6179400.0
2014-05-12,284.284402426459,290.51127654320845,283.0855337880465,289.4719543457031,7044200.0
2014-05-13,290.1921149512982,298.5796972873081,290.1921149512982,297.6907958984375,7299968.0
2014-05-14,296.32330535680876,297.6680538389295,293.30558969028056,296.67431640625,5184688.0
2014-05-15,296.67431460538353,300.38946716902984,292.2206810951506,298.3472595214844,8409192.0
2014-05-16,300.76776758716414,304.5057119554799,278.8916805466628,289.69525146484375,14188792.0
2014-05-19,291.55968297064413,291.55968297064413,273.5172712172779,274.8802490234375,17246512.0
2014-05-20,277.97545335738715,286.16703145847003,277.3554970911194,284.6490478515625,8787344.0
2014-05-21,284.26610961914497,288.48725610905757,282.5384544244363,287.8308410644531,6788304.0
2014-05-22,288.0952514611667,289.91863912864244,280.90653667888347,283.892333984375,9832744.0
2014-05-23,284.90433712983906,289.0981289723903,274.6158628041458,279.8489990234375,9081776.0
2014-05-26,279.98117988900094,283.62339234931017,278.08028931830813,282.15557861328125,5750544.0
2014-05-27,282.6251089715261,287.6394254210209,282.5795242765307,285.72943115234375,4984128.0
2014-05-28,284.76756068144266,290.64798573793473,284.2661290874782,289.30780029296875,5389320.0
2014-05-29,279.5758637878136,279.5758637878136,269.40946874098404,270.2874755859375,41341328.0
2014-05-30,271.71992129923945,273.51751966716324,266.17461678292847,271.6644592285156,28035616.0
2014-06-02,273.6145801199549,277.05266457203237,273.6145801199549,276.63214111328125,6229856.0
2014-06-03,278.0046133613347,280.680218408664,274.93159029143294,278.8548889160156,6824936.0
2014-06-04,278.651627565992,279.793045414255,272.9676888942479,275.832763671875,5508008.0
2014-06-05,277.2652740927464,283.5869133164987,273.7532472875716,281.06842041015625,12153720.0
2014-06-06,277.2791130363547,278.1894763283065,272.644171152327,277.5471496582031,16882424.0
2014-06-09,277.8197585178629,278.65155420204815,275.05635743707506,276.0129089355469,10858344.0
2014-06-10,277.26523867373714,285.509253924189,276.9279083255786,284.2107238769531,10479176.0
2014-06-11,286.96950930553163,301.04071954442605,285.61553980892614,295.1349792480469,20375704.0
2014-06-12,303.1433536549967,304.71914907625865,288.4205637040325,293.4436950683594,21128856.0
2014-06-13,294.68666725410054,296.3964691497257,289.3770437180332,294.54803466796875,10151744.0
2014-06-16,294.4557611891236,301.26724117089253,293.9012305654153,299.830078125,9375328.0
2014-06-17,300.27825705735836,301.94184850919964,297.4640193641074,300.0795593261719,10079392.0
2014-06-18,299.9086347690906,302.6812877869867,296.9280327748524,299.49273681640625,9791280.0
2014-06-19,299.98723447332,307.1175655569088,299.91791814043773,306.0916748046875,11313704.0
2014-06-20,306.8402259173014,308.6331989347501,304.3309843001963,306.5260009765625,8853000.0
2014-06-23,304.9918082931002,305.81897853311386,297.7320745253422,298.7579650878906,6328112.0
2014-06-24,298.52227560274076,298.975133187226,295.02410306895445,296.100830078125,10638024.0
2014-06-25,299.90854030325517,299.90854030325517,296.304092515327,296.789306640625,6433520.0
2014-06-26,297.59798669328114,298.98431271824984,292.8613727746381,294.1321716308594,7376552.0
2014-06-27,295.749571727615,299.03979473864536,293.16176297499834,297.9122314453125,6890744.0
2014-06-30,297.598068892718,301.5722045953226,296.8032327266345,300.8836669921875,7290576.0
2014-07-01,299.90859539955557,300.8143331126188,296.30414694945307,297.6950988769531,4662512.0
2014-07-02,296.8586694749963,299.779205883936,295.5832447758035,297.1636657714844,6119632.0
2014-07-03,296.6922840001242,298.3743552617299,294.8715801197503,296.7384948730469,7504912.0
2014-07-04,295.754219200559,301.1470146580239,295.754219200559,299.9963684082031,5752968.0
2014-07-07,301.7570564847909,311.27649808293285,301.2949476693471,309.1923828125,11638312.0
2014-07-08,309.5203965065496,314.82079213696227,305.2736222138726,308.8872985839844,11460480.0
2014-07-09,307.76444270950026,312.7552174561408,304.0675725268036,305.9483642578125,8270752.0
2014-07-10,306.3781178034328,312.54264434871783,300.4261658074138,304.3171081542969,11345616.0
2014-07-11,314.3633292310954,317.19144378692494,305.02412950987895,307.4548034667969,15826360.0
2014-07-14,306.378041358985,306.378041358985,294.4371581059788,298.08319091796875,8231600.0
2014-07-15,299.35401748391,301.1054049536305,297.32536479268543,298.12017822265625,4139800.0
2014-07-16,299.44646769438157,299.9085764408235,296.04996840803324,298.48529052734375,4589488.0
2014-07-17,301.3041210734287,309.2338882478245,298.6747045413526,299.3817443847656,4946672.0
2014-07-18,300.64798408946933,302.6535317607464,299.77922857447203,300.51397705078125,4098368.0
2014-07-21,300.8328372768804,302.5287856462314,294.64983038421786,295.8143310546875,7435968.0
2014-07-22,296.2117274155574,300.0657101206324,295.5694007253624,298.8642272949219,8733360.0
2014-07-23,300.278281475423,310.07498748847155,300.278281475423,309.5620422363281,11827336.0
2014-07-24,309.05831310287164,313.7718220646678,306.97419825502243,312.59344482421875,5571560.0
2014-07-25,314.1415351345253,314.1415351345253,305.426159405744,309.8161926269531,5337672.0
2014-07-28,309.15074116133616,313.0324545032722,306.91876501528407,311.5629577636719,4601448.0
2014-07-30,313.6794411357339,313.6794411357339,309.20623715276054,311.6646423339844,9934720.0
2014-07-31,312.38549716273013,313.76257213353733,308.9843724441542,311.24407958984375,8457168.0
2014-08-01,309.61287211022386,313.4945857307103,307.7644370528494,308.8088073730469,7607008.0
2014-08-04,310.0749175689454,321.8956483219452,309.5481181979272,320.2921447753906,13086960.0
2014-08-05,321.25797731055854,325.32453398537575,320.7080724548125,324.6775817871094,10985624.0
2014-08-06,325.7866730499099,333.49003503964457,325.7866730499099,330.486328125,18004184.0
2014-08-07,323.3836954060481,327.57963372871046,321.84488233143486,324.1554260253906,7754224.0
2014-08-08,323.4760847824462,325.3245195526316,321.16554131971446,321.87255859375,3811352.0
2014-08-11,325.6942577455466,331.21183188980575,324.40035320285716,330.2691345214844,5628672.0
2014-08-12,332.6259469936773,332.6259469936773,327.2654843858325,330.5741882324219,5916936.0
2014-08-13,329.02602078731695,335.0288083019046,328.1664940904794,333.4945983886719,8941360.0
2014-08-14,333.4576503826281,335.27835421589475,331.47983409826986,333.878173828125,6762480.0
2014-08-18,333.8273402244752,333.8273402244752,328.0971920810872,329.0029296875,6777888.0
2014-08-19,329.11394486597624,331.7017545981434,326.2488698053626,327.89398193359375,6424824.0
2014-08-20,329.2986899751,331.1009140712309,327.81994199878744,328.5177307128906,3938224.0
2014-08-21,328.6748358498322,329.335642311463,326.24876500524647,328.0001525878906,4298880.0
2014-08-22,328.00020333768896,333.4577128233694,327.9124071777479,332.8107604980469,4855040.0
2014-08-25,332.62593781951426,336.01781213917957,329.2109580582111,335.2876892089844,4198352.0
2014-08-26,334.751589121991,336.4151806747784,332.71831055747316,334.9502868652344,5842128.0
2014-08-27,335.4909726037042,337.3394077144684,332.81999289421196,335.54180908203125,5569872.0
2014-08-28,335.39855440910645,335.8283065513598,330.9807899346954,332.607421875,7599304.0
2014-09-01,333.6471127368061,334.4650316115293,331.3319435972167,332.6859130859375,3643152.0
2014-09-02,332.7184277445088,335.0289723816235,328.61028389250146,333.9892272949219,3583832.0
2014-09-03,333.6425427387475,346.2488613668045,333.6425427387475,345.1259460449219,11857560.0
2014-09-04,344.2709878240726,344.2709878240726,341.76174656253977,342.7691345214844,6238464.0
2014-09-05,344.91795638182253,350.74052638505265,342.4549258742712,344.80242919921875,6468352.0
2014-09-08,344.9826133169587,350.3245942303493,344.9826133169587,349.50665283203125,6517296.0
2014-09-09,346.3966715766418,347.085209007097,343.80886293092516,345.292236328125,4316800.0
2014-09-10,342.6997925140905,342.6997925140905,338.2635492452997,338.938232421875,5080752.0
2014-09-11,339.5575032315508,341.9327376499217,335.5464083811597,340.4955749511719,5013032.0
2014-09-12,340.8514316543939,342.69986675013354,337.3394049724885,339.1785888671875,3907552.0
2014-09-15,338.7256997093149,339.00296494782185,335.2414043915249,336.5353088378906,4958800.0
2014-09-16,336.96968086031114,341.08244849560566,334.8994428065329,337.45489501953125,5034904.0
2014-09-17,340.1028209635046,346.4060029607296,339.2895275377132,345.7544250488281,7926120.0
2014-09-18,339.552810595949,344.705322046108,337.7505868600189,341.6831359863281,9104776.0
2014-09-19,341.8680420203069,350.08432629985657,340.23218161182245,342.1499328613281,14755016.0
2014-09-22,340.1120267443187,340.36618654691296,335.6757829172189,337.39483642578125,8612040.0
2014-09-23,336.8772562668354,340.4308678043868,332.3070055471344,333.3744812011719,12962304.0
2014-09-24,335.49094876844896,339.39576766251696,332.5565582385872,336.8587951660156,5564560.0
2014-09-25,337.339340371189,343.69796039562334,336.96965342283704,341.1286315917969,24975512.0
2014-09-26,340.57417006846407,343.8320369598924,338.3098370517267,340.12591552734375,8864840.0
2014-09-29,342.05287458398476,347.593553624652,340.2136909037307,346.4937438964844,4996144.0
2014-09-30,346.04549448258024,347.16380662705694,342.06213079569346,346.37359619140625,6927368.0
2014-10-01,343.9937094112964,356.74328367693863,343.9937094112964,355.57415771484375,9470864.0
2014-10-07,348.3652804008274,359.7932198971557,348.3652804008274,354.0954284667969,20063456.0
2014-10-08,349.816417886439,350.4633703105355,336.50768230502626,337.35333251953125,20327680.0
2014-10-09,341.9605036535067,343.25440826192533,335.1120423790998,337.0436706542969,12432832.0
2014-10-10,338.2636472707342,361.1842441349807,330.19522297469194,359.3958740234375,45893056.0
2014-10-13,359.45589200532237,368.3006483577455,359.45589200532237,364.3773498535156,17726984.0
2014-10-14,366.45219914417754,366.45219914417754,360.44478604345335,362.1361083984375,6860512.0
2014-10-15,362.1361083984375,362.1361083984375,362.1361083984375,362.1361083984375,0.0
2014-10-16,363.2351763712852,366.7929224941678,358.97425770179444,359.99407958984375,10017392.0
2014-10-17,359.9567230170249,365.34924223287385,357.36759345386145,358.7226867675781,8190016.0
2014-10-20,358.8484517529698,359.73789380750856,354.1078986384014,355.0625305175781,7702720.0
2014-10-21,358.55975617484256,358.55975617484256,345.53020316160155,351.3930358886719,26081384.0
2014-10-22,354.7785005674389,355.0206374745204,351.6957287026359,353.5444641113281,5353320.0
2014-10-27,358.56902495831594,358.56902495831594,352.2544801789843,354.19635009765625,4767752.0
2014-10-28,350.65257819943605,355.0625207814172,350.65257819943605,352.8179626464844,6666368.0
2014-10-29,355.1184632883377,362.545966352872,355.1184632883377,361.4981994628906,8229336.0
2014-10-30,362.8532788199048,370.7930226647192,362.8532788199048,367.5612487792969,15245208.0
2014-10-31,371.3332181112868,378.68620818649237,371.3332181112868,377.3124694824219,8670800.0
2014-11-03,379.7013678541657,382.7841397291777,375.5615293334041,380.5395812988281,8578408.0
2014-11-05,380.45575827691687,386.88206117070075,377.8479831895842,384.1625061035156,10241080.0
2014-11-07,383.55713315847754,389.58297455074575,383.55713315847754,388.0555725097656,9970400.0
2014-11-10,388.84248323954824,389.4059761443883,385.5781262308134,387.95306396484375,5594168.0
2014-11-11,387.90657724352866,387.90657724352866,382.20670730587983,384.1998291015625,6255088.0
2014-11-12,383.8086742061089,386.57479713417325,381.58276063362405,382.4116516113281,5392896.0
2014-11-13,383.90174708712186,391.2640367830042,383.00764367556405,389.1731872558594,4956680.0
2014-11-14,390.60748679101715,392.2327078055684,388.7447901444219,390.38861083984375,5233176.0
2014-11-17,389.7692652869081,393.76474041651466,386.3325991397917,392.8846435546875,5458184.0
2014-11-18,393.4946831256327,393.75544247671473,388.5678593835899,389.5224914550781,5267120.0
2014-11-19,389.3036026821509,390.2303124626646,385.55492564675455,388.68426513671875,5201120.0
2014-11-20,390.2349281473404,394.1931583254459,389.6621580520596,393.550537109375,5347928.0
2014-11-21,388.37221458042717,389.21042799319065,382.0018017386221,386.15093994140625,10463272.0
2014-11-24,391.16624102482984,398.7706899247939,390.41652391992665,398.1606750488281,11047440.0
2014-11-25,400.014138668771,402.33787112221626,395.4505314988595,400.7778625488281,14886576.0
2014-11-26,400.479738619753,402.12824317609454,397.83471874360146,400.52166748046875,7930800.0
2014-11-27,402.5193774094104,407.5952251996187,401.5973517684049,406.6173095703125,17389032.0
2014-11-28,407.00855663126487,409.6070094651423,404.52183831519204,406.0539245605469,14347264.0
2014-12-01,408.5824777336077,409.9981452655922,399.7905593389371,405.1225280761719,18341864.0
2014-12-02,403.2644460889965,403.2644460889965,393.9602867108108,396.12103271484375,10654992.0
2014-12-03,391.4457074392816,397.3038794047374,388.28844566077294,395.54364013671875,12775044.0
2014-12-04,393.0289584193144,399.5297509629636,390.234913691215,391.5015563964844,9399228.0
2014-12-05,393.9603391187848,394.2583887713992,383.67826276747877,385.63409423828125,7358760.0
2014-12-08,374.2157589881055,376.07845564807616,364.6694386057559,366.97918701171875,166320408.0
2014-12-09,369.3261975819293,369.9315740248199,363.68221734224295,365.982666015625,10050460.0
2014-12-10,366.20609397378263,369.7452169572525,364.9208289742925,365.7869873046875,7804712.0
2014-12-11,363.4121417844372,363.9616282393478,356.70643337631844,357.8333740234375,8285932.0
2014-12-12,361.18617622643245,365.16302873164386,357.28381339129965,361.1116638183594,14572500.0
2014-12-15,354.83435910739564,364.5762708546292,354.8250592677333,358.5318298339844,12966284.0
2014-12-16,358.6994140280951,363.5238019473989,358.6994140280951,360.99053955078125,17792756.0
2014-12-17,360.61809655701893,364.25035527750543,353.2231994366635,361.0837707519531,17851776.0
2014-12-18,363.9709473404984,369.1492534347076,362.2479528354321,366.18756103515625,19949980.0
2014-12-19,372.0923105715961,374.02951980343664,369.93158681754244,372.28790283203125,14294632.0
2014-12-22,373.6569130068313,374.4206140142315,367.947743761496,372.46478271484375,10465104.0
2014-12-23,372.69760938381444,376.6185944508519,365.7590652056176,367.258544921875,8196952.0
2014-12-24,368.0688523209451,370.11781860410827,356.7157255107985,359.6029052734375,27339488.0
2014-12-26,362.3131258254328,365.21892809178615,359.6774054818444,363.64495849609375,2268748.0
2014-12-29,364.3527695572184,367.47278629387586,363.6915031835049,364.6787414550781,2792676.0
2014-12-30,365.50756984084455,367.8825075477987,364.49240948483316,366.2712707519531,4640552.0
2014-12-31,364.15710653977044,368.618254836711,363.22575844120325,367.4261474609375,6968808.0
2015-01-01,366.7556297212937,369.1864578248745,364.5110940115228,367.77081298828125,2002764.0
2015-01-02,367.32371656694033,376.0877119017288,367.32371656694033,374.9980163574219,6778320.0
2015-01-05,374.3833486533407,378.1273638164369,368.348207855667,371.77557373046875,9937024.0
2015-01-06,368.81388343390506,369.7452316243947,360.2641024976114,364.00811767578125,9667316.0
2015-01-07,366.0198988188172,367.83602808776556,363.2258537896659,365.74981689453125,7249916.0
2015-01-08,369.8570838194446,371.980562786557,363.22588754821544,367.5939025878906,13564920.0
2015-01-09,368.8325075682237,392.84266857849065,356.3431419183748,386.40704345703125,44863328.0
2015-01-12,389.67608874467794,394.742613881725,386.5095048495252,394.1372375488281,12758888.0
2015-01-13,392.61924867524806,392.61924867524806,386.50959395037523,389.0987243652344,8801236.0
2015-01-14,390.88685694665065,397.3131598128215,389.78788421210663,396.50286865234375,9921260.0
2015-01-15,397.7229675890147,401.00133178430156,393.44808800169943,397.5460205078125,8342452.0
2015-01-16,400.1071808206873,402.34241646773023,393.40147387955847,394.5749816894531,6690960.0
2015-01-19,394.89167703998214,397.1921255187954,390.160445892258,391.6319580078125,4087744.0
2015-01-20,392.47012156346085,397.31313208109253,391.4363159923847,395.6739501953125,6804504.0
2015-01-21,397.03381654826615,405.31349459619184,394.51917590862195,404.1865539550781,8494908.0
2015-01-22,405.09923833129517,410.35203329369267,402.58459809095706,409.1319580078125,9958396.0
2015-01-23,409.7932208695288,414.44996201577345,403.29242841976634,412.5965881347656,9486328.0
2015-01-27,413.7048408263689,413.7048408263689,396.7729499527743,397.9650573730469,13739968.0
2015-01-28,400.4797295435821,401.3738329186907,396.8102266983103,399.4645690917969,13134356.0
2015-01-29,399.548375190374,400.46107823001813,396.30730166593736,399.6415100097656,15369424.0
2015-01-30,402.62185061542954,402.8174428441671,396.18622507851853,398.970947265625,10833744.0
2015-02-02,398.89647018670473,400.85230158383774,396.0186130832642,398.03033447265625,8702540.0
2015-02-03,398.0303637986403,398.6077724918846,391.53884758805077,395.059326171875,5265956.0
2015-02-04,398.5984478301533,400.4797896837161,396.0838072902788,399.1479797363281,5160016.0
2015-02-05,400.62874184089986,413.5185915452205,400.10717776537547,408.6383361816406,11875936.0
2015-02-06,410.7246410213386,418.6969923549564,407.6511913266211,415.4745178222656,7453728.0
2015-02-09,409.79322680989645,419.8517878315939,409.79322680989645,418.90179443359375,6536868.0
2015-02-10,417.8028457604156,428.04767702070217,417.4303064418597,424.378173828125,8516920.0
2015-02-11,424.78794490068435,427.15356040545953,420.2709058023105,425.5982360839844,5796972.0
2015-02-12,425.25358347835964,432.50877678197196,423.39088709869094,430.5063781738281,6287536.0
2015-02-13,428.345730434302,433.3936109595481,425.81244485543914,427.69378662109375,5657516.0
2015-02-16,424.7506716189284,429.7054167857029,421.94730442568164,424.4619445800781,6244276.0
2015-02-18,426.659862878323,429.3421270631152,420.62470024857237,427.7681579589844,8613764.0
2015-02-19,427.3026480546937,434.75343529191593,426.9394312720784,433.0211181640625,9673624.0
2015-02-20,433.7289333081005,435.12595585472314,424.11739999693924,425.2723083496094,6971628.0
2015-02-23,428.42016959669166,430.13384117988124,418.75279352531726,422.01251220703125,5090488.0
2015-02-24,424.5085615446943,427.6658232341307,420.5224089509505,423.35369873046875,6437676.0
2015-02-25,426.35251189264864,434.902314673371,424.69473047723085,431.698486328125,6044972.0
2015-02-26,429.8172426106406,430.09664710204515,418.24987847609634,420.61553955078125,6445776.0
2015-02-27,423.74472352078743,424.81577379325626,419.38603277626277,422.0403747558594,7801076.0
2015-03-02,428.9790323047155,430.0035154474319,424.33161332522747,426.8741760253906,7040992.0
2015-03-03,426.5574794777812,428.9696622425128,424.37813376516635,428.01971435546875,4905552.0
2015-03-04,428.4202885896546,431.00941909986216,419.46069827701064,423.6983337402344,4375228.0
2015-03-05,422.28266499472045,428.18740444587706,416.0053862030998,418.65972900390625,5684916.0
2015-03-09,420.7831644082317,420.7831644082317,405.881591520822,407.93988037109375,7984720.0
2015-03-10,409.43939100751646,411.0878503464732,402.37974303597764,409.4207458496094,6329916.0
2015-03-11,408.69426678752706,417.24402573154083,404.0375254289161,406.4776306152344,6780912.0
2015-03-12,405.88155913990926,414.72004475842834,405.5090198474449,413.20196533203125,5688564.0
2015-03-13,414.44993712312083,415.3812852964312,408.3775288427431,413.59307861328125,6179684.0
2015-03-16,411.7583989050933,425.0673567873068,411.7583989050933,422.2080993652344,6818632.0
2015-03-17,422.20799882505463,424.60158153517756,413.006298161383,417.3370666503906,5539312.0
2015-03-18,419.94488779988944,421.5002574265792,413.99358211788234,415.28814697265625,4905564.0
2015-03-19,416.2381647164766,418.92042939996315,414.03085124445005,415.4651184082031,6891740.0
2015-03-20,417.43025831894505,422.6271630232846,415.93077863942506,420.494384765625,6430896.0
2015-03-23,419.6654448339681,423.76337638583107,414.54303039413935,416.02386474609375,5078700.0
2015-03-24,416.29407060930527,419.7400595317602,410.91089529381384,411.9260559082031,6736532.0
2015-03-25,414.0588626376043,415.22304816334776,409.93300732476854,413.35107421875,6170968.0
2015-03-26,411.2833396083695,412.5685818542522,397.1268478464872,399.7998352050781,15740840.0
2015-03-27,403.0875260504261,414.39408480701246,402.90125639883166,410.1936950683594,10074220.0
2015-03-30,410.8363670037936,417.2440249102334,408.8432453254395,415.0087890625,4623088.0
2015-03-31,418.17546443505114,423.5120729956821,410.60361953890987,413.2113952636719,8016412.0
2015-04-01,409.5883060193667,409.7000859972582,401.91400570647744,404.9408874511719,6738488.0
2015-04-06,405.8815992898155,406.9433272831677,402.41696533677947,405.7325744628906,7741752.0
2015-04-07,405.1365083278012,406.5894207632095,398.2445309447536,402.24932861328125,8542268.0
2015-04-08,406.5335146114369,410.70593661682415,404.77327549903885,409.89569091796875,10185576.0
2015-04-09,411.91672180204176,413.3137442990768,406.88744081271557,412.5873107910156,10581548.0
2015-04-10,411.6931915426198,416.87149716199286,411.6931915426198,416.1170959472656,7123776.0
2015-04-13,416.87148299505185,417.9891009119287,412.79219578884727,417.0205078125,4872336.0
2015-04-15,416.59208049047595,418.17537254688955,408.8712124399863,412.3451232910156,6237784.0
2015-04-16,413.8910308060062,415.5674571234022,402.4354509704664,408.7965393066406,9007812.0
2015-04-17,406.0771559173701,408.8525554869575,401.1223650816364,405.9281311035156,6450316.0
2015-04-20,405.32272686363416,406.0678054056629,393.98820135262787,397.15478515625,12825384.0
2015-04-21,400.1072785260862,401.4298114639408,394.91037256803156,399.1014404296875,8881648.0
2015-04-22,400.6754086310786,401.4111647799074,390.7844703247574,398.1886901855469,12350984.0
2015-04-23,400.2375811502569,400.47974078639515,393.4014942050542,395.2641906738281,11891800.0
2015-04-24,397.8533663929515,400.5170317452511,368.81394329089875,371.6452331542969,43565452.0
2015-04-27,372.5393189538876,372.91185827284147,362.8719190794351,369.6800842285156,19822640.0
2015-04-28,369.1864804998452,369.1864804998452,363.5983904821886,365.2561950683594,10393500.0
2015-04-29,365.25619747545744,367.32378624801686,360.98129494098,365.3027648925781,8289056.0
2015-04-30,365.08851283949025,366.0198610865298,359.92885264608907,361.7822265625,13134260.0
2015-05-04,364.9953127320667,372.5392321837884,363.2071289651825,371.25396728515625,13361592.0
2015-05-05,372.5393448585371,373.22853355132656,363.6077231607525,365.6007995605469,9408516.0
2015-05-06,367.8825612237808,367.8825612237808,356.76227213920157,358.01959228515625,10508408.0
2015-05-07,358.0102828539939,366.41103988637144,355.7750469568826,362.10821533203125,6779984.0
2015-05-08,364.7159570987322,366.49484126558065,362.3410191758472,364.7066345214844,5777676.0
2015-05-11,366.01984604623283,372.5392835076161,363.63558553658675,371.3564758300781,4785512.0
2015-05-12,371.3564999087891,371.5334469847311,361.7356677407926,362.6856384277344,8284892.0
2015-05-13,363.55175980311907,366.00121004889155,359.2209907930397,364.4737854003906,7099084.0
2015-05-14,365.0885482932933,365.23757312248915,355.4025255834712,360.3945617675781,6233844.0
2015-05-15,360.4318066574258,366.3179236035602,359.9288876503117,365.4145202636719,5189344.0
2015-05-18,366.95125642904856,372.3344545354295,365.38658662560954,371.2447814941406,6469976.0
2015-05-19,370.1736854892612,379.1891183819797,369.93152584844256,376.7024230957031,10272076.0
2015-05-20,379.9900456024101,382.2252811647772,378.7979154215492,381.3498229980469,5882188.0
2015-05-21,381.6478686439951,384.0693741000188,379.4778454064924,381.5640563964844,10059312.0
2015-05-22,380.7352072394805,382.14155234967825,378.1460542669159,381.1915588378906,6888824.0
2015-05-25,381.94591826191925,383.0728587423814,373.8525110447638,375.66864013671875,4675808.0
2015-05-26,376.2647859661653,378.39756489042696,372.9398764397573,373.899169921875,3965040.0
2015-05-27,373.8431956451315,374.2157349531984,364.1571736353922,366.67181396484375,8454708.0
2015-05-28,367.91986976426944,378.4999968825641,367.91986976426944,375.6314392089844,10980540.0
2015-05-29,373.44272703996046,383.05423704453136,372.7255933893842,376.8514709472656,18993044.0
2015-06-01,378.6489484521604,384.46055235771905,376.87006422371854,381.4429931640625,5724892.0
2015-06-02,381.4989257867605,382.8028134646935,373.47068489366154,374.15057373046875,4673140.0
2015-06-03,375.9293703516273,379.88760011738145,374.0294291592624,376.43231201171875,5495796.0
2015-06-04,378.1274685071783,382.78421073017313,374.88637137237413,377.7642517089844,7489464.0
2015-06-05,378.1273941579436,380.73516929006735,374.05740680290654,374.7093505859375,6125788.0
2015-06-08,376.26474648766725,377.1309050308943,370.1178471638588,372.5486755371094,6141048.0
2015-06-09,373.23791768302567,373.96437407290347,369.37282134270237,371.06787109375,7561740.0
2015-06-10,370.67659134750687,379.8689937260385,369.7452431280408,377.4754333496094,6385840.0
2015-06-11,379.23570739440385,380.8748895071657,371.61729644635165,372.1015930175781,9229464.0
2015-06-12,373.47067404591337,377.29852471300376,364.2503257340566,367.89190673828125,9852924.0
2015-06-15,369.47078625508044,377.7341851583192,366.0859989007571,374.5763244628906,5236426.0
2015-06-16,376.0512595512293,379.3225952538729,372.5152106929859,377.94219970703125,5223444.0
2015-06-17,382.34806990802554,386.1299499268982,375.23814008909767,376.5617980957031,6412068.0
2015-06-18,380.30587907100573,381.1946348036352,376.5996409415562,378.9255065917969,3474426.0
2015-06-19,382.08338995429466,382.12122260971273,375.5785507474031,376.4294738769531,6670458.0
2015-06-22,380.0411796452223,389.06095538010146,377.0534848252356,387.20782470703125,5710868.0
2015-06-23,387.6427102464017,388.55037070349897,377.48837141110164,378.33929443359375,6952116.0
2015-06-24,383.860850942098,383.860850942098,374.8599804331123,376.33489990234375,7073694.0
2015-06-25,377.88546959758236,379.5116734472208,373.5174026363422,374.5763244628906,7117466.0
2015-06-26,377.8098780535489,382.57503845354967,377.46949956093414,380.1735534667969,5320284.0
2015-06-29,373.2716195067899,377.99897031108054,371.5697732172452,374.4629211425781,5690668.0
2015-06-30,374.4062423461906,375.7109959891028,370.6243611103705,372.26947021484375,6212530.0
2015-07-01,374.02795381326524,380.07896216615933,372.8933897470976,377.2047424316406,6880852.0
2015-07-02,377.8098795346403,378.7175401299928,372.5341513750355,373.6498107910156,4007568.0
2015-07-03,373.64976445409343,375.54070455760603,371.3806363298783,374.51959228515625,2695306.0
2015-07-06,372.51523877111083,373.6498029501091,368.7333581744498,371.872314453125,4305602.0
2015-07-07,372.5152005862363,374.40614069073496,370.2460724608379,370.8133544921875,3497418.0
2015-07-08,370.2461253990393,370.2461253990393,361.0939693681273,362.1150817871094,7024178.0
2015-07-09,362.1150538560424,365.32965224536497,353.24653956541687,354.7403869628906,8587772.0
2015-07-10,358.56011504423617,360.07286738798615,352.7171275827169,354.55133056640625,7411522.0
2015-07-13,355.87492803806555,361.16956033618766,353.2465166735162,359.3353576660156,6531768.0
2015-07-14,361.16959902494574,368.1660781683609,357.5768124377866,367.3151550292969,5367074.0
2015-07-15,366.8424215549376,372.87452578365736,366.0860454280202,372.1370544433594,4129566.0
2015-07-16,373.5363608568669,374.97347090439473,370.43521407045347,374.0469055175781,3472938.0
2015-07-17,374.78436413105396,379.889902895705,374.0657975903295,378.8876953125,3447978.0
2015-07-20,378.717504039403,382.2724576864275,373.4228715975335,378.6607666015625,4377180.0
2015-07-21,391.42461408217315,434.53804983615163,391.42461408217315,420.7909240722656,38310112.0
2015-07-22,417.8978504216828,420.5451671211867,407.17622702180006,417.1982116699219,12665660.0
2015-07-23,417.5006273974731,422.4359993022648,412.22492322244284,415.25042724609375,7710748.0
2015-07-24,414.3239137907487,418.446126375952,409.61544512863475,411.3172912597656,4480302.0
2015-07-27,411.05261140296307,411.44968116640644,401.04950952258355,402.8837585449219,6752244.0
2015-07-28,404.0939863615696,406.93039712217956,398.7048059164106,401.95721435546875,8476602.0
2015-07-29,406.1739076231188,412.9812915497632,402.7702156597966,410.4852600097656,7071334.0
2015-07-30,412.2249233923226,412.2249233923226,400.12290729273144,404.6611633300781,11956598.0
2015-07-31,407.8947356825637,408.953634512571,400.8793289595582,407.32745361328125,7931012.0
2015-08-03,407.6866993077534,412.9813317662956,404.26407914512606,408.04595947265625,7961012.0
2015-08-04,407.68675828357766,408.04601850045094,397.47567992211515,399.83935546875,9099054.0
2015-08-05,401.635674466724,412.2249389536056,401.6167465996428,410.84454345703125,4753476.0
2015-08-06,413.73771631978906,418.0868787856735,407.30851963109035,411.07147216796875,7238252.0
2015-08-07,408.25407600203005,416.3851205912321,407.87588788160207,414.3428955078125,4988058.0
2015-08-10,415.2504758044501,418.40833676530264,403.5266463418472,410.71221923828125,3992754.0
2015-08-11,415.5530178365729,422.3982118147915,414.38059803370095,419.4672546386719,7574406.0
2015-08-12,421.6796930375443,434.53808726469816,420.1669407755262,432.7984313964844,10168440.0
2015-08-13,433.78179449368014,441.28881980346546,399.19650772323956,437.9418640136719,9787960.0
2015-08-14,440.5889985518324,441.9882756175037,432.3066725219161,434.6325378417969,5109066.0
2015-08-17,434.91630758447633,436.22103804101425,424.51613501180407,431.9475402832031,3107436.0
2015-08-18,434.9162421088332,445.39203225689414,434.9162421088332,440.3432312011719,4150446.0
2015-08-19,442.4799262334184,448.60655289967156,439.75699130742225,444.5788879394531,6869518.0
2015-08-20,438.3198585811375,441.91264430721236,426.59603147499837,429.07318115234375,8369114.0
2015-08-21,431.47475603195903,439.0573987448722,422.6251464174928,434.8784484863281,10822142.0
2015-08-24,419.7698037583179,424.7051762314955,407.91361773331465,413.0002746582031,14122684.0
2015-08-25,416.0067919283938,423.1923637889751,395.017358335643,410.5798034667969,13735078.0
2015-08-26,412.1493545784446,414.87229006709276,400.50114419421266,402.6189880371094,11498212.0
2015-08-27,411.4686347628907,416.0447013391867,407.7056817990591,409.5020751953125,15343392.0
2015-08-28,416.61197753159496,425.4237782160537,416.61197753159496,420.1858825683594,7208820.0
2015-08-31,429.1866955921507,429.1866955921507,409.3885605792317,413.8890075683594,9917064.0
2015-09-01,412.22498982186926,421.52840696455854,409.1994853094152,411.8468017578125,9071550.0
2015-09-02,415.2505348799459,421.6797325966664,412.22503007207746,415.79888916015625,11171830.0
2015-09-03,419.845404551439,420.5450430968673,413.1703773231363,415.7609558105469,8590536.0
2015-09-04,417.1413790416648,420.1668831507611,403.526610550731,406.1549987792969,7318888.0
2015-09-07,410.31512510692073,410.3340529764979,398.98841095871455,400.4066162109375,5180988.0
2015-09-08,401.6357204373225,406.17397716542786,397.9673147149846,400.425537109375,5459496.0
2015-09-09,411.12824571748496,415.8555966390951,405.41761503728713,411.73333740234375,9148664.0
2015-09-10,410.29630714524234,412.7923395438234,401.25760170040917,408.61334228515625,8363004.0
2015-09-11,412.81126647610444,418.42735090150614,410.52320985271655,412.5086975097656,9883810.0
2015-09-14,415.62871244707605,417.5196529040691,409.4453463858164,415.912353515625,6557076.0
2015-09-15,415.77998050016214,417.2170674914121,411.5253646399162,415.7043151855469,5291886.0
2015-09-16,419.03234417212195,419.6941732355707,415.3639386866473,416.630859375,7478240.0
2015-09-18,420.469508021186,422.77644597847774,415.64761020518864,417.6897888183594,11576876.0
2015-09-21,416.00688860444683,419.35384388420243,413.1704780003256,417.7654724121094,4351234.0
2015-09-22,421.6796790866193,429.6027003305983,416.422855916917,418.8243408203125,9626986.0
2015-09-23,418.8243618034502,425.9721255962185,415.04248108405284,422.1524353027344,4758254.0
2015-09-24,421.11234222261606,435.93729350505924,419.7886842093434,431.34234619140625,13399262.0
2015-09-28,431.1155304372096,432.21228522215796,416.38512157785215,418.10589599609375,9788464.0
2015-09-29,416.763209975414,428.6383233766037,415.0613638366759,424.2702331542969,8699370.0
2015-09-30,429.01649472996075,442.0828629879037,425.82077829435224,439.435546875,9495692.0
2015-10-01,442.4421519319993,452.9746785345757,438.6980814862098,443.6334533691406,10864394.0
2015-10-05,443.6146213635597,449.7979872875658,439.454552450517,446.92376708984375,6881760.0
2015-10-06,448.92826975794264,451.0083046192412,434.1978133590548,436.6560363769531,8711880.0
2015-10-07,437.18532691512627,442.0072239031607,426.76622907477025,428.5626220703125,9182488.0
2015-10-08,429.77304067078325,434.7651059910631,425.85880238947885,428.1657409667969,9080874.0
2015-10-09,429.6215910318371,443.5767382130723,429.6215910318371,441.4967041015625,11782138.0
2015-10-12,453.447491530686,461.31382177658185,419.4105655609098,424.6673889160156,30404970.0
2015-10-13,418.82432374730814,420.1669097469157,410.40963991124255,415.7799377441406,15326862.0
2015-10-14,412.77340749706923,421.8877781742602,411.1661079777656,415.0992736816406,8865510.0
2015-10-15,415.9690366452258,417.65195496597886,411.88458732525254,415.004638671875,8255666.0
2015-10-16,419.4510828235178,420.36709086654,416.0160876047629,417.8862609863281,6418992.0
2015-10-19,420.5959960452708,425.9393208589131,420.0234969580949,424.3935546875,7347494.0
2015-10-20,424.7944111482687,431.28273548746057,423.8784031000089,429.7369689941406,8788310.0
2015-10-21,429.37437330932244,437.7137684862433,429.37437330932244,434.48870849609375,7278098.0
2015-10-23,435.786352180661,440.06099367397877,429.4125006408646,438.8778381347656,6033362.0
2015-10-26,440.44276744406073,442.1602652373868,436.3016987492854,439.7366943359375,3195942.0
2015-10-27,438.91606312099185,440.8243938302135,436.66422356608916,438.68707275390625,5263748.0
2015-10-28,436.8169435204605,441.9694369564817,434.71777952800744,440.1374206542969,5255472.0
2015-10-29,440.09920937284556,441.1678931830564,433.59182974848534,437.0268249511719,5887324.0
2015-10-30,437.00769240817124,437.00769240817124,431.28270080457077,433.3627624511719,4044676.0
2015-11-02,431.28265046472404,433.4963322624396,425.21415075521014,431.7406311035156,3544988.0
2015-11-03,432.5804267516014,439.0878067005219,432.5804267516014,437.1985778808594,3614682.0
2015-11-04,438.954213932872,441.8167099544194,432.16058466246216,433.8780822753906,3205572.0
2015-11-05,436.2252844429916,437.00771864516634,427.2370750397668,428.5729064941406,2345306.0
2015-11-06,428.6109910568996,436.5878211345708,428.57283376841326,434.45050048828125,3026172.0
2015-11-09,427.466104938081,435.09942824054673,425.634088709446,433.0384216308594,6125676.0
2015-11-10,430.3285679676257,430.3285679676257,419.8709065322541,421.3021545410156,4680052.0
2015-11-13,419.8136080663517,422.1227066074324,416.0160490073249,420.1380615234375,3520868.0
2015-11-16,413.59250239322523,417.54273743761723,407.31406673272045,412.2757263183594,6808334.0
2015-11-17,412.19940343669043,413.3062444861612,401.51275223647997,405.1385803222656,7184106.0
2015-11-18,397.31439576990465,398.89831934579666,385.9598297044343,389.2994079589844,10125252.0
2015-11-19,393.21144079572645,401.5126772308704,390.7496901593986,399.9096984863281,8539622.0
2015-11-20,399.9861563175039,405.7874636127826,397.7152611843788,401.6654968261719,6082978.0
2015-11-23,400.7493836821746,405.48205238844076,396.1693907258069,402.1615295410156,5616350.0
2015-11-24,400.7495016180486,401.0548532077069,395.7878411218252,397.37176513671875,4325802.0
2015-11-26,397.29539111462947,404.37531738396507,396.95192882499424,401.6654968261719,9853968.0
2015-11-27,403.8027517821167,408.38274518607267,398.8410922611644,406.9896545410156,5142478.0
2015-11-30,408.3827664415377,419.1839367507529,403.1157551168106,415.214599609375,18105534.0
2015-12-01,415.2527749218026,417.924437995748,409.50868067677726,411.8177795410156,5898550.0
2015-12-02,412.1803250735563,412.1803250735563,404.1844381577521,404.833251953125,6397616.0
2015-12-03,404.94769008693277,406.3980397524999,400.38679930116234,403.707275390625,5504726.0
2015-12-04,400.3677693953956,406.436270165644,396.9709315286437,400.3868713378906,8375530.0
2015-12-07,402.7722117130617,404.18435749887993,396.9327023596177,399.318115234375,4513870.0
2015-12-08,398.86027496148756,405.6157479640826,396.6656943444154,398.6121826171875,5724372.0
2015-12-09,398.077754233817,399.58531673797165,390.2726775958217,392.4290771484375,6818254.0
2015-12-10,395.63506554481927,401.36005698119067,393.230597095603,399.73797607421875,5587746.0
2015-12-11,402.27609594855977,405.2912676555687,399.18460965255446,401.818115234375,5390198.0
2015-12-14,400.5585126266016,409.5849238727947,400.00511549960066,408.19183349609375,4816672.0
2015-12-15,409.62319071736624,411.8559283508444,404.10813355013255,411.2643737792969,5431808.0
2015-12-16,413.4970852391064,419.06940129347635,413.4970852391064,418.2488098144531,5495852.0
2015-12-17,419.83269111623383,423.5730373640358,415.25269812223854,422.5425109863281,4958782.0
2015-12-18,421.1304424780042,421.1304424780042,411.98951016089734,413.4017028808594,7219820.0
2015-12-21,411.0544841053594,422.65714552811966,406.83705409571786,421.1495361328125,4331012.0
2015-12-22,418.8594528107701,418.8594528107701,412.23755513566795,413.6306457519531,4109254.0
2015-12-23,417.9434691314453,420.7868628566594,414.89014042137427,420.1571044921875,2870928.0
2015-12-24,420.61513036570125,421.531091703623,416.054192666014,418.4396057128906,1230054.0
2015-12-28,416.0160247188101,423.6493462732837,416.0160247188101,421.6455993652344,5526952.0
2015-12-29,420.3097964579386,423.6493748633933,418.8022339852307,421.62652587890625,3345062.0
2015-12-30,420.2525428059896,422.35170640301266,413.34439555926133,414.6039123535156,5153970.0
2015-12-31,416.0733294708745,423.6302906825485,414.871071876487,421.89373779296875,7943938.0
2016-01-01,419.83273964989536,423.2486328500963,417.23739135056377,421.83648681640625,1806550.0
2016-01-04,419.8135840062645,420.76774920159676,410.69180201096566,411.779541015625,3975362.0
2016-01-05,414.298493879948,414.298493879948,405.4247582901656,409.9284362792969,4949786.0
2016-01-06,410.1574925645301,410.1574925645301,404.14625135936325,408.1346435546875,5588328.0
2016-01-07,404.585159889902,407.581229397261,399.9479075491621,401.05474853515625,5294088.0
2016-01-08,405.13851347744355,407.3903524982574,402.8485171695164,405.8255310058594,3156716.0
2016-01-11,403.1539942496154,408.36370020116306,401.5509683805857,402.9249572753906,5360622.0
2016-01-12,405.32938058570966,405.69194472891377,393.4404727693427,400.73028564453125,6565212.0
2016-01-13,403.4210459794035,416.3976926807278,400.02420855427266,413.4970397949219,8751294.0
2016-01-14,406.85601698899836,440.8242960809504,402.4095981044486,432.4276428222656,30227006.0
2016-01-15,438.1527352412883,444.2593935721773,434.16434265496866,435.0612487792969,13036614.0
2016-01-18,435.06117164165846,443.53413993744226,430.65290980460355,432.0078430175781,10066612.0
2016-01-19,433.19109385880245,442.3319798024231,430.72936575000915,434.9658508300781,7500436.0
2016-01-20,432.8093888809051,442.7327082026895,426.3210647089691,427.9431457519531,7507998.0
2016-01-21,433.1909851177395,436.05348061411223,428.2293262573601,433.9734191894531,6743000.0
2016-01-22,438.1908554635262,439.87019568045673,431.66437424260005,433.6681213378906,6436018.0
2016-01-25,435.1948067554513,437.71379390713975,429.20266712263907,434.2024841308594,4579262.0
2016-01-27,437.5610516013534,438.7633090516488,433.1909936930875,434.5268249511719,6971962.0
2016-01-28,433.5727078612916,436.0916949093667,429.83236128771495,431.1300354003906,7788598.0
2016-01-29,434.3360169450231,446.54933200850354,431.89334461430707,444.60284423828125,10232108.0
2016-02-01,446.54936968396964,450.32787366854706,443.3433648912948,447.82794189453125,4251126.0
2016-02-02,449.163709963731,454.1826281559102,444.25931022981473,448.6675720214844,7632702.0
2016-02-03,445.7096312175153,448.80111690027576,439.9655385368201,441.8547668457031,5245966.0
2016-02-04,442.75173551656985,456.071843858157,442.75173551656985,450.2705383300781,5549346.0
2016-02-05,448.64855223481067,452.904139058079,447.255461491305,448.34320068359375,3984224.0
2016-02-08,444.16396282164646,447.38902301339675,436.5497420950313,439.2214050292969,4221044.0
2016-02-09,430.63394850928677,430.63394850928677,417.351947457584,422.7525329589844,7579572.0
2016-02-10,422.8860427901822,430.3285318104065,421.74104447937844,423.0959777832031,5866054.0
2016-02-11,424.03109479860404,424.79442710247196,408.8217079620579,411.6842041015625,5214378.0
2016-02-12,417.8098372261213,421.5120261392215,407.2377054945876,413.97412109375,7408096.0
2016-02-15,418.40145739150694,419.90901983341143,414.71837025015475,416.6839599609375,5093478.0
2016-02-16,414.8710389646528,417.0656189775753,409.7948613422013,411.8749694824219,5125448.0
2016-02-17,412.8673908419411,420.97779717925675,411.0544764841881,419.01220703125,4164598.0
2016-02-18,419.8327960566313,430.1377828689304,419.8327960566313,428.7637939453125,4189072.0
2016-02-19,427.16066264896017,432.88565390992784,425.1187584172347,430.23309326171875,3974018.0
2016-02-22,431.66438872153327,432.79028515775417,425.19516651864444,430.004150390625,3857010.0
2016-02-23,431.3780684773817,432.2368171206678,425.9584290091255,428.9544982910156,2501960.0
2016-02-24,427.2752579302858,436.5306621328847,426.83633253667733,429.50799560546875,4950714.0
2016-02-25,429.5270342360625,431.51167930143885,420.25252945686606,423.7638854980469,4484528.0
2016-02-26,427.5232411712545,432.04597460863516,425.93931772370746,427.9049072265625,4235636.0
2016-02-29,431.0918530358183,431.4353618383289,407.733906726491,413.7451477050781,8166076.0
2016-03-01,417.8480531786476,431.3971993480508,417.8480531786476,429.54608154296875,6386154.0
2016-03-02,433.9734399875942,444.06848928590136,429.37434503363903,441.20599365234375,7214898.0
2016-03-03,445.785980987808,455.2703737481678,440.4426558732281,446.28216552734375,5814304.0
2016-03-04,448.6867141476015,452.2743852558378,442.3892227073303,446.7974853515625,4281680.0
2016-03-08,443.87761583748664,454.373432205097,437.92363477969735,444.0493469238281,7617746.0
2016-03-09,437.0076438699883,451.7972038699552,436.22520980169367,449.79345703125,6305782.0
2016-03-10,443.83952574328856,443.83952574328856,434.8512702753494,436.05352783203125,24381016.0
2016-03-11,437.4657589465067,441.18700421908557,434.41242949208305,436.24444580078125,4058548.0
2016-03-14,437.38932783239613,440.53807299349324,434.52683223139877,435.55731201171875,4174262.0
2016-03-15,436.62602139996693,440.6335154775016,430.88192791946045,432.9620361328125,6720258.0
2016-03-16,435.82452485525323,440.82434140073957,431.8742900750068,439.85107421875,5588850.0
2016-03-17,441.549532928578,446.45393313462694,440.4617938307541,443.4006042480469,6474622.0
2016-03-18,443.801283783204,457.6175756032451,443.4959323194085,455.4802551269531,8477422.0
2016-03-21,453.41925987327534,457.6175863535834,450.38503346218084,456.0527648925781,5138392.0
2016-03-22,454.65978935445685,455.7093712396403,447.31271615817286,454.1636047363281,7097950.0
2016-03-23,454.18267344484667,462.08314333007354,451.167501840932,460.9763488769531,6333176.0
2016-03-28,470.3653873251642,472.12104235218715,456.3773131710815,459.86956787109375,10787510.0
2016-03-29,457.6176837850249,465.2128489890522,454.77428979037524,456.94976806640625,6995356.0
2016-03-30,457.0833304092555,461.81599955745145,456.3009428268764,460.2702331542969,5756818.0
2016-03-31,461.91139495961755,469.41114310098516,458.1138359217486,464.98382568359375,17996320.0
2016-04-01,464.10597216458535,466.47228332083205,456.1291414499866,460.0793762207031,5511428.0
2016-04-04,463.1709945029369,476.31937528893184,463.1709945029369,474.6781921386719,4577054.0
2016-04-05,474.0292111604164,474.1437296059122,463.34256227757294,465.5562438964844,4790716.0
2016-04-06,468.68601413929497,468.68601413929497,456.47269780993224,458.2665100097656,4931354.0
2016-04-07,461.20539713896875,461.20539713896875,448.45773807482044,450.9385681152344,5657890.0
2016-04-08,448.78212586321365,449.41188431849633,443.51516103290726,444.92730712890625,4195578.0
2016-04-11,444.94643544609113,452.94232299650395,439.3359148456823,451.8545837402344,5768678.0
2016-04-12,450.55675278499376,456.0527529883183,449.8315780029419,451.20556640625,5842138.0
2016-04-13,456.07193613137275,456.07193613137275,445.15629382685887,447.5798645019531,12511386.0
2016-04-18,477.08274410367943,483.9145783172665,470.7852518815109,472.7698974609375,25015990.0
2016-04-20,474.79256831682454,475.72763150745584,467.8462648118926,474.639892578125,8072848.0
2016-04-21,477.4643669774086,477.4643669774086,464.9075409738901,468.0372314453125,5441100.0
2016-04-22,468.0372154960261,468.87686238480796,460.67104021038926,462.2931213378906,5143938.0
2016-04-25,462.5984332894282,467.4646762553378,458.4191613764094,464.0487365722656,5364134.0
2016-04-26,463.8960154918833,473.0942052362825,461.2816121777285,470.2698669433594,5846744.0
2016-04-27,469.1439097748407,474.1628278616551,468.8958641039732,473.32318115234375,4486208.0
2016-04-28,469.83100323895445,473.11332261943494,460.6710161733696,461.4916076660156,12165168.0
2016-04-29,462.36939246891245,466.98758969342254,459.9076646840303,461.0908203125,5036410.0
2016-05-02,461.81597838886506,462.2549037194034,456.5299122517728,458.40008544921875,3615250.0
2016-05-03,459.0489180847917,462.6556442218969,447.2363705061375,449.5263671875,6824810.0
2016-05-04,450.7475529976767,455.3275450687792,446.79731915436844,453.7436218261719,5812842.0
2016-05-05,456.1483244466743,457.6177298575531,450.78589621555307,455.1177978515625,6302668.0
2016-05-06,454.10641587980587,454.10641587980587,449.24017233899394,450.9385681152344,2596720.0
2016-05-09,451.1293538036397,458.59094508507934,450.59501191766225,457.63677978515625,5123678.0
2016-05-10,458.9535247851641,464.35410988340124,456.70168528316617,462.88470458984375,3395704.0
2016-05-11,457.42681121074435,463.6097832644119,455.13681465900095,458.70538330078125,3709888.0
2016-05-12,459.4877643945296,462.9609161124742,456.77794477240116,461.81591796875,3406932.0
2016-05-13,460.28924435417855,461.81590851455724,455.00317901688584,460.7663269042969,5652064.0
2016-05-16,461.892257915008,467.02569449541807,459.90761299290284,463.7242736816406,4533878.0
2016-05-17,465.6326599937912,467.82724015359804,461.1099258520358,463.4380798339844,3796294.0
2016-05-18,457.6175996164297,463.34259043731913,457.19777627425003,461.7586669921875,4256596.0
2016-05-19,462.17858446171465,464.163276304549,458.38102507981773,460.1939392089844,3954400.0
2016-05-20,459.907690038723,465.44184896450014,457.9993593746619,458.6100158691406,3994548.0
2016-05-23,459.29700949660463,459.96492519405564,452.2743437025282,453.4193420410156,4585946.0
2016-05-24,454.5835221565302,454.85066984638723,449.45008408336724,453.3240051269531,3485060.0
2016-05-25,455.74761082601754,462.99926879665384,455.74761082601754,461.3008728027344,3857396.0
2016-05-26,461.85420501069774,473.1897177722678,461.85420501069774,471.0332946777344,6136436.0
2016-05-27,470.05994832186934,480.7084415779802,470.05994832186934,476.1284484863281,6180764.0
2016-05-30,473.8383913403265,485.47920562617423,473.8383913403265,483.79986572265625,5285700.0
2016-05-31,482.80761419974954,483.47552987156735,472.8842956470274,476.5673828125,13782038.0
2016-06-01,475.5751045385888,484.14349060421415,475.5560025958619,480.2123107910156,4840534.0
2016-06-02,478.9909437146104,486.5861082357543,478.60927762400115,481.4908752441406,5053552.0
2016-06-03,480.9184028484636,488.2654755012069,480.9184028484636,483.5328063964844,3998380.0
2016-06-06,482.76948241899476,487.38763313300984,481.31913253322364,483.4755554199219,4225768.0
2016-06-07,483.5709370580667,485.67010055752945,479.029101259391,479.9069519042969,5692420.0
2016-06-08,482.40686163847715,482.40686163847715,471.49122019827814,472.5408020019531,8741370.0
2016-06-09,473.46747541166167,473.46747541166167,455.6292089525467,457.7334899902344,12740804.0
2016-06-10,453.8338295470253,459.4710276870901,451.7874271253023,455.8415832519531,6383956.0
2016-06-13,454.37432516670793,457.50180714157034,450.2043177785085,455.9573669433594,5286722.0
2016-06-14,456.5365144547725,456.5365144547725,450.6869380025661,453.6792907714844,2940728.0
2016-06-15,457.0385025696701,460.4942162143725,455.2431283262406,459.4516906738281,6711572.0
2016-06-16,459.2779600455427,459.2779600455427,451.78741474270595,457.92657470703125,5302564.0
2016-06-17,459.08488536153925,460.53279816230105,453.7179458201999,455.4168395996094,8515082.0
2016-06-20,455.9960461084944,467.88825651118157,455.49408410563836,466.7106018066406,6229566.0
2016-06-21,467.6565606418055,469.04659478626496,461.6525765277419,465.6874084472656,4761724.0
2016-06-22,464.87653343515524,467.9460896990755,458.75669813164825,463.1390380859375,3031258.0
2016-06-23,462.28962813130255,469.06583190957986,460.7644650011335,467.81097412109375,3828626.0
2016-06-24,458.6987738502317,462.9459847192153,447.88769163827334,461.2278137207031,7808348.0
2016-06-27,452.54030617282126,456.84539555486833,447.887661184214,450.2815246582031,5583778.0
2016-06-28,448.9688511114823,452.71410029500544,445.9957750091006,447.5595397949219,7655974.0
2016-06-29,451.3627217992781,455.5713314547186,447.96493395408646,454.3936767578125,5459150.0
2016-06-30,455.8028961905056,457.3473363300753,450.9571963995766,452.0576477050781,9346224.0
2016-07-01,455.6097497360818,455.6097497360818,451.7872517312749,452.6753234863281,3991912.0
2016-07-04,454.1426263317216,461.2470607466734,454.1426263317216,457.1349792480469,5381322.0
2016-07-05,457.5403970761695,458.5056721754863,452.154180875011,453.85302734375,3596416.0
2016-07-07,451.24683885037786,452.13491090159357,445.9571495229211,446.8258972167969,5954876.0
2016-07-08,449.0459739877027,450.5904141389932,445.37792862838785,447.192626953125,5551648.0
2016-07-11,450.74488756917225,455.1079029105044,447.8876637360651,453.6986389160156,6668882.0
2016-07-12,455.60995416410657,455.7450832833164,450.976632596336,454.27789306640625,6197368.0
2016-07-13,455.60989446409417,461.7104525819836,453.7565472268022,460.938232421875,5275420.0
2016-07-14,461.40152039157977,461.8069548064603,449.432108565522,454.1619567871094,7413328.0
2016-07-15,459.27796328216675,459.43241674845825,406.1878246093648,414.1224060058594,61484126.0
2016-07-18,415.937041164476,418.89079240107026,407.4040186952052,417.7517395019531,14332824.0
2016-07-19,420.31943360288096,420.859997154182,414.72083731046297,419.6823425292969,10404644.0
2016-07-20,413.1378286676461,420.8214294871404,413.1378286676461,418.19586181640625,9822896.0
2016-07-21,416.6128186146427,419.77890273903313,415.3000347828529,416.9603271484375,8668002.0
2016-07-22,413.137789382745,416.9602886362599,411.86360725404717,414.083740234375,9386538.0
2016-07-25,410.43503162240637,418.2537610582989,410.43503162240637,417.32708740234375,8469552.0
2016-07-26,413.27289156416396,420.8213620585897,413.27289156416396,420.3580017089844,7189610.0
2016-07-27,418.8135942112307,423.3697121093055,416.43905487263174,419.0645751953125,7431820.0
2016-07-28,419.0839095701682,419.68235194219795,414.7015693867428,416.03363037109375,11258562.0
2016-07-29,414.14163001584365,415.74399614913256,411.7863681384257,414.624267578125,8156784.0
2016-08-01,413.7168965193567,420.0297860737956,412.5006405001816,419.0259094238281,9096662.0
2016-08-02,416.9602867428161,418.9294387333882,415.068337915569,418.46612548828125,6822502.0
2016-08-03,419.1803906467253,419.5085747669677,413.25361072885653,418.89080810546875,7213460.0
2016-08-04,419.4700227496963,419.6630778000107,413.15713203093077,413.83282470703125,4237278.0
2016-08-05,413.91001040569404,414.4698511749464,409.27668939369005,412.3655700683594,5609968.0
2016-08-08,412.75166886205386,417.38498974731544,410.2612777392567,416.4969177246094,4643064.0
2016-08-09,415.8404407026626,418.7362654986421,413.7168358522776,418.3115539550781,7192664.0
2016-08-10,415.4543996573212,420.0491185224251,415.14549277480705,417.90618896484375,5576454.0
2016-08-11,417.6552775211388,422.79056071897696,415.16488622199086,415.9757080078125,5038552.0
2016-08-12,415.0876058348001,416.5355184446151,409.27663104104704,410.26123046875,7449928.0
2016-08-16,402.3266981154193,408.5237836716676,396.92115706588385,406.110595703125,16429408.0
2016-08-17,405.39628587393435,406.43881143693727,397.88646318504624,398.96759033203125,6599316.0
2016-08-18,400.203051566893,401.2069282321044,394.411401037705,395.14501953125,8434000.0
2016-08-19,397.6934217750468,401.16841283910054,393.23385462276934,394.3342590332031,5686016.0
2016-08-22,393.0600459225757,397.6933666996591,389.6236569197236,392.0754699707031,10253518.0
2016-08-23,393.87093123814265,402.32675244836304,393.87093123814265,401.4194030761719,7406138.0
2016-08-24,404.25727270177015,410.0682485310789,404.25727270177015,408.2728271484375,6129966.0
2016-08-25,407.3461591884489,408.35003603102274,398.50422839187064,400.0679931640625,4796562.0
2016-08-26,400.01000515919816,403.87110559509773,392.69321511991103,393.92877197265625,6881054.0
2016-08-29,392.9055532286582,397.6933269799801,390.3572364822911,394.913330078125,5220282.0
2016-08-30,398.6393805948342,403.4850815274558,395.7628790101839,401.708984375,4375438.0
2016-08-31,400.4347860755075,403.77464795703537,396.8439903282811,399.9521484375,11139814.0
2016-09-01,400.7823122472678,401.72826320637853,398.4656514828327,400.60858154296875,2877826.0
2016-09-02,401.18770523548073,401.55449096554264,396.22615290546827,398.4076843261719,3332592.0
2016-09-06,400.8788032641251,404.9908851729554,399.8556020931835,403.48504638671875,8215044.0
2016-09-07,404.6433945585595,408.89060576098717,403.0989541213131,407.0951843261719,7425470.0
2016-09-08,403.48499411029724,403.48499411029724,395.3766832238702,400.6470947265625,9092774.0
2016-09-09,400.39612063965546,401.94056083498685,396.361289482382,399.81695556640625,5053438.0
2016-09-12,395.8593869218338,408.5044929171423,395.8593869218338,406.9600524902344,6203096.0
2016-09-14,406.94074594562824,408.4273076276662,401.80550958091413,403.71673583984375,5152418.0
2016-09-15,403.7166838241976,404.18004419240214,399.75905556691015,402.4039001464844,4701722.0
2016-09-16,405.0294580764511,411.0141640823471,400.8208489425637,409.3345947265625,9949384.0
2016-09-19,403.8711359832516,412.71306607326267,402.0757147189521,409.739990234375,5809154.0
2016-09-20,406.68970570487687,408.1762198655454,403.7745561808796,405.47344970703125,4214004.0
2016-09-21,406.9600190386907,409.7593170823629,405.8210131705033,407.6357116699219,4231532.0
2016-09-22,408.89052712859234,409.66274719871245,406.18775688317197,408.8133239746094,3629514.0
2016-09-23,408.1184268438758,408.81344396400493,401.55455432131583,402.5391540527344,5205294.0
2016-09-26,402.616249410948,403.09888696718264,398.07945638234224,399.9714050292969,6371798.0
2016-09-27,399.6432786742478,405.37700424444205,398.98686322335885,401.4579772949219,6525660.0
2016-09-28,401.5545433845161,402.4426155546505,398.9482999538954,401.14910888671875,5434708.0
2016-09-29,403.46572496374824,403.46572496374824,395.37673732559733,397.3844909667969,8902638.0
2016-09-30,398.11802403563115,403.0602510433632,398.11802403563115,400.029296875,6502354.0
2016-10-03,399.8169546008021,401.5544498163536,396.1875107240241,400.8208312988281,3656160.0
2016-10-04,401.5544652117045,405.9561293530403,400.89809695813886,405.1066589355469,5066586.0
2016-10-05,405.10666515000355,405.35764612112615,400.39614116578963,402.1336364746094,2307574.0
2016-10-06,403.48501124760156,403.48501124760156,396.1295957780481,396.6894836425781,3721882.0
2016-10-07,397.67405063886036,399.1606121252453,390.0097751200736,390.95574951171875,6288558.0
2016-10-10,392.6739654038294,398.36908928751325,389.9711947471659,397.674072265625,5413170.0
2016-10-13,394.37290801854704,408.5045297732207,394.37290801854704,406.322998046875,9778690.0
2016-10-14,406.53532184521936,418.04137420968107,384.6621758924241,396.5929870605469,33461690.0
2016-10-17,399.60462560047586,402.24951746809995,392.8090973272173,394.75897216796875,8014858.0
2016-10-18,397.69336815361277,401.7475238483826,396.65088982798824,401.18768310546875,6388134.0
2016-10-19,402.3267148839301,403.7553033678182,400.01005433757354,402.24951171875,3509836.0
2016-10-20,403.3885297684226,405.68586602629915,399.16064299717715,400.26104736328125,3535490.0
2016-10-21,403.90984532353036,406.251351673232,399.03170709498534,405.19769287109375,3863620.0
2016-10-24,404.885525355767,406.91481206617567,400.2025120504473,400.826904296875,2902974.0
2016-10-25,404.495250619457,405.4318627534262,396.1829072518658,396.9634094238281,5636014.0
2016-10-26,396.88536187161156,397.9975679598614,393.88042368950397,395.79266357421875,2775216.0
2016-10-27,397.2365682177064,397.25607600713107,390.68033127664154,391.616943359375,7227790.0
2016-10-28,392.28038973502424,394.1535901521382,387.5778689925608,389.27545166015625,5840706.0
2016-11-01,392.9048505675446,392.9048505675446,384.94374144939394,386.1340026855469,6332798.0
2016-11-02,384.3192765785592,385.3729593070542,382.44607607181075,382.8558349609375,5377194.0
2016-11-03,382.8557475575625,383.2264907798625,376.6312392011505,377.3141784667969,5225108.0
2016-11-04,377.3727726253741,382.1338402909696,375.0312662802322,378.93377685546875,6005548.0
2016-11-07,384.3972918040886,384.78754286175774,380.49478122739737,381.6460266113281,4537672.0
2016-11-08,385.13882267331815,385.47052658290454,378.7777106458776,383.4607238769531,5261108.0
2016-11-09,362.9335290644985,380.3387188877187,351.6162469753905,373.9776306152344,12764158.0
2016-11-10,375.6166266706863,375.6166266706863,364.88472305152385,366.6018371582031,7287330.0
2016-11-11,366.8360323008476,368.78728779180955,358.52368867315704,359.6358947753906,7096782.0
2016-11-15,360.59196905410806,366.81647804563454,354.5625855869615,360.4163513183594,9235850.0
2016-11-16,362.9334793359448,373.41171058270766,362.36761054521634,367.1872253417969,12222616.0
2016-11-17,364.5920909123194,370.34829464896023,361.52862929873885,362.85546875,5706730.0
2016-11-18,362.93348594333816,364.20180188883904,358.05534769141155,359.0309753417969,6040228.0
2016-11-21,361.7237252001108,361.7237252001108,353.9382116137055,355.5577392578125,7940568.0
2016-11-22,357.82123030349527,362.40668056428336,355.77241210186656,356.7675476074219,5483126.0
2016-11-23,359.8504643976907,360.16268427618996,356.08455625837695,359.1285095214844,8251786.0
2016-11-24,362.2310499031208,366.7969922107007,360.31881012213177,363.0505676269531,16780644.0
2016-11-25,363.1090909754186,384.397280797934,363.1090909754186,381.47039794921875,12631380.0
2016-11-28,382.17292348900014,383.7924751918929,378.7777339240085,382.3485412597656,7365712.0
2016-11-29,381.977758520439,384.28024945730664,377.41181604675677,379.5581970214844,6125506.0
2016-11-30,379.71427619548797,381.27528041417446,375.05077132835527,380.70941162109375,8500918.0
2016-12-01,380.88502230010454,383.8314129444595,377.37276287315683,380.7289123535156,4611590.0
2016-12-02,376.51425684559194,378.3874573634234,375.0703230105213,376.3971862792969,4453228.0
2016-12-05,376.9434483325786,377.99710697149783,373.86045592210144,375.2848815917969,3659576.0
2016-12-06,375.34351884723054,382.250968368696,375.2849954712155,377.1777038574219,3562110.0
2016-12-07,377.7630946743417,379.71435032865134,374.71914061742643,377.1387023925781,3385980.0
2016-12-08,378.5630920932461,384.82661777071036,378.5630920932461,384.2607727050781,5941662.0
2016-12-09,384.39729655615747,393.43161818049725,383.03141783743,386.0948791503906,8648384.0
2016-12-12,383.5387996577769,383.5387996577769,376.6703894073907,381.41192626953125,5345020.0
2016-12-13,382.6412256077427,387.4608174429582,378.972855528661,386.4266662597656,4854282.0
2016-12-14,386.7387460878892,392.182752373316,384.0460046248515,390.1534423828125,5382614.0
2016-12-15,389.23650390212225,397.6464113638714,385.9583847367022,387.2657165527344,7966416.0
2016-12-16,391.7340110330129,394.03650182502327,389.37299687315897,392.2608642578125,6436742.0
2016-12-19,392.63161040365486,393.4706597710986,387.9485973441427,392.0657653808594,4124134.0
2016-12-20,391.03161743431525,397.66588639278166,390.7584368898649,394.99267578125,7636498.0
2016-12-21,396.4950588367213,398.83656508969403,389.5681028383435,390.8559265136719,7343976.0
2016-12-22,391.22673844356325,392.9828684415643,378.34845179155565,384.2802734375,7060054.0
2016-12-23,384.35829629806136,392.82672563649595,379.94844006087936,385.7436828613281,7306036.0
2016-12-26,385.5681054836556,387.9096121971191,380.53385652209386,383.519287109375,3213828.0
2016-12-27,383.51926655991394,390.99258461423676,382.44607604041283,389.8413391113281,4912816.0
2016-12-28,391.40233255053124,394.07554296941373,388.29983164443934,389.66571044921875,5476816.0
2016-12-29,391.7145891602274,393.37315653649733,385.62668078906415,387.2657165527344,6240124.0
2016-12-30,389.47060196271576,394.9341174211106,387.4217836658177,394.38775634765625,7267768.0
2017-01-02,394.58280816401054,395.304786863233,389.9973585468841,390.6802978515625,2335222.0
2017-01-03,391.8510866180053,392.1633065266506,383.2265475699612,387.85101318359375,6778482.0
2017-01-04,388.31936410912533,391.89017131041237,387.22666575967804,389.373046875,7073586.0
2017-01-05,390.8755067453013,393.95850007738534,385.8607894517234,388.7486572265625,8207074.0
2017-01-06,388.2608590045305,389.8023319137521,377.78260186613255,379.4216613769531,14393448.0
2017-01-09,379.42160130376914,381.25578608930687,376.5922810574823,378.68011474609375,10545692.0
2017-01-10,381.275302925996,382.8363072368497,377.7435354364968,378.7581787109375,11939854.0
2017-01-11,380.1826166276916,381.84118376013,376.1825429553401,378.19232177734375,12241574.0
2017-01-12,381.4898901428751,391.96814460435695,381.4898901428751,390.2705383300781,11855740.0
2017-01-13,401.9585883527682,405.86109891929993,375.6946970038165,380.8069763183594,31276246.0
2017-01-16,376.592319782952,376.76793754562203,371.6946731340382,372.9434814453125,12351372.0
2017-01-17,373.17762066101955,376.2020667369651,371.6751634283261,372.8459167480469,5560094.0
2017-01-18,373.8995175686775,375.03125512945996,370.66043865134526,371.0506896972656,5952962.0
2017-01-19,371.12882367967916,374.4849738614698,369.9970858779616,373.89959716796875,8876480.0
2017-01-20,370.73849224830366,371.9677925660035,369.177488070416,370.2311706542969,9124742.0
2017-01-23,368.7872980248557,373.86056244212887,366.8360424797507,371.792236328125,7948580.0
2017-01-24,370.738514103927,370.738514103927,366.87501900828266,369.00189208984375,6826010.0
2017-01-25,369.2165405666363,369.4897210888897,364.80670808695436,365.5091552734375,9978090.0
2017-01-27,364.43594594739795,369.7823902785954,351.6747552322847,367.675048828125,10635138.0
2017-01-30,365.86036724925503,371.3238820668439,362.48468606648817,370.4848327636719,11369208.0
2017-01-31,367.42133260927204,367.42133260927204,352.92349779601466,362.3870849609375,24068534.0
2017-02-01,359.4602780669789,360.279819666998,353.2357920878649,357.7626953125,11531782.0
2017-02-02,357.860297352526,368.7873293327558,355.1675549440679,365.2360534667969,11828268.0
2017-02-03,364.4164836027388,367.1872807892165,359.440781924999,365.3140563964844,8423958.0
2017-02-06,365.76280191600466,368.29943377778545,363.14811507928533,364.9822998046875,6727934.0
2017-02-07,364.1042885318553,370.6605024682998,362.3676663147072,367.714111328125,9268002.0
2017-02-08,365.2750587605946,368.43608339533046,363.889672008804,365.4701843261719,6319962.0
2017-02-09,365.6652308135406,370.7384944214125,365.4896130786921,369.177490234375,11907266.0
2017-02-10,369.2750951535135,379.32406075478485,368.12384967033734,377.880126953125,12252452.0
2017-02-13,379.6557889208821,384.82661621125845,375.753277758334,384.1436767578125,13724268.0
2017-02-14,382.44602047016656,385.95827984183137,379.4605904766382,385.4509582519531,9338818.0
2017-02-15,386.0363660016707,389.78276677317047,378.0752345884395,383.14849853515625,7259486.0
2017-02-16,386.73885552053684,395.6756155944893,386.3681121969467,394.97314453125,12815858.0
2017-02-17,395.61700599482305,395.61700599482305,387.4022260718816,390.2900695800781,4851208.0
2017-02-20,388.8852072349724,402.3488697032178,387.7144539768641,394.25115966796875,4650662.0
2017-02-21,398.87560574663905,399.8122178343334,390.27057448970703,395.5584716796875,7613996.0
2017-02-22,396.10483400398135,396.10483400398135,384.9436629872467,386.4071044921875,6607838.0
2017-02-23,389.82182416816323,398.05611265728265,387.65591155876956,393.7048034667969,9542656.0
2017-02-27,393.0998543983576,399.2268002808437,392.9632760666369,395.09014892578125,5328696.0
2017-02-28,394.8754918058882,399.1097297366499,393.8608486641657,395.09014892578125,5940132.0
2017-03-01,394.9340764362686,400.7878423913516,394.1925898876775,400.0658874511719,4282448.0
2017-03-02,399.77319304278905,401.17808732292093,396.690200159289,399.3439025878906,2948498.0
2017-03-03,394.25113911186503,403.63669629690264,390.40717564244665,402.4268798828125,5401612.0
2017-03-06,398.07559920912763,404.28057693100953,397.939020862235,403.4805908203125,5286386.0
2017-03-07,398.8365844419721,400.31955752937137,395.9877564597649,397.97802734375,4644496.0
2017-03-08,396.8462815713248,396.8462815713248,391.9876514884661,393.29498291015625,6179176.0
2017-03-09,393.29498149566547,395.32429160631585,389.86077721096694,394.7584228515625,3480630.0
2017-03-10,396.1048656700906,401.0415516023621,395.48047343901356,398.778076171875,4550324.0
2017-03-14,399.1488413957553,406.60265209082274,399.1488413957553,403.8318786621094,7878396.0
2017-03-15,403.870941889904,403.870941889904,393.1780503961781,394.9146728515625,6373978.0
2017-03-16,395.4413968842521,402.62200214313657,395.4413968842521,401.5097961425781,6702956.0
2017-03-17,404.06603141085657,406.9929148994835,397.76346610439776,405.978271484375,9507846.0
2017-03-20,400.6122665077054,400.6122665077054,396.14386304460254,398.6414794921875,4427388.0
2017-03-21,398.4073497994017,403.8903490653371,397.58780821385625,403.0708312988281,4869584.0
2017-03-22,399.0122103450349,405.8415802349064,398.2122004172271,401.0610046386719,3990852.0
2017-03-23,401.2756987380338,407.0319025370963,400.631774887134,406.0367431640625,4501662.0
2017-03-24,405.0806526844047,407.42215934732036,401.0610471911695,402.5050048828125,4883896.0
2017-03-27,400.8658723618119,406.5830599552938,399.81221354824476,401.5097961425781,7684824.0
2017-03-28,402.54404915937585,405.4709326966471,401.97820406406805,403.9684753417969,4796796.0
2017-03-29,403.6367468408521,406.4465358104275,400.3390963400057,402.68060302734375,6981186.0
2017-03-30,403.5196490945728,404.2611357336769,398.15369631405986,400.2025146484375,12157180.0
2017-03-31,399.3243635760219,401.6854013457701,393.37303541131695,398.9341125488281,14153854.0
2017-04-03,402.797680160296,402.9147269068031,392.63162000640716,393.685302734375,4315600.0
2017-04-05,392.2023302075759,392.3584401651234,386.7388151599082,388.6705627441406,7398338.0
2017-04-06,389.52912569139215,392.5145321670428,387.1290720177004,390.094970703125,5379008.0
2017-04-07,390.6023374696284,390.6023374696284,382.05582880930297,383.05096435546875,6404508.0
2017-04-10,384.3582769934692,386.15342233471824,370.7775211042365,372.06536865234375,9528472.0
2017-04-11,373.0994437378336,379.20688108726506,373.0994437378336,377.4312438964844,8655466.0
2017-04-12,378.5435553588913,381.23629739369784,374.77762283208784,378.0947570800781,6696752.0
2017-04-13,378.54360383164993,386.34862659106534,361.62622652823256,363.47991943359375,30973188.0
2017-04-17,362.93350830649587,363.7530260557026,360.39687625919237,360.9432373046875,7213434.0
2017-04-18,360.88473391312044,364.49455688008055,358.67980549217253,360.0652160644531,4647518.0
2017-04-19,360.2017297875662,362.9334872182411,356.1626408283963,358.7187805175781,10071702.0
2017-04-20,359.61640060349305,362.8164644936692,358.4651550564188,361.8798522949219,4549000.0
2017-04-21,364.80672274154637,364.80672274154637,359.4602779190919,360.4749450683594,3577466.0
2017-04-24,358.05536023126893,362.3481220433059,356.299230399072,361.5871276855469,5556666.0
2017-04-25,361.3334624815813,364.10423545312864,359.2456050393846,362.6798095703125,4737060.0
2017-04-26,362.91399503303074,365.09939154392146,355.2065362365178,356.78704833984375,9084496.0
2017-04-27,357.46998105980646,362.54324498314435,357.46998105980646,361.0798034667969,7797208.0
2017-04-28,361.70421567826077,361.9188728344374,357.3138908861519,358.6212463378906,5029702.0
2017-05-02,360.59204592680624,361.5286581711148,357.11880132478746,360.0456848144531,3231126.0
2017-05-03,361.5675884011905,366.4847419754175,358.1138762263207,364.6115417480469,4659448.0
2017-05-04,365.6652420790996,366.69941691248664,362.50421803057594,365.9189147949219,5279806.0
2017-05-05,365.2750202860809,365.80184973003287,359.0310028452932,363.5188903808594,4432788.0
2017-05-08,366.05547801985557,370.1726217561656,363.713971763865,368.98236083984375,4707098.0
2017-05-09,370.9726555239137,371.4995087568659,367.65552144760613,369.4311828613281,5649372.0
2017-05-10,369.62637703783287,370.73858325999714,365.72386563509605,368.260498046875,3364302.0
2017-05-11,369.5091950199422,370.67994816314615,365.87986503981665,368.4360046386719,3229482.0
2017-05-12,371.90926656409005,376.98253043117626,371.30438217451365,376.2995910644531,10979996.0
2017-05-15,376.0069195253812,376.0069195253812,370.3872943868011,371.3434143066406,7297164.0
2017-05-16,371.9483022239859,374.69959144797855,369.54827232563485,372.6897888183594,6130168.0
2017-05-17,371.36284027869016,374.0360739071968,368.33839504329836,371.8311462402344,2915508.0
2017-05-18,368.0067668901904,380.06553473902085,367.94821970082273,375.323974609375,8057848.0
2017-05-19,375.22645116266887,375.6947572695812,369.8995138572373,373.841064453125,4257396.0
2017-05-22,374.0166177174656,377.3337516590492,373.2946389799358,375.2068786621094,5503052.0
2017-05-23,376.4557009396492,377.3727814185851,372.33853313161256,373.58734130859375,4039982.0
2017-05-24,374.641004541008,376.78738529619085,370.582384130867,372.6116943359375,5636286.0
2017-05-25,375.0312624706036,385.0216799141112,375.0312624706036,383.7338562011719,10438514.0
2017-05-26,385.1778089488682,390.251072896523,382.68019255471637,388.572998046875,4988004.0
2017-05-29,386.69984604955505,388.96329779177955,380.76802423545627,384.4559020996094,6308434.0
2017-05-30,383.22661755262504,390.2511380372964,381.9192857678158,388.7681884765625,3716910.0
2017-05-31,387.7339734356377,387.7339734356377,380.436273143342,381.2948303222656,7763900.0
2017-06-01,384.06850074373665,388.1893321011186,379.8089975610367,384.9006042480469,5508606.0
2017-06-02,385.69299295079355,386.5052653029117,382.0476465830968,384.12786865234375,3917966.0
2017-06-05,384.3458024364407,385.1382680084746,379.2145830206952,379.88818359375,5462698.0
2017-06-06,382.3646067755351,391.27984372107863,382.1268767973051,388.050537109375,7008686.0
2017-06-07,390.2893123903528,391.83463000138835,374.4400002120643,380.8985900878906,12455046.0
2017-06-08,381.5523501594985,381.5523501594985,375.68811000875945,378.9768371582031,6195352.0
2017-06-09,371.88428975573936,376.7975861514074,365.72287455003783,375.8664245605469,14757662.0
2017-06-12,373.78619384612955,382.44389484296727,372.4984372749319,381.9089660644531,8591676.0
2017-06-13,377.807953161985,381.55235774435965,377.0551012114504,379.5117492675781,4937794.0
2017-06-14,380.3835626067526,381.13641474806604,376.8967181196845,379.8288269042969,7438110.0
2017-06-15,380.2448118161459,383.53353918145876,376.26265287468516,377.25323486328125,5528062.0
2017-06-16,376.06457327236143,377.9466792348454,370.8739328179008,372.55792236328125,10948450.0
2017-06-19,372.4390695384263,372.5579345557519,367.7040821778652,368.4371032714844,6855860.0
2017-06-20,370.47766244566395,375.1928423686246,370.1012364544813,373.8654479980469,5184396.0
2017-06-21,374.44004876860186,376.02498019196105,370.8937598720089,373.7862548828125,3735864.0
2017-06-22,375.5098020974078,383.8306902924825,370.51725466988563,372.51824951171875,9465242.0
2017-06-23,374.43998941906307,376.08436518381484,371.66635986781074,373.74658203125,6403018.0
2017-06-27,374.43998967791174,375.62868805784166,366.0200428200751,367.3276062011719,6904660.0
2017-06-28,369.60596046349644,369.6852118623511,364.93041814064884,366.396484375,5905224.0
2017-06-29,368.5758056640625,375.60893882325774,367.149352879041,368.5758056640625,15914040.0
2017-06-30,368.81351174137376,371.6663929419337,368.10029748726697,370.69561767578125,4216700.0
2017-07-03,372.8947078231554,378.40235385129324,370.31919441997906,377.1740417480469,5088924.0
2017-07-04,377.94660037746195,384.34576898839407,376.183383980436,381.2353515625,5167726.0
2017-07-05,379.9872469326128,379.9872469326128,374.5984906435084,376.77777099609375,4226228.0
2017-07-06,374.4399868120236,379.1947802953509,374.12300541662785,375.2324523925781,3829720.0
2017-07-07,373.9843480272621,374.61833506761565,369.70503828743995,370.6361999511719,5776886.0
2017-07-10,373.7267849566287,380.30423981858775,372.45883514908223,379.214599609375,1464376.0
2017-07-11,379.05610347424215,392.072340788882,379.05610347424215,386.46563720703125,11539708.0
2017-07-12,386.3071973940712,388.9025175598089,383.85054904336715,385.2769775390625,6275976.0
2017-07-13,387.21847258184306,389.67512058061044,382.00800200826694,387.13922119140625,5170392.0
2017-07-14,396.0148692412016,398.94697739478096,382.7806843000462,385.1580810546875,22478180.0
2017-07-17,386.32694016346545,393.0628970688797,385.9307074043234,389.912841796875,7698250.0
2017-07-18,390.7053481713042,398.13471318210736,388.74399097162603,390.52703857421875,8260180.0
2017-07-19,388.8827358503985,391.73561721002085,383.9892456376229,388.2487487792969,5890278.0
2017-07-20,388.0307518133744,388.24867500285063,383.1372867146071,384.12786865234375,6809740.0
2017-07-21,385.5344743709007,389.31849238118923,384.90051163037583,388.34771728515625,5980754.0
2017-07-24,389.69493655899,393.85538072154145,389.3383173856909,392.4883728027344,6129176.0
2017-07-25,392.2704728629527,395.83656807079774,390.76479305646654,393.79595947265625,7145614.0
2017-07-26,395.4799822828826,395.8366015074434,392.42900880575723,393.875244140625,6870024.0
2017-07-27,394.6478849390022,397.8177474686328,383.0778818690244,384.7618713378906,12676852.0
2017-07-28,386.7232092467698,397.4214947484735,381.29481509981997,395.1827697753906,11098428.0
2017-07-31,393.02333535505744,404.8310682995658,390.9827267024158,400.6706237792969,19158248.0
2017-08-01,400.5913276662585,402.9687242696191,395.57897348718836,398.4318542480469,7689398.0
2017-08-02,398.610193912816,401.28476529344374,391.16102216359747,393.59783935546875,4257584.0
2017-08-03,392.6667574130423,395.73756202449647,388.40725424231556,389.89312744140625,4640348.0
2017-08-04,391.4780570004765,391.8742898516916,386.74306959162976,389.7940673828125,5349018.0
2017-08-07,389.69495492507224,389.79401312408726,382.64201599202926,383.65240478515625,6073744.0
2017-08-08,383.75145821689574,384.44486560138677,378.4221223392671,381.9089660644531,6004648.0
2017-08-09,383.41471088409304,385.8911660926553,382.18637459016645,384.0882873535156,3922410.0
2017-08-10,384.30617349356606,391.2798605754877,384.0882261226511,388.80340576171875,9140684.0
2017-08-11,386.72317223129687,395.0440601584047,384.18727290366985,391.3591003417969,6544156.0
2017-08-14,391.4779797385299,391.95346390297334,387.178863824972,388.8826599121094,3816470.0
2017-08-16,389.1005361417683,390.72508064141846,383.94951071422963,386.4061584472656,6178080.0
2017-08-17,398.2139822019005,407.8226280411006,395.46015927920024,404.4942626953125,25784260.0
2017-08-18,403.32537385173725,403.32537385173725,350.3490440413283,365.8219299316406,164404960.0
2017-08-21,366.11910241005705,366.11910241005705,344.72253148998874,346.0697326660156,90407176.0
2017-08-22,354.707617971837,355.44063900003846,340.76021815919256,346.8622131347656,49242598.0
2017-08-23,348.68484755054385,358.07556930435607,346.2678372582204,353.7566223144531,61284190.0
2017-08-24,360.57182642957696,363.84074683402093,357.540636017259,361.4237365722656,42380524.0
2017-08-28,374.02399425419975,377.9863226552525,371.6664040187467,372.8551025390625,40712108.0
2017-08-29,373.03340466970957,373.2513278905686,366.7332929647825,367.48614501953125,13369392.0
2017-08-30,371.34934869491667,372.062562828369,366.1586850118606,367.1690979003906,16149664.0
2017-08-31,368.02098672045025,368.08043130875893,361.72090027726614,362.5331726074219,15022452.0
2017-09-01,362.92947294425784,366.87199452071974,360.5718827204131,364.514404296875,8433922.0
2017-09-04,364.9304193804043,364.9700329879005,354.0340170644856,356.68878173828125,10177108.0
2017-09-05,357.40197932830876,358.59067770744946,355.51987356133594,357.36236572265625,9783392.0
2017-09-06,356.609522874895,356.7283878790271,352.6471948429517,354.8660888671875,7735910.0
2017-09-07,356.60955720263223,356.80767362330033,353.57836629275647,354.9255676269531,6241192.0
2017-09-08,356.2132990658508,356.2132990658508,349.51695484913597,350.388671875,8604542.0
2017-09-11,352.8056670011592,353.3603783669829,346.16876812398516,348.16973876953125,13787642.0
2017-09-12,349.6952625997558,351.7556780543037,348.2093895581296,350.28961181640625,17241354.0
2017-09-13,350.8641838451423,351.69626314503466,349.081136044687,350.1707763671875,11478228.0
2017-09-14,350.4678958780205,355.2623028692912,349.31881113591606,353.59814453125,13698006.0
2017-09-15,353.55853035100813,361.8596125297431,353.5189167437924,359.8784484863281,13459460.0
2017-09-18,360.57185968372363,363.64266398322786,359.105793439392,360.2152404785156,8475860.0
2017-09-19,359.7793590977408,362.9492212924346,357.99631161322554,361.4633483886719,6033330.0
2017-09-20,363.34548937361694,363.34548937361694,359.56147084782816,361.6416931152344,5767830.0
2017-09-21,362.55299768146256,362.65205587755037,359.8388127823079,360.3935241699219,8204152.0
2017-09-22,359.8388823115651,360.670961645828,351.8547804905194,355.93597412109375,17604088.0
2017-09-25,357.00572309841414,357.38214906392307,352.29054349704774,354.7669982910156,9088700.0
2017-09-26,355.420844835957,359.93790872491644,354.3510113691895,358.94732666015625,7366478.0
2017-09-27,359.02653527452156,359.73977367149735,354.66797441542224,356.5302734375,6000138.0
2017-09-28,355.0642412962334,358.15487682205276,354.3510270149418,355.0246276855469,17537266.0
2017-09-29,355.8170637580319,357.5604977975368,354.628365326769,356.5699157714844,5705832.0
2017-10-03,360.6114638179186,361.3643158161881,357.24348499726335,358.0161437988281,4947522.0
2017-10-04,357.79825112154475,358.74921960216557,355.4802987032146,356.4510498046875,4991492.0
2017-10-05,356.6095488981128,358.570906253879,356.2133160660038,357.81805419921875,8611300.0
2017-10-06,358.1944883892251,365.32667952971855,358.17468158399487,364.5936584472656,8574308.0
2017-10-09,364.5342110662899,368.1003066093297,362.1568140375967,366.07952880859375,3504832.0
2017-10-10,372.439084259716,372.439084259716,368.3182528125656,370.6560363769531,7143220.0
2017-10-11,370.6560318567695,371.6664208078531,367.70409222781205,368.77392578125,5982504.0
2017-10-12,368.4964384310733,370.22004113072927,364.3558015710171,367.4266052246094,10280972.0
2017-10-13,369.6059356473001,369.8833034326026,367.5257135337263,368.5361022949219,7180728.0
2017-10-16,370.85408637439986,373.25128992830224,369.6851948015987,372.0625915527344,5758750.0
2017-10-17,371.19090305669516,371.19090305669516,368.29840829102085,368.69464111328125,5625102.0
2017-10-18,368.0606299165773,368.4964762901506,365.70304009703494,366.25775146484375,7231852.0
2017-10-19,368.49656080940537,369.28902653157616,366.59464791302247,367.2880554199219,1091434.0
2017-10-23,368.4965001096619,373.25129365946395,367.74364812395766,372.2607116699219,9154096.0
2017-10-24,374.83625074572905,375.09381175446094,365.1681601860341,367.1097106933594,14529328.0
2017-10-25,364.1379373993202,374.32112503392926,362.65206442299,370.5965270996094,13984134.0
2017-10-26,373.25128851283995,377.1343650214765,372.4984365375165,375.3711242675781,33659258.0
2017-10-27,378.4024304614551,379.4722641592731,374.04386843519745,374.9750061035156,8524956.0
2017-10-30,378.26358766243715,378.26358766243715,372.8748079912766,374.08331298828125,12968326.0
2017-10-31,371.6326044006756,373.6414292893279,369.6237795120233,370.3670349121094,9954988.0
2017-11-01,371.6325635483597,373.4003390647634,370.94955825694075,372.4561767578125,5633134.0
2017-11-02,370.8491599460463,372.03437154160025,369.6237816612011,370.7889099121094,4686138.0
2017-11-03,368.418490322307,373.6012684245423,368.398406977465,372.2955322265625,3699086.0
2017-11-06,370.88938023276353,375.65028581106463,370.68849772698223,373.1191711425781,5066534.0
2017-11-07,372.13484783561864,385.6944171899529,371.9741320197399,383.886474609375,13442820.0
2017-11-08,385.794897717562,386.4377120029328,380.67239321779743,382.6008605957031,5369994.0
2017-11-09,382.88209363438807,386.89974414471743,380.97370964198166,383.4847412109375,4723232.0
2017-11-10,385.212299562517,387.44209053820794,381.67677226067104,386.5180358886719,6589428.0
2017-11-13,386.51802185878347,389.4710093868974,381.41560134204366,382.460205078125,5021216.0
2017-11-14,382.4602306116131,383.62533450198475,378.9648698969148,381.315185546875,5733710.0
2017-11-15,379.728210249185,383.08293828491463,379.46705318311683,382.3999328613281,7023516.0
2017-11-16,382.39996825227666,400.1178216039397,381.07414849660483,397.1045837402344,15687502.0
2017-11-17,395.9393641707702,395.9393641707702,387.76345712420823,390.09368896484375,8057670.0
2017-11-20,389.310263202558,390.11379315756847,384.58952471687167,385.91534423828125,5661190.0
2017-11-21,386.2166722533022,390.3146799736467,385.7144660258528,388.2054138183594,5364656.0
2017-11-22,388.34608002823785,390.13393937060005,387.0202602931777,388.2255554199219,6084920.0
2017-11-23,390.31468376554125,399.5351950954463,389.31027130088466,398.2495422363281,11894618.0
2017-11-24,398.1089947817531,409.51910740063266,397.8277543445647,405.6018981933594,18619912.0
2017-11-27,404.4567927042929,404.4567927042929,399.0731323973967,401.26275634765625,6017730.0
2017-11-28,399.5151061698188,401.72481356119664,394.2519702154642,395.61798095703125,4616868.0
2017-11-29,396.8032867062188,398.53087162685796,393.8502986876225,394.8145446777344,3838070.0
2017-11-30,397.5264506750494,397.5264506750494,389.04919304342087,392.1628723144531,17266944.0
2017-12-01,393.4886852280422,395.01538745722826,384.5092219795149,385.2123107910156,4085000.0
2017-12-04,393.7297173545993,400.4793647477486,389.1295029974757,395.879150390625,17811606.0
2017-12-05,395.87915149343735,402.97031388446754,393.32795343259596,395.4773864746094,9976738.0
2017-12-06,395.7385397294003,399.39459155676286,395.3367747144466,397.8678894042969,7490094.0
2017-12-07,397.34551399227007,402.9300563029989,395.9795034276675,401.6845703125,7549544.0
2017-12-08,402.16681030149914,404.5774005730366,399.7562200299617,402.50830078125,5983244.0
2017-12-11,399.73609021818686,404.5371868552954,399.3343252196303,403.89434814453125,5139098.0
2017-12-12,402.5685786304351,407.38975921283554,402.5685786304351,405.98358154296875,9320434.0
2017-12-13,406.14420518141384,409.3984915271346,400.82081949668907,403.2715759277344,5362398.0
2017-12-14,403.87429156803904,407.7915005636007,401.48378476382527,407.02813720703125,6023572.0
2017-12-15,406.9879403209963,412.371601067818,406.5259007675924,410.9654235839844,10384134.0
2017-12-18,406.5460197418487,414.09917243522136,404.0952384899941,408.4342956542969,4035448.0
2017-12-19,408.7758174221368,408.9766999286569,401.5842138800006,403.35198974609375,7118898.0
2017-12-20,403.8139611469975,409.23778823674195,402.16673458030874,408.1329345703125,4186326.0
2017-12-21,407.7111658043558,413.39612652045685,401.12223373025853,410.62396240234375,11059162.0
2017-12-22,408.1932595011601,419.76411167138144,408.1932595011601,417.574462890625,12906940.0
2017-12-26,413.8179359437317,418.43823328679275,411.0055810392597,416.06781005859375,10808906.0
2017-12-27,413.0144204076777,417.4740021033638,412.7733712161555,415.52545166015625,6970172.0
2017-12-28,413.8180123326163,417.83566293778733,411.32706405305163,415.1237487792969,8433472.0
2017-12-29,413.8581195137655,421.3711544911513,413.81795282220736,418.65924072265625,6601768.0
2018-01-01,416.91157896028795,419.64360095830295,413.81800764677075,415.2442932128906,5431340.0
2018-01-02,416.7308251900762,418.63920930157565,411.00567285557764,413.6974792480469,6112248.0
2018-01-03,413.2152835726382,414.46074520687387,409.23780044611135,410.32257080078125,6846552.0
2018-01-04,410.2021144527568,410.2021144527568,405.62198309187386,407.9522399902344,8947614.0
2018-01-05,407.91197062452534,412.37157652086466,404.1755612942541,406.5861511230469,11025976.0
2018-01-08,411.7689373779769,417.4338137813082,409.8203625139517,416.2486267089844,5594690.0
2018-01-09,417.83552632427273,419.8041842858608,413.3759454193335,418.3778991699219,9948236.0
2018-01-10,420.56766333383746,424.2638820830364,415.04339403588125,422.75726318359375,9468634.0
2018-01-11,423.9625505179648,435.2722459908186,423.9625505179648,432.2188415527344,16775298.0
2018-01-12,436.23642854286527,436.27659523156444,430.10951268717093,433.2834167480469,18016528.0
2018-01-15,433.90612458408987,439.108960812369,427.919817315836,434.3681640625,10649250.0
2018-01-16,434.40844115522646,455.9229782513763,434.40844115522646,451.1218566894531,22646966.0
2018-01-17,451.92534742654897,466.77059350366574,451.18209199022294,462.8734436035156,26154088.0
2018-01-18,460.02099165745165,468.01612612466954,454.8382125977465,463.11456298828125,13204970.0
2018-01-19,460.0208876410756,461.1860158551698,456.40500293472655,459.39813232421875,5988278.0
2018-01-22,454.8582891692804,464.8220325012829,454.79801460597827,462.02978515625,9650214.0
2018-01-23,464.0386052686133,477.29685113343083,464.0386052686133,472.9176025390625,15403796.0
2018-01-24,471.99348833096815,490.5751174831653,469.0605845446514,476.41290283203125,20604718.0
2018-01-25,474.8862891799324,475.4487700587441,466.9514294410968,472.2346496582031,13548914.0
2018-01-29,468.678894955046,480.61129366304533,468.13647306903414,475.24774169921875,10823002.0
2018-01-30,473.6406406791074,475.32803360698233,467.1320200068059,470.3260803222656,8628312.0
2018-01-31,465.7059062717596,468.69903588320244,458.87590131996586,462.13018798828125,9213698.0
2018-02-01,458.89598364090426,465.20372384551206,449.39428020630714,459.8602294921875,13005454.0
2018-02-02,456.1036902418706,467.21250166713526,454.0345908011398,459.31781005859375,10244486.0
2018-02-05,458.01216767155,463.97836899434367,456.3448328664845,457.2889709472656,9860220.0
2018-02-06,441.9213891847224,453.33152491732665,439.99294662373353,445.05517578125,10552078.0
2018-02-07,448.36966979104136,451.9052208548509,443.367715941715,445.5774230957031,8342056.0
2018-02-08,451.10174534779725,460.58338919711224,448.5907141883612,455.7019348144531,8807244.0
2018-02-09,449.173255590895,450.09733467868296,444.35207574555443,445.6176452636719,4382690.0
2018-02-12,447.88770904613267,450.2179169707939,441.0577030178874,443.0665283203125,6291972.0
2018-02-14,444.35206718331887,448.8920310676315,438.0041608918408,441.0375061035156,8345712.0
2018-02-15,443.14669857542094,453.8738021238719,443.14669857542094,447.74688720703125,7986736.0
2018-02-16,451.9855957470339,458.6749923728052,449.21340761773695,453.21099853515625,9889222.0
2018-02-19,453.3515764828882,456.4049802746024,450.0972902174617,454.6974792480469,6461840.0
2018-02-20,443.4480745580205,461.8288214762805,443.4480745580205,456.7866516113281,7188594.0
2018-02-21,461.0253046278733,462.7930803105428,458.0120673427238,460.9851379394531,13771358.0
2018-02-22,460.2419159746096,467.654460616957,458.1928752370431,466.3487243652344,17859974.0
2018-02-23,467.45361989725455,468.45803248835307,460.7240555368944,464.2997741699219,9459828.0
2018-02-26,462.4314803968647,464.0586481425375,455.7420838387076,457.4495849609375,5083608.0
2018-02-27,460.00074992730055,463.49613434277876,452.24671598629817,462.1100158691406,6616026.0
2018-02-28,461.06552422184546,477.89948826189715,459.03664030985,471.1096496582031,17268416.0
2018-03-01,469.9043348112093,469.9043348112093,464.46044848017493,466.3487243652344,6579852.0
2018-03-05,466.34869681310846,470.3864544473141,459.31780971922143,464.400146484375,8101456.0
2018-03-06,467.07194118135754,468.2169616736668,459.458464665934,462.5721435546875,6689734.0
2018-03-07,464.03854982898315,466.04737472001773,457.22865306580655,459.6593017578125,6370416.0
2018-03-08,461.6280560716061,468.37772872820784,461.6280560716061,464.7015686035156,6093014.0
2018-03-09,466.9915182636261,468.4579702605499,464.25954580489093,467.41339111328125,4220964.0
2018-03-12,472.4755834667536,478.8435481460901,470.7680824210617,476.3927917480469,7676970.0
2018-03-13,474.1630427716524,480.91271452273685,472.13415890762514,475.60943603515625,8581052.0
2018-03-14,474.08277365489545,478.34147350782376,469.7035246658066,474.4042053222656,4429710.0
2018-03-15,474.0827456065011,477.4575817398743,470.86862529730445,475.087158203125,6101500.0
2018-03-16,474.8863393542117,475.0470551999363,469.7638344246295,470.8285217285156,17954826.0
2018-03-19,467.6545070051913,474.283630171502,459.07683320174243,460.72406005859375,7526620.0
2018-03-20,461.46730658582203,470.0650880912504,461.46730658582203,467.87548828125,8553766.0
2018-03-21,470.06511209557345,472.2748198874757,466.93132506416873,469.0606994628906,7692994.0
2018-03-22,467.85526929468733,473.0581056131679,464.1590514904662,466.56964111328125,6813168.0
2018-03-23,460.8244204718066,471.59174128247514,458.9562035530707,469.10076904296875,12008084.0
2018-03-26,468.81961036485603,468.81961036485603,459.61918162329584,464.1390380859375,8930722.0
2018-03-27,466.0474003043084,466.56971442208106,462.06991699299545,463.6368103027344,3802088.0
2018-03-28,462.33117166490183,462.33117166490183,452.48792708024826,454.7177429199219,12558322.0
2018-04-02,458.41388144403544,461.84899193469,450.4991302775524,456.8670959472656,8072702.0
2018-04-03,455.8828438164422,459.43850422113127,453.2312039391963,458.1929931640625,4077168.0
2018-04-04,459.6191510325377,459.84014139565767,449.97679122066626,451.6641845703125,4813302.0
2018-04-05,457.831320706549,462.55205940849027,453.63284707314347,461.0454406738281,7763544.0
2018-04-06,459.2174559409574,460.42275110090736,450.8205565179218,452.7892150878906,5937742.0
2018-04-09,451.98569539159166,452.3071270590826,444.5731496046043,446.46142578125,7202882.0
2018-04-10,446.76265350198935,451.784715704125,444.11101446797693,447.32513427734375,8926058.0
2018-04-11,449.1732947833278,454.5971225825898,448.57064725007643,451.684326171875,9025574.0
2018-04-12,453.7734900466595,471.16993533008497,451.98565529426185,467.0920104980469,17044366.0
2018-04-13,471.67219511285236,476.45320928429817,462.13027464102083,470.6476745605469,21227038.0
2018-04-16,442.7450712978126,458.01214272187514,442.7450712978126,455.2801208496094,24745084.0
2018-04-17,452.78917565432704,452.94989147037404,447.9679954344052,452.06597900390625,10397940.0
2018-04-18,451.1217565028159,455.9027691339084,447.50587201530305,452.3672180175781,10430380.0
2018-04-19,451.5838246514905,457.93173077202874,451.2222263710794,455.1394348144531,8525542.0
2018-04-20,457.61032126313796,479.58684648599984,456.78668342043085,473.4599304199219,24272692.0
2018-04-23,469.26154868248955,487.90345563064733,464.13904461938876,477.1763000488281,21830638.0
2018-04-24,476.0915090925201,480.6716397482016,462.0699012523034,463.8376770019531,8526216.0
2018-04-25,462.83329077941215,470.4668259571976,460.10126909835157,466.1880187988281,11594178.0
2018-04-26,471.67212843443065,474.745640613269,466.0474182145993,472.65643310546875,11302084.0
2018-04-27,474.08265577715395,478.74311953370596,471.7523993770906,476.17181396484375,7663370.0
2018-04-30,474.7656776884935,485.31200886754107,474.34385386747886,481.9171142578125,5511678.0
2018-05-02,481.67611684430256,482.76086283617417,474.4845128109323,480.932861328125,10295042.0
2018-05-03,481.0132266747183,484.0063568077337,472.5158856952593,475.1072998046875,5332230.0
2018-05-04,476.09149888632044,476.49326386428356,464.0385495474262,471.31048583984375,6023368.0
2018-05-07,474.58484469080815,478.10028798481414,472.27469624046137,475.2879333496094,4638960.0
2018-05-08,473.2389788469179,473.2389788469179,466.46924875556215,468.2771911621094,5718556.0
2018-05-09,469.0606545297399,472.8372554755692,467.2527119641006,470.3462829589844,3783504.0
2018-05-10,472.4756864782882,475.2880417549447,467.1924663998525,469.2615661621094,3182862.0
2018-05-11,470.98916880208736,475.36836843620716,468.4781373405126,474.3840637207031,3311706.0
2018-05-14,475.8303865779904,478.7030162492176,470.0650684108977,477.81915283203125,4432094.0
2018-05-15,477.33702240924026,485.3321563162123,477.33702240924026,479.9284362792969,5611974.0
2018-05-16,476.99554575290284,481.3145199511288,475.89069188824044,478.0802917480469,6205004.0
2018-05-17,480.5108524313498,481.0933919577557,471.4912494425205,475.24774169921875,9519598.0
2018-05-18,475.28807480706763,476.71436041399124,471.2704241324517,475.368408203125,7139660.0
2018-05-21,473.9018827679679,477.4574928896351,470.06500774543633,473.88177490234375,8475320.0
2018-05-22,472.0738949995905,481.31449039107184,471.6319632895837,479.64715576171875,5636804.0
2018-05-23,480.10908546580345,485.19142157672866,474.68525897727767,476.05126953125,9538442.0
2018-05-24,481.31448886630767,493.1866646990985,481.31448886630767,490.5550842285156,9740570.0
2018-05-25,494.2112153451596,501.663977200303,490.474829525454,493.4880676269531,8901438.0
2018-05-28,494.57273180065266,495.21554601377323,484.5286064594534,487.9034423828125,5739794.0
2018-05-29,487.7628765053121,492.7849396090545,484.6089816412939,488.8275146484375,3388934.0
2018-05-30,488.947977513352,493.66871599797145,484.3678469621123,486.818603515625,6323066.0
2018-05-31,486.8185889643961,498.9920870336122,486.2360493819881,494.89410400390625,19720340.0
2018-06-01,494.33160412012626,500.69956876673996,489.02827735579115,490.47467041015625,4998356.0
2018-06-04,490.5951912542048,499.39385383769496,486.93913986426895,497.947509765625,4270156.0
2018-06-05,498.9921519441211,498.9921519441211,488.9480265024117,490.49481201171875,4710862.0
2018-06-06,492.2425018505474,498.81139941548395,490.17345115270103,497.16412353515625,4038184.0
2018-06-07,497.385187820356,505.4204897237543,497.385187820356,503.190673828125,6676226.0
2018-06-08,501.4026701335842,507.0273795741853,500.6192480789301,506.24395751953125,6459878.0
2018-06-11,508.4537716029861,510.241606433291,504.2352386364116,507.1882019042969,5171290.0
2018-06-12,508.53410393916096,510.74381167897167,502.3870791546174,505.6213073730469,7839820.0
2018-06-13,508.9559239307039,515.8662623446806,508.9559239307039,512.1700439453125,5766928.0
2018-06-14,515.7510842762757,515.7510842762757,507.971588598382,510.276611328125,7598848.0
2018-06-15,509.1652164157774,531.5981220703125,508.3419905201982,527.3790893554688,19957760.0
2018-06-18,528.511048884854,531.4952428914078,519.5996181126897,521.6782836914062,8214846.0
2018-06-19,519.8672755451256,520.0319308121805,509.59755017639515,511.0587463378906,7545700.0
2018-06-20,513.8987745344729,515.4834743627475,509.5768385051481,511.6966552734375,5371802.0
2018-06-21,512.8491834163316,517.191720547472,508.7536542751097,513.09619140625,5798790.0
2018-06-22,511.6349127654823,516.7800748005334,510.8939893341457,513.6312255859375,4343118.0
2018-06-25,517.4591884572455,526.3706181560215,516.1625977200493,523.7568359375,7731178.0
2018-06-26,522.3368495876109,528.4698927800615,521.2049139403564,525.9796142578125,4483504.0
2018-06-27,528.4903932731218,532.400716048174,520.9373061725591,522.7484130859375,6952142.0
2018-06-28,525.3416784627054,534.2736602342792,525.3210777149452,530.8161010742188,10996818.0
2018-06-29,534.2942671400559,541.2710872924165,528.2023747285122,538.0604858398438,9966600.0
2018-07-02,540.8593931403195,551.561329382061,540.8593931403195,549.3797607421875,4830144.0
2018-07-03,548.2273358098357,558.9292732449119,548.16558381395,557.2210693359375,8127452.0
2018-07-04,556.5213714462822,556.7683291947839,551.0880497506091,553.7017822265625,5025722.0
2018-07-05,554.483879455165,554.5456314562265,521.9664514462269,528.5111083984375,17019902.0
2018-07-06,531.0836304376301,535.8583308035804,522.3368548927359,528.6139526367188,11215356.0
2018-07-09,533.8620002069514,536.3316779257191,526.4735677965934,534.6234741210938,6644998.0
2018-07-10,538.595660294479,541.4563508106658,532.7507752523961,535.6732177734375,5974488.0
2018-07-11,542.3207058076921,552.4257743921196,531.536415506497,543.5143432617188,11899832.0
2018-07-12,545.8399520947696,546.2515650667506,528.696261762619,532.771240234375,13272240.0
2018-07-13,541.2710300022952,548.1037949326475,534.4176643261256,542.2589111328125,19496158.0
2018-07-16,542.2589467620726,569.8370162624265,530.0340111794062,548.6183471679688,35344680.0
2018-07-17,547.321744778794,555.4717016632505,540.3243243058224,546.5808715820312,11161690.0
2018-07-18,551.479046480169,552.9608430402013,540.8594123494485,544.3787231445312,6919016.0
2018-07-19,544.5639459056149,548.2273112975863,538.8425157143025,541.9707641601562,5118864.0
2018-07-20,545.7986298895246,562.7365084303359,543.8640696254545,554.895263671875,11705738.0
2018-07-23,556.5624269104309,563.086481726318,550.0177713499944,558.1265258789062,7675702.0
2018-07-24,565.7209085057756,569.0138124548829,558.1472193736836,566.8528442382812,6172246.0
2018-07-25,567.6142963633412,573.7061885328258,562.0369204160859,569.5694580078125,6936922.0
2018-07-26,567.4290663458037,572.3066698747181,563.5804449716011,565.2474975585938,7362218.0
2018-07-27,565.2269307381551,571.7304359975406,563.2100673088264,565.329833984375,6493232.0
2018-07-30,563.9097576014295,565.1445964866881,554.8542724428664,556.089111328125,6409970.0
2018-07-31,555.0807184552193,563.9097970034425,549.7297495785443,561.8928833007812,7943996.0
2018-08-01,561.3578927293919,563.2718531983975,556.0892256376405,557.3446655273438,4675706.0
2018-08-02,559.6289475191926,562.5719901121831,555.7392253042851,557.1798706054688,5940742.0
2018-08-03,562.3456394254896,562.3456394254896,558.1472070811342,561.4812622070312,3970390.0
2018-08-06,562.2839997079349,565.9679162279991,554.6485579034392,560.061279296875,6178930.0
2018-08-07,565.5562577334105,568.0053349666434,560.0612342740108,563.0659790039062,7351528.0
2018-08-08,564.650715775904,564.9388247685703,557.0358755149069,560.9255981445312,3992358.0
2018-08-09,565.4122999523278,571.9157562683015,565.4122999523278,568.0054321289062,6409524.0
2018-08-10,570.4133308246727,571.7304723617718,565.1652649336629,570.2692260742188,4779520.0
2018-08-13,572.1421188720053,580.3126275707793,567.4908714764077,579.85986328125,9979746.0
2018-08-14,582.0001948899453,586.3633329887705,577.9046655422642,579.6746215820312,6151320.0
2018-08-16,582.4116758733373,590.6233837016991,580.8887281811759,588.4212646484375,6626774.0
2018-08-17,588.9769565280935,591.7553438289062,585.7252043046651,588.7505493164062,6390408.0
2018-08-20,571.3188172323686,579.5304760993421,565.3504290120017,569.7752685546875,16101876.0
2018-08-21,572.1420731957946,574.6117512095894,565.4533619084337,569.6517944335938,8361482.0
2018-08-23,573.376820277194,576.875530235813,570.2279712652931,575.1879272460938,7717182.0
2018-08-24,574.8175077676677,577.0402278361073,566.4205932011865,567.326171875,7053000.0
2018-08-27,569.2606554728923,584.4697324242971,568.6020848649447,582.596923828125,7012950.0
2018-08-28,583.3378904677884,592.0641157210664,580.9917165989413,586.4249877929688,6496890.0
2018-08-29,590.088557716584,590.088557716584,578.378184572041,580.4156494140625,5646496.0
2018-08-30,581.5268256261907,585.1284391230545,574.673459608728,582.92626953125,11507962.0
2018-08-31,586.589668165001,598.6087977467596,584.9432161876965,593.1754760742188,10875864.0
2018-09-03,596.427310565259,604.2068072739526,588.6066626006351,590.3560180664062,10976328.0
2018-09-04,594.3691107058385,616.184597456122,589.4297552152082,606.8410034179688,15370124.0
2018-09-05,610.792543967181,612.5212984779981,597.1681636445447,600.8726806640625,8658978.0
2018-09-06,603.0542160823443,605.4827429113521,596.0979461044412,598.6088256835938,5598659.0
2018-09-07,604.5359388670615,605.1945598046658,595.8509153939287,603.2599487304688,6510605.0
2018-09-10,607.334942216821,614.9497822242837,600.4610256597255,601.6546630859375,5629871.0
2018-09-11,605.8120036943538,613.097533337639,602.6014023540138,604.4948120117188,6963561.0
2018-09-12,612.8094238992791,614.5381783146673,606.1001122359997,611.5745849609375,4636617.0
2018-09-14,610.7513786566598,613.3033591130678,600.1728945970051,604.0009155273438,7896514.0
2018-09-17,605.0711575155972,609.1872878388326,596.5095863449751,597.6209716796875,5427054.0
2018-09-18,600.9549332891067,600.9549332891067,590.2529961209445,591.9817504882812,7729732.0
2018-09-19,598.4852951701708,598.4852951701708,587.1247865489609,592.5169067382812,4849498.0
2018-09-21,587.6598489742441,590.5823414159854,569.6723813100708,580.6212768554688,14350769.0
2018-09-24,581.6090784282001,600.9137351711038,581.6090784282001,591.281982421875,8637881.0
2018-09-25,591.2820041853879,605.8942639477139,590.2529718077593,597.82666015625,9602273.0
2018-09-26,601.9429802800429,602.478047138413,586.1370279053577,590.952880859375,6599606.0
2018-09-27,594.3691107873157,601.6134887920886,590.6234429222187,596.6741333007812,14592616.0
2018-09-28,593.5459692425612,604.7006719302208,588.7712683047351,600.9961547851562,7490031.0
2018-10-01,607.129084221728,621.4532345782642,603.4245677756293,614.66162109375,8252398.0
2018-10-03,612.3155018284549,619.0248139700408,597.9090465207673,599.7201538085938,7792464.0
2018-10-04,599.7200653072708,600.7490976773931,578.3161920087273,582.1853637695312,6173037.0
2018-10-05,586.9600001549885,602.1896775783648,583.9140546211702,596.5093994140625,8543578.0
2018-10-08,596.8798599595168,599.8846542465234,583.8729022876245,588.1536865234375,7259306.0
2018-10-09,590.3352444205537,594.6983816774411,578.439670933825,590.870361328125,6777212.0
2018-10-10,592.6403551385501,592.6403551385501,572.4713202608083,576.6286010742188,8866251.0
2018-10-11,563.9098790754236,570.4133853703534,546.0458626380481,554.3192749023438,10985897.0
2018-10-12,556.8301347442219,563.1277840424382,544.5640461831492,558.8058471679688,8909221.0
2018-10-15,566.8734695152051,580.3743975857049,561.028584332848,575.2703857421875,6222176.0
2018-10-16,584.490422067433,587.7010233573607,567.5319876663015,572.3478393554688,11588963.0
2018-10-17,584.4903739503485,594.2044292710834,577.3694500004118,580.662353515625,20360697.0
2018-10-19,565.5562039105539,566.1324721005097,558.1471706715511,562.716064453125,10421001.0
2018-10-22,566.955605961677,572.1830695777003,554.6895217148552,559.7523803710938,6672840.0
2018-10-23,556.4595579536689,561.4400646066806,537.8134711935895,541.3533325195312,9041701.0
2018-10-24,545.7989066271989,548.6801979894843,532.7507929848573,534.9323120117188,7058164.0
2018-10-25,535.0986314012825,546.2083571637642,529.4813440576454,539.8837280273438,8270469.0
2018-10-26,537.0127665346206,539.8422358534186,524.1970574147073,527.276123046875,5464141.0
2018-10-29,527.3593549226296,541.3817505109051,525.5285248832214,536.5550537109375,7137446.0
2018-10-30,533.5174952835432,552.4082363797855,530.4800293750304,548.9130249023438,8793411.0
2018-10-31,552.4914671348552,576.6665986091341,551.7840745115141,571.2157592773438,11947995.0
2018-11-01,573.9620450104132,573.9620450104132,548.9130697049795,554.8216552734375,5860244.0
2018-11-02,554.1974632299399,562.3945221420829,549.3291166637047,551.1183471679688,6654067.0
2018-11-05,552.1586585059181,556.4028117507472,546.7494176916174,554.2391357421875,5799426.0
2018-11-06,555.8201509467649,561.7286841967167,549.7867687831705,554.6134643554688,6975525.0
2018-11-07,560.0642987977656,563.8091566649126,559.2321081606218,562.144775390625,758956.0
2018-11-09,565.0574917854732,565.0574917854732,545.5010101110128,548.8297729492188,9694143.0
2018-11-12,554.2389608107807,562.8937636991542,551.159845314366,552.7410278320312,7118080.0
2018-11-13,552.1584892822652,555.6952994999738,546.1667065195701,553.9893188476562,4137808.0
2018-11-14,553.9894210450567,553.9894210450567,533.0182029033934,543.5870361328125,7323026.0
2018-11-15,544.2528436114586,554.2391343199257,538.1778602557213,546.2501220703125,5513390.0
2018-11-16,549.1626529491759,551.3263284114466,536.0972490456024,541.6312866210938,8583785.0
2018-11-19,548.4136659744604,550.9102380502167,540.2998067282525,542.3386840820312,6018930.0
2018-11-20,542.338643165254,545.9170527119535,532.6852013915676,533.76708984375,5384830.0
2018-11-21,532.6020971014067,532.6436964816639,509.3839541137346,515.2092895507812,14359086.0
2018-11-22,517.8308059256066,522.7407527272373,513.2537558129657,516.58251953125,6632975.0
2018-11-26,516.7904210212754,522.6157558798083,499.1895675244097,517.1649169921875,15075209.0
2018-11-27,520.5352700841385,533.4342256177982,520.3688217896427,531.6866455078125,12285851.0
2018-11-28,533.3924599570687,556.4857441163764,532.6018688993468,554.5717163085938,17719890.0
2018-11-29,558.4000600887686,561.6456247194096,548.2473215649385,550.1197509765625,13399070.0
2018-11-30,550.0780386742226,559.2321361408133,550.0364392988612,555.4456787109375,10445773.0
2018-12-03,560.1891833556439,565.0574785755532,554.1974002283711,557.8590087890625,8260890.0
2018-12-04,559.689895036299,572.7553003499735,558.6496565685367,570.2587280273438,7827923.0
2018-12-05,568.3861721248671,568.9271163247159,559.6481709428597,567.0546875,5177288.0
2018-12-06,562.6442719142362,570.4252876471352,553.032476755153,556.3196411132812,8039771.0
2018-12-07,559.2321383892636,570.6747602685083,553.9060977064963,568.2197875976562,5553948.0
2018-12-10,557.4845822353237,569.0520027383362,553.5732757026369,556.9020385742188,5121196.0
2018-12-11,556.9020215588048,567.4708535117384,549.7451511278384,561.3126220703125,7120933.0
2018-12-12,563.4762701918381,566.4305876409559,558.0670309534561,564.641357421875,6926183.0
2018-12-13,567.5540680073786,582.5335008873387,565.889686576272,580.6610717773438,7521474.0
2018-12-14,580.4112969729849,593.9343931242993,577.8731260077757,587.568115234375,9560576.0
2018-12-17,592.3949167491317,592.3949167491317,576.5000950378173,577.8732299804688,4778465.0
2018-12-18,571.2989504496629,571.2989504496629,561.3542608185812,563.0602416992188,8021298.0
2018-12-19,558.8576704301208,558.8576704301208,550.1612672075088,553.281982421875,8295459.0
2018-12-20,549.2459191173679,558.8577125433428,546.2500526029764,555.1128540039062,11705260.0
2018-12-21,548.8297842206083,548.8297842206083,535.4731332165774,537.7616577148438,12802132.0
2018-12-24,546.7492610890253,548.2471941115137,538.9266486040823,540.0917358398438,8379825.0
2018-12-26,538.4273848418065,538.4273848418065,530.3967242406887,535.972412109375,6178552.0
2018-12-27,543.2124626347841,551.9504647147002,540.0917476062426,546.5828247070312,15333902.0
2018-12-28,552.0336927589905,552.1585416839125,543.6701861972622,546.7077026367188,4736598.0
2018-12-31,549.2459826511774,550.910364416787,545.7507707848172,548.3721923828125,3373319.0
2019-01-01,550.0365243347873,554.4887248374226,544.3776370027874,553.448486328125,2943390.0
2019-01-02,554.2389892457521,560.8965146420975,550.9518259227291,556.7771606445312,7416655.0
2019-01-03,559.2321970083242,563.3931508551124,551.8256788438839,556.8604736328125,6827249.0
2019-01-04,559.0242032259765,560.8134338697989,541.7562430965548,550.1197509765625,7889310.0
2019-01-07,553.4069161181424,560.56373712221,550.4942481385732,558.9826049804688,8046340.0
2019-01-08,561.6870068325901,563.7674831518508,556.3609671381311,557.6092529296875,8621545.0
2019-01-09,571.0493843247743,574.0452511352715,552.5747368789756,562.6442260742188,18130292.0
2019-01-10,567.2212076684983,567.5541042931591,559.6898913698144,565.6400756835938,9572493.0
2019-01-11,566.0561488933191,570.4667496363787,559.6482700663233,568.8023681640625,12281903.0
2019-01-14,588.3587759229839,591.0217960998827,579.1630796120432,584.1146240234375,19312937.0
2019-01-15,588.525210354064,607.4991461293915,588.525210354064,604.669677734375,19671304.0
2019-01-16,607.4159958553774,613.9902717322299,606.2509085896629,613.1580810546875,9658944.0
2019-01-17,612.3260482544008,614.9890692677262,606.7503591186978,610.2871704101562,6903771.0
2019-01-18,607.4992645637462,612.65885751725,604.4201485436799,608.2898559570312,5902151.0
2019-01-21,614.3232296852407,624.9752612632393,610.8280183318477,619.9821166992188,8129422.0
2019-01-22,616.861353890585,623.3108317896097,610.8279713398845,620.2733154296875,6723375.0
2019-01-23,617.7767757756257,617.9848234607111,606.8334980158653,608.8723754882812,7212099.0
2019-01-24,609.2488626027837,615.9429857510504,603.3078487375395,612.5122680664062,7429783.0
2019-01-25,609.1652743669717,617.4492731148181,606.0274037915924,611.1316528320312,5543112.0
2019-01-28,611.6754761760828,613.0142803188987,601.6342918886505,609.1233520507812,7944693.0
2019-01-29,607.0732856198695,613.223490758644,599.5423971697263,609.08154296875,6760819.0
2019-01-30,609.0815508077685,614.8552013839228,603.3915052700768,607.4080200195312,5763026.0
2019-01-31,607.4917534748023,628.6619104269257,607.4917534748023,627.1975708007812,13825233.0
2019-02-01,628.7036933756472,638.0336484673246,622.9718705362927,633.4732666015625,6276585.0
2019-02-04,633.4315300872869,638.0337406757678,626.9047689216827,632.5111083984375,3945391.0
2019-02-05,625.063736440023,635.8998582834913,625.063736440023,631.63232421875,4694366.0
2019-02-06,632.2181316644517,641.7572783158081,631.2140029002915,638.7030639648438,5880482.0
2019-02-07,638.4937590308273,643.8490774390526,636.7784003612259,639.2886962890625,3961797.0
2019-02-08,635.9417758799401,646.1921531885313,631.674292286433,636.6948852539062,5915169.0
2019-02-11,641.715375555759,643.2633710442269,635.1049087773245,638.2846069335938,5500216.0
2019-02-12,636.2346314519882,636.2346314519882,620.0432393551623,627.95068359375,7310690.0
2019-02-14,628.4106975360535,630.0842280221681,616.9051754440152,619.2481079101562,4610535.0
2019-02-15,621.1309822437732,624.6454073421027,613.0143471784224,620.838134765625,5586389.0
2019-02-18,621.1728679775052,625.6077661242838,615.8594273147093,620.0850830078125,5346825.0
2019-02-19,618.4532702071276,619.6665902191703,603.5588566990209,606.0691528320312,9401334.0
2019-02-20,608.3284784826564,621.7167256019445,607.5335410955266,619.7921752929688,5210675.0
2019-02-21,617.5328582502312,617.5328582502312,608.4120950640344,613.7255859375,7202786.0
2019-02-22,612.9305667080322,617.7001390115113,609.1651229535119,614.9806518554688,3750833.0
2019-02-25,615.4828133539605,634.2682078238514,615.4828133539605,631.6742553710938,6547552.0
2019-02-26,626.4026501407828,629.7497122330598,619.3320223285393,621.2984008789062,8319610.0
2019-02-27,623.390213007507,624.5617049775716,613.1398370218132,615.2317504882812,5936354.0
2019-02-28,618.1186782366133,621.2147207668366,612.7633586669235,614.4368896484375,8559921.0
2019-03-01,615.4409457117025,622.0514127362248,615.4409457117025,620.7962646484375,3998826.0
2019-03-05,619.6247873560153,621.2983181793942,611.0479418861988,612.9306640625,4826505.0
2019-03-06,615.9429991157389,615.9429991157389,608.3284542982082,612.9306640625,6076668.0
2019-03-07,614.185822942076,614.6042056552518,602.9313177432252,604.9395751953125,5951551.0
2019-03-08,604.93963022333,604.93963022333,594.647424757402,596.0698852539062,7193994.0
2019-03-11,596.8647729852706,601.2159634501318,593.6014184407064,595.1494140625,9932198.0
2019-03-12,593.2666894823636,598.2454540020323,590.4216665933791,591.5513305664062,11997387.0
2019-03-13,594.103556011784,601.2997195008263,591.0075131815245,592.8065795898438,11348867.0
2019-03-14,597.4505234797736,598.2036328037598,590.9237632696264,592.7227783203125,6415187.0
2019-03-15,595.7770089383739,605.6090031167811,593.7687514007487,601.2578125,14638664.0
2019-03-18,603.7680180896658,605.5670839912445,590.2124094295017,594.270751953125,8065544.0
2019-03-19,596.4462569438749,607.9099510248329,591.9277552601766,604.3536987304688,8917337.0
2019-03-20,608.5375940874326,621.1309022518581,608.4539379821952,618.3277587890625,13471173.0
2019-03-22,623.3902898985211,624.5199028809017,612.7633579636808,621.8004150390625,8883260.0
2019-03-25,621.2146434312226,621.2146434312226,611.2989429569,615.2317504882812,7644966.0
2019-03-26,615.2318572106947,615.2318572106947,601.7180734442727,608.9561157226562,9406261.0
2019-03-27,610.8389100996578,612.7634608348627,608.4541484822267,610.587890625,7387487.0
2019-03-28,610.8387792472192,623.3902610125731,610.8387792472192,617.3655395507812,9277241.0
2019-04-01,620.880006059059,635.9417851817856,620.880006059059,631.8416137695312,6584982.0
2019-04-02,635.1049096568802,640.7949039031533,631.4231216358245,635.4396362304688,7283600.0
2019-04-03,632.594603805019,634.6865171773901,624.8963523802727,630.3353271484375,6897127.0
2019-04-04,628.7455735783932,630.7537799960257,623.4739104358479,625.81689453125,7688525.0
2019-04-05,628.3272186852311,636.7367015357664,625.9005783669957,635.3560180664062,6276040.0
2019-04-08,638.4938756260898,644.3094058019713,632.0926504844406,642.00830078125,4919911.0
2019-04-09,644.3092787724278,646.8195746637489,634.4354584809847,636.4436645507812,6730692.0
2019-04-10,639.2888754894997,641.5481526722757,628.6619428683792,629.8334350585938,7031088.0
2019-04-11,629.0383534289685,629.0383534289685,619.2481885951677,621.4656372070312,8200995.0
2019-04-12,621.8003655680144,628.8710436086686,619.7084520099575,625.6913452148438,7043212.0
2019-04-15,606.4038932752568,611.9683525207116,596.2790013307149,608.746826171875,31574803.0
2019-04-16,609.0816051075615,609.0816051075615,597.5342007815854,605.90185546875,12524411.0
2019-04-18,604.5629446924694,604.5629446924694,596.4044828090762,600.0025634765625,13801105.0
2019-04-22,600.0026695679962,607.2825393655814,598.2873105702938,603.3497314453125,6455426.0
2019-04-23,605.7344995249729,610.8387480869937,601.1322897791119,609.3325805664062,5516668.0
2019-04-24,609.3326465477484,617.4492821019585,605.8182212377477,616.2359619140625,8285120.0
2019-04-25,616.2358943923042,617.2400230954397,608.3702791352013,609.6254272460938,8005235.0
2019-04-26,611.6754793823573,619.0390043506515,610.001948659013,617.5328369140625,6895168.0
2019-04-30,617.5329963530812,630.7538822665421,617.5329963530812,628.7037963867188,9920046.0
2019-05-02,625.0638515606267,626.2353437326921,610.4204547703845,611.5082397460938,6351352.0
2019-05-03,604.8977035389561,611.6754825750359,600.9648961041484,605.4833984375,6348116.0
2019-05-06,598.2872404922709,603.9772348028114,594.6473315558803,601.1322631835938,8858265.0
2019-05-07,602.805896146254,609.0816374953386,601.3833845593721,606.2784423828125,5747536.0
2019-05-08,603.3078684318372,607.4916955360802,599.5424240380186,601.9271850585938,6247642.0
2019-05-09,601.7599076968539,611.0898120366065,598.9567127313348,603.3497314453125,7396525.0
2019-05-10,603.1405610818115,607.4917518882712,598.2873314051157,599.8353271484375,8352335.0
2019-05-13,599.5843219967807,607.8683210578096,595.8607052254674,602.2201538085938,6808993.0
2019-05-14,599.5424611383414,600.588417979127,588.7481661125888,597.3250122070312,10513001.0
2019-05-15,598.2035640477992,606.8222368649567,596.2789629015116,599.2076416015625,6668929.0
2019-05-16,602.4711321434904,616.6961449857673,601.7180227994668,613.4327392578125,6468556.0
2019-05-17,613.4745770660766,615.691974745923,602.5547476738263,605.7344970703125,8155948.0
2019-05-20,602.2200324233087,607.8263704809968,590.7563369174308,604.4793090820312,11213708.0
2019-05-21,604.6885491580048,604.6885491580048,592.1788959566587,593.5177001953125,8645535.0
2019-05-22,594.1034784750352,601.0067935418226,591.5931820871125,593.894287109375,5795713.0
2019-05-23,598.2872675551278,599.7097789651348,583.6020448386506,586.6143798828125,7233736.0
2019-05-24,588.9155886310724,595.567885021713,586.1124444447835,593.4341430664062,7016424.0
2019-05-27,591.9278548917702,597.2831227225844,590.3379802284359,592.5135498046875,10247544.0
2019-05-28,595.7769981029726,613.7256271506934,593.9361039056482,609.2489013671875,23860490.0
2019-05-29,607.0733743560929,613.8930336560646,605.5253785994679,608.9979248046875,10293077.0
2019-05-30,608.3284618366561,616.9053074127575,604.6048454940733,613.8092651367188,15089296.0
2019-05-31,616.2777736228185,621.6749211622472,613.5164577639817,617.32373046875,8290306.0
2019-06-03,610.6714145468102,628.327196166319,610.0020124019434,623.097412109375,7744761.0
2019-06-04,616.9052010412416,618.7460948667714,613.4744838311949,615.2734985351562,11733702.0
2019-06-06,616.2777675536236,623.0974265507804,613.89300639723,615.524658203125,7563925.0
2019-06-07,615.7338812281629,622.5117125147983,615.7338812281629,618.453369140625,3218358.0
2019-06-10,619.2900694787363,631.0047854072678,619.2900694787363,630.5027465820312,4435148.0
2019-06-11,631.7579114868176,635.1049732695293,627.9924669812672,631.6742553710938,5733127.0
2019-06-12,633.3895544782296,633.3895544782296,623.3901981326869,630.7537231445312,8738342.0
2019-06-13,627.953497401044,634.0633255723081,627.953497401044,630.2022705078125,4808577.0
2019-06-14,631.2205489294588,632.6207362663894,626.4684889988758,628.3353881835938,5556353.0
2019-06-17,630.4992726963133,631.7721514433449,626.0866160145566,628.4202270507812,3085588.0
2019-06-18,628.1232114306342,638.51838734678,628.1232114306342,636.566650390625,6202838.0
2019-06-19,638.560705382604,641.0216244995084,635.2512006107063,638.0515747070312,4596253.0
2019-06-20,626.0865645107799,642.2945836324693,624.474282639979,640.597412109375,7148684.0
2019-06-21,640.68233268195,640.68233268195,634.0209543112284,636.609130859375,13200318.0
2019-06-24,638.0516974935789,638.0516974935789,630.2022786743483,632.6207275390625,4758178.0
2019-06-25,631.3477845485838,637.2030468162578,625.6622497860063,634.8269653320312,3677911.0
2019-06-26,630.4990899635234,637.669648518993,626.2561620364472,627.2744750976562,5447130.0
2019-06-27,629.6507056242325,631.941897795865,617.897812227246,619.9343872070312,11122346.0
2019-06-28,624.1348451708184,627.5291883124679,618.1947446729316,621.164794921875,5919494.0
2019-07-01,623.7105786788914,625.8320432322209,619.3403409816052,620.57080078125,3224968.0
2019-07-02,622.862036957612,629.353739667855,619.55253130267,627.9535522460938,4837606.0
2019-07-03,628.8020936068823,630.668992772526,619.4676495722323,620.57080078125,5958379.0
2019-07-04,618.61899855264,624.8985536861002,618.2795435424563,622.6921997070312,3274064.0
2019-07-05,623.7105655935814,624.8986064359483,605.4659708177146,609.2846069335938,4926289.0
2019-07-08,607.9692868326704,615.1822658961481,604.4476351607228,608.9451293945312,7177092.0
2019-07-09,609.2845502489517,610.8544131220012,601.689697655242,607.1630859375,5022638.0
2019-07-10,601.6472395175257,613.272873545335,599.5257753443327,608.6480712890625,7573816.0
2019-07-11,610.5150481861289,613.951810227445,602.1564471988073,612.254638671875,6252688.0
2019-07-12,613.1031058685124,619.9766286217268,610.6421868714796,616.7095947265625,7874441.0
2019-07-15,647.47085998996,663.297003300847,640.00331652441,661.34521484375,31064152.0
2019-07-16,659.3510742918841,668.515789290125,658.5024886106847,666.012451171875,9924322.0
2019-07-17,665.2064749342607,674.6257572424822,659.139065330941,673.9044799804688,6754348.0
2019-07-18,669.5765914175817,677.5957373022892,667.1581426906602,672.6739501953125,6534471.0
2019-07-19,669.2795705761014,674.2013574143724,662.957596576436,666.479248046875,6812754.0
2019-07-22,666.9459126542217,672.0798455602061,663.6364078488125,665.630615234375,7107151.0
2019-07-23,667.8369338835627,682.2628905239953,666.6064742819902,670.4251098632812,10782564.0
2019-07-24,668.6855259584161,673.5648936922497,664.9517281924932,667.242919921875,5745146.0
2019-07-25,668.8976336719857,679.038242473298,668.3885030031691,674.2012939453125,9773568.0
2019-07-26,672.3345305917659,674.6257226500456,663.7638345811862,667.8370361328125,4941763.0
2019-07-29,669.9584675992359,676.2804419650602,667.1581449078191,671.6132202148438,6244316.0
2019-07-30,671.9950919380683,677.0017169046137,669.1522985326085,672.6739501953125,8673253.0
2019-07-31,671.1040209995045,678.6988738357624,663.2546027964552,673.4801025390625,7350584.0
2019-08-01,667.3702595950685,669.0250121319372,648.6589545546309,652.4351196289062,10066407.0
2019-08-02,649.210456442994,661.8119847180122,646.8344269258222,658.1630249023438,10838336.0
2019-08-05,655.6172642782462,666.903495061323,652.2653923352354,659.0964965820312,9976238.0
2019-08-06,660.8786445965376,665.0367359473511,653.2413720046048,657.1873168945312,9331718.0
2019-08-07,660.963422704366,664.8244772821548,655.4051449323567,658.5873413085938,5130457.0
2019-08-08,664.1882091038862,672.7164872304006,662.9577491627253,669.3221435546875,8009009.0
2019-08-09,672.0798510026581,676.1106329373332,665.9700238166495,670.25537109375,4362520.0
2019-08-13,665.4185789684701,666.9884419885482,645.05251967111,648.9559936523438,7517099.0
2019-08-14,657.73881830534,660.4118842336059,651.7138799761121,657.4842529296875,5940968.0
2019-08-16,661.896958974808,661.939377908336,647.0467066901167,657.2721557617188,5128088.0
2019-08-19,658.1630677893176,664.4426228736196,656.2537499074969,659.9027099609375,3881451.0
2019-08-20,666.3095574197249,677.1714449244619,665.1639355533001,672.7163696289062,8435344.0
2019-08-21,672.9284067438635,682.0507022955616,672.9284067438635,678.4017944335938,5926896.0
2019-08-22,678.7838586129038,679.9718477556055,672.376993854993,675.2197875976562,5222488.0
2019-08-23,675.8561663498708,687.3120745749704,675.3045648660504,680.7355346679688,6895015.0
2019-08-26,675.3894671755893,684.639021432272,667.7521948824325,681.0325317382812,5412074.0
2019-08-27,671.231333308338,674.5832574048105,662.830313602603,665.8428344726562,16061642.0
2019-08-28,668.1764274085515,683.1115156037043,667.2429520253777,680.9900512695312,5881134.0
2019-08-29,675.0499188076244,687.0998460074028,675.0499188076244,684.7662353515625,7830413.0
2019-08-30,687.3544215321898,693.5915057508909,680.5657358874275,691.5125122070312,8174186.0
2019-09-03,691.5974378951825,697.8769936315351,689.0940993870324,690.9609985351562,5647088.0
2019-09-04,687.9909721957474,697.9194369173231,687.5666792742576,696.9435424804688,6199015.0
2019-09-05,704.4108938659226,710.6904480948696,701.4833149474208,707.7628173828125,7926895.0
2019-09-06,715.612345062835,718.7521226634066,708.6115126992303,712.9393310546875,6106841.0
2019-09-09,710.0964981298937,713.0665480578456,702.2470804631638,703.5623779296875,4377870.0
2019-09-11,697.7920699555469,703.0957310305367,690.8761269898993,695.9251708984375,7981036.0
2019-09-12,692.785400390625,695.7129796807542,688.0757082242882,692.785400390625,4400017.0
2019-09-13,694.2278259971206,705.2170193590742,693.7186953784839,703.7319946289062,4832021.0
2019-09-16,706.0657780577628,711.0724548074671,696.307041723661,702.3744506835938,4846496.0
2019-09-17,705.5991093456297,708.5691597156955,696.3070842577102,705.386962890625,5540901.0
2019-09-18,704.2413232607271,706.8294993976851,699.2346466992177,704.1988525390625,3199389.0
2019-09-19,699.955925911656,701.7804059674489,691.7671046086091,696.434326171875,6601607.0
2019-09-20,698.3012788756664,708.5691463873253,680.565814853455,683.111572265625,22462366.0
2019-09-23,684.723817825331,684.723817825331,629.5657476654427,648.616455078125,17279260.0
2019-09-24,649.1681716317383,677.7231060425099,649.1681716317383,673.819580078125,13717998.0
2019-09-25,668.4310208449167,679.7172012180388,663.2970872992987,672.6315307617188,9313576.0
2019-09-26,668.4733859845247,676.3228037190304,660.2845132521836,664.0607299804688,18442824.0
2019-09-27,667.8794755905985,673.9893040025937,661.9817936387867,663.7638549804688,5087642.0
2019-09-30,666.2246679476037,685.65730281664,665.4185529001838,683.6631469726562,8178091.0
2019-10-01,684.8086911817946,685.2754029794016,671.6980311591926,673.3952026367188,5881438.0
2019-10-03,672.5466685121362,677.0441629140253,665.4185788356234,666.6489868164062,5497672.0
2019-10-04,670.3826718467125,676.8319021495865,667.8793337893327,673.310302734375,8201713.0
2019-10-07,674.4982870692188,680.5656952190815,667.0731625889608,670.0007934570312,3679845.0
2019-10-09,675.0076264267587,675.3895004189263,660.8786512715496,664.9943237304688,6335025.0
2019-10-10,666.4793763676257,674.371214758016,659.0117791271635,664.4851684570312,10402917.0
2019-10-11,663.1697776269294,699.0649452510944,659.0116866467115,691.4276733398438,20636344.0
2019-10-14,667.6247825607933,676.3227857654302,661.8968292309104,667.0731811523438,15150858.0
2019-10-15,656.0415847955844,658.4600851198286,649.1680613341763,651.9683837890625,13762133.0
2019-10-16,649.3802375453906,658.4601153222486,646.2404599486277,654.6414794921875,10767032.0
2019-10-17,650.8652909286926,653.8777600781892,649.2529572350414,652.9867553710938,9860495.0
2019-10-18,648.1498466337287,656.635704934232,644.9252308382512,651.5866088867188,10037200.0
2019-10-22,586.4576037644675,586.4576037644675,541.6947044858973,546.1073608398438,90152532.0
2019-10-23,541.3383614320841,564.2378543661057,528.535258572391,559.0392456054688,60516887.0
2019-10-24,558.523835845732,561.2735021420771,543.057021930004,545.935546875,25666433.0
2019-10-25,555.94598304995,560.6719535395555,546.494042070739,547.739990234375,16549337.0
2019-10-27,559.4689962263973,560.6719915926974,554.7000725341384,557.53564453125,2945281.0
2019-10-29,559.3831811636687,561.7461669519945,555.946110926104,559.0824584960938,16709764.0
2019-10-30,567.4602075207223,576.9121488471421,563.8512739797126,567.6320190429688,22879467.0
2019-10-31,574.3342916677091,597.5774619418482,572.3579348959386,589.1136474609375,27405901.0
2019-11-01,592.8945285209583,596.3315982515145,586.5359285412203,591.090087890625,9713519.0
2019-11-04,585.8483801111054,629.41323865452,582.7120862253882,609.220458984375,29381982.0
2019-11-05,609.0057393741744,609.0057393741744,594.1833774634802,598.135986328125,12897805.0
2019-11-06,597.8782403870715,619.9614228329414,594.6130347891828,612.05615234375,21372589.0
2019-11-07,616.0947149367382,622.4103092371707,611.8842837727705,618.7584228515625,13733737.0
2019-11-08,620.3910047378414,622.3243562068998,606.2130939647467,608.4901733398438,8585630.0
2019-11-11,600.5419133365931,607.6738211570838,599.7685518187939,605.2678833007812,6951494.0
2019-11-13,598.4796910553631,601.487126688807,590.961101971753,594.054443359375,9973690.0
2019-11-14,598.3508666493423,609.9080243181561,598.3508666493423,606.0413208007812,10539902.0
2019-11-15,609.2635133237978,612.6146770181326,603.4634586228076,604.8383178710938,7362623.0
2019-11-18,605.7834583131707,610.0797948969521,600.885624118557,605.955322265625,7490916.0
2019-11-19,609.9940114574619,613.5169871843719,605.7835797828883,612.52880859375,6495885.0
2019-11-20,612.485728822126,614.3761273955229,605.783454285096,612.6575927734375,6142171.0
2019-11-21,614.8057880582118,619.9184392726071,610.509451314269,612.8724365234375,9692973.0
2019-11-22,611.5834392922528,611.7982560956572,588.683947071143,595.64404296875,14415826.0
2019-11-25,595.772972437411,605.9123687203597,595.6441138073487,599.8544921875,7334511.0
2019-11-26,605.783567790476,607.7169196025733,589.4574858216547,593.4100952148438,27253106.0
2019-11-27,596.546425976001,599.4679562783996,592.9804450873844,597.8353271484375,3861635.0
2019-11-28,600.7136753687317,604.3655609494418,596.3743865207541,603.07666015625,4837683.0
2019-11-29,602.2604772514035,603.4634200154866,594.2262964530142,598.3507690429688,4262379.0
2019-12-02,604.1508261169674,604.9241876760091,593.1522150119612,595.2144775390625,9383736.0
2019-12-03,595.2145068526893,601.2293783331933,591.6485263538979,600.0693359375,5239013.0
2019-12-04,598.9092570750756,610.5093646367881,595.7729107190756,609.091552734375,7427886.0
2019-12-05,607.0294390366008,615.1495261054678,604.7523595466082,614.2472534179688,4814422.0
2019-12-06,615.192444818055,618.6724669555772,609.736065899124,614.4620361328125,5226096.0
2019-12-09,615.2353032279321,620.6916288635526,613.7315856571935,616.3093872070312,6435865.0
2019-12-10,612.6575261845566,617.3834958816324,610.0797245316061,613.9893798828125,4457939.0
2019-12-11,615.7510175251946,620.9925802998907,612.6576757646197,619.5747680664062,6043554.0
2019-12-12,617.3835699804038,619.2739685752227,601.1004437625204,603.2915649414062,11112042.0
2019-12-13,601.787790576327,612.571636395103,601.787790576327,611.19677734375,10302412.0
2019-12-16,612.0560808194911,618.8443133958123,610.2516404868048,613.516845703125,5616324.0
2019-12-17,618.4147118982148,628.3392391349352,614.3761449319367,627.0073852539062,10525565.0
2019-12-18,628.1243523061322,633.5377254278765,621.035397577643,629.3703002929688,12215295.0
2019-12-19,630.272501458547,632.3777166219138,622.6250022758703,627.9954223632812,7199210.0
2019-12-20,628.1243983358523,631.5614675469924,625.7614132531935,628.5969848632812,7794167.0
2019-12-23,629.1125572966108,633.537752302075,628.6829236584776,632.4207153320312,4975608.0
2019-12-24,633.2369725387841,633.2369725387841,625.804290292205,630.1865844726562,2890759.0
2019-12-26,628.9836698409637,631.1747909886018,624.3006525203946,626.3629150390625,3821806.0
2019-12-27,627.0503253676085,633.709647082715,626.276963803132,633.237060546875,3399094.0
2019-12-30,632.5066324199013,634.0963083767983,624.9021378668292,629.7570190429688,5368416.0
2019-12-31,627.0074087612031,633.924500582762,623.3555224481205,628.2533569335938,6927885.0
2020-01-01,631.5614994346679,635.857836165516,629.456283947449,633.151123046875,2112415.0
2020-01-02,634.9127055572154,636.5452821568949,628.0385663277771,631.3037719726562,5658200.0
2020-01-03,630.6163140268093,642.7319623931803,630.6163140268093,641.013427734375,7882938.0
2020-01-06,641.0993168830549,647.7156856371781,632.8503717126638,634.86962890625,6519403.0
2020-01-07,634.1392102944898,638.0918185403439,623.0546421444718,625.4606323242188,7899363.0
2020-01-08,622.9259094170285,626.4059318828291,608.6190862908794,617.1258544921875,8639443.0
2020-01-09,620.1331588503805,628.5539670587161,613.7745604883978,625.1598510742188,13521186.0
2020-01-10,636.2444315832944,638.3496467880162,627.694712147083,634.2681274414062,9341405.0
2020-01-13,653.0432766130999,668.0804573245858,648.7469392669611,664.6863403320312,36952038.0
2020-01-14,661.5929489936188,667.607820828844,659.2299636297804,666.4907836914062,11414418.0
2020-01-15,664.9440749647168,664.9440749647168,654.8906880621404,659.5307006835938,6047430.0
2020-01-16,662.2374053844961,663.7840762380827,653.25805043366,659.05810546875,5740586.0
2020-01-17,662.2373957058855,664.1277944750946,654.9765756863783,659.7884521484375,3762957.0
2020-01-20,663.0106768415801,665.416667416314,655.5780456130107,660.3040161132812,3887680.0
2020-01-21,660.3039963649677,662.0654839187372,653.687627373367,655.1913452148438,4448374.0
2020-01-22,660.3040213594156,668.5100142587062,658.1988058125564,661.8077392578125,9733935.0
2020-01-23,667.736559986857,674.9544258757634,667.3928845536539,673.9662475585938,12528017.0
2020-01-24,666.5766809756518,675.8138054622625,664.7292351001217,672.591552734375,7540490.0
2020-01-27,669.4122617899837,674.3530493717882,665.4166998215759,668.595947265625,3741610.0
2020-01-28,671.0877505893266,671.7751539292527,663.354345012753,668.5099487304688,5121009.0
2020-01-29,675.8996553584789,681.2271232506934,673.8803981274411,678.5634155273438,6832757.0
2020-01-30,678.5634230837039,678.5634230837039,668.5099848025825,670.8300170898438,3859680.0
2020-01-31,670.7010827359123,674.481879846576,663.0106298864689,666.7484741210938,6092028.0
2020-02-03,671.9470147414929,679.6374674069847,656.9098373016258,659.4017333984375,6416745.0
2020-02-04,661.7217595518065,678.7352948915391,661.7217595518065,676.9737548828125,5771311.0
2020-02-05,671.0877950146051,675.3841317304477,665.4166515278996,674.13818359375,6310409.0
2020-02-06,673.9663127493939,676.0715282077489,661.6358474791257,662.7958374023438,7341622.0
2020-02-07,666.7484574140747,669.2403010625379,662.4950738825356,667.908447265625,2853344.0
2020-02-10,665.0729014093579,668.5099706672875,661.4210153228079,664.385498046875,3827682.0
2020-02-11,669.3693585284275,669.4552642971405,660.9485478191002,664.6863403320312,4312817.0
2020-02-12,666.6195838242222,673.021135918938,666.0180862043903,671.1307373046875,2948825.0
2020-02-13,674.5248286932491,682.2582343725347,672.1188907487963,680.7545166015625,4387430.0
2020-02-14,682.687904616437,686.7264716212071,674.1811369350173,675.7708129882812,5321680.0
2020-02-17,679.0789890956455,681.7857022776892,673.0641175315645,678.3486328125,2929629.0
2020-02-18,674.5248398118925,686.5975350544546,673.3648499190842,685.3945922851562,5083346.0
2020-02-19,687.4137953252462,691.5812204812013,684.1056374134477,687.8004760742188,3985192.0
2020-02-20,690.2064188498924,692.6553095352078,682.1292857183249,684.8359985351562,4564569.0
2020-02-24,687.4996639105854,697.381236684265,680.6685316451869,683.8477783203125,6627536.0
2020-02-25,686.5546019237387,692.5694732797665,683.4612604902738,686.0390625,6996695.0
2020-02-26,682.2153580374362,688.6598634932111,670.6582010976425,672.591552734375,8760569.0
2020-02-27,668.5099535525468,670.8729386068777,663.5262137452423,668.3810424804688,5223386.0
2020-02-28,644.4505347061641,650.2935423983963,620.4340009570107,628.7259521484375,14123957.0
2020-03-02,633.2800484591393,658.1128963036546,630.4874295208866,636.7600708007812,9821523.0
2020-03-03,648.7468808338824,652.1839504012142,636.9319541961793,641.8727416992188,7826587.0
2020-03-04,647.8016298045927,654.3320402192519,640.6267164780191,651.9690551757812,11013444.0
2020-03-05,656.2653928549879,664.6862018093927,645.954185373142,648.403076171875,7755293.0
2020-03-06,636.7171150438545,639.2949171290524,626.4918124610296,634.9556274414062,9216022.0
2020-03-09,622.5391507011657,623.6991405627762,598.9093002604727,605.3108520507812,10308654.0
2020-03-11,593.4529501363179,598.0070560948201,574.8927459768876,589.4573364257812,16165009.0
2020-03-12,573.9905962154143,575.7091309346221,539.1902681514557,542.3695678710938,13965574.0
2020-03-13,508.6862307304778,573.1312768534269,489.7823505344128,551.9503173828125,16903113.0
2020-03-16,534.4643034100769,534.5932144936081,498.37507391936435,501.081787109375,19140152.0
2020-03-17,505.3350502705367,508.68621353384583,472.5969889250257,476.8503723144531,16059887.0
2020-03-18,488.06388963363025,496.65656374689837,453.6931931805577,459.1065673828125,15390183.0
2020-03-19,437.58189108801673,479.471173740036,437.58189108801673,468.7732849121094,16583991.0
2020-03-20,472.16740695606774,530.5546336465629,470.87850593616946,502.84326171875,21354894.0
2020-03-23,464.00435947172974,482.0060205736713,443.29603774017926,452.3612976074219,17146150.0
2020-03-24,448.53755261022576,516.5485837208066,448.53755261022576,506.7958679199219,20027097.0
2020-03-25,512.982608303419,545.6347676259147,486.0875507189931,520.8878784179688,18339548.0
2020-03-26,528.4494251114769,559.2541389141585,525.9575287953459,552.5089111328125,14843813.0
2020-03-27,571.455741852175,579.9195567351105,551.8644567193235,560.8438110351562,13495283.0
2020-03-30,537.1280702790377,570.1239618447985,533.6910004261678,538.5029296875,14624804.0
2020-03-31,558.5238045672374,568.8350132669402,544.5177565725783,551.2200317382812,15175521.0
2020-04-01,545.0761167002236,547.7828293055833,510.40470683532,517.9662475585938,13083824.0
2020-04-03,518.5678047998413,520.7159730053088,500.22246930335444,503.2728576660156,10221655.0
2020-04-07,528.4494806567268,553.5830535172297,526.6450399936691,549.0718994140625,15145605.0
2020-04-08,541.3384500046095,563.3786793044334,538.2021030858991,542.7132568359375,11806896.0
2020-04-09,555.77418458549,560.9297893635475,543.1429423901444,546.7089233398438,11931114.0
2020-04-13,540.4791548766551,559.9845339121814,537.9443057438538,547.697021484375,8330276.0
2020-04-15,559.7267284941587,561.3593048627127,546.1502634816354,549.11474609375,11963447.0
2020-04-16,532.7027829782867,545.5488398400219,518.5678251427089,536.0538940429688,17783287.0
2020-04-17,553.3682327907554,555.0867676751988,537.9014188307654,540.264404296875,8878320.0
2020-04-20,549.9310096250191,567.9756208783401,549.07174242248,561.3592529296875,13322913.0
2020-04-21,539.4480697711608,555.5163808350769,539.4480697711608,544.088134765625,11660575.0
2020-04-22,544.0880603023884,554.2274038685555,539.6628127661628,551.5206909179688,8266728.0
2020-04-23,555.9889445374286,587.438161931594,548.2984910416214,583.7003173828125,14451289.0
2020-04-24,574.46308577243,580.0053697951296,562.6481615728995,565.3978271484375,7319940.0
2020-04-27,568.0186423136012,585.1610355625768,568.0186423136012,571.0690307617188,7183306.0
2020-04-28,578.2869967775249,581.7240665949247,561.1446005741384,567.718017578125,7296571.0
2020-04-29,572.2720207639521,586.0202975390621,565.3978823763971,581.3372802734375,8639056.0
2020-04-30,601.4871422683001,618.6724891902516,599.8545133325081,614.8057861328125,16253821.0
2020-05-04,592.722611176012,602.5182800042948,576.0098506269107,578.888427734375,9122740.0
2020-05-05,585.8055194551935,589.1136777947754,575.7091280307733,578.888427734375,6393053.0
2020-05-06,581.6380361633919,585.5476917536108,570.596420274265,572.1860961914062,7934250.0
2020-05-07,571.8853514228857,579.4468933112533,569.2216437226646,571.3698120117188,4779548.0
2020-05-08,577.642472388201,585.0751558969512,574.4202198460578,579.3180541992188,8400321.0
2020-05-11,586.4500342490423,600.2412663235966,582.5833307265212,586.7937622070312,7370186.0
2020-05-12,583.0128060655798,593.7536462657563,580.4350044175374,590.8751220703125,7356039.0
2020-05-13,597.0188804340474,601.4011749176295,587.52398772122,596.4603881835938,8287101.0
2020-05-14,566.2572117743179,577.212871030953,560.7578794829756,565.52685546875,16888262.0
2020-05-15,571.2409025100194,571.2409025100194,555.6881850326236,560.5000610351562,9255353.0
2020-05-18,566.9873944307893,576.1815632056765,561.1014355718283,570.4674682617188,10435442.0
2020-05-19,570.5534948607593,579.8335713362592,562.8200890569237,574.506103515625,5902208.0
2020-05-20,574.4202284941887,578.2869316029753,566.8157333584487,575.3224487304688,5794636.0
2020-05-21,572.7016532246166,583.8291752054804,571.7564801764948,577.5994873046875,7213225.0
2020-05-22,580.0054890649786,597.9211931934447,578.7165879781676,594.9137573242188,11867731.0
2020-05-26,595.4723035989442,601.0145887752245,583.4425600918948,584.7744140625,7099606.0
2020-05-27,589.5003583520194,609.3924185965654,580.0054645692849,606.170166015625,8774636.0
2020-05-28,607.5019752301157,610.0797771052081,592.8944312712586,607.845703125,9440091.0
2020-05-29,603.1425665981,610.3715571254415,587.8571591161989,601.8361206054688,28290128.0
2020-06-01,608.5859544365636,615.4665897111315,602.2714668950035,609.28271484375,12276438.0
2020-06-02,610.1102484504172,619.8215177801701,607.5408941598197,616.7295532226562,7059304.0
2020-06-03,618.9939984318112,620.0391656492571,606.1908196267768,611.024658203125,11378568.0
2020-06-04,611.4166403352393,617.9053318367771,607.4973028971929,616.4246826171875,10782424.0
2020-06-05,615.7714374549481,619.8649781519487,610.1972475918731,612.7666015625,7718679.0
2020-06-08,616.3376089004659,632.1455713743576,613.1585694852488,627.8342895507812,10719105.0
2020-06-09,627.0940579347492,635.4552907767771,622.7827756545635,625.0037231445312,10078029.0
2020-06-10,622.7391941295748,626.6149941514957,617.6876140957919,623.4794921875,7263049.0
2020-06-11,620.1264235358565,621.3457945088276,609.8925956193588,613.1151733398438,8825715.0
2020-06-12,588.5975053108539,605.4506918876174,588.3362267228773,602.7506713867188,9795316.0
2020-06-15,603.5780018303001,613.5070118687655,596.828031391361,598.8312377929688,7857344.0
2020-06-16,611.4166701701821,620.1263093463955,608.9344442687287,610.7199096679688,10131760.0
2020-06-17,609.5877059023746,618.645699324969,607.9328530900798,612.8538208007812,7291916.0
2020-06-18,616.816744335482,624.1328103826534,614.9006128138086,621.78125,6670195.0
2020-06-19,617.513442224564,620.0392589501816,610.545730605669,614.5086059570312,22438862.0
2020-06-22,615.8585843852059,617.2521585931737,609.6747616380736,612.8973388671875,7804096.0
2020-06-23,605.9295373754688,631.0132846424152,602.7940357424677,627.6600952148438,12157390.0
2020-06-24,624.3940521342314,633.0165629999383,617.8618227695662,621.9989013671875,10220838.0
2020-06-25,613.8989013023541,614.5521242461359,604.0134820168909,610.1102294921875,14945284.0
2020-06-26,618.5585836035233,654.6164578202712,618.3843801884879,651.6552124023438,26030458.0
2020-06-29,640.5068592531488,648.606812713326,635.890708157022,637.3278198242188,8954428.0
2020-06-30,638.2422825218049,643.5987313277307,630.7955524243425,640.98583984375,10411290.0
2020-07-01,642.118254631425,646.5166125121046,635.5860241672192,637.4586181640625,5477468.0
2020-07-02,642.2051976980483,666.6793146995869,640.5068606541765,658.9712524414062,17263756.0
2020-07-03,657.5778074190804,665.4164832691092,655.4003974607391,664.2842407226562,7796572.0
2020-07-06,666.4615490885051,674.9969841922141,663.238972209511,665.4163818359375,8810958.0
2020-07-07,670.1197272836043,694.114775009981,666.7664839658335,691.6760864257812,19362533.0
2020-07-08,683.6195598405134,683.6195598405134,672.5583081079491,674.7357177734375,8476642.0
2020-07-09,679.351809305468,688.0614478863074,674.9969900150484,680.8324584960938,6854166.0
2020-07-10,673.6905467519866,687.9743753418453,673.6905467519866,680.9630737304688,5206452.0
2020-07-13,686.3195090355082,701.4307104643391,684.6211189079156,694.2017211914062,10804688.0
2020-07-14,690.6307322501642,702.345205591884,680.5275206196396,682.182373046875,8961822.0
2020-07-15,695.9001702256123,738.9693465867283,692.2421111394763,723.7274780273438,30060599.0
2020-07-16,783.9545319521908,832.2059500031623,778.8594147465493,793.4480590820312,90432109.0
2020-07-17,793.4480679128025,801.1996674470666,777.0304205924231,786.6110229492188,31682878.0
2020-07-20,791.2707187182082,823.0609016936783,789.7465318632198,813.7415771484375,18421053.0
2020-07-21,823.0608793675566,827.1544202989401,809.2996604819718,815.8754272460938,12877784.0
2020-07-22,817.791605079048,817.8351426443229,792.5771882921554,799.4578247070312,14354201.0
2020-07-23,797.4981197022231,797.6287323921299,784.4336611464684,790.7916870117188,13051307.0
2020-07-24,786.6982309129633,806.294920860975,786.6982309129633,803.7691040039062,18209580.0
2020-07-27,802.6367250088961,829.854345310317,800.110961740573,826.065673828125,16827870.0
2020-07-28,823.9318839144705,842.7011461138305,819.7512676512282,838.6076049804688,15818463.0
2020-07-29,830.2463236418263,836.1253298674569,821.841500885121,831.0302124023438,11152710.0
2020-07-30,837.867264137642,847.1430508515814,835.0366314885284,837.3882446289062,12492320.0
2020-07-31,844.1817679553299,859.1623578070553,830.2898829887673,841.3511352539062,12704346.0
2020-08-03,836.125320755078,840.8285469480918,825.1947347458402,833.4253540039062,8479792.0
2020-08-04,836.5172216435673,845.4446009062772,819.1850201526869,827.2849731445312,11133170.0
2020-08-05,829.1576475331221,836.9527852085158,817.2254312592177,822.7996215820312,9614176.0
2020-08-06,830.4640543878988,848.6672206298584,820.8834517677973,845.5752563476562,10976491.0
2020-08-07,844.3559545021349,844.3559545021349,826.5447323047797,828.1995849609375,8010948.0
2020-08-10,826.457672654504,833.3382556244732,823.3221706935072,828.5914916992188,5716319.0
2020-08-11,827.3285820419939,837.8672233589381,824.0188768858094,826.065673828125,6802442.0
2020-08-12,825.6738405797148,835.0802407898778,820.622260203833,831.72705078125,6908726.0
2020-08-13,831.5962639906402,843.5284792332567,825.891461469216,828.4608154296875,5097703.0
2020-08-14,832.5108774002041,838.7382909592568,829.2012249940352,830.5512084960938,4663873.0
2020-08-17,830.9865776597209,846.9687960035885,830.9865776597209,833.9478759765625,9008210.0
2020-08-18,839.5220636954849,844.138161399413,834.9930411114858,842.7010498046875,6141761.0
2020-08-19,845.6188995020971,846.1849941600091,833.9044240310892,835.5156860351562,6622744.0
2020-08-20,835.167359957213,840.9157008118893,828.5480019857753,831.9012451171875,5656501.0
2020-08-21,838.7817801099039,839.130186936515,824.4108756425974,826.3705444335938,6513773.0
2020-08-24,824.8028992922524,829.157719246277,818.0093907958587,825.1513061523438,5798574.0
2020-08-25,825.2384136649528,826.2400435574455,813.1319924540134,817.0513305664062,6233918.0
2020-08-26,819.7947325337095,831.1172627041618,817.3125067985687,828.1124267578125,5153601.0
2020-08-27,836.1253061022203,836.9527324016003,823.2350515983608,824.8463134765625,6154280.0
2020-08-28,828.6786573233969,829.5931588351106,812.6528994480108,814.5690307617188,7593610.0
2020-08-31,814.5689081739656,827.8511063558988,796.5834841261402,808.7769775390625,12808355.0
2020-09-01,806.7303538943987,814.3512884116197,794.4061928113531,796.1917114257812,6907773.0
2020-09-02,796.9319549164215,806.8609644709502,795.6255090886897,804.7706298828125,5678118.0
2020-09-03,806.9481695030895,826.8932669477779,804.7707594396705,814.8303833007812,8827948.0
2020-09-04,796.9320480148086,809.5610258248794,796.4530284538974,800.5465698242188,8650342.0
2020-09-07,800.3286630792705,807.8624681100616,795.2334929154541,805.68505859375,6700385.0
2020-09-08,809.9528229438688,829.1575647303735,806.120560834711,818.0963134765625,12891964.0
2020-09-09,814.3511698092452,823.931771807001,806.5124954474451,808.0366821289062,5528947.0
2020-09-10,814.6125551113331,820.4480240886459,805.4674338237209,818.7496337890625,5171884.0
2020-09-11,814.2641331796652,831.030187468232,810.8673528652284,823.6705322265625,6671903.0
2020-09-14,833.5125335415748,863.1688465952603,825.9351362411305,852.1511840820312,21871587.0
2020-09-15,853.1090518903503,865.7380271352815,846.2720072456525,855.6784057617188,11608203.0
2020-09-16,858.770476617092,875.8849399351467,855.2866207281788,872.4881591796875,10059251.0
2020-09-17,866.6090723598038,889.2541335470952,866.6090723598038,880.5444946289062,15628241.0
2020-09-18,880.5444960073027,887.3380037422411,870.1800044146664,872.8364868164062,12897633.0
2020-09-21,871.8347656459168,897.963679701239,871.3992837449948,879.5863647460938,14140637.0
2020-09-22,878.8025395471465,890.5605517214641,863.2993933862256,877.49609375,12625762.0
2020-09-23,888.5138120847491,903.1895320113309,878.0186549374127,888.1654052734375,13486204.0
2020-09-24,873.5767903468092,878.8025737387143,844.8349816913309,849.5382080078125,14427432.0
2020-09-25,849.8865775708102,883.9412985407854,849.1898170707385,880.9364624023438,13311078.0
2020-09-28,883.8541820374461,885.0300152339487,869.6574806664623,880.02197265625,8554526.0
2020-09-29,886.64122615697,895.350864920791,874.5348070114925,878.8025512695312,8708463.0
2020-09-30,878.8025759529778,891.8234969024996,875.3187203495963,878.1493530273438,8048817.0
2020-10-01,888.9057267346052,894.0444349601498,881.1977175557054,886.33642578125,5563358.0
2020-10-05,886.6848687353566,918.7799232769341,886.6848687353566,913.3798828125,14212509.0
2020-10-06,918.8668576817984,923.2216769125178,898.2685414567296,919.5200805664062,9090819.0
2020-10-07,910.0702451163668,933.6733467030201,901.8831627900908,928.9266357421875,9284008.0
2020-10-08,949.3506572287348,978.9634300230256,947.957136243359,952.5731811523438,21482613.0
2020-10-09,953.792508100716,969.6441142483599,948.0005771298236,963.9828491210938,10567867.0
2020-10-12,978.092438422745,992.8988244006493,968.5989108554985,986.0181884765625,14633537.0
2020-10-13,989.0230919409153,1015.5874906966795,989.0230919409153,1008.4020385742188,17523825.0
2020-10-14,1012.0600471060425,1014.5858636680948,985.1472414570976,990.2859497070312,16649573.0
2020-10-15,1027.7372564431537,1032.9630391030341,951.5279259865639,965.24560546875,44288251.0
2020-10-16,970.1229206091152,989.3711976039965,955.3601280468663,982.0115966796875,18365685.0
2020-10-19,988.544097967197,992.0279538190638,971.3861504242905,980.6183471679688,12902123.0
2020-10-20,974.521408207875,996.9922102519182,966.7698091947116,990.7213134765625,10448776.0
2020-10-21,993.9004284296822,1005.3971088347969,988.5439794359328,1000.1713256835938,19811433.0
2020-10-22,994.6409413896024,1008.5763661376178,978.7894382662761,983.3619995117188,11271335.0
2020-10-23,997.402909134013,999.1635497503132,986.0908146664799,988.1595458984375,9069862.0
2020-10-26,987.9394376173436,994.4097702053341,971.1253417038876,979.312255859375,6309368.0
2020-10-27,973.3700361808736,976.8913171039641,948.2369580688954,960.2973022460938,10172479.0
2020-10-28,964.390889011552,972.5338517896048,941.9867803525423,947.7088623046875,7608392.0
2020-10-29,941.9428089471517,952.5066535334748,933.2276156712381,946.2123413085938,6935616.0
2020-10-30,943.7033979076784,953.9150922883643,926.4050818549549,933.667724609375,8800386.0
2020-11-02,937.541147927628,950.7018938272915,925.3046738944053,943.967529296875,7183119.0
2020-11-03,943.7033218793692,950.2177133173723,930.9386780666352,935.3843383789062,7204782.0
2020-11-04,940.1822171348587,982.4375976802455,939.1258756056199,963.0264892578125,15702690.0
2020-11-05,977.0675687347336,988.5997437186863,967.4720555181088,971.8736572265625,9568890.0
2020-11-06,975.3948945812739,986.9270690448684,961.045630674795,979.576416015625,8807127.0
2020-11-09,994.1456933751558,1008.8469984484382,986.9710619027226,1000.5280151367188,10160320.0
2020-11-10,980.544686887823,980.544686887823,948.9852274845427,960.4734497070312,15622869.0
2020-11-11,964.831057732461,991.5487575926202,956.9081749591105,988.1595458984375,12514800.0
2020-11-12,993.0894442684856,1005.3259195981743,980.456867734209,983.9781494140625,9180976.0
2020-11-13,985.9588253191343,997.4029902558742,983.3178641798867,989.6561279296875,6363212.0
2020-11-14,1000.9240688590967,1003.2569388846898,995.7301581793329,997.7988891601562,1136144.0
2020-11-17,1007.7467910644353,1007.9668711673103,979.4885273474882,989.2160034179688,12813968.0
2020-11-18,993.4414772051522,997.1387795501915,969.6287696586,977.6397705078125,9839468.0
2020-11-19,968.3521292490597,981.2927919919164,962.8941875049458,965.4910888671875,10092343.0
2020-11-20,973.6343230947389,976.2752841881243,960.5175281720618,971.3014526367188,8063554.0
2020-11-23,972.7540226658717,1007.7908168738868,970.0690025148438,1003.4331665039062,10546363.0
2020-11-24,1007.9667956557724,1016.6819885689223,997.7110421379086,1003.6092529296875,8515426.0
2020-11-25,1000.9242742279174,1006.646356710311,978.2560243938199,982.1294555664062,8958701.0
2020-11-26,985.9146963211333,985.9146963211333,966.855847421425,979.9725341796875,10962256.0
2020-11-27,984.1979977139559,986.8389583518288,960.4293519731001,968.3522338867188,25306145.0
2020-12-01,972.7980424462677,1003.7852756765791,972.7980424462677,1001.6724853515625,8933802.0
2020-12-02,998.2830084954901,1010.1232710351522,986.8388470224378,1004.3572387695312,6741637.0
2020-12-03,1009.7274674632673,1009.7274674632673,988.3356394227649,991.6368408203125,16212632.0
2020-12-04,990.3602956863183,1000.9241388403057,981.5570930579954,998.8554077148438,10564055.0
2020-12-07,1009.9914390449577,1015.009221352601,1000.0437774991801,1006.6461791992188,7792141.0
2020-12-08,1007.9666693056053,1027.3337144800362,1007.9666693056053,1015.3173217773438,12308330.0
2020-12-09,1028.2581640207657,1038.3377884186514,1018.5305817722591,1034.5523681640625,10039346.0
2020-12-10,1018.8827250462048,1031.4272891775722,1012.3683334085982,1027.9940185546875,9488782.0
2020-12-11,1020.9075260574311,1031.6914509697035,1016.9901432573675,1023.9886474609375,10574009.0
2020-12-14,1029.4465337227045,1032.2635155708274,1010.7836797307418,1025.177001953125,6728187.0
2020-12-15,1017.6501333247625,1024.4285557613134,1014.1288525866146,1016.4176635742188,6905926.0
2020-12-16,1021.171548327468,1029.0064204921753,1015.5374769134664,1026.1893310546875,7788404.0
2020-12-17,1026.3654344651773,1029.0063953013716,1017.8262632848994,1020.4672241210938,6658153.0
2020-12-18,1041.2868607153957,1051.9827740102896,1034.9045384462956,1047.4051513671875,15995676.0
2020-12-21,1045.8206303692841,1064.9675989808431,1014.1731551198606,1036.4012451171875,10858352.0
2020-12-22,1040.5385772192492,1077.3799596666704,1035.3446660438115,1074.430908203125,10901851.0
2020-12-23,1089.8364644627864,1108.1911200982577,1083.2781216149863,1103.0853271484375,15878346.0
2020-12-24,1100.3124102877798,1100.3124102877798,1079.272732749329,1088.1199951171875,7313885.0
2020-12-28,1090.2325276875613,1098.6396287283212,1088.0757861443951,1091.8612060546875,4607051.0
2020-12-29,1087.1956067576748,1104.3177941793053,1087.1956067576748,1100.66455078125,6878105.0
2020-12-30,1103.041316804562,1103.305455874379,1089.968582068067,1097.5833740234375,5194690.0
2020-12-31,1094.2380832725962,1107.7950367699373,1090.7168022322983,1105.5062255859375,7430470.0
2021-01-01,1107.354613581021,1114.0450244760452,1105.5059629662167,1109.599365234375,4253550.0
2021-01-04,1117.1264659808303,1135.6131923682199,1110.2159730853582,1134.0726318359375,7208454.0
2021-01-05,1128.5709150366881,1143.5363639880327,1122.4527303615687,1138.958740234375,8145280.0
2021-01-06,1144.4165708286318,1146.17721170683,1116.290375783817,1128.6588134765625,7161715.0
2021-01-07,1140.8950094747993,1142.3475593355365,1105.2420404287118,1111.09619140625,10954918.0
2021-01-08,1125.2692978970617,1159.2056846592145,1125.2692978970617,1155.068115234375,13186251.0
2021-01-11,1181.477923642687,1217.7911381846839,1179.6292723945633,1211.496826171875,20528626.0
2021-01-12,1213.081470086967,1213.081470086967,1197.2357034240022,1207.5794677734375,8309868.0
2021-01-13,1209.4281702066341,1226.110306403351,1197.235754056419,1221.136474609375,14442997.0
2021-01-14,1197.2357616403685,1218.3634515516692,1160.6584054970342,1206.4791259765625,27521697.0
2021-01-15,1197.2354338376977,1201.152815618445,1179.6290303989078,1183.986572265625,15018441.0
2021-01-18,1177.8685607807886,1179.629201379863,1149.6983111955979,1155.0242919921875,8861765.0
2021-01-19,1162.0227819458878,1171.70630512877,1154.980219631064,1159.07373046875,5585744.0
2021-01-20,1162.506930964582,1187.0238280519566,1162.506930964582,1179.1448974609375,8225838.0
2021-01-21,1188.4323317498906,1198.1599134497121,1175.227528063781,1179.364990234375,6142421.0
2021-01-22,1168.1849060513318,1193.714191865566,1167.7888049454957,1180.3773193359375,9646591.0
2021-01-25,1184.0307233783124,1186.5836735677526,1155.8604756845532,1166.5123291015625,6542611.0
2021-01-27,1161.6706896269554,1168.669300749039,1131.2996381464989,1145.2967529296875,8133665.0
2021-01-28,1137.1978043016243,1141.291207719844,1120.251638559747,1123.4647216796875,4660690.0
2021-01-29,1132.311937664293,1136.6255284428273,1083.6742431601515,1090.7608642578125,12183519.0
2021-02-01,1100.8846773780538,1125.0053694528378,1092.4775748930736,1109.9959716796875,8880279.0
2021-02-02,1126.8099803343166,1139.4866141052723,1112.3727059690884,1119.107177734375,6892490.0
2021-02-03,1124.7413219740633,1147.9377418137635,1120.647810835062,1130.903564453125,8182968.0
2021-02-04,1131.2115017172475,1138.6062131817557,1119.8113976609816,1126.2376708984375,5032240.0
2021-02-05,1132.444092435958,1134.5128237163976,1110.9642549215084,1119.85546875,5477481.0
2021-02-08,1131.6519211827826,1153.219771878215,1122.8487168173,1147.541748046875,6921922.0
2021-02-09,1150.490534846669,1172.5865512190387,1142.523593747769,1149.3021240234375,7965949.0
2021-02-10,1140.7190238869975,1148.2456975542023,1129.9790523514478,1141.335205078125,5951207.0
2021-02-11,1134.7327326439702,1140.89497401597,1129.494870462155,1137.9459228515625,4673317.0
2021-02-12,1148.8179986508705,1165.324004378613,1145.780936581356,1153.0435791015625,5797875.0
2021-02-15,1162.0227926096593,1169.4175046002792,1150.6666392805976,1152.9114990234375,4363513.0
2021-02-16,1156.7407452324326,1161.8025863930768,1132.0917795806,1135.9652099609375,6896421.0
2021-02-17,1135.9652382472548,1139.574529672526,1122.408285308977,1127.954345703125,4575741.0
2021-02-18,1123.2889129418431,1149.6985268824822,1122.4085924771553,1137.7701416015625,6437551.0
2021-02-19,1140.983163556862,1143.9762741850557,1123.9930455849908,1136.7576904296875,5389696.0
2021-02-22,1140.0149640340246,1151.9433489200894,1109.2037487898617,1113.7813720703125,7371303.0
2021-02-23,1119.0190369500622,1136.4933713221178,1107.0467037947092,1114.79345703125,6612942.0
2021-02-24,1109.2477923663805,1123.817030895439,1102.161169974402,1121.7923583984375,4537258.0
2021-02-25,1134.2488192251344,1144.1964831051553,1119.767591082714,1122.012451171875,8788221.0
2021-02-26,1117.1264049578488,1121.792145299428,1095.7786387480553,1103.305419921875,15132388.0
2021-03-01,1112.1085808151993,1130.7713265603418,1108.3231608715223,1115.36572265625,5756286.0
2021-03-02,1128.7905613587432,1153.2194465821435,1126.1055418002557,1148.377685546875,10461434.0
2021-03-03,1161.3185090312531,1185.7914566139111,1151.458964551593,1182.75439453125,9056399.0
2021-03-04,1175.2276663901384,1200.6248869768604,1167.2167727031958,1171.1341552734375,12041941.0
2021-03-05,1169.5052517956399,1179.628932936513,1148.8617884536307,1159.117431640625,6486176.0
2021-03-08,1166.2483532735523,1184.9991108147522,1159.5578331575844,1175.8878173828125,5119392.0
2021-03-09,1170.3858309444852,1188.8284981205222,1160.9223877834072,1184.5150146484375,6518173.0
2021-03-10,1194.5066746296966,1209.5601307472373,1192.8340445141969,1204.4102783203125,7925984.0
2021-03-12,1208.6796566315697,1225.14160168725,1206.0827549786186,1210.3082275390625,9462061.0
2021-03-15,1206.0387543033653,1214.7539463558535,1195.9150713292859,1209.2078857421875,6658635.0
2021-03-16,1220.1681030798554,1237.7304516389881,1215.282281996887,1218.3634033203125,9352771.0
2021-03-17,1225.6258315654993,1232.4483132998378,1216.602549271697,1221.004150390625,7626744.0
2021-03-18,1226.946334982818,1226.946334982818,1156.300635695018,1177.076171875,10961755.0
2021-03-19,1170.826045008895,1193.0100744562515,1160.2622009937772,1183.546630859375,12767112.0
2021-03-22,1188.5207090168458,1211.3210319090788,1176.1962217735847,1206.743408203125,4862758.0
2021-03-23,1208.195400443542,1217.7029014694006,1196.8833075067575,1207.4031982421875,7165335.0
2021-03-24,1195.342811986317,1206.4348254772435,1185.131118732146,1191.7335205078125,6134303.0
2021-03-25,1185.5712463471802,1190.6330875697502,1168.7130927832975,1174.171142578125,8749994.0
2021-03-26,1183.7666580566158,1194.3305015997794,1172.586633291157,1176.283935546875,4922071.0
2021-03-30,1185.703371195561,1232.4483551746337,1176.2399284683272,1219.5076904296875,10546381.0
2021-03-31,1216.6025678799429,1221.8844893034448,1200.1406224277484,1204.3221435546875,8220987.0
2021-04-01,1214.841933392189,1225.0536267024227,1206.919051217892,1219.4195556640625,5675155.0
2021-04-05,1224.5254995692171,1254.4563888469693,1221.004218477717,1241.16357421875,9479572.0
2021-04-06,1252.6956870826855,1255.3366477722484,1238.1263442942102,1242.1759033203125,5793571.0
2021-04-07,1241.4717105113793,1263.2155790672348,1238.2585199049374,1259.0340576171875,5879234.0
2021-04-08,1258.858041257452,1277.9609489690665,1250.935158480307,1267.5291748046875,5654434.0
2021-04-09,1280.8659961023566,1280.8659961023566,1258.9020482944743,1268.5855712890625,6052712.0
2021-04-12,1297.5921547595563,1300.717334887364,1245.6532557562905,1255.11669921875,20384532.0
2021-04-13,1261.4989124502106,1263.4796330036042,1210.4403381849543,1229.939453125,14855206.0
2021-04-15,1172.850684415324,1202.8695827405857,1162.022702611152,1197.895751953125,25342491.0
2021-04-16,1201.6371231713124,1206.786975064139,1185.439209322817,1191.7335205078125,10879878.0
2021-04-19,1179.6290829339875,1214.5777523320496,1172.8946118265376,1199.4803466796875,12508028.0
2021-04-20,1213.9617280860366,1213.9617280860366,1181.7420256855933,1189.620849609375,8560766.0
2021-04-22,1193.3182467166828,1201.4612096354417,1184.1628939428558,1189.4007568359375,6622446.0
2021-04-23,1182.2700455498518,1187.0237961901973,1171.7062029984013,1174.171142578125,7316262.0
2021-04-26,1172.8067320518805,1189.576876928249,1162.9031285723656,1182.75439453125,7088606.0
2021-04-27,1184.9112595447489,1191.0735023507023,1179.7614066919707,1187.112060546875,3636115.0
2021-04-28,1195.4749961110342,1196.7954765927475,1183.6786823155342,1193.71435546875,4879234.0
2021-04-29,1204.2780911797347,1205.1584114218251,1189.6647966532266,1194.0223388671875,5412357.0
2021-04-30,1185.1752051566957,1209.4720227612527,1184.8230555616503,1192.26171875,8354677.0
2021-05-03,1180.3333364838204,1198.115761077516,1177.8683970034654,1190.2369384765625,4560337.0
2021-05-04,1191.9538342097132,1192.7900956141655,1165.632232479059,1170.2979736328125,4887060.0
2021-05-05,1180.5975574117253,1183.0624972874223,1168.8893616546059,1180.94970703125,3939788.0
2021-05-06,1184.0308687459922,1201.3731366272477,1177.3404555895117,1198.6441650390625,4810090.0
2021-05-07,1201.9012065218649,1208.723688040517,1187.1117842454348,1190.6771240234375,4991435.0
2021-05-10,1188.3003893212533,1190.9854093423387,1175.271712767327,1179.233154296875,7195348.0
2021-05-11,1176.9003177121128,1180.5096097171875,1166.5124944185009,1171.3983154296875,6420988.0
2021-05-12,1170.8258971937994,1170.8258971937994,1157.1809337302627,1168.1849365234375,5241898.0
2021-05-14,1168.0530646731775,1168.0530646731775,1154.364147358403,1158.853759765625,4824609.0
2021-05-17,1162.2870794002622,1175.1836874279068,1162.2870794002622,1170.2979736328125,5017129.0
2021-05-18,1177.868509867654,1183.6786021012647,1170.385787645027,1179.629150390625,5620150.0
2021-05-19,1181.3900054269702,1194.9909129521475,1173.687201740319,1176.9884033203125,4435878.0
2021-05-20,1187.0239550381152,1187.640136285022,1175.227641118216,1179.0130615234375,4490092.0
2021-05-21,1186.2315569737161,1195.0347596228717,1185.2191671768692,1192.393798828125,4969733.0
2021-05-24,1194.286553380612,1199.8765657788765,1184.1188109576708,1186.7158203125,4225371.0
2021-05-25,1195.4750332766225,1204.2782367617228,1192.3498530550198,1198.6441650390625,4099340.0
2021-05-26,1204.1900880483613,1232.4483465009394,1199.040236092676,1230.0274658203125,6850024.0
2021-05-27,1236.1455364206467,1246.7534374251343,1225.1415343251028,1234.428955078125,15365391.0
2021-05-28,1241.0316277474617,1244.7729892781776,1229.015233338966,1236.8941650390625,4261312.0
2021-05-31,1247.0825051236686,1247.0825051236686,1230.6208380920684,1240.1864013671875,4429904.0
2021-06-01,1245.7477695679897,1246.6375894033954,1226.750137806195,1234.3580322265625,4791325.0
2021-06-02,1228.6184774640756,1238.5844140611866,1214.603818025322,1226.7498779296875,9272276.0
2021-06-03,1235.158699888379,1244.8577563114168,1225.3262574072241,1236.5379638671875,5115645.0
2021-06-04,1240.364321328493,1242.9893550263232,1225.8603231227744,1232.9788818359375,4194328.0
2021-06-07,1237.7391987342248,1238.6290184313739,1225.5487123315113,1236.5379638671875,5154576.0
2021-06-08,1242.1885920949892,1265.1014547357097,1241.788216584457,1257.27099609375,7360630.0
2021-06-09,1257.671259223617,1267.9931466228882,1249.8408019576455,1259.3619384765625,5394317.0
2021-06-10,1267.1033719447926,1271.552470863138,1262.6542730264473,1267.370361328125,3496575.0
2021-06-11,1272.531329937339,1291.6624564744493,1271.952925317914,1287.4803466796875,6140828.0
2021-06-14,1308.9250691394936,1314.2639885241551,1293.3086864911218,1300.73876953125,7132294.0
2021-06-15,1302.6962549617203,1313.3740931171444,1301.806435115435,1311.5054931640625,5403104.0
2021-06-16,1310.4375650008872,1325.3420465256531,1305.8105455279979,1317.4671630859375,7661710.0
2021-06-17,1312.5730616381588,1337.0876386411505,1312.5730616381588,1330.5474853515625,7677951.0
2021-06-18,1342.73806706502,1348.7888851030746,1323.5179812685233,1337.6661376953125,13533974.0
2021-06-21,1328.500854565387,1339.8905905376864,1320.67039750686,1334.99658203125,5454052.0
2021-06-22,1343.3610354471275,1353.8164190842874,1336.598426052742,1345.274169921875,6427862.0
2021-06-23,1356.975256632698,1356.975256632698,1333.528525561883,1337.53271484375,5529809.0
2021-06-24,1349.8566304803442,1395.9048049215821,1344.6956322155095,1387.406982421875,10785137.0
2021-06-25,1398.7967123676879,1404.135631117183,1372.9919384117954,1400.7542724609375,9780240.0
2021-06-28,1399.5976766042195,1406.0488705757884,1388.6528489007708,1398.618896484375,5019178.0
2021-06-29,1389.0089555192524,1400.2651997208347,1387.4072361453655,1390.8331298828125,5913567.0
2021-06-30,1398.8411525436254,1415.7031930096216,1398.8411525436254,1406.6270751953125,6058722.0
2021-07-01,1403.1123459447122,1403.1123459447122,1387.27361849601,1388.474853515625,4814317.0
2021-07-02,1387.1846993165,1396.5278083315611,1372.636165574309,1395.0596923828125,5166064.0
2021-07-05,1396.260666681678,1410.3642878359224,1389.0531485121203,1404.9808349609375,4058338.0
2021-07-06,1400.3094664482746,1411.9216590381186,1385.538478536323,1390.0765380859375,4089574.0
2021-07-07,1393.5023400140276,1397.50652911051,1374.46017458664,1392.2120361328125,4797120.0
2021-07-08,1395.237571079609,1402.3561301157295,1378.330993368823,1388.786376953125,3326813.0
2021-07-09,1384.5594411493246,1396.9279565957875,1380.1103426880477,1390.69921875,3436594.0
2021-07-12,1397.5067165820512,1404.135831527272,1364.7613001298819,1377.3077392578125,4588982.0
2021-07-13,1384.9156755957686,1384.9156755957686,1367.0303178269412,1374.7271728515625,4456160.0
2021-07-14,1382.7799652654269,1408.4068188807405,1368.631808761568,1403.1568603515625,5657716.0
2021-07-15,1386.2501816170682,1420.9086167154921,1384.559502402873,1406.6270751953125,10021355.0
2021-07-16,1400.3539365234356,1401.1547960825774,1378.8647662261394,1384.0701904296875,6265593.0
2021-07-19,1374.5046646004569,1381.8012524671824,1368.142539635368,1371.835205078125,5669162.0
2021-07-20,1368.8097547336988,1386.0721708593665,1368.5427653624465,1379.26513671875,5069939.0
2021-07-22,1389.3647090584504,1417.3494993598415,1389.3647090584504,1414.991455078125,7854575.0
2021-07-23,1413.5234183768378,1422.3770827631295,1410.409048786803,1415.2139892578125,4179719.0
2021-07-26,1418.461850623931,1434.0782329842234,1418.461850623931,1427.18212890625,4586710.0
2021-07-27,1428.1609723882148,1431.9872414945648,1421.8432726768472,1425.98095703125,5892859.0
2021-07-28,1428.2499142642337,1430.4744640368153,1410.809465771312,1428.69482421875,4686788.0
2021-07-29,1423.8006466353795,1441.5080824588358,1423.8006466353795,1438.838623046875,4660873.0
2021-07-30,1432.6098996635847,1444.5335068880067,1429.184115105897,1433.0548095703125,6234257.0
2021-08-02,1448.13717442387,1454.6329023419573,1440.7961611531427,1451.7855224609375,5553389.0
2021-08-03,1465.5332328913128,1475.8996554431062,1455.389265292903,1472.8297119140625,5513668.0
2021-08-04,1485.198302842802,1494.8084007547138,1458.4592812898322,1467.535400390625,6740391.0
2021-08-05,1467.7577586309994,1482.439785316305,1465.5777435714137,1471.361572265625,5420536.0
2021-08-06,1474.431433424483,1477.6792974732823,1462.8637758297223,1468.380615234375,3754855.0
2021-08-09,1477.990602575094,1483.7298965059185,1464.9992559683262,1480.0372314453125,5018477.0
2021-08-10,1484.2194839138658,1494.8973219276345,1478.0352795124588,1492.4503173828125,6846517.0
2021-08-11,1490.2705243872842,1498.4568246365832,1484.2197051626015,1492.717529296875,4899639.0
2021-08-12,1494.1408800295676,1509.5792312272279,1489.5582865159915,1503.439453125,5659579.0
2021-08-13,1510.0242207840076,1532.714625987303,1504.9522913044452,1523.5494384765625,5612790.0
2021-08-16,1519.5452268822864,1530.4455194170107,1503.8844201483496,1516.60888671875,4564109.0
2021-08-17,1516.1641808884128,1556.2060772217617,1500.7258270262296,1549.7548828125,9510390.0
2021-08-18,1538.4984751157394,1562.078700442846,1536.7188354684106,1542.4581298828125,6686090.0
2021-08-20,1527.0198625262155,1552.735678583318,1527.0198625262155,1542.0133056640625,6206972.0
2021-08-23,1544.504856766153,1559.9877444028339,1541.1680322160316,1547.17431640625,6189051.0
2021-08-24,1557.184606052704,1563.413344476915,1523.9942850011782,1531.246337890625,7602939.0
2021-08-25,1528.7105222770665,1554.4263380022362,1528.7105222770665,1544.326904296875,6153253.0
2021-08-26,1542.9474606590484,1553.6252977570348,1530.4899840447308,1537.341552734375,5302248.0
2021-08-27,1534.9392077288335,1537.3416778231317,1517.3207316353644,1520.524169921875,6698514.0
2021-08-30,1515.4075949207736,1529.2887615369723,1504.1513531642884,1510.95849609375,6559667.0
2021-08-31,1512.8271837232185,1526.0409862826573,1500.1027168908208,1518.4329833984375,12255438.0
2021-09-01,1521.1469197245544,1521.1469197245544,1488.8019923220322,1492.8951416015625,7801974.0
2021-09-02,1492.539367293398,1507.6218795661478,1479.4590583890802,1502.9947509765625,6830050.0
2021-09-03,1509.1788235490428,1517.987952137385,1498.812401784732,1513.27197265625,5339139.0
2021-09-06,1517.276191594575,1541.1678305226144,1512.1151935175735,1539.744140625,4876026.0
2021-09-07,1539.3883559665105,1543.748494999435,1516.2530396340658,1518.611083984375,3520341.0
2021-09-08,1513.4499866926615,1513.4499866926615,1497.5221905318458,1506.6873779296875,4584896.0
2021-09-09,1500.1471869196148,1508.155564929437,1496.8103627488554,1505.2191162109375,3331674.0
2021-09-13,1497.5667877701696,1514.0284547777442,1490.6261495836065,1505.4862060546875,4662374.0
2021-09-14,1509.0896747117213,1509.0896747117213,1493.6513246618586,1500.3695068359375,4945167.0
2021-09-15,1506.6872821089974,1526.1298217987796,1503.973288440521,1522.8819580078125,4062344.0
2021-09-16,1526.2188010957557,1529.8226145535493,1505.0855819038713,1514.6956787109375,3246568.0
2021-09-17,1510.024077435578,1528.7102917114455,1498.8567964082,1504.9521484375,7454864.0
2021-09-20,1499.3461157903666,1519.5449784717803,1493.0728437864607,1501.882080078125,5660743.0
2021-09-21,1512.693707466829,1536.4963878637336,1499.0349948323485,1529.11083984375,4672222.0
2021-09-22,1527.8205276346805,1547.3076020991566,1524.3057830315674,1527.7315673828125,4553892.0
2021-09-23,1541.1680209485553,1552.7356793044048,1531.4689626029945,1550.5556640625,3826090.0
2021-09-24,1564.3032427719265,1590.9978373584784,1559.3646993251812,1569.5086669921875,8280446.0
2021-09-27,1573.868704627012,1574.0911595675952,1528.7993119407154,1531.5133056640625,5045337.0
2021-09-28,1521.5918610046667,1521.5918610046667,1490.4481679431676,1501.2149658203125,6557197.0
2021-09-29,1476.4336727196999,1513.939603321405,1472.6519381353644,1505.7977294921875,7792548.0
2021-09-30,1515.3631327387895,1515.3631327387895,1486.088039336983,1490.6260986328125,6914031.0
2021-10-01,1481.6388151745116,1493.9627967481244,1478.2130309277777,1481.683349609375,5733906.0
2021-10-04,1488.223660262414,1502.0158675772525,1481.9059612165079,1493.7850341796875,2947154.0
2021-10-05,1486.8889928896642,1515.3186940990138,1479.7704339769668,1506.287109375,4373310.0
2021-10-06,1514.562248918571,1520.702027218349,1485.9990552689544,1489.157958984375,4271698.0
2021-10-07,1501.126145266415,1516.43100383275,1491.9165311852532,1504.6854248046875,5476108.0
2021-10-08,1517.3653871796182,1540.7231595962521,1511.2701425778723,1533.916015625,4738376.0
2021-10-11,1496.6770247342997,1539.3883785911644,1480.393277628134,1504.640869140625,8840633.0
2021-10-12,1492.2280482607832,1502.905887604331,1478.8807490813488,1499.4801025390625,7439300.0
2021-10-13,1509.0897710508837,1524.8396458972372,1494.9417238334045,1520.8798828125,7104171.0
2021-10-14,1560.743857744882,1587.0825008949107,1511.0918717298532,1526.708251953125,19655776.0
2021-10-18,1548.286546695853,1600.7859181068043,1548.286546695853,1594.690673828125,13438109.0
2021-10-19,1614.132957389513,1632.374261483496,1585.92571597046,1621.385009765625,10324260.0
2021-10-20,1627.836269201316,1644.3868947949425,1596.38116282424,1603.7666015625,5876115.0
2021-10-21,1614.133097673442,1614.133097673442,1554.3816771021532,1560.4324951171875,8779629.0
2021-10-22,1557.095812221997,1568.9303513205284,1518.9225180752499,1530.312255859375,7369809.0
2021-10-25,1532.3141294168104,1539.1656979786608,1501.303824526678,1519.4117431640625,5905209.0
2021-10-26,1535.121906435582,1549.9788722496721,1522.4193469581496,1529.42138671875,5871709.0
2021-10-27,1534.2688202556412,1556.7563923180637,1527.132103632975,1552.0882568359375,5090259.0
2021-10-28,1543.470216730493,1548.3178492492198,1518.9629177698796,1529.6007080078125,5329972.0
2021-10-29,1525.202109131994,1537.4108857345927,1491.1342188619528,1497.1488037109375,5875091.0
2021-11-01,1505.901345498359,1532.5631615525838,1504.5547869181817,1526.1446533203125,3636806.0
2021-11-02,1521.611109181932,1531.8897952602304,1513.8459332272816,1524.2144775390625,3471772.0
2021-11-03,1534.1789588065574,1541.764527730392,1525.2019022892575,1528.3438720703125,3530713.0
2021-11-04,1539.565380166842,1541.3607916889025,1530.5883225565397,1533.9097900390625,483407.0
2021-11-08,1553.0311221335432,1562.9058864939298,1528.7930641580485,1559.763916015625,5245903.0
2021-11-09,1557.2952210786182,1570.9852352717,1549.4402949022597,1564.25244140625,4016134.0
2021-11-10,1549.4400206968505,1571.83773382555,1545.8042688196354,1562.142578125,4780368.0
2021-11-11,1555.6792455721493,1561.783688936851,1534.1792351734894,1555.9935302734375,4731349.0
2021-11-12,1564.7010936682932,1600.4746452356892,1560.257494120251,1598.095703125,5069009.0
2021-11-15,1599.801502761789,1615.8704586842389,1593.8766663299257,1604.3349609375,4354074.0
2021-11-16,1606.8933627342767,1623.904843607028,1595.2231874741956,1608.9581298828125,6034233.0
2021-11-17,1609.1825130450993,1617.665788691909,1598.544612062206,1604.6041259765625,4732492.0
2021-11-18,1599.352472206742,1606.3994401188306,1579.0643450623231,1597.3775634765625,4326924.0
2021-11-22,1601.5071244338014,1602.7639344525808,1572.017511239656,1579.423583984375,6621839.0
2021-11-23,1557.6093054597075,1568.5164528029118,1535.0769118860949,1559.2252197265625,8436160.0
2021-11-24,1562.0079630725788,1562.4568159355308,1515.3272653255822,1522.5089111328125,7333061.0
2021-11-25,1526.0998642017403,1549.6197123932054,1523.3618176709108,1546.20849609375,4476260.0
2021-11-26,1528.3888959632156,1542.5725803901694,1511.736411257702,1518.6038818359375,4494181.0
2021-11-29,1518.0205379786664,1536.872360153446,1498.4056877753633,1522.8232421875,3942776.0
2021-11-30,1530.1844157187647,1552.9412350958905,1526.1447397494564,1537.455810546875,14808963.0
2021-12-01,1539.5653345943017,1563.7136407678477,1537.769923125387,1539.4755859375,5193264.0
2021-12-02,1539.5653465965966,1571.4339004182755,1536.288698723639,1569.4140625,5559574.0
2021-12-03,1589.926680297916,1603.8860489685592,1555.3201883320971,1558.0133056640625,6754012.0
2021-12-06,1553.030961200896,1556.5768551113895,1518.4692895209917,1521.880615234375,3991449.0
2021-12-07,1527.087144429678,1548.4525839240318,1520.7134558760026,1536.5579833984375,4202122.0
2021-12-08,1555.724140653463,1579.782699760564,1555.3650364192983,1573.992431640625,3029169.0
2021-12-09,1579.0643354763217,1588.4004967272194,1563.8033384876364,1583.05908203125,2082171.0
2021-12-10,1579.9622197847095,1583.328616559819,1567.3943384909674,1579.2889404296875,1823469.0
2021-12-13,1586.2908803107057,1590.1509490203869,1560.9306946167599,1566.1822509765625,4040584.0
2021-12-14,1553.8389138318717,1582.6552466615897,1535.3910167263787,1572.9151611328125,4768144.0
2021-12-15,1566.4965354752162,1569.144723607344,1545.1310947683974,1556.80126953125,3053149.0
2021-12-16,1582.3409441807426,1595.7616003093601,1578.1665908378222,1590.3753662109375,4481031.0
2021-12-17,1633.824618441859,1653.5741467966507,1621.9300161372685,1634.587646484375,18887243.0
2021-12-20,1617.3963227207378,1642.4872628921498,1604.46944825245,1614.8828125,5773891.0
2021-12-21,1616.7681538657364,1649.98326863144,1616.7681538657364,1626.2838134765625,5353584.0
2021-12-22,1638.3129346501346,1642.0384352948865,1626.956935405642,1638.0435791015625,4156428.0
2021-12-23,1643.9237215129017,1671.1690702162794,1640.108471920312,1667.5782470703125,4112933.0
2021-12-24,1681.3577864450267,1683.8714061478108,1664.346307875805,1672.87451171875,3780347.0
2021-12-27,1669.732749649534,1682.7494834505653,1656.3120920810711,1675.253662109375,2647733.0
2021-12-28,1688.3148693830026,1701.96006018258,1686.2502122635683,1694.8681640625,3340933.0
2021-12-29,1690.8287268200424,1700.0751395868292,1684.4550381126232,1692.6690673828125,3236635.0
2021-12-30,1691.7264690178984,1714.4384680998746,1682.6147338295473,1699.2222900390625,4584738.0
2021-12-31,1696.6640031380364,1704.1598248331377,1680.1911232252733,1694.6441650390625,4619420.0
2022-01-03,1694.6438608427336,1718.253563550426,1694.6438608427336,1704.249267578125,3329616.0
2022-01-04,1704.2494699005285,1711.6107229414722,1685.8914307946536,1704.8779296875,3921999.0
2022-01-05,1705.640996354203,1708.2443650547573,1651.7786491009124,1655.9530029296875,6995719.0
2022-01-06,1641.0060417349105,1641.0060417349105,1615.8702817958638,1631.8494873046875,6449205.0
2022-01-07,1629.739793435008,1648.1876896772642,1621.9747266812612,1628.70751953125,4834389.0
2022-01-10,1629.3359737764672,1678.6200425032102,1627.5405622351159,1661.428955078125,7857560.0
2022-01-11,1665.2442353583547,1678.7098221671822,1660.890384206812,1665.7828369140625,5142287.0
2022-01-12,1677.7223862621913,1695.7662508688193,1669.7327827506638,1685.397705078125,5362535.0
2022-01-13,1710.1294538640775,1716.8622469895265,1675.4331047076187,1702.768310546875,14277630.0
2022-01-14,1689.482300136632,1735.2652955175927,1688.5845943448485,1731.9886474609375,7688506.0
2022-01-17,1740.2475651482325,1754.0273268080673,1733.0209898627827,1741.100341796875,5262464.0
2022-01-18,1725.480435698786,1746.0379220966745,1715.919846239553,1724.2685546875,3690315.0
2022-01-19,1720.0041749935306,1720.0041749935306,1672.2910936296498,1676.0615234375,5747770.0
2022-01-20,1655.369343931458,1658.9601668033267,1629.7847309693936,1637.1458740234375,5533463.0
2022-01-21,1611.3817881916982,1623.0519627022786,1594.325379291619,1603.0330810546875,8252758.0
2022-01-24,1584.450634058544,1587.7272819323061,1551.2355216165236,1559.1353759765625,7116712.0
2022-01-25,1549.9788780052622,1562.00815815135,1526.5487775496383,1545.984130859375,9137653.0
2022-01-27,1527.8950058580806,1534.807295482557,1494.679897035079,1506.888671875,11231734.0
2022-01-28,1509.0432779159291,1550.8315219794274,1507.6967193693058,1513.7113037109375,10998502.0
2022-01-31,1542.2583580762077,1570.5360869932047,1539.8794161078179,1558.5965576171875,8788872.0
2022-02-01,1585.4382476367502,1597.9163806155063,1557.2502626013809,1590.7796630859375,5119935.0
2022-02-02,1605.9953354262861,1609.4066605757332,1590.7343400644936,1604.2896728515625,4253717.0
2022-02-03,1597.0185757090092,1597.0185757090092,1556.6218157838234,1560.7064208984375,3832922.0
2022-02-04,1554.826382864696,1574.530980546349,1535.2115338427761,1562.9954833984375,4700077.0
2022-02-07,1546.0287449587365,1554.8263048355502,1521.9702974467775,1539.5653076171875,4310209.0
2022-02-08,1535.0768311505972,1548.5424173887602,1522.5089506616448,1541.630126953125,6053401.0
2022-02-09,1557.5194614769207,1564.701107408803,1548.5424040620683,1559.584228515625,3867244.0
2022-02-10,1576.0572478156403,1592.4403790619915,1569.8630557291408,1588.5802001953125,4334630.0
2022-02-11,1562.0078575739724,1567.3491624490587,1537.7698046116177,1545.265625,7551371.0
2022-02-14,1517.1226316856573,1542.7521732317396,1506.5745897197955,1510.1204833984375,7459637.0
2022-02-15,1525.2020612168308,1568.0675105535606,1517.5266332614685,1560.43701171875,4669915.0
2022-02-16,1560.437130216687,1575.8776263746088,1550.2032620267948,1555.9935302734375,5350642.0
2022-02-17,1565.5986981054332,1570.0872264830289,1544.3231174289137,1548.36279296875,3937950.0
2022-02-18,1535.076791414694,1546.2981129893628,1529.2417041958663,1532.3387451171875,5602215.0
2022-02-21,1526.9977246973351,1559.5844924615615,1518.4695187099014,1553.6595458984375,5120890.0
2022-02-22,1526.0098748318906,1571.8826121857755,1518.065201649821,1556.935791015625,8878515.0
2022-02-23,1570.9849015512389,1578.3909732299805,1556.083009544595,1564.5662841796875,5478811.0
2022-02-24,1517.212402711859,1539.5203677498448,1499.6173926642882,1506.48486328125,13592379.0
2022-02-25,1539.5654171471692,1551.3702701049137,1505.4525974086314,1521.252197265625,9737281.0
2022-02-28,1510.1206091390077,1551.2805065421107,1494.6801136600138,1540.10400390625,15076542.0
2022-03-02,1535.0768409224868,1539.0267681608032,1518.0204315789038,1528.6134033203125,6771489.0
2022-03-03,1544.2332418617573,1556.531875228253,1531.0819415295864,1544.8167724609375,7344147.0
2022-03-04,1521.8356673887606,1558.4171765738909,1509.043360495801,1547.016357421875,9074499.0
2022-03-07,1523.4067415003497,1571.8828546653579,1522.5090357009976,1561.8734130859375,9742588.0
2022-03-08,1542.6623753419804,1615.8703218106334,1542.6623753419804,1596.30029296875,10984500.0
2022-03-09,1607.791154848383,1644.2379899316497,1607.791154848383,1627.8548583984375,10193515.0
2022-03-10,1656.042703365668,1656.042703365668,1625.0269254755779,1639.1209716796875,6547182.0
2022-03-11,1628.438227062037,1644.058328995704,1625.7451098177226,1635.619873046875,4758657.0
2022-03-14,1644.1930282991682,1701.1524149287986,1644.1930282991682,1697.292236328125,10289724.0
2022-03-15,1695.1825455498838,1695.1825455498838,1642.801439597397,1651.150146484375,7140443.0
2022-03-16,1674.221322699722,1700.2098618649063,1659.8580298508234,1696.1253662109375,5233979.0
2022-03-17,1726.5574586044008,1726.5574586044008,1645.5395172103943,1664.885009765625,17731459.0
2022-03-21,1670.6304916817223,1693.8810937888873,1652.766124367728,1663.4937744140625,8362085.0
2022-03-22,1660.7556174235997,1696.6638469895154,1650.880854292973,1694.329833984375,5709382.0
2022-03-23,1702.9479208832613,1705.6410383121752,1667.0396884977417,1680.8643798828125,6192824.0
2022-03-24,1666.2766908514945,1700.7934360280046,1666.2766908514945,1693.7015380859375,3784303.0
2022-03-25,1698.4592312943375,1700.2546427439086,1667.9372366516275,1684.5897216796875,3438588.0
2022-03-28,1675.118918136154,1688.4947556370578,1663.1345683715988,1682.2108154296875,4008555.0
2022-03-29,1682.2107806865477,1696.125219429775,1670.2264311695085,1693.072998046875,3917785.0
2022-03-30,1714.6179310358978,1722.6972825433968,1701.152345190066,1709.186767578125,7795839.0
2022-03-31,1705.640898756571,1717.3110733270107,1700.4341616533945,1711.7901611328125,5399145.0
2022-04-01,1693.8361285877643,1714.887394872627,1686.1608099209134,1708.827880859375,6171518.0
2022-04-04,1696.439403736475,1699.3569473597815,1681.4028327548183,1690.3349609375,7364074.0
2022-04-05,1691.0982019168066,1696.3048297207965,1667.17432082566,1670.72021484375,5472024.0
2022-04-06,1665.244068875197,1667.488333118964,1635.7544586287402,1641.76904296875,5407453.0
2022-04-07,1634.7671038301394,1641.1407927539321,1622.6480761757875,1625.7451171875,5797544.0
2022-04-08,1636.5176793751152,1649.9832664242795,1623.0520923259508,1628.9769287109375,5131446.0
2022-04-11,1628.4381324552166,1628.4381324552166,1582.2512182318208,1585.842041015625,8248407.0
2022-04-12,1577.7177902011679,1577.7177902011679,1551.0110452461267,1564.207275390625,6456184.0
2022-04-13,1575.4287009546981,1577.7178945069024,1554.8263973177552,1569.6834716796875,6257693.0
2022-04-18,1441.266496563262,1481.2144000805872,1427.352058259475,1455.5400390625,30523965.0
2022-04-19,1469.2300612636093,1469.2300612636093,1391.4438401538494,1402.21630859375,17044923.0
2022-04-20,1413.886655593176,1433.007833244966,1403.1141858362757,1425.2874755859375,10678747.0
2022-04-21,1431.8407351214557,1460.7468177276078,1426.678926828698,1453.2061767578125,7766514.0
2022-04-22,1440.2342392008813,1445.9346489594298,1420.5296412592907,1423.267578125,8134245.0
2022-04-25,1411.9115474766672,1411.9115474766672,1395.1243853901856,1401.4083251953125,7000570.0
2022-04-26,1415.8615013776625,1429.1475906516841,1406.3010225615533,1419.2728271484375,5345435.0
2022-04-27,1411.8667052446997,1411.8667052446997,1391.7580747141747,1393.95751953125,8819356.0
2022-04-28,1409.3979147465427,1437.9449991460317,1398.1316646520672,1420.708984375,9245177.0
2022-04-29,1427.352305088943,1433.9056016437141,1401.1393380363265,1407.1988525390625,9831395.0
2022-05-02,1392.2516875624908,1393.9124210662148,1374.3873235565125,1383.3643798828125,7072627.0
2022-05-04,1388.9752818655138,1409.3980885628416,1373.6245347920797,1378.47216796875,6220959.0
2022-05-05,1400.465778478004,1426.8134180541488,1398.1316560624994,1422.9981689453125,6144870.0
2022-05-06,1391.4440090997512,1402.081801059126,1378.0233510388225,1385.025390625,6171472.0
2022-05-09,1382.4668114652425,1424.4794830755254,1366.4427862489936,1409.712158203125,6832202.0
2022-05-10,1398.6256138886934,1408.6350553142338,1387.8980735846474,1394.1370849609375,6212545.0
2022-05-11,1391.39899537121,1391.39899537121,1356.9720014786396,1370.572265625,7846080.0
2022-05-12,1359.1265222178802,1371.24554999195,1350.4188201690602,1354.45849609375,7034979.0
2022-05-13,1363.884628999936,1372.816758945622,1344.8531980123605,1350.5087890625,6723761.0
2022-05-16,1355.5358785156493,1357.1966124766534,1327.3928211002003,1336.7738037109375,6145331.0
2022-05-17,1341.9803117228055,1369.0012321589384,1329.4124315587235,1363.1212158203125,6516378.0
2022-05-18,1366.3083056830963,1391.1747139308945,1351.3166617996305,1354.817626953125,6594126.0
2022-05-19,1329.502325378898,1332.8237930944929,1272.6326833436513,1281.160888671875,16561140.0
2022-05-20,1304.3664195619865,1316.709873291496,1298.7108296562692,1306.2965087890625,10488908.0
2022-05-23,1306.251510683421,1335.7860494185243,1301.7181627575667,1318.1910400390625,5887569.0
2022-05-24,1318.370775493057,1319.2236617915048,1288.432307627861,1293.5941162109375,5693167.0
2022-05-25,1288.2077880074494,1294.9405813245614,1256.114806529215,1266.1690673828125,9630092.0
2022-05-26,1272.9466588849823,1283.719127084291,1263.1168254863983,1278.2879638671875,13040065.0
2022-05-27,1296.2422023774436,1316.934364203155,1290.362295335605,1311.8623046875,8284860.0
2022-05-30,1334.8883358094386,1373.4896797501283,1333.0929244633599,1370.6170654296875,10904213.0
2022-05-31,1370.5263940981097,1377.1490921324805,1350.0688109873222,1364.085205078125,16033857.0
2022-06-01,1372.612932971673,1374.2005553330084,1335.5079082065708,1341.3594970703125,8738508.0
2022-06-02,1346.3039171942348,1373.3841995793427,1338.6833068349495,1368.0770263671875,7205840.0
2022-06-03,1383.4087625181735,1410.7158444976426,1377.1489723134544,1380.505615234375,9395707.0
2022-06-06,1375.334669946235,1394.0232323627165,1354.4687745578685,1388.0810546875,6624883.0
2022-06-07,1378.8274543628195,1378.8274543628195,1363.1780324002411,1366.8975830078125,4904592.0
2022-06-08,1379.144744602243,1379.144744602243,1353.5613899739583,1360.819091796875,4697608.0
2022-06-09,1347.2109846360613,1376.1963887958834,1344.0357398911278,1374.4273681640625,4361061.0
2022-06-10,1348.208985661335,1355.3305843397889,1336.868825108461,1339.77197265625,6516436.0
2022-06-13,1309.6524503470807,1309.6524503470807,1280.712338233923,1292.32470703125,6987685.0
2022-06-14,1279.1702210306835,1314.4608258731198,1272.9558346588265,1306.8856201171875,6090247.0
2022-06-15,1306.5678679807882,1312.1926539494157,1287.1988962903904,1290.238037109375,4651958.0
2022-06-16,1304.5720675297325,1309.7885413741665,1262.8402767742612,1267.5577392578125,6641772.0
2022-06-17,1261.9784641623437,1267.3309313181774,1240.2960551585052,1258.576416015625,9692047.0
2022-06-20,1261.0711313296624,1290.3740367989146,1253.7680243721102,1282.9349365234375,4595194.0
2022-06-21,1291.8710851982403,1320.9018961015715,1290.737069147329,1315.367919921875,6270787.0
2022-06-22,1302.8029904960238,1324.1677855678092,1301.8503727550444,1303.8916015625,6253366.0
2022-06-23,1306.2051203282867,1322.7163500853471,1300.036028581826,1317.6812744140625,6254281.0
2022-06-24,1322.7164420353206,1331.334964805784,1296.3165681187597,1307.384521484375,6114340.0
2022-06-27,1331.8339449854482,1346.303946473831,1329.2030054210798,1337.776123046875,4511097.0
2022-06-28,1332.6957115355226,1350.1595593551679,1318.1803055555579,1342.8111572265625,4412178.0
2022-06-29,1328.7946624267454,1339.9534251599073,1321.8091675409512,1327.479248046875,5060038.0
2022-06-30,1329.112381623726,1344.4895968857418,1319.9948471449084,1326.254638671875,9165177.0
2022-07-01,1319.087388364539,1347.2109846776757,1308.518337278756,1342.130615234375,4651635.0
2022-07-04,1342.901839574178,1353.7883939230314,1326.345204835297,1349.9327392578125,4800224.0
2022-07-05,1359.7306341867263,1369.8459686483452,1335.4172860401247,1339.000732421875,7379669.0
2022-07-06,1344.6709122978723,1360.8193461699268,1333.6029592465284,1353.244140625,5209162.0
2022-07-07,1363.5862347579819,1373.4747656207644,1356.9181321249366,1359.6397705078125,3323472.0
2022-07-08,1374.427478165659,1376.1964989390626,1360.7738803721873,1373.928466796875,3652582.0
2022-07-11,1356.2831490104652,1360.7285139218584,1330.3368848303196,1336.4605712890625,4702638.0
2022-07-12,1326.163860792882,1332.3328420632538,1302.7577236881664,1305.116455078125,4710356.0
2022-07-13,1315.458659703502,1324.5307883911123,1305.1164108508747,1310.423583984375,5264025.0
2022-07-14,1316.3659058640824,1318.134926705403,1282.799028870994,1296.2711181640625,6157606.0
2022-07-15,1311.8297387301836,1311.8297387301836,1279.7597876672385,1297.6318359375,5620018.0
2022-07-18,1315.4586780241734,1355.0131375042863,1313.6896572029552,1351.656494140625,5835171.0
2022-07-19,1335.0090819172656,1348.8893717454062,1333.6935568698457,1346.43994140625,3418540.0
2022-07-20,1361.953321902618,1384.225442171951,1360.8193058144393,1374.69970703125,5079392.0
2022-07-21,1376.2420400466112,1392.9800746145359,1363.631757939619,1390.666748046875,5008061.0
2022-07-22,1391.6644179192049,1397.1076946516139,1353.6975848594027,1366.53466796875,7020642.0
2022-07-25,1342.765703322451,1376.3779833666647,1342.765703322451,1364.085205078125,7859626.0
2022-07-26,1357.780137915972,1357.780137915972,1310.9225719330734,1316.501953125,7268273.0
2022-07-27,1316.3656387661542,1336.324318333939,1310.9223625203947,1334.5552978515625,4517285.0
2022-07-28,1357.5533877504583,1383.000642812574,1351.6110990365607,1376.6048583984375,6636841.0
2022-07-29,1390.5759062138168,1411.35099196503,1386.2212402192902,1405.90771484375,7009465.0
2022-08-01,1418.8809307454737,1418.8809307454737,1395.202696952757,1407.132568359375,2983249.0
2022-08-02,1403.050123738897,1403.4583252373575,1386.538782878084,1400.373779296875,4374635.0
2022-08-03,1405.272814018888,1424.3242853516167,1397.0171985901254,1420.7861328125,6011955.0
2022-08-04,1440.2004889831908,1455.033397854832,1428.814922709787,1451.449951171875,7402209.0
2022-08-05,1459.161245553542,1474.8559622239864,1453.6272690310873,1466.645751953125,5361971.0
2022-08-08,1466.963169953547,1471.499234177275,1447.9117002138908,1469.1405029296875,3763409.0
2022-08-10,1470.7733009905926,1470.7733009905926,1440.7445803999908,1453.7630615234375,4423829.0
2022-08-11,1478.7569376887157,1479.981652880995,1466.0559578558064,1469.639404296875,3462090.0
2022-08-12,1463.6064179821378,1464.2414226287779,1442.6044200379383,1446.1878662109375,3562286.0
2022-08-16,1459.7055121386732,1459.7055121386732,1443.4663795689878,1448.3199462890625,3004430.0
2022-08-17,1448.319962808223,1462.4271674367703,1437.9324195950876,1457.210693359375,4067324.0
2022-08-18,1446.1880779329435,1449.9076287158357,1427.9531205875353,1436.0726318359375,4635706.0
2022-08-19,1438.2046224349253,1455.985972727663,1438.023113412736,1448.90966796875,4739884.0
2022-08-22,1438.8394591610838,1450.6332252197813,1427.9529058761323,1429.4498291015625,3950555.0
2022-08-23,1404.3655261856406,1410.262409855025,1390.7573331024466,1399.28515625,5551574.0
2022-08-24,1392.5716896119156,1402.5510307101117,1388.9428383034808,1394.8397216796875,2888426.0
2022-08-25,1404.3653121390466,1405.0003167553077,1373.2932760016033,1377.2850341796875,4331088.0
2022-08-26,1392.7078235409888,1401.5984429909956,1376.6500897106735,1380.3697509765625,3079136.0
2022-08-29,1332.287622633787,1332.287622633787,1315.4587781060266,1326.1185302734375,8079050.0
2022-08-30,1336.4151874553734,1357.281082385042,1329.9739985606177,1354.42333984375,6725875.0
2022-09-01,1324.576097843867,1331.8790944646682,1316.4111826136234,1328.3409423828125,8140604.0
2022-09-02,1340.8606195627042,1340.8606195627042,1313.644233509334,1318.1802978515625,5175653.0
2022-09-05,1316.3658682629728,1330.8812741156314,1312.1473062882924,1325.710205078125,3669352.0
2022-09-06,1325.7103581526947,1333.6030666989145,1311.3309439745638,1320.0855712890625,3428442.0
2022-09-07,1306.3862339293073,1329.7469599874182,1304.6172135350214,1322.3985595703125,3600574.0
2022-09-08,1338.13893063629,1343.6729067769502,1327.7966821761806,1338.9554443359375,4061475.0
2022-09-09,1349.9326999442885,1378.9635106957787,1342.674997256416,1371.3883056640625,4816910.0
2022-09-12,1384.2253536649393,1402.4603090481628,1380.0067919378967,1393.6602783203125,5494819.0
2022-09-13,1407.903584157342,1408.9014961011296,1398.2871505052733,1401.598388671875,4947158.0
2022-09-14,1358.0977298843989,1359.8667507661016,1335.4174070740382,1338.501953125,14332197.0
2022-09-15,1338.138952185551,1338.3203504578364,1296.45256607429,1299.8546142578125,12784100.0
2022-09-16,1292.7784028322828,1292.7784028322828,1241.3847690902326,1249.277587890625,20464045.0
2022-09-19,1262.840313282475,1275.541293444799,1252.498064430117,1261.298095703125,6595241.0
2022-09-20,1277.3101661666406,1282.3906462376121,1256.5803766678841,1259.7103271484375,7219797.0
2022-09-21,1251.8629984379054,1259.9372147231684,1241.4300509581421,1249.4588623046875,7917054.0
2022-09-22,1239.5702101574118,1255.5371335852622,1233.80943091915,1241.021728515625,9168498.0
2022-09-23,1240.6134926298298,1265.3804461403417,1235.6238222755599,1238.753662109375,10426200.0
2022-09-26,1233.8094816948922,1269.5989844950832,1229.2734174239552,1252.1805419921875,9414587.0
2022-09-27,1264.1556500846286,1275.9948215927839,1250.1392564200899,1264.2464599609375,8561254.0
2022-09-28,1251.046475907764,1275.4051179200892,1249.2320502719297,1265.2896728515625,7022098.0
2022-09-29,1274.5433714005803,1279.0340307679621,1263.7475161988737,1268.873291015625,6119965.0
2022-09-30,1260.0732124836215,1287.6072103937954,1248.3248506647649,1282.2999267578125,8120130.0
2022-10-03,1280.98449026065,1280.98449026065,1257.3969571538678,1264.4278564453125,4943169.0
2022-10-04,1287.9701100239968,1299.3556762181945,1282.7990407907328,1296.7701416015625,6631341.0
2022-10-06,1310.9225051715146,1324.3492990029515,1310.1059914970522,1320.1307373046875,6180672.0
2022-10-07,1312.1474027075963,1322.5803514308293,1306.5227268238814,1316.54736328125,3994466.0
2022-10-10,1294.0029457542655,1329.066742368926,1294.0029457542655,1326.934814453125,5274677.0
2022-10-11,1326.9348942612842,1342.3575126771138,1288.3329432818086,1291.689697265625,12824774.0
2022-10-12,1303.664798259727,1307.3843486042717,1282.3907023211864,1296.1348876953125,5481467.0
2022-10-13,1298.2216523105023,1304.5267376311374,1283.7062459953604,1288.151611328125,4821514.0
2022-10-14,1347.2110338811046,1355.37594923796,1331.1080063717516,1337.45849609375,14990688.0
2022-10-17,1339.8627206241326,1356.2832515544005,1338.5926004471692,1351.7017822265625,4286396.0
2022-10-18,1369.8912659285243,1370.7530737519746,1358.3243032526377,1364.17578125,4692004.0
2022-10-19,1364.448228692281,1365.310036666888,1343.8545397508806,1347.619384765625,3553171.0
2022-10-20,1338.139027990448,1364.4482021000908,1337.4132133726773,1361.6358642578125,4583939.0
2022-10-21,1361.0915509372185,1366.2626201422443,1352.9719290790936,1361.27294921875,3594485.0
2022-10-24,1377.6026499274944,1380.5964964935235,1370.7985538626567,1377.012939453125,982837.0
2022-10-25,1386.3118716885508,1390.6665374705215,1379.9160878294856,1384.678955078125,3914341.0
2022-10-27,1403.9386622242373,1407.6988621560834,1387.1551861000603,1397.65625,6760137.0
2022-10-28,1399.5365148544627,1401.3248686337695,1382.1110929788172,1387.8431396484375,3053981.0
2022-10-31,1403.4341822194212,1418.245811891941,1403.4341822194212,1410.220947265625,4542336.0
2022-11-01,1424.3447111160303,1444.4756121674845,1418.887736075427,1442.641357421875,4542692.0
2022-11-02,1441.7243350182016,1442.412180597886,1416.9618941495685,1424.5740966796875,2938906.0
2022-11-03,1411.2297190433037,1415.9529473175025,1395.546863646527,1403.8927001953125,3174027.0
2022-11-04,1394.4463107382567,1394.4463107382567,1376.7458190882635,1388.5308837890625,4509682.0
2022-11-07,1395.3175530956448,1401.2788807869697,1367.528549999092,1382.5235595703125,4898592.0
2022-11-09,1402.2876797188958,1402.2876797188958,1376.6998049643528,1385.9627685546875,3334755.0
2022-11-10,1361.934347796899,1386.6967904841151,1361.934347796899,1377.4796142578125,3435763.0
2022-11-11,1418.475217234108,1443.1000672976652,1418.475217234108,1439.9818115234375,7214098.0
2022-11-14,1444.613253594111,1459.516573917289,1438.468432811522,1453.922119140625,4908813.0
2022-11-15,1447.089492665349,1465.4320412606673,1442.4121651643493,1461.901123046875,3497614.0
2022-11-16,1464.7901313371106,1475.658069244969,1461.4425937488243,1469.971923828125,4497697.0
2022-11-17,1464.8358035943602,1469.9718064752024,1451.7667384557692,1455.8480224609375,3469515.0
2022-11-18,1459.7916463166098,1465.5695937519367,1444.9342271315247,1461.350830078125,3126064.0
2022-11-21,1450.9871057683945,1456.2605878409026,1434.433024869714,1438.239013671875,3071764.0
2022-11-22,1438.9728102933216,1456.3982299208378,1432.552918851605,1453.6927490234375,3399329.0
2022-11-23,1457.2236776068496,1460.0667500182162,1448.419277384479,1451.9501953125,3245067.0
2022-11-24,1457.3155299527643,1500.4205204548284,1453.4177382584287,1494.734375,5282215.0
2022-11-25,1496.201695768672,1507.7574788728768,1480.0602755632722,1500.0994873046875,4563255.0
2022-11-28,1493.0833876173003,1516.4701360105687,1485.7463685135297,1488.8646240234375,3825766.0
2022-11-29,1486.8468473018079,1502.9424774251793,1481.2066035401367,1494.04638671875,3131710.0
2022-11-30,1485.7004864644923,1509.3624181599896,1479.4640873185208,1499.4573974609375,11868134.0
2022-12-01,1518.9462914993808,1533.9872026204164,1515.369584352362,1519.771728515625,5407928.0
2022-12-02,1518.7629471181933,1524.0823307242517,1498.540243529846,1502.1629638671875,4283343.0
2022-12-05,1502.2546462279884,1508.5369463809327,1488.77291854345,1503.859619140625,3824966.0
2022-12-06,1490.3320828612875,1491.2492102968945,1474.3282538915594,1479.23486328125,4822398.0
2022-12-07,1474.7409387408518,1489.2315972240235,1464.3773537802756,1472.4481201171875,4898087.0
2022-12-08,1472.4479729502166,1489.3231387245678,1466.0280814456066,1485.8839111328125,4206837.0
2022-12-09,1493.083379473675,1493.083379473675,1431.7275351622377,1439.248046875,8880658.0
2022-12-12,1421.5473714407533,1436.1755076749384,1403.2507258609144,1418.9793701171875,8037679.0
2022-12-13,1418.9794213639211,1446.7684254424607,1413.4308679506453,1441.86181640625,6135067.0
2022-12-14,1450.8954950923392,1456.8568229798866,1442.641348786504,1448.510986328125,4976020.0
2022-12-15,1439.2480298964012,1439.8899742752963,1408.0197980930882,1412.834716796875,6443866.0
2022-12-16,1398.6192710071691,1421.0888920823663,1386.7425160776045,1396.05126953125,9630453.0
2022-12-19,1382.9822609021824,1391.1906185589476,1371.151406638808,1382.4320068359375,6222740.0
2022-12-20,1376.6082828344672,1390.3651943884424,1359.5955240977712,1382.38623046875,7396259.0
2022-12-21,1389.4480065636799,1394.9507709461102,1377.8463225999167,1384.44970703125,6236361.0
2022-12-22,1395.4093535025568,1403.159035330933,1386.467361260263,1395.913818359375,6302640.0
2022-12-23,1383.6701502561066,1384.7707703774543,1369.2712939559335,1373.031494140625,6283822.0
2022-12-26,1376.1496474837907,1384.7706673330085,1372.3435464278352,1377.8922119140625,4115459.0
2022-12-27,1384.816356461264,1395.3633206748425,1373.398166072519,1389.310302734375,4860076.0
2022-12-28,1380.36834007092,1398.573295419047,1374.3153220044476,1384.9998779296875,5029860.0
2022-12-29,1379.3596220007287,1395.2259709449818,1376.6082397759933,1391.7867431640625,4624745.0
2022-12-30,1401.370592109832,1403.5717201426937,1379.4054368384104,1383.21142578125,5060544.0
2023-01-02,1388.5308744976214,1399.9949669224698,1379.4055017090532,1397.7021484375,3801140.0
2023-01-03,1393.896125248884,1405.6354013294995,1389.53976988402,1396.3724365234375,4551130.0
2023-01-04,1394.9508128847058,1394.9508128847058,1367.5286804970206,1370.922119140625,7059590.0
2023-01-05,1381.1022918875108,1381.1022918875108,1347.48954741884,1352.9464111328125,9868404.0
2023-01-06,1348.1773465478836,1352.7629837810398,1326.6248515520501,1328.4591064453125,6443714.0
2023-01-09,1328.1839392343245,1365.9237565030876,1328.1839392343245,1361.4298095703125,11498717.0
2023-01-10,1359.182808712685,1360.9253731659428,1333.5491426282238,1347.947998046875,7158624.0
2023-01-11,1348.1773211820307,1370.1883794870434,1342.6745566057775,1349.32373046875,6173092.0
2023-01-12,1359.136903308,1361.9341866547945,1334.4203647021723,1357.8988037109375,6591385.0
2023-01-13,1360.5586764335903,1393.4835768048276,1346.3431998682242,1379.038818359375,11610426.0
2023-01-16,1384.862526662621,1401.3708216824402,1377.800689685759,1399.0780029296875,6073063.0
2023-01-17,1400.4533892015468,1414.3936794008594,1397.702007297418,1411.91748046875,5922644.0
2023-01-18,1416.7325801385587,1423.24416242099,1412.0093515411083,1417.3287353515625,5843098.0
2023-01-19,1412.284681224954,1421.1349841260228,1399.674177907226,1411.3675537109375,6165284.0
2023-01-20,1410.5419708855652,1416.9618628206752,1397.7021870153455,1399.123779296875,6496429.0
2023-01-23,1407.7906002862817,1424.574076980102,1401.4623986498889,1419.7132568359375,4855020.0
2023-01-24,1430.7187486357645,1438.7895145635266,1421.3181927553053,1423.2900390625,5200802.0
2023-01-25,1418.7960730383943,1427.0502195525155,1411.2297720671163,1415.1275634765625,4158617.0
2023-01-27,1417.8788751387417,1422.4186107141427,1382.47778201832,1393.2540283203125,6209955.0
2023-01-30,1402.104361110933,1416.0446522844554,1394.0335955131943,1411.275634765625,6964719.0
2023-01-31,1420.53866769089,1420.53866769089,1387.6137712822178,1406.6441650390625,9448126.0
2023-02-01,1414.3938182397721,1426.1789947825198,1401.4165552146444,1422.5562744140625,6194199.0
2023-02-02,1423.3816939621152,1455.4352511160564,1423.3816939621152,1452.50048828125,6916834.0
2023-02-03,1465.1109512577386,1471.668434244157,1442.6413310350065,1466.853515625,7040194.0
2023-02-06,1465.569600374364,1465.569600374364,1432.186140277909,1439.75244140625,4570612.0
2023-02-07,1438.9728179482734,1445.4386105734359,1426.224725341101,1432.9197998046875,4336238.0
2023-02-08,1435.7629765999538,1470.1552548640857,1435.7629765999538,1458.691162109375,7983338.0
2023-02-09,1463.9188210530715,1485.5172177269346,1454.6100668071153,1482.9951171875,6904911.0
2023-02-10,1479.2805100226515,1482.3529761992756,1464.1479087924397,1475.2452392578125,4786762.0
2023-02-13,1464.6524284395919,1464.6524284395919,1436.2214796095184,1437.55126953125,4001199.0
2023-02-14,1453.3717726405816,1463.7353572321708,1447.3646552328803,1461.2132568359375,5043736.0
2023-02-15,1452.7298068628425,1466.48671791268,1445.3927876362625,1464.6983642578125,3465747.0
2023-02-16,1467.4036914951487,1480.6561363023575,1465.4318453938986,1469.0545654296875,4290289.0
2023-02-17,1461.901041196995,1462.8181685754123,1444.934184696277,1452.54638671875,2857734.0
2023-02-20,1453.6009151504752,1470.1551082186375,1451.3539979762904,1460.4793701171875,2417716.0
2023-02-21,1466.2115851689005,1468.9171782738615,1445.3928371814657,1448.602783203125,2723288.0
2023-02-22,1433.4702591770406,1444.4757889979776,1426.408422323555,1432.3697509765625,3656244.0
2023-02-23,1439.7524657040512,1439.7524657040512,1419.850845363736,1422.189453125,4766854.0
2023-02-24,1430.7186730615194,1438.972819252259,1416.96176274362,1422.1435546875,2790986.0
2023-02-27,1412.376101427138,1412.376101427138,1377.525262560754,1384.2203369140625,4920268.0
2023-02-28,1389.9983063812856,1397.7021991611691,1358.5409027983055,1364.27294921875,9679811.0
2023-03-01,1368.7209440691638,1376.4706257604705,1358.7242330919914,1372.0684814453125,5125043.0
2023-03-02,1361.9341118834534,1365.2357479456998,1345.701002604229,1350.1490478515625,4644499.0
2023-03-03,1363.5389743065641,1366.3362572732274,1350.9284742919583,1356.7064208984375,4615015.0
2023-03-06,1370.6927064845922,1394.400425758518,1369.4087058218104,1382.5235595703125,6561742.0
2023-03-08,1367.0242374099919,1372.02253676298,1358.3573166463943,1368.9959716796875,4137080.0
2023-03-09,1371.105492034302,1374.177846498556,1352.3960702873087,1357.7154541015625,5104656.0
2023-03-10,1339.0060106489143,1352.1209773156488,1336.850783639018,1349.598876953125,3699580.0
2023-03-13,1342.8579415523982,1355.7895279106722,1309.6579732857313,1316.1695556640625,8798403.0
2023-03-14,1321.5805984711983,1328.321462547265,1294.066776157433,1302.3209228515625,7402784.0
2023-03-15,1318.829142580857,1323.277187882345,1299.4318765422183,1301.9998779296875,7556182.0
2023-03-16,1300.3032376058475,1300.3032376058475,1282.786015172728,1287.738525390625,7323117.0
2023-03-17,1311.4922204768466,1323.3231866747517,1294.4336727271848,1302.962890625,9090018.0
2023-03-20,1302.0456322126888,1302.0456322126888,1270.0837669911443,1287.3258056640625,8221829.0
2023-03-21,1283.0611764780233,1288.5639406373286,1274.8070302390654,1275.448974609375,8536755.0
2023-03-22,1286.7297646654838,1290.6275561835369,1267.60768043243,1274.1192626953125,8356487.0
2023-03-23,1269.258235844495,1269.258235844495,1256.4643552568782,1260.6373291015625,7607718.0
2023-03-24,1272.9726746938736,1283.0151737075835,1263.3428381778178,1266.2318115234375,7559127.0
2023-03-27,1271.3677950652989,1280.0805049322928,1260.2246753182865,1273.843994140625,4170193.0
2023-03-28,1276.7329164174637,1282.1439899820111,1261.8295975067285,1263.4345703125,6633366.0
2023-03-29,1264.7186272999518,1274.715337897841,1251.466181751986,1268.8916015625,8813966.0
2023-03-31,1287.6469035198686,1311.4463153951938,1278.3839389266645,1309.612060546875,8711975.0
2023-04-03,1316.0777246615953,1316.0777246615953,1288.7014961247696,1293.9290771484375,5242764.0
2023-04-05,1283.978386725391,1309.199390750354,1283.978386725391,1305.5767822265625,7506334.0
2023-04-06,1298.652159367044,1310.0245594246192,1293.470368120011,1304.063232421875,6948465.0
2023-04-10,1305.9434783219242,1315.160653204444,1297.7352331131717,1309.291015625,4993788.0
2023-04-11,1310.4834237107443,1314.564596044306,1273.8900163996034,1289.6187744140625,6942255.0
2023-04-12,1295.946912669283,1312.8678683565352,1283.9783553609145,1309.93310546875,5831169.0
2023-04-13,1292.9203774786417,1294.1126879036105,1268.3872190480308,1274.0733642578125,11267238.0
2023-04-17,1146.6844649704485,1156.6352751470652,1087.071182308468,1154.021484375,53171705.0
2023-04-18,1164.7059031013866,1164.7059031013866,1149.2523287192262,1154.984375,12430884.0
2023-04-19,1150.3987451220048,1150.3987451220048,1127.5164610086156,1130.0843505859375,11307230.0
2023-04-20,1128.7086346529145,1135.2661178854821,1120.1794170940875,1122.013671875,8621249.0
2023-04-21,1126.3240759811504,1131.047304223771,1118.8953668380302,1125.63623046875,8691352.0
2023-04-24,1126.2325338323785,1128.0667887734735,1117.0612591269032,1124.6734619140625,8313774.0
2023-04-25,1124.3523209198693,1133.110932602619,1114.3098204064606,1123.389404296875,6808576.0
2023-04-26,1126.232364666585,1130.818001330537,1119.3998108189048,1125.8197021484375,5680192.0
2023-04-27,1128.0666511252507,1144.3915628906238,1123.8478876663187,1142.969970703125,8020704.0
2023-04-28,1151.6368776414001,1154.6634429645405,1141.7777576955154,1148.931396484375,10118277.0
2023-05-02,1150.5822227207543,1173.6937883843755,1150.5822227207543,1171.5843505859375,8886401.0
2023-05-03,1161.0833162689144,1167.044644512001,1157.506496932256,1163.9722900390625,5549783.0
2023-05-04,1163.788814662558,1170.0712271598577,1157.8733874843501,1168.0076904296875,4505401.0
2023-05-05,1173.0059852361912,1173.0059852361912,1150.307081299838,1154.755126953125,5373791.0
2023-05-08,1157.8274569243922,1165.0269966744686,1151.1782831849423,1160.7164306640625,5260842.0
2023-05-09,1161.083344621019,1166.5861092874693,1156.2225243840412,1165.393798828125,4969897.0
2023-05-10,1170.621404606506,1170.621404606506,1154.800957377408,1158.5611572265625,6515734.0
2023-05-11,1164.9812836207216,1170.1630767278918,1149.2067343631545,1152.00390625,6888461.0
2023-05-12,1149.4816913442992,1151.9121015289375,1136.366835704728,1142.007080078125,8292212.0
2023-05-15,1146.317457613311,1163.742876662217,1142.4196665102663,1154.067138671875,5534710.0
2023-05-16,1160.1661142944206,1168.3743594123644,1158.1025777274938,1159.524169921875,5236469.0
2023-05-17,1156.1307625392042,1156.4517347340925,1139.48487806171,1143.566162109375,10465667.0
2023-05-18,1154.2965053260136,1155.2595338626716,1139.4848756551935,1142.74072265625,6948732.0
2023-05-19,1151.9578558336234,1167.7783026634847,1148.9771919381424,1163.742919921875,11094136.0
2023-05-22,1167.4572849700612,1188.2302430762331,1164.9810857591126,1185.662353515625,7625947.0
2023-05-23,1191.5319975732739,1205.2431208057392,1189.5602630208477,1192.3116455078125,7436031.0
2023-05-24,1188.8723607693044,1196.8513248198226,1184.2867235094584,1191.027587890625,4824077.0
2023-05-25,1187.2214442639772,1198.6855370050355,1182.4065253127328,1196.255126953125,4334121.0
2023-05-26,1197.768466581114,1213.7722960275548,1197.768466581114,1208.26953125,5521606.0
2023-05-29,1222.2555306990143,1222.2555306990143,1201.299193894401,1205.47216796875,4419365.0
2023-05-30,1206.0223620534443,1216.477635339615,1200.6571899058342,1214.138916015625,6274719.0
2023-05-31,1210.4705525350664,1220.7882355808035,1205.24297124017,1209.049072265625,17800782.0
2023-06-01,1212.9468193268542,1219.3208096161989,1208.8655354543341,1210.1495361328125,4277841.0
2023-06-02,1216.6558726063317,1220.28076764581,1204.619482886525,1207.361328125,10909311.0
2023-06-05,1212.0084173773478,1217.0738979713722,1205.7811188985672,1212.47314453125,5002553.0
2023-06-06,1197.6949566393228,1197.6949566393228,1183.195490212996,1188.772216796875,10008100.0
2023-06-07,1199.4608412306454,1202.7139314625765,1192.0252064148026,1198.0201416015625,5397578.0
2023-06-08,1195.4642535429527,1200.8551346703464,1190.7240585978548,1192.30419921875,5034942.0
2023-06-09,1192.0252152176977,1192.0252152176977,1174.83030957908,1176.6427001953125,5339073.0
2023-06-12,1183.6602050671725,1204.2940478285252,1183.1954778567024,1200.80859375,4785588.0
2023-06-13,1208.1979515705652,1214.3323287023295,1205.5490288839856,1212.7987060546875,4846587.0
2023-06-14,1214.19280628768,1214.5180926556236,1201.970457495657,1208.66259765625,3457981.0
2023-06-15,1202.6673581303833,1202.6673581303833,1192.1645925106025,1196.0218505859375,6161155.0
2023-06-16,1196.2079211832083,1209.685011204309,1190.6777123856557,1200.5299072265625,8536287.0
2023-06-19,1202.7139892578125,1207.8259884393565,1196.2543265846496,1202.7139892578125,4451787.0
2023-06-20,1202.7139122035937,1212.9379099116616,1200.018471934256,1211.4508056640625,4009180.0
2023-06-21,1208.244295499256,1211.822785983513,1203.6435412463507,1207.6866455078125,4041529.0
2023-06-22,1198.4385283465883,1198.4385283465883,1183.6601806665321,1191.142333984375,6676607.0
2023-06-23,1186.4018494903098,1189.097289546735,1174.2260213278616,1175.7596435546875,7239467.0
2023-06-26,1180.6394991230175,1184.1249532633137,1173.2038636237187,1180.732421875,3403244.0
2023-06-27,1189.7016346437479,1191.5605434478787,1184.3107537282526,1188.91162109375,3240024.0
2023-06-28,1198.9962136352735,1205.2235129272265,1191.0029282361302,1202.10986328125,5662358.0
2023-06-30,1215.9121063481953,1244.4464222893582,1212.426652618648,1241.2862548828125,12821692.0
2023-07-03,1236.1743453719541,1251.0456156922185,1234.7336456761632,1239.61328125,7732412.0
2023-07-04,1249.4656016820998,1251.0456287866502,1237.4756171691324,1250.255615234375,5797775.0
2023-07-05,1262.059704711734,1262.152627465157,1246.3984198903297,1252.2540283203125,5414936.0
2023-07-06,1247.8390092927943,1252.3932449368162,1242.819933005186,1249.09375,5963897.0
2023-07-07,1239.8922016871068,1250.8598092744526,1231.8523982272873,1236.3602294921875,6295647.0
2023-07-10,1242.262385005227,1247.2349435988492,1226.229295814045,1235.3843994140625,3940315.0
2023-07-11,1239.381022308118,1255.600070946012,1233.3860863375473,1253.4622802734375,6126128.0
2023-07-12,1255.6928743826675,1256.52940602109,1233.3859691382677,1239.2415771484375,8102770.0
2023-07-13,1240.728739413603,1279.6729026631901,1236.9644035943056,1268.7982177734375,9977644.0
2023-07-14,1283.2513703020002,1329.1199269059089,1283.2513703020002,1325.3555908203125,12833381.0
2023-07-17,1325.3553796402884,1356.027373066275,1314.5273272735951,1322.5670166015625,11569884.0
2023-07-18,1332.8377457769811,1373.687225447086,1328.1904733021659,1371.1312255859375,16743977.0
2023-07-19,1381.1693208273919,1393.0663832409173,1357.6540777205,1370.8988037109375,13687062.0
2023-07-20,1367.227286163467,1367.227286163467,1339.0647752661876,1347.2440185546875,8347221.0
2023-07-21,1227.065695806331,1254.7634832648805,1212.9380338227177,1237.6614990234375,45548305.0
2023-07-24,1246.398337830829,1254.670504599167,1240.1245206940966,1242.3087158203125,8859789.0
2023-07-25,1242.6805423705,1248.1178279606174,1230.829998679233,1240.4498291015625,6801982.0
2023-07-26,1248.2571728357643,1254.7633531856156,1244.9111599190257,1253.6944580078125,5528885.0
2023-07-27,1262.756642875828,1267.5898735162018,1252.0215133305276,1257.691162109375,9191861.0
2023-07-28,1258.3417870049511,1267.6363307852569,1241.7510490488623,1245.93359375,6122735.0
2023-07-31,1253.6016166280715,1261.7343425932213,1239.1950734898064,1260.061279296875,7902180.0
2023-08-01,1265.9169045571427,1272.4230854175687,1261.2696325139816,1268.89111328125,6064652.0
2023-08-02,1272.7020250125254,1275.1649885403967,1253.322808944047,1261.1302490234375,7419145.0
2023-08-03,1254.7634441524986,1270.145959906921,1253.8339897494227,1268.0546875,6503741.0
2023-08-04,1272.3302261741662,1288.1309519095748,1265.9169677427412,1281.113525390625,5712345.0
2023-08-07,1289.9897857158628,1296.5888892705716,1279.8587100541772,1294.72998046875,3729093.0
2023-08-08,1294.5905182197114,1295.2412043648678,1286.7366740453401,1292.12744140625,4161877.0
2023-08-09,1286.3647802992666,1297.5182321515724,1284.9705988177284,1296.0311279296875,4090828.0
2023-08-10,1293.428738571801,1297.3325151820761,1287.8520120932285,1291.1051025390625,3873025.0
2023-08-11,1293.8004268479058,1298.3082576548654,1270.6105867070967,1275.0718994140625,5783517.0
2023-08-14,1275.0719825934739,1296.5888744198694,1269.2628926543166,1295.2412109375,4304135.0
2023-08-16,1311.2742769730567,1319.7786937329943,1306.2552006588273,1318.4310302734375,7735313.0
2023-08-17,1319.825402835044,1319.825402835044,1306.8130397085015,1311.9715576171875,5618346.0
2023-08-18,1304.6750735005544,1309.3223454207798,1288.3632171358356,1290.8262939453125,5134103.0
2023-08-21,1291.709264831686,1307.742353385992,1289.2927060601864,1306.2552490234375,3032722.0
2023-08-22,1305.6044938755163,1306.8593480283198,1298.1224543541218,1304.7215576171875,2890714.0
2023-08-23,1316.1073972557133,1316.665047189912,1306.4875671497327,1308.625244140625,2559125.0
2023-08-24,1321.2193112047876,1324.5189194126233,1314.6666128884629,1323.171142578125,5171963.0
2023-08-25,1313.3191091316864,1322.1489262136051,1311.832004735964,1319.918212890625,4307172.0
2023-08-28,1319.9181310643203,1324.286634688253,1311.8319234109513,1315.7821044921875,3133464.0
2023-08-29,1323.5430036830764,1323.914808117441,1315.4567961648745,1317.6409912109375,3074444.0
2023-08-30,1326.331539526786,1335.3007979273286,1323.5431760940035,1333.9066162109375,3070887.0
2023-08-31,1333.9066565282626,1342.9688379587094,1327.865202241298,1334.1854248046875,9792735.0
2023-09-01,1330.002812639452,1343.991147630047,1327.4468128773617,1341.9927978515625,3582133.0
2023-09-04,1341.2026120597739,1366.2978792292915,1333.4880956574837,1361.7435302734375,4609014.0
2023-09-05,1361.6507510555587,1375.639085724664,1353.7503883361237,1374.5701904296875,5496840.0
2023-09-06,1377.3585524279374,1378.2880068646311,1360.0707225971962,1373.222412109375,5075786.0
2023-09-07,1366.855490811992,1369.458008273438,1358.9087245064234,1362.765869140625,4411743.0
2023-09-08,1360.2566199430964,1370.7129827544118,1357.1893748015916,1365.92626953125,3125838.0
2023-09-11,1365.9261069950462,1373.7800644251438,1361.1859124430616,1372.2928466796875,4182226.0
2023-09-12,1377.9161503149019,1397.8994199484737,1372.8970738547118,1395.2039794921875,6793161.0
2023-09-13,1398.828720932686,1398.828720932686,1383.6321658256047,1392.6478271484375,4804686.0
2023-09-14,1398.8288446904617,1405.846270656975,1393.3915592483722,1400.6412353515625,6444213.0
2023-09-15,1410.9120328979336,1411.283837416546,1402.5469417937957,1404.9635009765625,8657816.0
2023-09-18,1398.7358880088802,1398.7358880088802,1383.0280866448797,1386.56005859375,3991916.0
2023-09-20,1372.060626309963,1389.6273382680865,1372.060626309963,1385.1195068359375,4169337.0
2023-09-21,1381.6804443744052,1398.4106230981856,1371.8746553500082,1395.80810546875,6779195.0
2023-09-22,1386.6530901473643,1400.6413112772677,1380.425677376095,1390.603271484375,5455613.0
2023-09-25,1384.7475392640083,1384.7475392640083,1367.7385927513728,1370.1551513671875,4217863.0
2023-09-26,1374.8025733524212,1375.4996641903995,1356.0740434803138,1357.607666015625,3996528.0
2023-09-27,1353.2856448640935,1365.9262023716149,1347.7554364104253,1363.5096435546875,3863586.0
2023-09-28,1364.346121640076,1368.7145118891362,1333.7670495202924,1337.903076171875,5814602.0
2023-09-29,1331.0717749023968,1344.7348242112748,1316.1075800525987,1334.1854248046875,6068968.0
2023-10-03,1334.7429511957962,1335.625887435849,1320.1040453314158,1332.8375244140625,4181867.0
2023-10-04,1324.4723576469635,1347.662196700851,1318.1520231181905,1342.457275390625,4510406.0
2023-10-05,1349.5677537176623,1371.5493723980028,1347.8946904576385,1360.2099609375,7384621.0
2023-10-06,1365.8330989944286,1379.7749135469408,1360.0705276962346,1374.384033203125,3598672.0
2023-10-09,1361.5577278028998,1385.8164641413844,1359.0481329313968,1371.3634033203125,3567552.0
2023-10-10,1379.2173445271933,1391.3931739252298,1365.4613746452874,1389.6737060546875,5688951.0
2023-10-11,1391.3932433298958,1411.144149422588,1376.940181958551,1388.9766845703125,7220129.0
2023-10-12,1386.6529740945282,1398.2711535251433,1349.5677226602481,1362.1153564453125,11081662.0
2023-10-13,1305.8833450003033,1336.5553381568939,1301.2360733099106,1330.1885986328125,17973439.0
2023-10-16,1331.0716238772634,1341.7603494799055,1329.1197923285388,1332.97705078125,4850745.0
2023-10-17,1338.6467739103207,1350.8226045344618,1336.6020195003289,1340.6915283203125,3923764.0
2023-10-18,1340.2733227545561,1351.4267762032766,1336.880791305478,1338.9256591796875,4264837.0
2023-10-19,1325.49490296724,1338.0890555260446,1325.49490296724,1332.5123291015625,6795691.0
2023-10-20,1329.119720164981,1337.0200821379894,1324.7048120035936,1326.563720703125,3928622.0
2023-10-23,1325.0302081269804,1331.304025507751,1306.1158332337493,1309.2760009765625,2636516.0
2023-10-25,1317.1374123821106,1320.4797298426586,1281.6434766183827,1289.8814697265625,6940777.0
2023-10-26,1275.7590480024355,1293.6001393242148,1273.9230836517906,1279.9014892578125,6357656.0
2023-10-27,1283.8558619720413,1303.9565408986182,1283.8558619720413,1299.57861328125,4634358.0
2023-10-30,1299.5785105468342,1299.5785105468342,1283.3378978736482,1296.4716796875,2667696.0
2023-10-31,1299.2019618287502,1300.3318125956307,1283.2438397267852,1288.327880859375,3451595.0
2023-11-01,1292.7058299617952,1296.848271394198,1272.5580310195833,1274.9117431640625,3090672.0
2023-11-02,1289.8342181571022,1295.7656185619023,1281.972842805629,1289.9754638671875,3758060.0
2023-11-03,1299.2962891749294,1310.5469878192453,1297.1308279223888,1307.7696533203125,3349045.0
2023-11-06,1312.3358100714709,1324.9046103571086,1309.4172299003549,1321.185791015625,2736381.0
2023-11-07,1318.078766511828,1323.6335500133118,1313.2300966352614,1322.127197265625,2272209.0
2023-11-08,1322.7862570767434,1322.7862570767434,1305.3216665728671,1309.60546875,3550635.0
2023-11-09,1314.2188244766687,1315.7251773651033,1289.8814622493405,1294.353515625,5498051.0
2023-11-10,1289.7870751538298,1292.7998955154703,1281.3608320382564,1288.75146484375,2943649.0
2023-11-13,1299.1077990502322,1301.5556365838725,1290.6344357148544,1293.176513671875,3462092.0
2023-11-15,1317.1372799012984,1331.2595523805833,1311.4883709095843,1327.96435546875,8551860.0
2023-11-16,1333.2366316222942,1368.3540614057245,1328.058465108388,1360.3514404296875,6673907.0
2023-11-17,1356.726715350655,1366.0944431282537,1351.0778065575678,1353.4315185546875,4901251.0
2023-11-20,1357.6211505386314,1367.0359990167078,1349.7597750449072,1352.537109375,3584210.0
2023-11-21,1357.6212075918063,1365.1530866907901,1352.6784119330985,1354.7967529296875,3793135.0
2023-11-22,1352.1605387506925,1373.5793197717323,1352.1605387506925,1372.4967041015625,3108786.0
2023-11-23,1382.0056146017555,1382.0056146017555,1362.9875519464238,1364.4468994140625,3186928.0
2023-11-24,1360.9635301203575,1367.6480498608116,1349.948087939533,1353.2904052734375,2973195.0
2023-11-28,1359.504127646951,1360.4456124998921,1343.5460053605395,1358.2801513671875,3755373.0
2023-11-29,1366.1886628376049,1375.226894544369,1364.964801471109,1374.1912841796875,3875778.0
2023-11-30,1368.21286477539,1375.179875684024,1364.729416784748,1370.001708984375,10120867.0
2023-12-01,1374.4736205469867,1374.4736205469867,1361.5282051305396,1367.318359375,3489187.0
2023-12-04,1374.9915161431222,1385.7715867334168,1364.4940519087752,1378.663330078125,5511948.0
2023-12-05,1380.0285133783032,1381.0641237085301,1357.621128395019,1368.871826171875,5123039.0
2023-12-06,1371.5080232268922,1390.5730909944189,1366.1416056780827,1388.0311279296875,5269178.0
2023-12-07,1386.6659544767813,1386.6659544767813,1376.2626157196041,1380.1226806640625,4424453.0
2023-12-08,1384.3593311792147,1407.2373438258442,1380.4521461092754,1403.8951416015625,6323433.0
2023-12-11,1402.812373706227,1410.3442522227704,1395.2804951896835,1401.400146484375,3862018.0
2023-12-12,1391.0439401422552,1402.8125013955737,1381.7703368601112,1389.6788330078125,6103494.0
2023-12-13,1389.631763150233,1389.6788833678963,1349.2891566973667,1364.211669921875,8549258.0
2023-12-14,1377.7689770027378,1422.5836336750658,1375.8388870549381,1413.5924072265625,12489858.0
2023-12-15,1433.9286284897844,1495.5958896794918,1431.9985384663394,1486.039794921875,18395389.0
2023-12-18,1476.2012123244115,1499.7854551895782,1468.9989447357254,1472.8118896484375,6467243.0
2023-12-19,1478.225296674548,1481.8499902553428,1452.9464521784103,1467.1158447265625,4221721.0
2023-12-20,1473.470877793026,1490.8412269194432,1440.4717885612556,1446.497314453125,6592367.0
2023-12-21,1432.2338260213533,1456.1475641627426,1432.2338260213533,1446.1207275390625,5319038.0
2023-12-22,1445.1320854708788,1474.3652352440706,1433.8813877884545,1471.4466552734375,6741060.0
2023-12-26,1445.1793467888062,1457.4186507029785,1433.8815277911087,1453.6055908203125,6878067.0
2023-12-27,1453.6524816822475,1478.1310856483994,1453.6524816822475,1475.4007568359375,4225849.0
2023-12-28,1477.1425892283842,1477.1425892283842,1464.0089217215004,1471.2113037109375,5702253.0
2023-12-29,1450.8752194379208,1468.1984480838207,1449.8866144117019,1452.616943359375,4388990.0
2024-01-01,1448.945315866922,1465.8920447074709,1445.4147473584744,1460.5726318359375,2808451.0
