Date,Open,High,Low,Close,Volume
2010-01-04,22.781978411162147,23.139109009100743,22.75965721662442,23.02750587463379,38409100
2010-01-05,22.953102993686585,23.139108688255988,22.796857472310656,23.034944534301758,49749600
2010-01-06,22.975424845743003,23.124229982494587,22.70757758634549,22.893583297729492,58182400
2010-01-07,22.789413763827277,22.84149654279422,22.46204481069878,22.65549087524414,50559700
2010-01-08,22.52901092789003,22.975423473255432,22.499249334673205,22.811738967895508,51197400
2010-01-11,22.84894308184715,22.88614507913442,22.40997086674612,22.521574020385742,68754700
2010-01-12,22.432284440135604,22.61829011778036,22.253719159889922,22.37276268005371,65912100
2010-01-13,22.514130667251575,22.707576770433487,22.328124962550994,22.581092834472656,51863500
2010-01-14,22.551330012243476,23.139108688255988,22.514129440973925,23.034944534301758,63228100
2010-01-15,23.124223332199705,23.243266839720867,22.84893433411292,22.960538864135742,79913200
2010-01-19,22.87871360314282,23.243284804086493,22.826632205738242,23.139122009277344,46575700
2010-01-20,22.923337564373618,23.020061304061727,22.551326237503694,22.759653091430664,54849500
2010-01-21,22.77453508488647,22.856376616114176,22.320680788080093,22.328121185302734,73086700
2010-01-22,22.320686171326805,22.46949131344672,21.457619752897717,21.54690170288086,102004600
2010-01-25,21.755234604029294,22.067724353174583,21.65107182735133,21.814756393432617,63373000
2010-01-26,21.725459417534925,22.209073799891918,21.643616481450824,21.948665618896484,66639900
2010-01-27,21.837068202983232,22.186758387912743,21.591540749924047,22.07515525817871,63949500
2010-01-28,22.20163920889093,22.22396040250744,21.494817021253517,21.695703506469727,117513700
2010-01-29,22.24628297193119,22.26116376954508,20.57967195517141,20.966564178466797,193888500
2010-02-01,21.12280498047875,21.18976714011939,20.773114806108204,21.137685775756836,85931100
2010-02-02,21.107924060510086,21.204646384522032,20.936797765549507,21.174884796142578,54413700
2010-02-03,21.026088647155827,21.420421319845364,20.921925888717936,21.301376342773438,61397900
2010-02-04,21.115366002389013,21.204649360949148,20.691273242227766,20.713594436645508,77850000
2010-02-05,20.83263431253425,21.040961166539404,20.51270434424835,20.847515106201172,80960100
2010-02-08,20.84008644892192,20.892167836983838,20.512715899389487,20.624319076538086,52820600
2010-02-09,20.810318665968037,21.085607745701633,20.646634149357585,20.84008026123047,59195800
2010-02-10,20.854956901830036,21.01120098848065,20.71359219073375,20.8251953125,48591300
2010-02-11,20.780556053665094,21.13024624233785,20.60943115830039,20.921920776367188,65993700
2010-02-12,20.69127426945365,20.877279974836647,20.52014936108791,20.78055763244629,81117200
2010-02-16,21.027231456629657,21.206633198316855,20.94500720291558,21.191682815551758,51935600
2010-02-17,21.326234488438313,21.41593393807536,21.199159079996626,21.371084213256836,45882900
2010-02-18,21.37108216277477,21.699983439963425,21.311282060172005,21.655132293701172,42856500
2010-02-19,21.520584691031697,21.617759330145095,21.44583420092685,21.505634307861328,44451800
2010-02-22,21.557966140814198,21.63271665490528,21.415940306615887,21.475740432739258,36707100
2010-02-23,21.438362881411855,21.55048792394698,20.997336478459378,21.17673683166504,52266200
2010-02-24,21.31876145158606,21.520587372290624,21.21411018210192,21.400985717773438,43165900
2010-02-25,21.131885376141792,21.41593555577823,20.945009845243646,21.37856101989746,48735300
2010-02-26,21.41593874276268,21.565439760027854,21.311288886125478,21.430889129638672,40370600
2010-03-01,21.505635085710576,21.714934754678016,21.326234758418316,21.6925106048584,43805400
2010-03-02,21.737362483177908,21.901812443046662,21.109460562592183,21.273910522460938,93123900
2010-03-03,21.31128648544057,21.386036985652623,21.191686255400164,21.273910522460938,48442100
2010-03-04,21.273910296486918,21.415936102806487,21.13188591591454,21.400985717773438,42890600
2010-03-05,21.423409129836287,21.438359513358144,21.24400880481515,21.371084213256836,56001800
2010-03-08,21.31876145158606,21.625237216027575,21.303811066553013,21.400985717773438,39414500
2010-03-09,21.348660571814058,21.759787601424225,21.341185379376,21.528060913085938,50271600
2010-03-10,21.57290804371419,21.75978354256619,21.528056897451933,21.655132293701172,44891400
2010-03-11,21.595334613535385,21.81958609276114,21.565435271753525,21.812110900878906,35349700
2010-03-12,21.916763347321716,21.961613078212302,21.707463652667496,21.8793888092041,31700200
2010-03-15,21.812109114866118,21.954134897505075,21.68503371476746,21.89433479309082,37512000
2010-03-16,21.99150660588556,22.043831512314682,21.82705669628736,21.954132080078125,36723500
2010-03-17,22.051308645259088,22.327885008138427,21.97655816131222,22.148483276367188,50385700
2010-03-18,22.148486250679817,22.215761552691685,22.051311606522166,22.13353729248047,43845200
2010-03-19,22.245666745923433,22.350316602872336,21.93919094278961,22.11859130859375,81332100
2010-03-22,22.051308096404874,22.200809060577548,21.969082423535216,22.12605857849121,37718200
2010-03-23,22.118594174660256,22.350319498965174,21.98404352643561,22.335369110107422,42026600
2010-03-24,22.21575798461269,22.312934038909955,22.12605854683491,22.163433074951172,33987700
2010-03-25,22.297982687598395,22.85113394899369,22.275557116255836,22.432533264160156,73168700
2010-03-26,22.49233210950525,22.574557774102423,22.118581162422405,22.17090606689453,55595500
2010-03-29,22.208290778622132,22.290516480937626,22.088690534752708,22.11859130859375,33336000
2010-03-30,22.14848632626588,22.320412890742436,22.0513116817766,22.253137588500977,34954800
2010-03-31,22.15595935881133,22.215759463225584,21.804633923595965,21.89433479309082,63760000
2010-04-01,21.939179221270017,22.081204969639643,21.393503221937515,21.79715347290039,74768100
2010-04-05,21.774737536129752,21.998989042077156,21.699988459894524,21.8793888092041,34331200
2010-04-06,21.78969167283887,22.111117888674936,21.662616225316416,21.916767120361328,47366800
2010-04-07,21.797164093318592,22.09616468892878,21.78221370710126,21.939189910888672,58318800
2010-04-08,21.91676704544985,22.4101184457337,21.90181665738125,22.36526870727539,63713800
2010-04-09,22.387689106429537,22.731539397917985,22.35031314491091,22.679214477539062,54752500
2010-04-12,22.611935951332917,22.791336263824107,22.582035186377578,22.664260864257812,37068800
2010-04-13,22.537183118475042,22.79880908161009,22.52223273755377,22.76143455505371,41374600
2010-04-14,23.015591214230245,23.172565976811295,22.918415139134883,23.038015365600586,68941200
2010-04-15,23.038008189793885,23.135184234621153,22.955782525054918,23.07538414001465,52745400
2010-04-16,23.01558510574183,23.15760944588368,22.8735593398532,22.925884246826172,88703100
2010-04-19,23.00063726449045,23.35943788827509,22.99316207327657,23.202463150024414,64970300
2010-04-20,23.337018186532305,23.501469583121928,23.26974287442697,23.441669464111328,52199500
2010-04-21,23.419239044189453,23.546314449039546,23.344488554439927,23.419239044189453,55343100
2010-04-22,23.202460095930135,23.568735862716498,23.097808858457782,23.46408462524414,84847600
2010-04-23,23.262265601432883,23.60611587748842,22.910938707662044,23.142663955688477,126766600
2010-04-26,23.17256367025125,23.381864758606316,23.067913838947224,23.254789352416992,63649300
2010-04-27,23.135188645073043,23.359438686161397,22.985687667182816,23.06043815612793,68730900
2010-04-28,23.112753203414638,23.1725532838916,22.888503258062627,23.10527801513672,64557900
2010-04-29,23.12024054051125,23.49399159632101,22.92588982040052,23.172565460205078,52665200
2010-04-30,23.224891503930326,23.23236669649796,22.813765892940907,22.828716278076172,63214800
2010-05-03,22.925879688376337,23.21740492683016,22.85860441400292,23.06790542602539,43989500
2010-05-04,22.813766499964363,22.836190652516716,22.238189488666595,22.522239685058594,82085600
2010-05-05,22.253140479522504,22.492340951569208,22.193340361510828,22.31294059753418,66833800
2010-05-06,22.118583860289974,22.335358694650385,20.862780296798157,21.662607192993164,128613000
2010-05-07,21.625240579071747,21.6401909664298,20.421761485949304,21.087038040161133,173718100
2010-05-10,21.68503250605273,22.036357921685358,21.460781057688752,21.632707595825195,86653300
2010-05-11,21.438364330549224,22.16344098531911,21.35613862844998,21.58786392211914,63789400
2010-05-12,21.662612269295117,22.11111385074838,21.617762538873958,22.0064640045166,47146800
2010-05-13,21.87191258882302,22.22323807816288,21.81211247519608,21.856962203979492,45188800
2010-05-14,21.827056649908126,21.834530414456317,21.4084545478711,21.62523078918457,63334000
2010-05-17,21.767258179694206,21.849482427588814,21.26643179848559,21.632707595825195,46053300
2010-05-18,21.677763695047233,21.77537682306014,21.32485149890555,21.475027084350586,52690600
2010-05-19,21.4149555240694,21.54260433243161,20.866817113176545,21.204710006713867,61746700
2010-05-20,20.76168808080606,20.904354694828257,20.303655423440105,20.356216430664062,87991100
2010-05-21,19.995805533049534,20.35622671006644,19.85314027916486,20.15349006652832,117596300
2010-05-24,20.16099810057253,20.16850702394786,19.71798164669303,19.72549057006836,73711700
2010-05-25,19.25994033992936,19.770535486268383,19.057203779086485,19.575307846069336,98373600
2010-05-26,19.695453631557996,19.98078697306091,18.44149215075877,18.779386520385742,176684100
2010-05-27,19.320008589270753,19.79306052334701,19.320008589270753,19.52274513244629,136433600
2010-05-28,19.40261335970646,19.61285891045546,19.26745560795215,19.372577667236328,67496900
2010-06-01,19.169840979018414,19.75552261477219,19.162332056485603,19.440155029296875,76152400
2010-06-02,19.567793500087216,19.883160918788874,19.32000491626304,19.86814308166504,65718800
2010-06-03,19.935728642851153,20.22106191575627,19.830606611875716,20.168500900268555,67837000
2010-06-04,19.59783930266728,19.95075006438607,19.23741961850589,19.365068435668945,89832200
2010-06-07,19.387588690702113,19.39509761117715,18.952081328410948,18.989625930786133,80456200
2010-06-08,18.95959708153638,18.96710600471748,18.509071715935026,18.854475021362305,87355000
2010-06-09,18.937068027397693,19.162331399112595,18.58415727354564,18.614192962646484,87794000
2010-06-10,18.86949042056076,18.88450826611515,18.606685284261765,18.77187728881836,78930900
2010-06-11,18.80190682299903,19.31250051502268,18.599170270945166,19.26744842529297,68057700
2010-06-14,19.41763148641707,19.49271785431569,19.12478920932592,19.147315979003906,50972400
2010-06-15,19.33502777962158,20.01081487189077,19.32751885910768,19.958253860473633,81641500
2010-06-16,19.875661976461696,19.958258689920964,19.695452137061885,19.763031005859375,48698000
2010-06-17,19.943234718216953,20.025831406300526,19.55278090223109,19.800569534301758,47995500
2010-06-18,19.800578844617206,19.92071875713085,19.650403237884788,19.853139877319336,52075600
2010-06-21,20.1084308213619,20.191026088466465,19.440151170401602,19.485204696655273,54625300
2010-06-22,19.64289271375041,19.860647182550856,19.342542956939976,19.350051879882812,55985400
2010-06-23,19.357556533496048,19.357556533496048,18.937065534520563,19.0046443939209,61466200
2010-06-24,19.117279143485938,19.312506839151318,18.71931626155856,18.77187728881836,85243400
2010-06-25,18.809420247863056,18.854473783992905,18.2537728585533,18.41896629333496,156256700
2010-06-28,18.40394640094858,18.479034187299337,18.111105609579077,18.25377082824707,73784800
2010-06-29,18.118612608706073,18.1711750602548,17.352721218769336,17.50289535522461,119882100
2010-06-30,17.495394394595323,17.78072781840372,17.232589178167874,17.27764129638672,81050500
2010-07-01,17.33769968822104,17.510400552897078,17.067384295037634,17.390260696411133,92239400
2010-07-02,17.540439196014887,17.63054338750959,17.307666931596255,17.47286033630371,62485100
2010-07-06,17.795739073929965,18.08857988210531,17.705633438701902,17.88584327697754,73592000
2010-07-07,17.885849425620933,18.26128707580502,17.728166299990484,18.24626922607422,79965300
2010-07-08,18.471525985634475,18.486543829926237,17.998473915707116,18.328859329223633,50758100
2010-07-09,18.2687879063765,18.328857846503716,18.133630183045174,18.223735809326172,53806100
2010-07-12,18.343876362563712,18.689278172921906,18.33636744074979,18.64422607421875,49854200
2010-07-13,18.876994776062958,18.997134647069196,18.6967849695536,18.86948585510254,61928700
2010-07-14,19.147320336422105,19.229917078524196,18.861988349803685,19.10226821899414,72808100
2010-07-15,19.147310567421634,19.214889425175187,18.756855263107813,19.15481948852539,56934700
2010-07-16,19.154816853353843,19.252429949913314,18.681764914157778,18.689273834228516,65064800
2010-07-19,18.741837778945346,18.997135372629273,18.70429460488959,18.9445743560791,38181800
2010-07-20,18.66675016549569,19.132291793823242,18.546610298044694,19.132291793823242,45530700
2010-07-21,19.22240786602073,19.25995105795222,18.75686455229304,18.861988067626953,73297300
2010-07-22,19.154818311632777,19.515237909387004,19.124782629063173,19.402606964111328,73016400
2010-07-23,19.40261175894917,19.537769499552677,18.95959535682902,19.380084991455078,108520100
2010-07-26,19.41762384347309,19.672921403946944,19.372570321850574,19.59783363342285,67249900
2010-07-27,19.62787499154411,19.702962789265015,19.492717242082605,19.642892837524414,60672100
2010-07-28,19.575308884802116,19.66541450512921,19.39509907632818,19.485204696655273,69704800
2010-07-29,19.620361080949994,19.830606574686843,19.222398288900585,19.54527473449707,69446200
2010-07-30,19.33503288864742,19.40261175894917,19.034683149628805,19.380084991455078,83534800
2010-08-02,19.515248251062317,19.808089150399677,19.335038356686944,19.770545959472656,55044600
2010-08-03,19.672928529485027,19.785559509976075,19.500226165072757,19.642892837524414,56877700
2010-08-04,19.63537090526039,19.702949735217274,19.102250615800155,19.320003509521484,78531900
2010-08-05,19.139809732322036,19.207388618625675,18.929564149135064,19.049705505371094,64922100
2010-08-06,18.907031576405906,19.19236342885013,18.786891698305148,19.18485450744629,55982100
2010-08-09,19.184856364067493,19.320014098055864,19.04970006225958,19.229909896850586,57096500
2010-08-10,19.019665788466323,19.02717471115537,18.681771428361998,18.824438095092773,87257700
2010-08-11,18.53158656621086,18.696778473403853,18.44148097817303,18.666744232177734,76746900
2010-08-12,18.33636644206244,18.53159410205027,18.291314345813042,18.388927459716797,70240500
2010-08-13,18.28380311286097,18.524082838720606,18.201206420029166,18.321346282958984,45263500
2010-08-16,18.291312757753577,18.479031480038632,18.246259233235424,18.396434783935547,40909700
2010-08-17,18.653099060058594,18.84181921132501,18.570063172579303,18.653099060058594,52912600
2010-08-18,18.630445077563497,18.83426309365275,18.426627061474242,18.736127853393555,46818900
2010-08-19,18.58516234804014,18.675747220284165,18.27565995504806,18.449283599853516,54064600
2010-08-20,18.35114278748966,18.419082141143292,18.268106919550895,18.290752410888672,49560100
2010-08-23,18.449281523627455,18.60025677365073,18.298304833783757,18.328500747680664,51643000
2010-08-24,18.18507087115259,18.381339968652956,18.117131512793993,18.147327423095703,66522500
2010-08-25,18.117130989974868,18.283204172381026,18.018997163966727,18.19261932373047,47404800
2010-08-26,18.18506881496957,18.26055714236814,17.958605272593942,17.981250762939453,49105300
2010-08-27,18.02654230390126,18.13222653303076,17.74723737792048,18.064287185668945,60939400
2010-08-30,17.92086723195575,17.981257628970283,17.81518439713547,17.845378875732422,45453100
2010-08-31,17.815180101697276,17.913313933252,17.603813043199036,17.717044830322266,66074600
2010-09-01,17.86802475624171,18.079391853183854,17.769890906838192,18.04164695739746,65235900
2010-09-02,18.026548320365205,18.07939117247657,17.898218559164317,18.071842193603516,48837100
2010-09-03,18.298297526876016,18.456823131891223,18.268103064856835,18.336042404174805,64189100
2010-09-07,18.192621204796982,18.3435964480984,18.056742477951452,18.086936950683594,51928700
2010-09-08,18.16996997497843,18.26810522775439,17.92085951459178,18.064287185668945,65512400
2010-09-09,18.260554431917086,18.275650943299922,18.10957779952971,18.124675750732422,46028900
2010-09-10,18.10203819664012,18.13978309419012,17.958611905411992,18.003904342651367,58284300
2010-09-13,18.26810470941292,19.09092439094143,18.18506741170014,18.955045700073242,114680400
2010-09-14,18.90221565242333,19.13622829392229,18.788982382188205,18.89466667175293,87160400
2010-09-15,18.947500845096627,19.038085698831363,18.81162212467423,18.96259880065918,56201900
2010-09-16,18.917306173588695,19.151320180681918,18.90975719531275,19.121124267578125,44548300
2010-09-17,19.173962738664052,19.27209800139884,18.93240123011713,19.038084030151367,70341600
2010-09-20,19.083385305328946,19.264556507110527,18.955055524089406,19.196617126464844,49838700
2010-09-21,19.189058980863766,19.189058980863766,18.932399540976665,18.985240936279297,52675700
2010-09-22,18.78897756855482,18.84936795862547,18.38889177426943,18.577611923217773,94299400
2010-09-23,18.502120880541394,18.562511261815214,18.38888909563052,18.441730499267578,46201800
2010-09-24,18.600250302485698,18.721031036411976,18.554957887218325,18.705934524536133,51948800
2010-09-27,18.758785857548737,18.864468695789693,18.562516700943615,18.66819953918457,43603300
2010-09-28,18.721036057221347,18.796524396125527,18.381340691882997,18.630451202392578,56041200
2010-09-29,18.592705514276346,18.615352446920767,18.41908335012986,18.494571685791016,44318900
2010-09-30,18.57761635592743,18.743689608292488,18.388896161949525,18.487030029296875,61262700
2010-10-01,18.698390351581683,18.736133800696006,18.343595594697756,18.40398597717285,62672300
2010-10-04,18.086930143207532,18.109577069098158,17.951052907323213,18.04918670654297,98143400
2010-10-05,18.162425880568353,18.456830278210237,18.049194084469352,18.3813419342041,78152900
2010-10-06,18.35869318508348,18.524767813451675,18.21526548962557,18.441730499267578,50489700
2010-10-07,18.585156990617275,18.683290813896665,18.32849752687712,18.5172176361084,50096100
2010-10-08,18.5851558483844,18.607801338615463,18.396435750751746,18.54741096496582,41327800
2010-10-11,18.67573939214755,18.67573939214755,18.494568283778726,18.56250762939453,27587800
2010-10-12,18.607804140203523,18.819171199710713,18.441730947618066,18.743682861328125,50141500
2010-10-13,18.887108237509068,19.27964639696738,18.788972977734428,19.12866973876953,75336500
2010-10-14,19.090931003261304,19.128674457210828,18.872014938856736,19.045637130737305,51949100
2010-10-15,19.143767218748735,19.28719345668479,19.045631961402925,19.279645919799805,68954800
2010-10-18,19.317386638282535,19.58914400204619,19.21170385896106,19.491008758544922,48330500
2010-10-19,19.07582996734939,19.151318302886814,18.83426844548582,18.947500228881836,66150900
2010-10-20,19.06827653471464,19.17395931588324,18.947495802001985,19.106019973754883,56283600
2010-10-21,19.173966069017297,19.279650327228147,18.909757583220795,19.189064025878906,50032400
2010-10-22,19.264551133751066,19.279649089643517,19.075831004556374,19.15886688232422,25837900
2010-10-25,19.053183435835756,19.13622075065699,19.000342031793252,19.015439987182617,50912400
2010-10-26,18.96259722581788,19.604244445914468,18.91730336289187,19.551403045654297,69304200
2010-10-27,19.468368947354804,19.70993047898422,19.34003920369914,19.664636611938477,64805500
2010-10-28,19.785415902339967,19.913745636425986,19.566501320558043,19.838258743286133,80730300
2010-10-29,20.49499826775762,20.532743143722648,19.98922844838459,20.13265609741211,114193200
2010-11-01,20.291183730155847,20.5478431713701,20.155306472883634,20.344026565551758,61912100
2010-11-02,20.427069336871455,20.698826822980163,20.396874860537448,20.676179885864258,54402100
2010-11-03,20.729020202573903,20.75166713849159,20.35157990953516,20.404422760009766,110255300
2010-11-04,20.69128114453029,20.706379105015923,20.389329133921425,20.487462997436523,93599300
2010-11-05,20.510100931115847,20.525198884971186,20.02697792630603,20.268539428710938,110953700
2010-11-08,20.14021416502953,21.793403043325494,20.064725818839587,20.23834800720215,71670800
2010-11-09,20.23834233457998,20.464807309673755,20.16285400954872,20.344026565551758,58538600
2010-11-10,20.38932249904422,20.442163903728087,20.238345822958635,20.33648109436035,52277300
2010-11-11,20.140207290649414,20.170401754926964,19.838255448774152,20.140207290649414,62073100
2010-11-12,19.981688524887176,20.019433417950626,19.702383515319898,19.830713272094727,64962200
2010-11-15,19.87600976263156,20.00433954561133,19.755228959805983,19.777875900268555,51794600
2010-11-16,19.77786458456443,19.77786458456443,19.48165135228251,19.603174209594727,65339200
2010-11-17,19.671535757738905,19.67913111924207,19.405703899796404,19.420894622802734,58299700
2010-11-18,19.52722876487926,19.808251374299402,19.451278039486947,19.625967025756836,59514000
2010-11-19,19.59557760886995,19.61836368642289,19.443674771183602,19.51203155517578,52423200
2010-11-22,19.481656082834863,19.550012887754786,19.322157837133098,19.542417526245117,53350500
2010-11-23,19.420889774868545,19.443675853690074,19.05632120572437,19.0791072845459,69742500
2010-11-24,19.1398770130514,19.337350653808738,19.10949556144729,19.26899528503418,56825900
2010-11-26,19.147465465631274,19.299369782987707,19.11708547136015,19.177846908569336,21356500
2010-11-29,19.13228344546893,19.306972462582845,18.93480833751375,19.223424911499023,56603600
2010-11-30,19.025942295215675,19.344940197767805,18.98796694080084,19.185441970825195,75282100
2010-12-01,19.420901035091102,19.937374198496098,19.41330567108014,19.777875900268555,74123500
2010-12-02,19.929773077939046,20.491816814400686,19.89939307933776,20.423460006713867,91759200
2010-12-03,20.362699919271865,20.552579631365287,20.339915280967684,20.522199630737305,52622000
2010-12-06,20.453841503286164,20.491816863796096,20.32472324941839,20.38548469543457,36264200
2010-12-07,20.567768127720463,20.605743486558037,20.393079159200287,20.40826988220215,57860500
2010-12-08,20.377890596549186,20.689293207765136,20.355104509630735,20.681697845458984,41666800
2010-12-09,20.719674350816298,20.765245075312563,20.51460391758228,20.56777000427246,47148300
2010-12-10,20.65132359071217,20.81082189751676,20.59056212402457,20.76525115966797,37625800
2010-12-13,20.712076785393997,20.84879039300722,20.63612462020142,20.69688606262207,47943900
2010-12-14,20.74246476989644,21.076653556234845,20.70448939700991,20.977916717529297,64070500
2010-12-15,20.909553545160826,21.25893150548074,20.909553545160826,21.152599334716797,69634200
2010-12-16,21.084243128490076,21.25893211364746,21.008290954914234,21.25893211364746,57680200
2010-12-17,21.205767278690168,21.334885546791817,21.07664901058852,21.190576553344727,87456500
2010-12-20,21.228545043358032,21.25892503347014,21.02347467760107,21.122211456298828,52811000
2010-12-21,21.152600888615115,21.372860608330594,21.084244074197517,21.31969451904297,38153000
2010-12-22,21.27412923171749,21.57034120415142,21.251343138196553,21.410842895507812,42252300
2010-12-23,21.243743581031755,21.509575491640923,21.236148218023793,21.494384765625,24902500
2010-12-27,21.357671331867902,21.41843278372051,21.175385527642792,21.31969451904297,21652800
2010-12-28,21.24373888549396,21.39564321474279,21.236143524164817,21.274120330810547,23042200
2010-12-29,21.22095163457778,21.357665224317635,21.175379472219916,21.243736267089844,19502500
2010-12-30,21.205765420098768,21.26652686748776,21.099433249334826,21.152599334716797,20786100
2010-12-31,21.11461647672689,21.205759346037503,20.985498256925798,21.198163986206055,24752000
2011-01-03,21.304506963285764,21.403245242652144,21.205770132586885,21.251340866088867,53443800
2011-01-04,21.220953311294817,21.395642268135273,21.15259651102386,21.334880828857422,54405600
2011-01-05,21.19057310286215,21.274120629990648,21.091836301528797,21.266525268554688,58998700
2011-01-06,21.296902507275092,21.912112175387737,21.160188925768555,21.889326095581055,88026300
2011-01-07,21.752610900076213,21.828563045129556,21.45639912790153,21.722230911254883,73762000
2011-01-10,21.463998080758035,21.570330232434745,21.296904492599356,21.433616638183594,57573600
2011-01-11,21.418429665182572,21.456405023810984,21.30450069196319,21.350072860717773,50298900
2011-01-12,21.35766381660488,21.714637039545014,21.319687017143096,21.684255599975586,52631100
2011-01-13,21.517175101270215,21.56274583964444,21.27412923171749,21.410842895507812,67077600
2011-01-14,21.32729112545196,21.55514622102132,21.198172851651353,21.494384765625,62688400
2011-01-18,21.388051384383402,21.82857227353048,21.37286065921726,21.767810821533203,53322700
2011-01-19,21.615907368423503,21.78300245488306,21.47159981933051,21.623502731323242,50005900
2011-01-20,21.646287616732593,21.68426298045294,21.365264999733345,21.532360076904297,58613600
2011-01-21,21.570333809398324,21.593119895107723,21.28171730041504,21.28171730041504,58080300
2011-01-24,21.281717567712015,21.69185697496244,21.25893148171642,21.555143356323242,52047800
2011-01-25,21.372853165893098,21.608304977416992,21.3576638947196,21.608304977416992,42436600
2011-01-26,21.653881145082103,22.018449821119848,21.646285783247926,21.858951568603516,74628800
2011-01-27,21.83616614016931,22.375423808618457,21.63869107253989,21.927309036254883,146938600
2011-01-28,21.950091153027717,21.972877236599153,20.848789856414655,21.076644897460938,141249400
2011-01-31,21.091832398373548,21.190569181435134,20.826000591976783,21.061450958251953,65029000
2011-02-01,21.114623128720083,21.312098200550388,20.970315592459922,21.25893211364746,62810700
2011-02-02,21.213355720127666,21.350069306296792,21.17537891915467,21.220951080322266,45824000
2011-02-03,21.243738126737405,21.243738126737405,20.91714629325119,21.00069236755371,60340100
2011-02-04,21.03866894381337,21.14500110013194,20.894359982618894,21.091835021972656,40412200
2011-02-07,21.11461789467874,21.524758661119357,21.107023983004083,21.418426513671875,68980900
2011-02-08,21.34247721927988,21.52476154590571,21.30450041248259,21.479190826416016,34904200
2011-02-09,21.410831298401607,21.46399737248558,21.198165553398848,21.243736267089844,52905100
2011-02-10,21.21335586630263,21.220951226549566,20.727264399833405,20.886762619018555,76672400
2011-02-11,21.084240801303853,21.122216159566612,20.560172455008846,20.69688606262207,83939700
2011-02-14,20.66650712084669,20.712079294683583,20.469033495555742,20.681697845458984,56766200
2011-02-15,20.65877829270749,20.880339868603325,20.590017451891267,20.59765625,44116500
2011-02-16,20.666416775476904,20.68169728592062,20.322614033871425,20.643497467041016,70817900
2011-02-17,20.605296386712116,20.91090076957136,20.559456312175108,20.788658142089844,57207300
2011-02-18,20.7275354238149,20.78865600265066,20.620574775159707,20.674055099487305,68667800
2011-02-22,20.460139608263443,20.704621992984595,20.261497306370014,20.314977645874023,60889000
2011-02-23,20.269137563046296,20.52126020444373,20.192736453513447,20.314977645874023,60234100
2011-02-24,20.35317371372966,20.67405714873124,20.246213054472364,20.452495574951172,64494200
2011-02-25,20.55945573803381,20.59001675835817,20.24621256585741,20.284412384033203,53006300
2011-02-28,20.391372425325304,20.521253834043154,20.253850762302935,20.307331085205078,51379900
2011-03-01,20.32261220126332,20.46013386839625,19.978808033430976,19.986448287963867,60055000
2011-03-02,19.9482442450694,20.14688644913938,19.894763931902336,19.925323486328125,48658200
2011-03-03,20.06284789434111,20.169808535443007,20.001727319821534,20.01700782775879,68271500
2011-03-04,20.032288891986827,20.04756940145998,19.711405479198497,19.826007843017578,70437200
2011-03-07,19.96352501647802,20.070487109271994,19.520400509844034,19.65028190612793,64980400
2011-03-08,19.688485746334788,19.879487738928887,19.596804148708614,19.795446395874023,50549800
2011-03-09,19.71904604435137,19.848927462458605,19.60444513595784,19.780166625976562,39789100
2011-03-10,19.573879275558227,19.642638632686257,19.3675968324867,19.413436889648438,66549500
2011-03-11,19.413445553250064,19.74960952265672,19.375245731439446,19.619728088378906,49905800
2011-03-14,19.47455915076411,19.6808416118338,19.367598522311358,19.627361297607422,54473400
2011-03-15,19.161316999402754,19.459279597383617,19.100196429118746,19.39815902709961,76067300
2011-03-16,19.268286325540693,19.314127866856072,18.855722654312288,18.93976402282715,100725400
2011-03-17,19.146044541515927,19.2682857334741,18.90920241425071,18.9321231842041,62497000
2011-03-18,19.1460356260995,19.23771720599127,18.9473934173584,18.9473934173584,85486700
2011-03-21,19.237718825815033,19.543321689137354,19.21479806460483,19.352319717407227,46878100
2011-03-22,19.32940101623535,19.45164217459218,19.275920691607933,19.32940101623535,30895600
2011-03-23,19.275920460498217,19.566244301036992,19.23772064543079,19.51276397705078,43969000
2011-03-24,19.558600878371262,19.764883343671524,19.482199803382724,19.71904182434082,38696700
2011-03-25,19.810725097827646,19.826005605576338,19.550962295017587,19.573883056640625,57029800
2011-03-28,19.604438827923,19.650278885084738,19.390516132452998,19.413436889648438,48973200
2011-03-29,19.35996837931452,19.497490091843563,19.32940735109472,19.47456932067871,40763500
2011-03-30,19.558601964371565,19.650282093664952,19.482200885140823,19.566242218017578,41999300
2011-03-31,19.558601434863466,19.61972200514747,19.35995921713311,19.39815902709961,63233700
2011-04-01,19.505122121822954,19.505122121822954,19.337039451969783,19.466920852661133,63114200
2011-04-04,19.4440051775493,19.60444616628644,19.413444156515737,19.520404815673828,35433700
2011-04-05,19.726682679759673,20.001725975222943,19.665562109348873,19.696123123168945,73651100
2011-04-06,19.84892793548696,20.10105052285302,19.75724778947911,19.978809356689453,65581400
2011-04-07,20.00936757379016,20.06284789434111,19.841284900939243,20.01700782775879,46134700
2011-04-08,19.994089461361487,20.07813080785601,19.833647023256454,19.917688369750977,39887600
2011-04-11,20.00937089706763,20.055210971263346,19.711406771721244,19.848928451538086,34286300
2011-04-12,19.7343305054707,19.74961101824402,19.520407698333955,19.589168548583984,36920400
2011-04-13,19.596806313442865,19.764889018119614,19.528045471935055,19.581525802612305,38144700
2011-04-14,19.421091079711914,19.43637159547503,19.168968398541267,19.421091079711914,55239900
2011-04-15,19.451644363485396,19.528045460363213,19.237723040903163,19.382884979248047,65080400
2011-04-18,19.17659642398468,19.31411806366953,18.886272638599053,19.16131591796875,58045100
2011-04-19,19.10020087452884,19.230082298764824,19.00088047116235,19.214801788330078,38892400
2011-04-20,19.512771597950856,19.864214696965174,19.489850825620753,19.68085289001465,61608600
2011-04-21,19.703770568743717,19.780170216722023,19.375246836409445,19.497488021850586,46892300
2011-04-25,19.528040949787517,19.57388247166359,19.35995974126339,19.566242218017578,33525100
2011-04-26,19.66555910758782,20.200365109971262,19.6120787987953,20.009363174438477,69200000
2011-04-27,20.09340518920239,20.162166009943792,19.96352380082744,20.154525756835938,52689000
2011-04-28,20.215650455521917,20.528895068038082,20.169810384736692,20.406652450561523,80200000
2011-04-29,20.284415536264355,20.353176385450055,19.375246898773224,19.803091049194336,319317900
2011-05-02,19.81837111751197,19.86421119686499,19.466926623192528,19.604448318481445,89825600
2011-05-03,19.558600878371262,19.749602837227958,19.47455955016094,19.71904182434082,71892900
2011-05-04,19.749606554956454,20.05520945520896,19.703766484225973,19.91004753112793,73292300
2011-05-05,19.902410508336285,19.925331276038317,19.61972832616024,19.70376968383789,55600000
2011-05-06,19.917695264357764,20.032296212828395,19.673212852359054,19.764894485473633,55993000
2011-05-09,19.711410361094956,19.833651552696324,19.612089939380077,19.734331130981445,38696400
2011-05-10,19.39052232379427,19.749607015031874,19.291201925359584,19.612085342407227,120798700
2011-05-11,19.596809570268224,19.604449826953253,19.26064556227681,19.375247955322266,78600000
2011-05-12,19.367601548909946,19.398161108716625,19.176599564122334,19.344680786132812,77400000
2011-05-13,19.31412326656066,19.34468282959548,19.06200067829739,19.12312126159668,66812300
2011-05-16,19.069641619480613,19.153682977424147,18.718198590316415,18.771678924560547,91350900
2011-05-17,18.76397779484894,18.994683323542805,18.664006425828056,18.856260299682617,82882100
2011-05-18,18.86395331757126,19.025445890556856,18.64862842014293,18.986995697021484,53931100
2011-05-19,19.11004559751706,19.133115136005305,18.84088973649654,19.010072708129883,37783600
2011-05-20,19.01007377132734,19.125427337345815,18.79475024389344,18.833200454711914,45451500
2011-05-23,18.617870386324267,18.64863172002048,18.47944878503469,18.58711051940918,52692500
2011-05-24,18.610185149351196,18.679396696885338,18.48714272413081,18.571733474731445,47691800
2011-05-25,18.58711071177689,18.694772447265628,18.579420378273248,18.60249137878418,34904200
2011-05-26,18.725535729102692,19.248466727496428,18.702464726191923,18.971620559692383,78016600
2011-05-27,18.979307508161703,19.14849043231522,18.95623650936671,19.040828704833984,50251000
2011-05-31,19.194633961659083,19.2715358362081,18.9946911413254,19.23308563232422,60196300
2011-06-01,19.217708302732436,19.302300526110606,18.740919237902688,18.787059783935547,74033500
2011-06-02,18.83319922028123,18.95624164697331,18.594804701913006,18.625564575195312,51487800
2011-06-03,18.494826797038638,18.56403832662801,18.3333342058508,18.387165069580078,60697700
2011-06-06,18.371783030277197,18.64862912793813,18.279501975577496,18.464065551757812,54778700
2011-06-07,18.52558678996954,18.58710798218291,18.37947340841994,18.50251579284668,41112600
2011-06-08,18.37947502643739,18.4717575562719,18.348715161013256,18.410236358642578,42205000
2011-06-09,18.46406888673836,18.487139887970827,18.317955479161757,18.425617218017578,42878700
2011-06-10,18.471765858668014,18.471765858668014,18.217990621036563,18.233369827270508,49327200
2011-06-13,18.294881041734815,18.60248697515764,18.22566952336708,18.48713493347168,47572500
2011-06-14,18.687085788541353,18.802439346998923,18.60249503692894,18.625564575195312,42894500
2011-06-15,18.456381611777097,18.464071946795777,18.202606423286422,18.256437301635742,49410200
2011-06-16,18.26412687699,18.53328272432297,18.187224996783243,18.45638084411621,57184100
2011-06-17,18.625561144849755,18.687082346865182,18.440997538803465,18.656322479248047,83320400
2011-06-20,18.587107863312898,18.96392534655754,18.579417530987794,18.817811965942383,54338400
2011-06-21,18.85626511481714,19.117730567369595,18.763982586418205,19.040828704833984,49708700
2011-06-22,18.917787592487844,19.079280194645,18.91009725903544,18.95623779296875,44287300
2011-06-23,18.794743107191017,18.956235691444803,18.610179525137703,18.940855026245117,59470400
2011-06-24,18.848578286024292,18.87164928910841,18.602493453585538,18.687084197998047,101387200
2011-06-27,18.63324816762032,19.57913703058121,18.63324816762032,19.379194259643555,92044200
2011-06-28,19.456095055735158,19.932885396704435,19.34843333577926,19.84060287475586,81032100
2011-06-29,19.771396661049376,19.771396661049376,19.50224228885846,19.702186584472656,66051000
2011-06-30,19.794467177807046,19.99441146850586,19.73294597042136,19.99441146850586,52535400
2011-07-01,19.940584587066898,20.12514824616964,19.871373031555674,20.009796142578125,52906200
2011-07-05,20.07131363145296,20.109763836575873,19.9175098773987,20.01748275756836,37805300
2011-07-06,19.97134183321575,20.278949357988676,19.96365149841829,20.248188018798828,48744200
2011-07-07,20.371234281090096,20.6711500608053,20.27126284344558,20.586559295654297,51946500
2011-07-08,20.409684595029347,20.74805056652871,20.38661358783466,20.7019100189209,58320700
2011-07-11,20.471200598341042,20.609622205896695,20.371227726083905,20.47888946533203,43999800
2011-07-12,20.417372095973892,20.601937207602024,20.255879456776107,20.409683227539062,47319300
2011-07-13,20.455819930796682,20.73266461268918,20.38660839362826,20.47888946533203,40861800
2011-07-14,20.471198022970153,20.77111366844842,20.271253770390977,20.355844497680664,46382300
2011-07-15,20.355848045147336,20.70959608190709,20.355848045147336,20.5942440032959,49132400
2011-07-18,20.47889143254163,20.68652606399235,20.194356389544417,20.448131561279297,44501900
2011-07-19,20.617316747709182,21.25559991326316,20.59424720846529,21.178699493408203,86730600
2011-07-20,20.9787489844879,21.032579849214635,20.748043392654825,20.8095645904541,49795400
2011-07-21,20.79419148607156,21.00182467276528,20.49427427545799,20.84033203125,81737400
2011-07-22,20.65576833236854,21.186388267554264,20.5173452303961,21.171009063720703,76380600
2011-07-25,20.963368310429935,21.601651287399392,20.909537445723522,21.463228225708008,108482400
2011-07-26,21.394015559493106,21.64779067019925,21.363255695628016,21.59395980834961,74636500
2011-07-27,21.440162438856852,21.524754656407193,20.917232864020537,21.01720428466797,71488700
2011-07-28,20.98643836984266,21.58626965460281,20.924915708040604,21.317113876342773,83761400
2011-07-29,21.163319854298678,21.309431832570297,20.963375526010527,21.07103729248047,104394800
2011-08-01,21.155633023368434,21.294056155637087,20.571180613112904,20.9710693359375,61838400
2011-08-02,20.748044114533364,21.10948244761292,20.578861181394306,20.609621047973633,63883100
2011-08-03,20.632698464118402,20.763431237991835,20.363542580639972,20.7019100189209,64581200
2011-08-04,20.402000002895647,20.66346562425066,19.940589996576097,19.948280334472656,92949500
2011-08-05,19.971339160050828,20.07131203225507,19.402267662241385,19.74832534790039,112071700
2011-08-08,19.240773492070325,19.686802546957228,18.75629277146321,18.825504302978516,134257200
2011-08-09,19.00238229095501,19.702188113297982,18.479452708134097,19.67142677307129,126268900
2011-08-10,19.186945589656297,19.294607336735666,18.533281839285923,18.610183715820312,127819900
2011-08-11,18.840888208095592,19.517621506512796,18.76398633021649,19.371509552001953,90690100
2011-08-12,19.325367128282192,19.486861215022383,18.956239882563594,19.302297592163086,64787100
2011-08-15,19.409955367286422,19.6714208128667,19.340743839528056,19.617589950561523,56529400
2011-08-16,19.51698420253893,19.803316507489487,19.385426355838177,19.61758804321289,54251500
2011-08-17,19.54020118713379,19.888442986824902,19.29256323003729,19.54020118713379,50923700
2011-08-18,19.01397854796274,19.416391151611737,18.596089671895964,19.091365814208984,105714200
2011-08-19,18.890152377022428,19.052665722357435,18.503217667987084,18.61155891418457,77397900
2011-08-22,18.89789514786531,18.952065782142043,18.410357963335652,18.557392120361328,54721000
2011-08-23,18.59608926290163,19.153274910749275,18.59608926290163,19.13005828857422,59670600
2011-08-24,19.07588834351279,19.292572396949506,18.89789866178229,19.26935577392578,45329700
2011-08-25,19.4086546430037,19.470564168338658,18.959810215315365,19.013980865478516,48192000
2011-08-26,18.967538042338468,19.609849547072013,18.897889682400244,19.54020118713379,71957000
2011-08-29,19.756890777337894,20.01226767799739,19.633071763444747,19.996789932250977,38863200
2011-08-30,19.911664443365865,20.45337375349899,19.88844930004301,20.298599243164062,57341400
2011-08-31,20.345033156729166,20.670056982343077,20.3218165365971,20.584932327270508,59300800
2011-09-01,20.47658465412467,20.786133610656755,20.283117294311523,20.283117294311523,60510800
2011-09-02,19.95035548896506,20.120606241170197,19.857490503010244,19.965831756591797,43894400
2011-09-06,19.501517728851496,19.803326450328026,19.431869335273934,19.741416931152344,54929300
2011-09-07,19.880710124512497,20.120609283447266,19.787845124516302,20.120609283447266,41961000
2011-09-08,20.1206103428492,20.631364179623006,20.081917451836315,20.290861129760742,65811900
2011-09-09,20.12060934676421,20.259906109177294,19.733674551634127,19.919403076171875,64529200
2011-09-12,19.687245739144846,20.06644171806055,19.55568783004843,20.035486221313477,55046100
2011-09-13,20.05870244674313,20.267647617531118,19.973576308413364,20.151567459106445,48792300
2011-09-14,20.25216854889361,20.739705772902422,20.035484518201248,20.507545471191406,66739200
2011-09-15,20.685529685502544,20.91769140209948,20.360504463097886,20.886735916137695,67808300
2011-09-16,20.933176433404494,21.103428725398395,20.76292561745002,20.987348556518555,89681500
2011-09-19,20.73970515215493,21.134378834082277,20.584932114326403,21.056991577148438,52324900
2011-09-20,21.134378528392105,21.281414166835745,20.840308727543956,20.87900161743164,49211900
2011-09-21,20.93317652110688,20.940915395869883,20.097397235215205,20.11287498474121,72750700
2011-09-22,19.578901758583903,19.84975643411388,19.037193883563187,19.393173217773438,96278300
2011-09-23,19.26935419056646,19.462821605082265,19.106842270872015,19.393173217773438,64768100
2011-09-26,19.49377133592651,19.749148188535205,19.13779063093447,19.687238693237305,51057600
2011-09-27,19.857493594613697,20.05869986547577,19.69498168893997,19.865232467651367,55620700
2011-09-28,20.066436438746937,20.4069394331846,19.741411188610744,19.795581817626953,60736200
2011-09-29,20.105128590758323,20.25216420418591,19.41638523087149,19.694978713989258,63407300
2011-09-30,19.501506759833955,19.733666957149715,19.253867346381668,19.261606216430664,54060500
2011-10-03,19.130054935691135,19.609854710940404,18.97528190976873,18.983020782470703,64592500
2011-10-04,18.805030564701475,19.648548541182862,18.774076548447383,19.60985565185547,83485400
2011-10-05,19.671767990771308,20.24443139623825,19.470561690033303,20.035486221313477,94061300
2011-10-06,20.043219319403526,20.430154060998337,19.88844630838894,20.38372230529785,55111400
2011-10-07,20.38372767458426,20.515285580421775,20.27538639073194,20.31407928466797,52741600
2011-10-10,20.569455612414167,20.87126430907588,20.48432947703194,20.84804916381836,41815300
2011-10-11,20.786138477059367,20.948650388850687,20.677795726492654,20.894479751586914,38826200
2011-10-12,21.033777661024804,21.13438006768349,20.817093624170163,20.863525390625,52489800
2011-10-13,20.708751926229347,21.04925498412444,20.60041064800604,21.033777236938477,43823500
2011-10-14,21.134381908615985,21.281417570576444,20.909960454503107,21.10342788696289,50947700
2011-10-17,20.979605492802236,21.21950465739197,20.778399218100184,20.87900161743164,39453300
2011-10-18,20.848043743838737,21.204022988274456,20.739701015326197,21.134374618530273,52487900
2011-10-19,21.180809020812653,21.258194790552764,20.902215526423632,20.995079040527344,42880000
2011-10-20,21.095684888456233,21.15759439569884,20.43015657856888,20.925434112548828,76300200
2011-10-21,21.010562135979058,21.041517632590175,20.73970744478904,21.018301010131836,76620600
2011-10-24,20.940907676848482,21.204023417645836,20.925431409066615,21.04151153564453,56897800
2011-10-25,20.956385451909835,21.072465578660797,20.67779196687641,20.747440338134766,53554600
2011-10-26,20.917701152672052,20.940916301926084,20.19800200500714,20.577198028564453,63029900
2011-10-27,20.99507714166942,21.20402224356356,20.623620166772376,21.087942123413086,74512400
2011-10-28,21.00282063631919,21.04151500224601,20.731967455027135,20.87900161743164,57712100
2011-10-31,20.708754374742238,20.894482934815873,20.600413083709128,20.608150482177734,46799000
2011-11-01,20.2676495279224,20.368251947762573,20.012272564901043,20.11287498474121,61182600
2011-11-02,20.197995775209577,20.275383026279464,19.888448246969084,20.128347396850586,53533100
2011-11-03,20.306338818606303,20.577193483040734,20.10513253862756,20.53076171875,65836100
2011-11-04,20.41468169452523,20.430159442515357,20.12061186290923,20.31407928466797,36549200
2011-11-07,20.283119096911882,20.75517996914135,20.221209595311212,20.739702224731445,42589700
2011-11-08,20.902220849918777,21.049256506742957,20.654582781187102,21.018301010131836,47822500
2011-11-09,20.57719358641889,20.701012609175685,20.16704215101252,20.2753849029541,62950900
2011-11-10,20.48432586503121,20.507542482234186,20.21347271119138,20.337291717529297,32514400
2011-11-11,20.569450329693254,20.956385062363207,20.561711457915187,20.824827194213867,37903000
2011-11-14,20.801613292491417,20.894478289903734,20.623623646493467,20.708749771118164,34199200
2011-11-15,20.70874492551851,21.005030518487505,20.583993566527404,20.849090576171875,43874200
2011-11-16,20.63858258112828,20.66977118029138,20.30331406305049,20.326704025268555,53262800
2011-11-17,20.279920674733564,20.303312121869457,19.835493589230442,19.913463592529297,70977500
2011-11-18,19.866673554156662,19.882267846639515,19.60937367680394,19.726327896118164,47626200
2011-11-21,19.679541474984,19.68733861923218,19.414444519158714,19.492414474487305,61882500
2011-11-22,19.406658086405375,19.461236639114034,19.219530982623976,19.328689575195312,49204500
2011-11-23,19.188338324788003,19.328683983813512,19.079179763793945,19.079179763793945,49099700
2011-11-25,19.009011899460283,19.235124739652044,18.946636199951172,18.946636199951172,26164600
2011-11-28,19.445640325712347,19.46903027999967,19.25071610849794,19.391061782836914,46766700
2011-11-29,19.35207385932437,19.52360810285928,19.297495322619113,19.36766815185547,40917100
2011-11-30,19.780914981958578,19.952447799049565,19.60158352868832,19.944650650024414,81350900
2011-12-01,19.929049469740807,19.983628006914778,19.64835963753844,19.710735321044922,48545400
2011-12-02,19.952440331116044,19.975831769436393,19.617170484292156,19.663951873779297,52293800
2011-12-05,20.100587517817846,20.116180326279455,19.88227184066262,20.038211822509766,56818400
2011-12-06,20.12397326129373,20.17075613834658,19.968034799244947,20.00701904296875,46175300
2011-12-07,20.014816038716308,20.084988866614605,19.757516165473742,19.960237503051758,62667000
2011-12-08,19.866670258612395,20.053797275904664,19.78090463849094,19.80429458618164,60522200
2011-12-09,19.897866136278115,20.17076036093367,19.88227184066262,20.038211822509766,53788500
2011-12-12,19.81210186668151,19.93685327536383,19.718539053746817,19.890071868896484,38945900
2011-12-13,20.077201934389134,20.35009623869519,19.999231920708215,20.084999084472656,54581100
2011-12-14,20.053804020646183,20.16296259947856,19.936849781397196,19.952444076538086,47926400
2011-12-15,20.0538056572544,20.1785570542549,19.913461450994312,19.929054260253906,46213900
2011-12-16,20.01481583675125,20.404664215739665,19.983627252598477,20.27211570739746,101408100
2011-12-19,20.287711897974596,20.36568187849933,19.851080601897568,19.90566062927246,52258300
2011-12-20,20.16295892082337,20.350085966911898,20.123973190083948,20.295507431030273,60767600
2011-12-21,20.279923375097795,20.420269102292583,19.83549623041717,20.084999084472656,64132500
2011-12-22,20.131772900925384,20.1629614894902,19.866675846739458,20.12397575378418,35794100
2011-12-23,20.201943164409226,20.303304577178157,20.06159750805444,20.295507431030273,23205800
2011-12-27,20.240929404254825,20.38127507445119,20.217539450657906,20.303306579589844,21287200
2011-12-28,20.357881944142765,20.389069039790023,20.084987793250225,20.13176918029785,29822500
2011-12-29,20.23313545862832,20.3111039600951,20.162962617585144,20.2877140045166,22616900
2011-12-30,20.27211532611989,20.365679589664918,20.201942500249505,20.24092674255371,27395700
2012-01-03,20.700951846822562,21.020627452938413,20.57620046332144,20.872486114501953,64731500
2012-01-04,20.911469127077456,21.41827177846343,20.88028202662405,21.363693237304688,80516100
2012-01-05,21.348104081968156,21.620998340600963,21.277932717269387,21.582014083862305,56081400
2012-01-06,21.465057925465725,21.97965780204225,21.465057925465725,21.917282104492188,99455500
2012-01-09,21.870491645481888,21.90947737242696,21.613191796258107,21.628786087036133,59706800
2012-01-10,21.776933241913166,21.94846601340761,21.63658757107511,21.70676040649414,60014400
2012-01-11,21.387076564162506,21.815909070993552,21.3402951876535,21.613187789916992,65582400
2012-01-12,21.730156308982522,21.847110562976013,21.558622015114974,21.83151626586914,49370800
2012-01-13,21.776940642786005,22.026443481445312,21.667783522661118,22.026443481445312,60196100
2012-01-17,22.14339400963978,22.338318255300614,21.96406406054877,22.034236907958984,72395300
2012-01-18,22.073220882661463,22.143393729182907,21.808123792947995,22.010845184326172,64860600
2012-01-19,21.95626263091021,22.17457827885539,21.85490269727897,21.92507553100586,74053500
2012-01-20,22.470863284483535,23.188184455719647,22.41628474218629,23.164793014526367,165902900
2012-01-23,23.04004751035779,23.351927523840402,22.884108990770603,23.18039321899414,76078100
2012-01-24,22.977664557869588,23.055634536648284,22.751553255280392,22.876304626464844,51703300
2012-01-25,22.665786937303647,23.11801104574471,22.665786937303647,23.04783821105957,59231700
2012-01-26,23.08682379902585,23.15699663326604,22.923086690080847,23.001056671142578,49102800
2012-01-27,22.96207689167924,23.02445259123367,22.743761199661733,22.790542602539062,44187700
2012-01-30,22.58781741725181,23.09462156414455,22.478660333135213,23.086824417114258,51114800
2012-01-31,23.12581790912116,23.157006509709245,22.790547888570934,23.024457931518555,50572400
2012-02-01,23.22716914146376,23.429889007363485,23.203777701327482,23.305137634277344,67409900
2012-02-02,23.312939155364592,23.523457694631198,23.16479631434506,23.351924896240234,52223300
2012-02-03,23.50006916504283,23.70279058127977,23.461084906485553,23.578039169311523,41838500
2012-02-06,23.422093110599143,23.562437288534472,23.36751308416725,23.546844482421875,28039700
2012-02-07,23.50786690284096,23.772964031700273,23.429896896619837,23.663806915283203,39242400
2012-02-08,23.59362956307414,23.913305189233764,23.562440971666422,23.905508041381836,49659100
2012-02-09,23.92110674560487,24.01466956276331,23.76516673413525,23.99127960205078,50481600
2012-02-10,23.889909257117054,24.014660625001195,23.671595106896614,23.780752182006836,44605300
2012-02-13,23.88211436014739,23.991272932692688,23.72617587918143,23.843130111694336,33319800
2012-02-14,23.8038885447829,23.905915763430695,23.427170587853073,23.74110221862793,59644000
2012-02-15,23.8038917902149,23.85098116701529,23.56844340926866,23.584138870239258,43311300
2012-02-16,23.78819655796714,24.761385565124254,23.78034807844034,24.557331085205078,94705100
2012-02-17,24.486691419090146,24.580870160879567,24.290483960594052,24.52593231201172,70036500
2012-02-21,24.47100047095307,24.80847762193051,24.447455031253078,24.67505645751953,50829900
2012-02-22,24.682899403900304,24.863409910299154,24.470994984939495,24.541629791259766,49253200
2012-02-23,24.486688442668054,24.79277156169463,24.329721896173236,24.62010955810547,35034700
2012-02-24,24.70644760131836,24.722144560305843,24.518088584301736,24.70644760131836,35575400
2012-02-27,24.518089833714452,24.72214582011701,24.40821410909172,24.604421615600586,34568400
2012-02-28,24.651504963804232,25.059616836711413,24.627959529886624,25.012527465820312,45230600
2012-02-29,25.028225668708657,25.114557438927136,24.80847424916238,24.91050148010254,59323600
2012-03-01,25.059621902241787,25.420642980290243,24.996835562714036,25.342161178588867,77344100
2012-03-02,25.35785195620268,25.459877674765814,25.114553640015316,25.17734146118164,47314200
2012-03-05,25.12240174289218,25.153795654877655,24.81632008269849,24.95758819580078,45240000
2012-03-06,24.75353252330017,25.09885655628351,24.714290135272034,24.769227981567383,51932900
2012-03-07,24.855560119494385,25.051767571812167,24.745684425218528,24.988981246948242,34340400
2012-03-08,25.145951031651858,25.279370679267963,25.0360738263441,25.122404098510742,36747400
2012-03-09,25.193036884487874,25.24012775309521,25.051768769498274,25.106706619262695,34628400
2012-03-12,25.091018580543043,25.271530647137844,24.973294361073155,25.145957946777344,34073600
2012-03-13,25.30292195338833,25.656093078321614,25.23228712962387,25.640396118164062,48951700
2012-03-14,25.530513500496347,25.805205738282986,25.499122582542395,25.718873977661133,41986900
2012-03-15,25.73457410762195,25.85229680071738,25.56976054095519,25.781661987304688,49068300
2012-03-16,25.828751375406934,25.860145289315618,25.50697124256397,25.585453033447266,65626400
2012-03-19,25.538370581146225,25.593308445211708,25.232287340241644,25.271528244018555,44789200
2012-03-20,25.193036884487874,25.23228077193812,24.91049915756454,25.106706619262695,41566800
2012-03-21,25.083155679871517,25.23227523412282,24.97328000445747,25.043914794921875,37928600
2012-03-22,24.96543347525153,25.185186340163,24.949738018213793,25.114551544189453,31749500
2012-03-23,25.193038910157064,25.200888885833606,24.894804203051454,25.122404098510742,35912200
2012-03-26,25.2636692801533,25.59329934117947,25.232278364631558,25.57760238647461,36758300
2012-03-27,25.62469756431437,25.663938460738446,25.428490088305495,25.522668838500977,36274900
2012-03-28,25.522671017204186,25.66394065150092,25.145952990375818,25.263675689697266,41344800
2012-03-29,25.16164663635547,25.263672363557237,24.965437672485564,25.2087345123291,37038500
2012-03-30,25.42848601414878,25.436332994620958,25.145946814942327,25.318607330322266,31749400
2012-04-02,25.287223318620136,25.475580840258974,25.075318861359825,25.342161178588867,35853600
2012-04-03,25.24013069067831,25.263674630778013,24.84771572161062,25.067468643188477,42752100
2012-04-04,24.84771523219521,24.87126066877546,24.36896850034013,24.49454116821289,49455900
2012-04-05,24.44744536931421,24.824163273963485,24.368962098276306,24.73783302307129,50368600
2012-04-09,24.50238376216149,24.643653353824696,24.306176328616797,24.408205032348633,31056400
2012-04-10,24.376820516996293,24.47884926004047,23.78034950956299,23.91377067565918,54131300
2012-04-11,23.882375951868095,23.960859247354097,23.725409360896094,23.819589614868164,43014000
2012-04-12,23.92161287105925,24.361118653878115,23.87452350038012,24.314027786254883,38304000
2012-04-13,24.243395081380843,24.455299513205205,24.10997393878153,24.18060874938965,39749200
2012-04-16,24.321887973393423,24.47885461381722,24.14922586648311,24.39252281188965,38124800
2012-04-17,24.541635293108556,24.80847762193051,24.48669743075306,24.67505645751953,34361500
2012-04-18,24.549475267081203,24.573019201679184,24.361116305577536,24.439598083496094,40552900
2012-04-19,24.431758493711556,24.863415914004886,24.282641863867855,24.33757972717285,54781200
2012-04-20,25.23228002452521,25.813052417371086,25.153795245837806,25.444181442260742,106045000
2012-04-23,25.357854103281202,25.50697070034495,25.138099704480304,25.2087345123291,61398200
2012-04-24,25.279374912207768,25.522673302815317,24.98114015516383,25.051774978637695,40871100
2012-04-25,25.051775290812085,25.365707011860952,25.01253438703517,25.271528244018555,62495500
2012-04-26,25.208734661466288,25.295066426446493,25.05176958516359,25.20088768005371,40308100
2012-04-27,25.208735493721107,25.287220279879875,25.020376497772773,25.098859786987305,41419100
2012-04-30,25.098858924749756,25.200887646306857,25.051769551616424,25.130252838134766,35697200
2012-05-01,25.15379801343989,25.381399405843432,25.075316220005533,25.122404098510742,43832300
2012-05-02,24.996830585782625,25.05961691280946,24.83201554174711,24.95758819580078,37385300
2012-05-03,25.020371969762937,25.036068924153966,24.808469073259893,24.926193237304688,31501300
2012-05-04,24.682898764583005,24.77707750594126,24.266938415575755,24.314027786254883,57927200
2012-05-07,24.094280849094083,24.219853525431386,23.992252113979788,24.055038452148438,48641400
2012-05-08,23.921612309630707,24.157062151388658,23.67831548706382,23.93730926513672,46328300
2012-05-09,23.69401978865414,24.196310545023945,23.62338496392157,24.141372680664062,50309300
2012-05-10,24.21985163509323,24.3454243016297,23.898071489975504,24.12567138671875,43839200
2012-05-11,24.086427987579665,24.75353364484304,24.086427987579665,24.455297470092773,43459300
2012-05-14,24.18845464398526,24.361118161223796,24.047185037860668,24.07857894897461,40528900
2012-05-15,24.204977383498214,24.33137401421361,23.817887513586484,23.865285873413086,61822800
2012-05-16,23.944287257060346,23.952187235852893,23.49399901325343,23.62039566040039,60083700
2012-05-17,23.691488137736297,23.865283108140652,23.470293306230875,23.478193283081055,48484000
2012-05-18,23.533489428707448,23.549287873162562,23.04370148820813,23.122699737548828,56205300
2012-05-21,22.988415001645148,23.53350154529942,22.956815082932643,23.501901626586914,38787900
2012-05-22,23.45449209586281,23.60458711803227,23.304395566927013,23.509790420532227,39504900
2012-05-23,23.185898456145836,23.225396828149353,22.62501223174481,22.99630355834961,65171000
2012-05-24,23.035804704479947,23.14640136482163,22.71981317009907,22.964706420898438,52575000
2012-05-25,23.067413931398477,23.1938105962198,22.917317326885488,22.956815719604492,29507200
2012-05-29,23.209602427185605,23.478195639988865,23.08320579842721,23.35179901123047,37758800
2012-05-30,23.18590519655644,23.288601897680483,23.00421022169335,23.17800521850586,41585500
2012-05-31,23.146402195992568,23.241200413094212,22.862010558220724,23.059505462646484,39134000
2012-06-01,22.719813527478653,22.877808543771085,22.46702029599755,22.47492027282715,56634300
2012-06-04,22.609220592773582,22.735617229351995,22.372225769113985,22.55392074584961,47926300
2012-06-05,22.522319793701172,22.711914727133074,22.427521573601926,22.522319793701172,45715400
2012-06-06,22.814606510616194,23.20169777822774,22.75930818860491,23.185897827148438,46860500
2012-06-07,23.414994105088528,23.462393964428507,23.04370424752414,23.091102600097656,37792800
2012-06-08,23.075305855869754,23.44659727183292,22.94890922691917,23.422897338867188,42551100
2012-06-11,23.486091045387575,23.549289347463404,22.767209794237647,22.830408096313477,46361900
2012-06-12,22.9884112670513,23.146406314645496,22.78301634908872,23.138507843017578,35337900
2012-06-13,23.0832042289608,23.25700071176188,22.948907631690226,23.01210594177246,32984600
2012-06-14,23.17010524045528,23.27280194157932,22.81461376201293,23.17800521850586,39458900
2012-06-15,23.375495616288667,23.762585425098735,23.296497357869654,23.715187072753906,62314400
2012-06-18,23.691488968202435,23.72308887671083,23.470294128943397,23.5729923248291,58679900
2012-06-19,23.849492369466656,24.57627390015026,23.738894164584867,24.252382278442383,75725800
2012-06-20,24.43407440185547,24.528871129979812,24.204979546482463,24.43407440185547,36257100
2012-06-21,24.45776722570045,24.599963792067673,23.74678590063083,23.80998420715332,48456600
2012-06-22,23.936389129370987,24.276080709885832,23.7230957125449,24.252382278442383,45098100
2012-06-25,23.936386895686503,23.95218685301906,23.399201907281313,23.596696853637695,42217200
2012-06-26,23.699387119716814,23.912681965418216,23.651988767371986,23.715187072753906,38421300
2012-06-27,23.849482966493646,24.094376204381287,23.723086359405418,23.833683013916016,33781700
2012-06-28,23.68359233201267,23.738890672936474,23.24120409785545,23.628293991088867,45328400
2012-06-29,24.054886779074497,24.244481760243684,23.809991943309864,24.165483474731445,55227200
2012-07-02,24.18918454555672,24.18918454555672,23.865291409107087,24.14178466796875,30589100
2012-07-03,23.881084413759364,24.299774169921875,23.833686056741573,24.299774169921875,20938100
2012-07-05,24.165484011771046,24.31558060690326,23.999587457831865,24.252382278442383,28801900
2012-07-06,24.18127690145473,24.252375188534312,23.65989046738217,23.849485397338867,38294800
2012-07-09,23.79418863599979,23.881085376240176,23.52559542412952,23.699390411376953,30680800
2012-07-10,23.76258888012148,23.873185553928714,23.312300700458685,23.493995666503906,37534100
2012-07-11,23.470299686122285,23.49399962311513,22.99631300040078,23.146408081054688,39184900
2012-07-12,23.027906711567415,23.0516066437251,22.54602014516077,22.617116928100586,63523600
2012-07-13,22.719812319622825,23.288597060216944,22.688212413984377,23.217498779296875,39085000
2012-07-16,23.288600280071826,23.32810016758109,22.941010310590137,23.257001876831055,27900600
2012-07-17,23.414995715355765,23.588792198021544,23.06740576355734,23.430795669555664,33771300
2012-07-18,23.38340086898531,24.05488395690918,23.27280267953698,24.05488395690918,41090400
2012-07-19,24.102283014058692,24.331376364320388,23.99958479995389,24.228679656982422,46663200
2012-07-20,24.489367006605743,24.52886538294207,23.738885802083818,23.794185638427734,64021700
2012-07-23,23.359689391350905,23.367589365748366,22.917301372455317,23.130596160888672,55151900
2012-07-24,23.09900470664626,23.19380292730123,22.83041150601821,23.02790641784668,47723300
2012-07-25,23.099001737982082,23.17010001764417,22.73561187016822,22.775110244750977,45579500
2012-07-26,23.09111455037553,23.304409507491968,22.980517834878373,23.035816192626953,45301400
2012-07-27,23.288595615088223,23.580888697040432,23.051602364571774,23.509790420532227,44242600
2012-07-30,23.501895347304767,23.55719368350988,23.272800518150273,23.414997100830078,28905000
2012-07-31,23.28859875322903,23.470293703559477,23.170102112003374,23.280698776245117,37620900
2012-08-01,23.37549582041375,23.422894173172477,23.075302737153372,23.233299255371094,31721800
2012-08-02,23.075303909857972,23.328098653206844,22.885708982421228,23.059505462646484,39520500
2012-08-03,23.328106593969302,23.651998226937202,23.288606695578668,23.501901626586914,35859400
2012-08-06,23.69938950834731,23.786287752043233,23.549292952899794,23.65989112854004,27471800
2012-08-07,23.754684805297902,23.975879621527845,23.596689799504873,23.904781341552734,28002900
2012-08-08,23.865280986108804,24.07067584565075,23.786284238164225,23.960079193115234,26257600
2012-08-09,24.00748118102268,24.21287607168755,23.936382891686126,24.094379425048828,24920800
2012-08-10,24.09438347275517,24.189181710051624,23.896888526257175,24.031185150146484,27810300
2012-08-13,23.975884124300165,24.062780866437667,23.825787559856565,24.007482528686523,23049100
2012-08-14,24.09495649124895,24.166525792087697,23.86434547935081,23.95977020263672,34551400
2012-08-15,23.94386116731361,24.07904742246817,23.87229188418777,24.015430450439453,24351000
2012-08-16,24.142658924029057,24.603882245916072,24.06313734782483,24.476648330688477,35787200
2012-08-17,24.587992870027247,24.587992870027247,24.325572567596037,24.57208824157715,32589900
2012-08-20,24.508465997714545,24.53232293528236,24.317615047417597,24.444849014282227,23737700
2012-08-21,24.460749797288898,24.61979147251482,24.341468161682382,24.492557525634766,28822700
2012-08-22,24.325564790199426,24.46075105530565,24.23013856675747,24.285804748535156,33437400
2012-08-23,24.166523618238635,24.174475930588564,23.920008002384762,24.063146591186523,28355600
2012-08-24,24.05519828655679,24.357378622456487,23.99953360758175,24.301713943481445,22943300
2012-08-27,24.595929759405756,24.619785170371607,24.325557312308185,24.405078887939453,34691100
2012-08-28,24.413036553465645,24.492556629795942,24.269897989273943,24.357370376586914,23947900
2012-08-29,24.37328338623047,24.452805006675096,24.206289348370625,24.37328338623047,23346800
2012-08-30,24.277854442871085,24.341471424839447,24.031337310588754,24.110858917236328,23982100
2012-08-31,24.333512815234965,24.619788401633144,24.158565022535306,24.508459091186523,36590100
2012-09-04,24.21423876368973,24.38123278156069,23.975673930911615,24.16652488708496,48556700
2012-09-05,24.03133860353527,24.277855749080842,24.02338629076781,24.16652488708496,33650000
2012-09-06,24.25399832895576,24.93788204588585,24.22218907851783,24.929929733276367,48371700
2012-09-07,24.6834200524942,24.707275479317865,24.43690285249101,24.61185073852539,42649100
2012-09-10,24.516417552329138,24.572082221518016,24.261949626466578,24.428943634033203,40524000
2012-09-11,24.405087998564483,24.580034316863888,24.341471017660293,24.484609603881836,25191800
2012-09-12,24.603882245916072,24.794733118757467,24.43688678421241,24.476648330688477,32775800
2012-09-13,24.564127907188897,24.794740394174013,24.17447373787631,24.60388946533203,45047300
2012-09-14,24.65955799368136,24.850408952426164,24.500514769686397,24.818599700927734,51422800
2012-09-17,24.802696591927113,24.858361265300772,24.683414932305183,24.818599700927734,36488500
2012-09-18,24.731127504783597,24.81859991365685,24.675462830932815,24.79474449157715,34542700
2012-09-19,24.723179267390723,24.80270089317874,24.683419212871144,24.691370010375977,48871900
2012-09-20,24.611848143381543,25.033310151481132,24.58003888863884,25.00945472717285,45543000
2012-09-21,24.99355102802249,25.136689646183104,24.72317841966329,24.80270004272461,102348900
2012-09-24,24.651594584939442,24.70725923325803,24.365317517303396,24.476648330688477,46825900
2012-09-25,24.611845301571343,24.651605348660073,24.142669465531153,24.16652488708496,54266400
2012-09-26,24.079049152694484,24.33351705909443,23.888198222894527,23.991575241088867,54672000
2012-09-27,23.991577724479,24.17447636154242,23.768917524957104,23.983625411987305,47129900
2012-09-28,23.9995244361087,24.0631414044472,23.649630351872865,23.66553497314453,54229300
2012-10-01,23.70530029705658,23.840486574522792,23.395167696824657,23.45083236694336,54042700
2012-10-02,23.60192414139814,23.768918157925235,23.458785546232882,23.58601951599121,43338900
2012-10-03,23.65758795457623,23.848438902284,23.593970972006975,23.74506187438965,46655900
2012-10-04,23.832535147207892,23.8802490234375,23.5144502227533,23.8802490234375,43634900
2012-10-05,24.039282706769555,24.055187326872968,23.649628614724186,23.737102508544922,41133900
2012-10-08,23.570120907962966,23.79278117025879,23.49855159210891,23.68145179748535,29752000
2012-10-09,23.60191351655557,23.649625854549203,23.20430716086359,23.283828735351562,45121100
2012-10-10,23.180461019002344,23.307694990683945,23.021419312774636,23.04527473449707,47227100
2012-10-11,23.236125906371978,23.259982845063078,22.95780253871882,23.021419525146484,41488500
2012-10-12,23.037320420238576,23.315645277892504,22.902134147478005,23.2202205657959,46464700
2012-10-15,23.355406505071198,23.633729842002577,23.259980277588703,23.46673583984375,42440200
2012-10-16,23.41902463405346,23.649635626937876,23.31564608947715,23.45083236694336,47739400
2012-10-17,23.299746706671975,23.570119322433257,23.132752658745275,23.530359268188477,44206100
2012-10-18,23.578061919017983,23.641678889639433,23.267929376831937,23.45878028869629,59238500
2012-10-19,23.100941522983174,23.124798463638893,22.663574894869395,22.774904251098633,90470800
2012-10-22,22.846473561434582,22.92599518022273,22.130782025838663,22.265968322753906,83374000
2012-10-23,22.083068306159756,22.425010184241778,22.075115993094055,22.305727005004883,64414800
2012-10-24,22.3932008246777,22.425010076788084,22.162589813871886,22.186445236206055,53320400
2012-10-25,22.417057001180677,22.425009313937753,22.15463674719145,22.17053985595703,54084300
2012-10-26,22.15463149147944,22.536333312777085,22.138726869738317,22.432954788208008,57790000
2012-10-31,22.703328144274753,22.965748345875273,22.663568105175504,22.695377349853516,69464100
2012-11-01,22.933942506231187,23.506495306842602,22.918037882582663,23.474687576293945,72047900
2012-11-02,23.53034957023895,23.67348813332427,23.323594036532178,23.45878028869629,57131600
2012-11-05,23.554213510102368,23.649638236048162,23.32360097502747,23.562164306640625,38070800
2012-11-06,23.713252624730767,24.015434429496114,23.54625861426716,23.74506187438965,43401500
2012-11-07,23.482642400329166,23.721205713585377,23.100938975671244,23.12479591369629,57871800
2012-11-08,23.156606651306763,23.355409930701832,22.90213717961221,22.91008949279785,49841800
2012-11-09,22.965749191564342,23.212266296651855,22.9100845280763,22.925989151000977,43291200
2012-11-12,23.013466626734594,23.06913129884899,22.432959934009393,22.4409122467041,61112300
2012-11-13,21.663219194182307,21.887707529757773,21.44674698840988,21.719341278076172,131689200
2012-11-14,21.839592758167715,21.879681034251206,21.486823574689847,21.51889419555664,76086100
2012-11-15,21.550969987316925,21.623127377489265,21.35053313221862,21.37458610534668,50955600
2012-11-16,21.38259850862122,21.406651475838647,21.118021986075416,21.26233673095703,64083300
2012-11-19,21.48683765499536,21.48683765499536,21.222260976312942,21.430715560913086,57179300
2012-11-20,21.4547630510039,21.486832155466136,21.214237886083232,21.414674758911133,47070400
2012-11-21,21.41467686320306,21.78348154063685,21.382607755589586,21.607097625732422,66360300
2012-11-23,21.831580393226652,22.26452470457213,21.807528950959732,22.208402633666992,57845700
2012-11-26,22.080128929579455,22.112198037360177,21.78348165424404,21.95986557006836,85198700
2012-11-27,21.935804932300805,21.951838714868305,21.679246060682797,21.711315155029297,45018600
2012-11-28,21.655200066805822,21.959863442662435,21.462780851126066,21.93581199645996,53018400
2012-11-29,21.735377114610575,21.93581400713421,21.534940222086945,21.607097625732422,69551400
2012-11-30,21.687271849046283,21.75141159552506,21.238293623694844,21.34252166748047,83690200
2012-12-03,21.47080132806224,21.502870436945905,21.166136383000374,21.190189361572266,53173800
2012-12-04,21.246310633088555,21.350537144473012,21.118031144055937,21.1420841217041,49777500
2012-12-05,21.150089557538553,21.591051416184225,21.05388075401644,21.382596969604492,68283800
2012-12-06,21.494855315466026,21.631152485042566,21.334506693689864,21.430715560913086,39182300
2012-12-07,21.5028648569,21.5028648569,21.142079447219462,21.214235305786133,46162100
2012-12-10,21.294414210855606,21.623130579557962,21.26234510448107,21.599079132080078,47031100
2012-12-11,21.687273417766445,22.040042813522916,21.687273417766445,21.903745651245117,52282800
2012-12-12,22.0721090236186,22.144266420295523,21.711322040233988,21.839601516723633,43966300
2012-12-13,21.90374068574635,22.06409079179731,21.607094977527606,21.735374450683594,45080100
2012-12-14,21.735377256162096,21.751411045467187,21.406660872619543,21.49485206604004,42077500
2012-12-17,21.478816564029852,21.823566709387368,21.390623848429637,21.727357864379883,42046100
2012-12-18,21.84761393172868,22.1522772329694,21.759421239353802,22.096155166625977,50486900
2012-12-19,22.20038437516183,22.23245347371964,21.84761511575567,21.895719528198242,53519900
2012-12-20,21.935818065234677,22.1923770904541,21.76745024917667,22.1923770904541,52607300
2012-12-21,22.00796890258789,22.04003800654653,21.647181925478467,22.00796890258789,98776500
2012-12-24,21.807531481164393,21.847618242401463,21.647181377792275,21.69528579711914,20842400
2012-12-26,21.67123595141743,21.807533090579,21.4066593317758,21.53493881225586,31631100
2012-12-27,21.558992125618683,21.719342254707538,21.302433142446244,21.615114212036133,39394000
2012-12-28,21.414671669681674,21.567004099235117,21.286392211914062,21.286392211914062,28239900
2012-12-31,21.31846591631245,21.462780709422457,21.14208201874021,21.414674758911133,42749500
2013-01-02,21.847620769106204,22.232459226652033,21.767445708147797,22.144268035888672,52899300
2013-01-03,22.152287264275895,22.168322584552957,21.775466413038767,21.847623825073242,48294400
2013-01-04,21.863651174984106,21.91977324628229,21.43070686060656,21.438724517822266,52521100
2013-01-07,21.462785152414938,21.550976354851453,21.358557100609563,21.398645401000977,37110400
2013-01-08,21.446742298729454,21.478812927777238,21.21423482576831,21.286392211914062,44703100
2013-01-09,21.422693868667434,21.446746845552628,21.2944143837039,21.406660079956055,49047900
2013-01-10,21.36656773878643,21.63114431757021,21.07793971688436,21.214235305786133,71431300
2013-01-11,21.238292851074856,21.591062208480952,21.069926596147567,21.510887145996094,55512100
2013-01-14,21.5670100453367,21.71132485741631,21.454765871146865,21.558992385864258,48324400
2013-01-15,21.51088457711101,21.879689208812906,21.51088457711101,21.815547943115234,48244500
2013-01-16,21.767443807574875,21.83158354489897,21.6551996495607,21.67925262451172,41077400
2013-01-17,21.799519393454364,22.024007760484007,21.69529134086576,21.847623825073242,51685900
2013-01-18,21.72736198141989,21.87969446562737,21.679257549801008,21.847623825073242,52167700
2013-01-22,21.887706431363455,22.007969781343224,21.64718278982795,21.767444610595703,58650600
2013-01-23,21.807533180991825,22.160300989168537,21.807533180991825,22.136249542236328,50387700
2013-01-24,22.20840823646829,22.505053980151732,22.024005133700282,22.152284622192383,101739300
2013-01-25,22.112192841838812,22.633328336828754,21.959860410339303,22.35271644592285,81847700
2013-01-28,22.456945066118394,22.633328945240656,22.256508214256442,22.37677001953125,56056500
2013-01-29,22.304614875731804,22.553156168879763,22.128230978854543,22.456947326660156,49242600
2013-01-30,22.456946156092616,22.601260941111597,22.256509294502226,22.32866668701172,43580500
2013-01-31,22.280563167690133,22.424876429321944,21.967880611124645,22.00796890258789,50530000
2013-02-01,22.184354371421236,22.489017762098687,22.08814399429506,22.39280891418457,55565900
2013-02-04,22.344709805320566,22.464971658425696,21.983922716792748,21.999958038330078,50540000
2013-02-05,22.14427368172024,22.17634279675258,21.93581908176632,22.048063278198242,35410400
2013-02-06,21.95185175194196,22.080132793147808,21.847625221901943,21.919782638549805,41889600
2013-02-07,21.927799491961167,21.959868604172748,21.727362570698656,21.87167739868164,38028300
2013-02-08,21.927790030030717,22.216418032240178,21.895719402445394,22.088138580322266,33318500
2013-02-11,22.168319308410364,22.38479151252247,22.04805748252989,22.336687088012695,32247700
2013-02-12,22.35271644592285,22.448926805083538,22.248489958609575,22.35271644592285,35990900
2013-02-13,22.39280735280343,22.537122143824043,22.352719061291058,22.47298240661621,41715600
2013-02-14,22.38479432464761,22.49703850567529,22.344707554055514,22.48100471496582,32663200
2013-02-15,22.481000301821044,22.57720914404065,22.35271929684161,22.456947326660156,49650900
2013-02-19,22.53778726220913,22.707549020494312,22.473116483308345,22.675212860107422,38781400
2013-02-20,22.739883925276132,22.796472206665566,22.49736888681346,22.529705047607422,44110200
2013-02-21,22.424611462069,22.424611462069,22.012334711073898,22.222515106201172,49078500
2013-02-22,22.37611366798224,22.440784454345703,22.214435931137,22.440784454345703,31425900
2013-02-25,22.610543170978872,22.67521395299663,22.125513076782227,22.125513076782227,48011800
2013-02-26,22.133595575395514,22.311441382349145,22.10126095532317,22.125513076782227,49923300
2013-02-27,22.165929427773314,22.634792934017327,22.093174612849854,22.481199264526367,36394700
2013-02-28,22.537780959791,22.610535758443508,22.42460751383046,22.47311019897461,35840200
2013-03-01,22.40844198801176,22.61862237004956,22.246765838509962,22.594371795654297,34849700
2013-03-04,22.51353697862627,22.756052017211914,22.39227945933345,22.756052017211914,38157500
2013-03-05,22.86923143744535,23.071327855767603,22.764140436468725,22.917734146118164,41432200
2013-03-06,22.80454970414563,22.82071778099709,22.45694530307532,22.707544326782227,51448500
2013-03-07,22.72371809422858,22.861143698135486,22.642879231599863,22.747968673706055,29196700
2013-03-08,22.836886763572693,22.901557531670733,22.60245426554684,22.634790420532227,37667800
2013-03-11,22.586291787123844,22.610542365846307,22.368027327383633,22.529705047607422,36627500
2013-03-12,22.505449782671796,22.594372670558354,22.343772085036743,22.562036514282227,39255200
2013-03-13,22.529703109494285,22.650960618294466,22.43269617733041,22.57012176513672,29093400
2013-03-14,22.634795191149685,22.76413675460641,22.5782084498715,22.747968673706055,55914800
2013-03-15,22.659041663469516,22.76413107937631,22.61862147129562,22.667125701904297,92710300
2013-03-18,22.53778759135479,22.861143032454045,22.481200851724324,22.715633392333984,44809400
2013-03-19,22.731799352837083,22.812636663700143,22.659044539562036,22.780302047729492,51901600
2013-03-20,22.909638839725712,23.03089632272228,22.780297318946367,22.893470764160156,35447800
2013-03-21,22.723718643188477,22.925815033705987,22.675214399315646,22.723718643188477,34233200
2013-03-22,22.78838847434319,22.909645995212742,22.715633653446854,22.836891174316406,28720900
2013-03-25,22.87730691951318,22.917727115902363,22.602455751558082,22.76413345336914,44154000
2013-03-26,22.828804225718997,22.909643076624526,22.723714798852793,22.76413345336914,27824300
2013-03-27,22.747965292115346,22.998565883198737,22.69946259849749,22.933895111083984,36047400
2013-03-28,22.89347429309667,23.168325452588117,22.84497160079606,23.127906799316406,55453800
2013-04-01,23.152157374530315,23.168325452588117,22.92581044921227,23.127906799316406,29201100
2013-04-02,23.111739661774095,23.32192005946027,23.05515292814183,23.2814998626709,28456500
2013-04-03,23.24107992265087,23.402757617122763,23.071319731140868,23.087486267089844,35062800
2013-04-04,22.950057928155097,23.12790367905154,22.8530525566412,23.11981964111328,45263200
2013-04-05,22.81264205844245,23.26533912406848,22.723720687090353,23.200668334960938,50927300
2013-04-08,23.224909748398318,23.224909748398318,23.014729381306203,23.111736297607422,34759500
2013-04-09,23.22491632049388,24.106056687237125,23.184497660023226,23.936296463012695,77733800
2013-04-10,23.903962135195698,24.51025134001212,23.863543471623878,24.477916717529297,71116700
2013-04-11,23.524013926079,23.604852769222283,23.22491066901067,23.394672393798828,130923200
2013-04-12,23.321924945647154,23.459350559777413,23.168331249413765,23.273422241210938,62886300
2013-04-15,23.16024120623441,23.42700832430892,23.04706774458849,23.192577362060547,56332900
2013-04-16,23.362339503470114,23.55635182899356,23.200663336470363,23.418926239013672,52797300
2013-04-17,23.32191987912784,23.47551354199411,23.119823522362214,23.30575180053711,52840700
2013-04-18,23.40276381428963,23.427014395571153,23.03898967633507,23.273422241210938,56906600
2013-04-19,23.944378169685965,24.44557629491311,23.93629413000515,24.065635681152344,99790700
2013-04-22,24.494073028932917,25.2054529289558,24.46982245766631,24.922517776489258,137904000
2013-04-23,24.817435921011512,24.97911209884707,24.558751261103204,24.736597061157227,59126900
2013-04-24,24.752759529083075,25.803659843289495,24.736591452403555,25.674318313598633,90946600
2013-04-25,25.633902021788366,26.54737844881122,25.49647797472299,25.81983184814453,110700200
2013-04-26,25.787495416740676,25.852166190740032,25.423722891196633,25.69857406616211,47799300
2013-04-29,25.706662446172974,26.418042664822348,25.682411864044557,26.3614559173584,59116400
2013-04-30,26.321040501106484,26.7656520362314,26.09469039956809,26.757566452026367,75165200
2013-05-01,26.620130979354663,26.741390020623847,26.353362322060665,26.45037078857422,54330900
2013-05-02,26.377619375889477,26.81414519640801,26.183605501634418,26.806062698364258,46059500
2013-05-03,26.86264636280316,27.09707886794956,26.74139040354319,27.07282829284668,46784600
2013-05-06,27.016236122883857,27.41234628959145,26.87881209762008,27.283004760742188,40978300
2013-05-07,27.202165876558176,27.315339322238554,26.87072803546059,26.92731475830078,43078300
2013-05-08,26.733309375922822,26.87073652031886,26.39378893167276,26.66864013671875,51595700
2013-05-09,26.555453272616127,26.676712289247025,26.34527447203345,26.4018611907959,46417800
2013-05-10,26.409945053358,26.4503667834908,26.127011444898738,26.42611312866211,36394900
2013-05-13,26.361454945819986,26.733311582234617,26.312950699604293,26.70097541809082,36027600
2013-05-14,26.749816151294215,27.295230865478516,26.70097179114365,27.295230865478516,56870100
2013-05-15,27.230112918554187,27.59643792031183,27.21383146232382,27.55573272705078,46303900
2013-05-16,27.384776135166327,27.79994541526523,27.311511150758847,27.742961883544922,59382900
2013-05-17,27.783660656477636,28.386058807373047,27.75923692766838,28.386058807373047,60666700
2013-05-20,28.272099380487713,28.57329853714762,28.231397295323408,28.55702018737793,54020800
2013-05-21,28.573296921171018,28.711687729346945,28.26395860712105,28.369783401489258,48702400
2013-05-22,28.320943671532998,28.361645756590413,27.970900150373158,28.174413681030273,66047500
2013-05-23,27.86506089038576,28.125557855049145,27.596424754175477,27.799938201904297,51102700
2013-05-24,27.612711818842104,27.905771772994633,27.596433470606744,27.897632598876953,33174400
2013-05-28,28.01974057401891,28.6384234277586,28.011601399398362,28.508174896240234,48212100
2013-05-29,28.280234228031677,28.50816832934137,28.141843448401342,28.394201278686523,38412200
2013-05-30,28.369777876745403,28.695400686972228,28.337218080018133,28.516307830810547,51131000
2013-05-31,28.345356603914144,28.71982065334346,28.320935980585464,28.41048240661621,56165700
2013-06-03,28.4267654093406,29.004746134225176,28.353503527351393,28.972183227539062,51252600
2013-06-04,28.996601147914216,29.094289858852907,28.304656524963583,28.483749389648438,65529500
2013-06-05,28.16626378082825,28.402340157812322,28.02787610799778,28.312793731689453,46025100
2013-06-06,28.361645886790917,28.581440873554026,28.076728184710994,28.459331512451172,37618500
2013-06-07,28.695404629034307,29.126852272291558,28.540735480881818,29.03730583190918,40757300
2013-06-10,28.907063897974993,29.021034096939726,28.605864706994193,28.87450408935547,35994500
2013-06-11,28.53259535923806,28.638423260908272,28.231396214113524,28.361644744873047,39435900
2013-06-12,28.605857016568606,28.71168490589979,28.369780611664257,28.49188995361328,37372700
2013-06-13,28.483741413210858,28.508162031422206,28.15811867867306,28.263946533203125,45654900
2013-06-14,28.12556808760891,28.23953516294121,27.881352482558295,28.003461837768555,53192600
2013-06-17,28.239532096091093,28.622138469186446,28.190690843607133,28.49188995361328,49670100
2013-06-18,28.46746774516319,28.63027605155367,28.410484216852648,28.47560691833496,28616500
2013-06-19,28.459327856967175,28.565155749305152,28.15812873840332,28.15812873840332,30816200
2013-06-20,27.889489380120835,27.9464760185044,27.164981798627082,27.262670516967773,54493700
2013-06-21,27.40106254585998,27.45804608789101,26.904489017843726,27.083581924438477,85338500
2013-06-24,26.814931766249735,27.840641320498268,26.513732721753403,27.44989585876465,56109000
2013-06-25,27.742963907366796,27.98717950475049,27.238248153354725,27.409198760986328,44073400
2013-06-26,27.77551556723392,28.068575440330502,27.588283560615306,27.96274757385254,48665900
2013-06-27,28.101146267189254,28.312798954493466,28.08486481349358,28.18255043029785,28993100
2013-06-28,27.98717740273232,28.320939418675298,27.95461449742823,28.1174259185791,65545500
2013-07-01,28.28837439942944,28.48374871128441,27.94647323539491,27.97089385986328,31055400
2013-07-02,28.01158685791115,28.03600747446541,27.3766259845538,27.62898063659668,37630000
2013-07-03,27.40106213723341,27.979039829426117,27.352217771062303,27.68597984313965,15994400
2013-07-05,27.75110739671623,27.873216767080102,27.335941127145574,27.848793029785156,26085900
2013-07-08,27.962750513413017,28.15812481780559,27.66155143678663,27.94647216796875,32396900
2013-07-09,28.149982685840044,28.16626102957306,27.79179701633583,27.96274757385254,25318500
2013-07-10,27.954614999752867,28.337221380527144,27.938333546808256,28.2476749420166,29658800
2013-07-11,28.49188332006722,29.11870512575296,28.41047918130028,29.053579330444336,53638300
2013-07-12,28.96404395018144,29.086150191764027,28.719825256276884,29.03730583190918,35501200
2013-07-15,29.029165943054668,29.485037307697514,28.964043236888326,29.444332122802734,34142600
2013-07-16,29.314085779327677,29.65599010451127,29.273383696783633,29.525741577148438,36378500
2013-07-17,29.582718972180515,29.623421046274487,28.890774396475393,29.094287872314453,37285100
2013-07-18,29.078010094096584,29.216397784568013,28.67098309101178,28.850072860717773,49547100
2013-07-19,26.3753441807024,26.595135972465826,25.251949074927357,25.561288833618164,248428500
2013-07-22,25.80551418768023,26.05786895751953,25.72410847157036,26.05786895751953,79040700
2013-07-23,25.97646131425459,26.082289196826046,25.813649903845278,25.903196334838867,65810400
2013-07-24,26.082291950883487,26.20439819255678,25.960182603840504,26.017166137695312,52803100
2013-07-25,25.74039143020097,25.76481205958222,25.439190728790695,25.553157806396484,63213000
2013-07-26,25.44732892533012,25.740388870239258,25.406625292601166,25.740388870239258,38633600
2013-07-29,25.61828307949008,25.72411098658504,25.56129953844743,25.675268173217773,28870700
2013-07-30,25.870642112589216,26.14741910225081,25.683408473224013,25.92762565612793,45799500
2013-07-31,26.025305706470036,26.090429964075966,25.813651481079564,25.919479370117188,43898400
2013-08-01,26.098573823720034,26.122994451373323,25.72410815529265,25.781091690063477,42557900
2013-08-02,25.797368526847976,25.968319100566635,25.699681375662603,25.96017837524414,29199900
2013-08-05,25.968319417644846,26.049725119179204,25.756665214729363,25.805509567260742,30984000
2013-08-06,25.68340062305137,25.781087776891724,25.545011394176907,25.707822799682617,36331500
2013-08-07,25.675257704879737,26.131125847354,25.439181356601953,26.09856605529785,38078600
2013-08-08,26.24510342024489,26.92076665361401,26.090431166361707,26.77423667907715,59034400
2013-08-09,26.676549494336566,26.782377382021902,26.432333919606144,26.619565963745117,26800700
2013-08-12,26.424187866719794,26.83935707929777,26.424187866719794,26.757949829101562,25493700
2013-08-13,26.65137902425309,26.684171384021692,26.405442580491677,26.421838760375977,39464100
2013-08-14,26.348060768987047,27.348205974704673,25.98735414873325,26.52021598815918,48519600
2013-08-15,26.233295310358432,26.3808578466594,25.28233848044804,26.061140060424805,33338000
2013-08-16,26.06113178191577,26.225088887347585,25.954558177940623,26.06932830810547,32866300
2013-08-19,26.03653648133883,26.2086916697682,25.725015335191834,25.733213424682617,27902500
2013-08-20,25.774205694460676,26.151308455945003,25.716820627593567,25.921768188476562,22979600
2013-08-21,25.913572311401367,26.24148656046677,25.856187239633623,25.913572311401367,37409100
2013-08-22,26.389046546010988,26.634986118379082,26.315265299750877,26.55300521850586,31169900
2013-08-23,28.832027145045,28.856622983813754,27.87287386887365,28.487716674804688,225493800
2013-08-26,28.200789569505208,28.422130214210135,27.897464885387127,27.99584197998047,72786800
2013-08-27,27.47936921373381,27.95484592665335,27.176047700634197,27.26622200012207,58522300
2013-08-28,27.372798627873937,27.544953846693435,27.053080899422884,27.069477081298828,44257400
2013-08-29,26.995696240859335,27.544954269500675,26.889122620655797,27.503965377807617,45284700
2013-08-30,27.356400869079472,27.446578300573048,27.126860590551644,27.380996704101562,42790200
2013-09-03,26.028342345874947,26.290674994928814,25.651239553766494,26.13491439819336,154507000
2013-09-04,25.733212617845403,25.798795768089686,25.503672373803226,25.57745361328125,142320600
2013-09-05,25.495476830472054,25.774205637749702,25.372508606937984,25.602048873901367,71644900
2013-09-06,25.667632916624456,25.73321607568131,25.520070417840067,25.536466598510742,75434900
2013-09-09,25.593851176462923,26.061132934861842,25.577456559732468,25.954559326171875,49628500
2013-09-10,26.15130819088179,26.561204872118967,26.061132328272816,26.55300521850586,56881200
2013-09-11,26.700576917914052,26.995702004719487,26.667784546657305,26.839942932128906,39087500
2013-09-12,26.823546036730562,26.872731465061555,26.71697239659247,26.7989501953125,32860200
2013-09-13,26.864528853609023,27.11046532133844,26.65138162159217,27.077672958374023,40899000
2013-09-16,27.364605780563863,27.462979757796955,26.83174074331761,26.88912582397461,52839700
2013-09-17,27.39738867838491,27.438380692722816,26.971100499985667,26.99569320678711,84716500
2013-09-18,27.044883348775475,27.380997246384453,26.91371702598299,27.315412521362305,64099900
2013-09-19,27.44658291009585,27.610541619688277,27.31541656787236,27.577749252319336,42026600
2013-09-20,27.389191383061338,27.446576448821666,26.79894141838188,26.880922317504883,102904900
2013-09-23,26.675984203097816,27.028494375976233,26.64319183184107,26.839942932128906,39826100
2013-09-24,26.94650809513827,26.94650809513827,26.35626116602762,26.602197647094727,40685000
2013-09-25,26.634989391551446,26.889122394259896,26.56120813622436,26.651382446289062,28907500
2013-09-26,26.757956940563375,27.053081971522126,26.716968047875117,26.864530563354492,28504000
2013-09-27,26.954713423232775,27.667930306617038,26.946513766695237,27.274431228637695,55348000
2013-09-30,27.053084872890796,27.307221038416692,26.807148363133177,27.282625198364258,39839500
2013-10-01,27.34000042867948,27.553147620320722,27.299011546364248,27.528554916381836,36718700
2013-10-02,27.348199117442384,27.897457001057425,27.29081405877368,27.807279586791992,46946800
2013-10-03,27.774487148804003,27.872861076974868,27.397381357522562,27.75809097290039,38703800
2013-10-04,27.618730127649673,27.864669684245605,27.56134506504432,27.774492263793945,33008100
2013-10-07,27.544947648765522,27.635125065166292,27.2170334667869,27.29901123046875,35069300
2013-10-08,27.307216990075414,27.323613171928812,26.889122170943576,27.061277389526367,41017600
2013-10-09,27.11046600341797,27.340006295440244,27.020288566622952,27.11046600341797,35878600
2013-10-10,27.307219485375636,27.782696293564968,27.266227463370377,27.676122665405273,42875100
2013-10-11,27.61054388084867,27.987646754717428,27.61054388084867,27.979450225830078,30033300
2013-10-14,27.79088961137919,28.282762490752546,27.692512533703315,28.24177360534668,27757900
2013-10-15,28.422127933283292,28.68446370389392,28.25817237662286,28.274568557739258,47097800
2013-10-16,28.364741056603613,28.61068063043527,28.33195182371077,28.397533416748047,35111600
2013-10-17,28.24177024361343,28.684457658705462,28.176185532969665,28.6270694732666,31359200
2013-10-18,28.54509999801522,28.6844659849615,28.14340447410072,28.659870147705078,41811700
2013-10-21,28.676267660457285,28.856622548195137,28.61888258295018,28.684467315673828,27433500
2013-10-22,28.709061000051022,28.774642607745694,28.29916578838939,28.34835433959961,40438500
2013-10-23,28.15979912889654,28.27457241235817,27.602341403948905,27.676122665405273,58600500
2013-10-24,27.7253016595668,27.954841892871542,27.52035412918724,27.64332389831543,53209700
2013-10-25,29.414084635621897,29.75019862261642,29.077970648627378,29.291114807128906,113494000
2013-10-28,29.19273499163714,29.29110895843716,28.91400614632706,29.159942626953125,38383600
2013-10-29,29.20912349097472,29.282904728480737,28.905798888310425,29.118946075439453,31702200
2013-10-30,29.127147712253855,29.340294936787373,29.045169934972808,29.135347366333008,36997700
2013-10-31,29.23373143958538,29.258324155828586,28.97139870881507,29.028783798217773,41682300
2013-11-01,29.241921643234566,29.258317826267266,29.012381335281063,29.127151489257812,40264600
2013-11-04,29.176333423396954,29.496051101916734,29.14354106476635,29.463258743286133,28060700
2013-11-05,29.340290889818412,30.09449634398047,29.323894711173413,30.037111282348633,51681900
2013-11-06,30.528991238567738,31.332385333365345,30.381428738783306,31.299592971801758,88948800
2013-11-07,31.119238785999283,31.16022767521771,30.68475093123076,30.742136001586914,60437400
2013-11-08,30.88150414675103,30.971681594848633,30.610974929710544,30.971681594848633,36737800
2013-11-11,30.897903398781263,30.971684670255378,30.619174498462677,30.81592559814453,26872500
2013-11-12,30.64375365956279,30.82410534823989,30.496191196940025,30.627357482910156,31651600
2013-11-13,30.31584830540529,31.283201217651367,30.250266700249913,31.283201217651367,44957600
2013-11-14,31.045464321277215,31.258611595411484,30.922497626740498,31.168434143066406,46183700
2013-11-15,31.111057221484604,31.168442319439315,30.922505738597216,31.0208797454834,50601300
2013-11-18,30.619165318262187,30.807719832249237,30.38962504349771,30.496198654174805,53277500
2013-11-19,30.438371365848944,30.75225505946249,30.289689782082956,30.34751319885254,44275000
2013-11-20,30.49619651846001,30.90094159489579,30.44663808324205,30.628360748291016,32229900
2013-11-21,30.785306869649624,31.00006748182252,30.777045028237627,30.892688751220703,23064700
2013-11-22,31.000059073426367,31.123961453245133,30.834860101625896,31.033100128173828,27982000
2013-11-25,31.330473940395304,31.346994473369705,31.03311064879504,31.090930938720703,30646800
2013-11-26,31.033115486046437,31.09919762824452,30.85139274597168,30.85139274597168,34465300
2013-11-27,31.033116431805926,31.190056797854304,30.967037438564002,31.05789566040039,26002100
2013-11-29,31.23959169638048,31.627816084271615,31.23959169638048,31.495655059814453,22090400
2013-12-02,31.46262558269867,32.03256961939477,31.437846366180565,31.75998878479004,42950400
2013-12-03,31.50393282796344,31.79303741037095,31.454374383127902,31.64435577392578,52109800
2013-12-04,31.56175247732101,32.19777876461911,31.487411660598656,32.164737701416016,51983600
2013-12-05,32.09038004068976,32.115162400568614,30.710949461190275,31.388275146484375,116305000
2013-12-06,31.735206397482795,31.84258825394173,31.380026074060527,31.68564796447754,36457300
2013-12-09,31.850855080614338,32.10691542715138,31.693911615607483,31.974754333496094,30286000
2013-12-10,31.89214685089418,32.131689757879066,31.40480234918655,31.479143142700195,37828600
2013-12-11,31.437841256037427,31.6360812578959,30.884414686332494,31.066137313842773,39853400
2013-12-12,31.090921111095636,31.090921111095636,30.710958425696422,30.743999481201172,36012800
2013-12-13,30.909202353219744,30.93398472345663,30.24839691466558,30.306217193603516,40066100
2013-12-16,30.33924970088706,30.562272064337574,30.182309438148398,30.471410751342773,31734200
2013-12-17,30.512719869748004,30.653142801448844,30.008857876266884,30.16579818725586,45687700
2013-12-18,30.033637954427373,30.231878021239638,29.34805010852642,30.215360641479492,63192100
2013-12-19,30.15753439648643,30.190575454864,29.80235404731818,29.942773818969727,34160100
2013-12-20,29.901470532594438,30.50445559726145,29.893208693493467,30.39707374572754,62649100
2013-12-23,30.40534895881012,30.47142794584121,30.190585161277106,30.24840545654297,25128700
2013-12-24,30.33099753310859,30.702698401117953,30.264915418193088,30.628360748291016,14243000
2013-12-26,30.72747638562141,30.967019291560074,30.702694020579614,30.925716400146484,17612800
2013-12-27,31.04136945530101,31.07440736704963,30.70270328889741,30.80182647705078,14563000
2013-12-30,30.744006192779235,30.876167292681227,30.47968399297525,30.80182647705078,16290500
2013-12-31,30.89267553245146,31.04135710455487,30.743993960348046,30.90093421936035,17503500
2014-01-02,30.851392646526214,30.892695560751868,30.644890679277793,30.6944522857666,30632200
2014-01-03,30.72749240213688,30.744012937119898,30.231885805555883,30.48794937133789,31134800
2014-01-06,30.43837599985756,30.47141705705095,29.82713219662303,29.843652725219727,43603700
2014-01-07,30.008856945076975,30.14101803206376,29.909733766610238,30.074935913085938,35802800
2014-01-08,29.736273836391938,29.851914397156204,29.38935215409913,29.53803062438965,59971700
2014-01-09,29.63715178968179,29.661931007883005,29.240668543618636,29.348047256469727,36516300
2014-01-10,29.653678955523194,29.860180889333332,29.529776534849336,29.769319534301758,40548800
2014-01-13,29.728003087008684,29.75278229684344,28.76983477813002,28.893733978271484,45901900
2014-01-14,28.68724469444186,29.637154732066506,28.60464519159148,29.55455207824707,41623300
2014-01-15,29.653670841589488,30.38881702064537,29.612367945353334,30.36403465270996,44812600
2014-01-16,30.306208650531133,30.562272064337574,29.99232812505381,30.471410751342773,38018700
2014-01-17,30.42186546125985,30.42186546125985,29.86017996657626,30.050161361694336,46267500
2014-01-21,30.41360381544249,30.41360381544249,29.78583933844383,29.876697540283203,31567300
2014-01-22,29.951034316082065,30.00059590664022,29.52977182472905,29.67845344543457,21904300
2014-01-23,29.81061066799549,29.84365172408048,29.339786647174236,29.785831451416016,43954000
2014-01-24,30.934000066539166,31.016599605713992,30.174071072054897,30.40535545349121,76395500
2014-01-27,30.454897649742563,30.47141817894751,29.719751430450525,29.761051177978516,44420800
2014-01-28,29.835387177190206,30.058409559073134,29.52976531355875,29.95928955078125,36205500
2014-01-29,29.7197477852673,30.4631557534658,29.653668827520974,30.28143310546875,52745900
2014-01-30,30.388819735913835,30.463160544425307,29.926254355068124,30.446640014648438,35036300
2014-01-31,30.5209876246369,31.297433791364345,30.198845099621995,31.256134033203125,93162300
2014-02-03,31.173524591926363,31.380026467956437,30.091453627180083,30.132753372192383,64063100
2014-02-04,30.53750623292399,30.719225787571148,29.942779669793072,30.025379180908203,54697900
2014-02-05,29.975817673339478,30.12449929893806,29.571072547883542,29.58759307861328,55814400
2014-02-06,29.57107257762073,29.94277664199098,29.48021123400033,29.88495635986328,35351800
2014-02-07,30.000584606934773,30.223606953991798,29.744521211950538,30.198827743530273,33260500
2014-02-10,30.2566539906949,30.39707374572754,29.97581132966124,30.39707374572754,26767000
2014-02-11,30.46316743214704,30.777048115969347,30.446646898634874,30.702707290649414,32141400
2014-02-12,30.851375423291966,31.05787727525769,30.81007568309246,30.950498580932617,27051800
2014-02-13,30.834856261351884,31.272639153843357,30.834856261351884,31.066137313842773,37635500
2014-02-14,30.88442998342951,31.206572509233133,30.834871533902536,31.074411392211914,31407500
2014-02-18,31.315750255211203,31.44057860304236,31.132664868875185,31.1409854888916,32834000
2014-02-19,30.974545290718083,31.41561113314006,30.96622149674942,31.21588134765625,29750400
2014-02-20,31.265814720987596,31.515474572958922,31.124341968889503,31.415611267089844,27526100
2014-02-21,31.573730595336148,31.91493315714135,31.50715611172896,31.607019424438477,38021300
2014-02-24,31.365680694580078,31.607019947670967,31.240852345276103,31.365680694580078,32085100
2014-02-25,31.29909857695081,31.498825156968806,31.082724411568442,31.2408447265625,30736500
2014-02-26,31.27412550360108,31.407277580895244,30.949564339012873,31.18258285522461,41041800
2014-02-27,31.165957580832288,31.53212522452449,30.982872171687244,31.507160186767578,33903400
2014-02-28,31.607024707925905,32.00648120013532,31.4738725438561,31.88165283203125,41215000
2014-03-03,31.557088102397202,31.731852878527686,31.199244278848052,31.440580368041992,29717500
2014-03-04,31.79009366447121,32.02310903729866,31.681906595117166,31.964855194091797,26802400
2014-03-05,31.831702385952465,31.848346794295367,31.565398201658603,31.715194702148438,20520100
2014-03-06,31.74016749372514,31.823389555802887,31.53211710042637,31.748491287231445,23582200
2014-03-07,31.85668546373488,31.923263134834766,31.365686250466535,31.540451049804688,26591600
2014-03-10,31.615352932980336,31.63199417804713,31.39065802939724,31.473876953125,19006600
2014-03-11,31.515465458851473,31.81505846441524,31.390637156264127,31.640296936035156,25216400
2014-03-12,31.457212935594445,31.98150071732335,31.4488923182448,31.84834861755371,30494100
2014-03-13,31.973183671946042,31.99815187845639,31.32406744542548,31.53211784362793,32169700
2014-03-14,31.332389199954736,31.740166176118215,31.21587831788252,31.373998641967773,27195600
2014-03-17,31.540430119015888,31.96485137953087,31.448887469301916,31.665258407592773,20479600
2014-03-18,31.84002965124494,33.2048428489788,31.80674400220515,32.913570404052734,64063900
2014-03-19,32.847002040215045,32.91357652527301,32.38096794641915,32.68056106567383,35597200
2014-03-20,32.663900380694095,33.82898344755087,32.655579764680475,33.562679290771484,59269800
2014-03-21,33.88724908128476,34.0703312686882,33.29638355153687,33.42121505737305,80721800
2014-03-24,33.57101047734075,33.8206703061077,33.17155411639423,33.70416259765625,46098400
2014-03-25,33.83732252103632,34.111950618228526,33.25478066984491,33.57101821899414,43193100
2014-03-26,33.68752600986923,33.87893202886535,32.95518759074663,33.11330795288086,41977500
2014-03-27,33.07168480641738,33.26309074615547,32.73880297885769,32.75544738769531,35369200
2014-03-28,33.113309658771584,33.82067990344206,33.021766954840565,33.5377311706543,43472700
2014-03-31,33.645912051730576,34.53636753913322,33.62094701877823,34.11194610595703,46886300
2014-04-01,34.24509217697042,34.61125968537047,34.17851453475402,34.469783782958984,32605000
2014-04-02,34.48642780035686,34.66951313976801,34.26173302233317,34.411529541015625,28666700
2014-04-03,34.36160441939911,34.36160441939911,33.87892597330264,34.12858581542969,30139600
2014-04-04,34.328309484378636,34.444817178329565,32.98846465474986,33.17987060546875,51409600
2014-04-07,33.25477229571372,33.51275591223881,33.07169011828657,33.121620178222656,37559600
2014-04-08,33.08000223497961,33.22979872548305,32.622292147150674,33.13825607299805,35918600
2014-04-09,33.229798308783195,33.7457622281604,33.18818887851981,33.6791877746582,27398700
2014-04-10,33.654223242752266,33.86227359132798,32.53075263028198,32.75544738769531,45960800
2014-04-11,32.45584991281943,33.113289685777005,32.45584991281943,32.630611419677734,34330200
2014-04-14,32.54739420221553,32.7970539638262,32.372632686547675,32.605648040771484,32006600
2014-04-15,32.73880697413034,33.25477101267667,32.49746777842761,33.08000946044922,33968700
2014-04-16,33.338003878861734,33.637593847870136,33.21317234415989,33.62095260620117,30615800
2014-04-17,33.29637908935547,33.45449939883723,32.88027835846097,33.29637908935547,36688400
2014-04-21,33.396245155021504,33.41288956501179,33.113296534379884,33.23812484741211,22221200
2014-04-22,33.254774987993734,33.4045715291232,33.14659106630912,33.27974319458008,27056700
2014-04-23,33.279745740012984,33.279745740012984,32.847000496384155,33.03008270263672,24602800
2014-04-24,33.071687464277396,33.26309341939813,32.705516789614556,33.17155075073242,42381600
2014-04-25,33.52940662686426,33.853964775849356,33.08001695537836,33.21316909790039,56876800
2014-04-28,33.40457056542062,34.361603642293815,33.362961121773324,34.01207733154297,50610200
2014-04-29,34.203485350422994,34.27838362329067,33.61262296146536,33.712486267089844,29636200
2014-04-30,33.62095260620117,33.70417151293721,33.42954340643225,33.62095260620117,35458700
2014-05-01,33.48778898684941,33.58765227566619,33.24644979549521,33.28805923461914,28787400
2014-05-02,33.54605001692344,33.571015050822105,33.00511766873805,33.03008270263672,43416600
2014-05-05,32.888607529827794,32.988470832688186,32.705522162419435,32.8137092590332,22460900
2014-05-06,32.69718899415812,32.7471190391267,32.41424043248436,32.50578308105469,27112400
2014-05-07,32.63894021838039,32.88027621386476,32.048074806355594,32.80537796020508,41744500
2014-05-08,32.738808345866666,33.20484234592985,32.43089466838403,32.988468170166016,32120400
2014-05-09,32.90524673461914,33.163227157392754,32.76377083457845,32.90524673461914,29647600
2014-05-12,33.07170126481187,33.30471675530783,32.99680297506703,33.26310729980469,22782600
2014-05-13,33.4558493506006,33.94193288699549,33.397184537172606,33.87488555908203,27004800
2014-05-14,33.774319471895055,33.90003161959274,33.56480135706072,33.724037170410156,18818700
2014-05-15,33.59832089326213,33.85812447464254,33.112237392032775,33.18766403198242,37793200
2014-05-16,33.24632604994658,33.38880000099766,32.911099053753084,33.38042068481445,29867100
2014-05-19,33.196055360243854,33.372049834526514,33.07034319461728,33.313385009765625,24537400
2014-05-20,33.25471496582031,33.472612395449374,33.07033800437002,33.25471496582031,21320900
2014-05-21,33.35528015920156,33.816219329833984,33.30499786236425,33.816219329833984,22398700
2014-05-22,33.76594052702272,33.816222829063136,33.39718659476499,33.60670471191406,20201800
2014-05-23,33.832984608516625,33.832984608516625,33.522898690784835,33.62346649169922,18020000
2014-05-27,33.74079371901515,33.74079371901515,33.36366369323705,33.68212890625,26160600
2014-05-28,33.640227014540734,33.68212999687372,33.37204409121845,33.53127670288086,25711500
2014-05-29,33.64862103263131,33.81623301926465,33.4474821728801,33.80785369873047,19888200
2014-05-30,33.90002296478909,34.335820916022755,33.73240787631585,34.31067657470703,34567600
2014-06-02,34.319077618285746,34.43640728447236,34.09279760621429,34.18498611450195,18504300
2014-06-03,34.02574973556738,34.09279708493093,33.732425574585804,33.76594924926758,18068900
2014-06-04,33.69889199507161,33.83298345739275,33.40556792030432,33.791080474853516,23209000
2014-06-05,34.01735664258854,34.57048426291549,33.85812404780991,34.53696060180664,31865200
2014-06-06,34.76323318481445,34.91408643098655,34.5620976545794,34.76323318481445,24060500
2014-06-09,34.68782137863171,34.76324803393626,34.37773543882101,34.58725357055664,15019200
2014-06-10,34.386104386390635,34.49505467719124,34.24363363433694,34.45315170288086,15117700
2014-06-11,34.302309536770245,34.41963918159979,34.16821805739461,34.24364471435547,18040000
2014-06-12,34.20173990357729,34.2604047228653,33.765941819585706,34.00898361206055,29818900
2014-06-13,34.44476827897498,34.83866326045894,34.24363272880713,34.55371856689453,26310000
2014-06-16,34.394493851921496,34.872194889004355,34.394493851921496,34.780006408691406,24205300
2014-06-17,34.604010880802065,35.1236148844183,33.80784144489477,34.93085861206055,22518600
2014-06-18,34.872192279869495,34.981142584541566,34.51182090033238,34.90571594238281,27097000
2014-06-19,34.838676618600076,35.00629177266967,34.637540991311084,34.78839111328125,19828200
2014-06-20,34.73810233970279,35.05657075346422,34.679437526245756,34.93085861206055,47764900
2014-06-23,34.97275797305955,35.19903788596554,34.939234312556685,35.19065856933594,18743900
2014-06-24,35.05657599397522,35.14876128819355,34.83029602381818,34.98952865600586,26509100
2014-06-25,34.94762746742195,35.24095159365604,34.74648864015201,35.22418975830078,20049100
2014-06-26,35.140380445375115,35.14875976376135,34.72134419221967,34.964385986328125,23604400
2014-06-27,34.87219959646105,35.44208919078721,34.78839042259362,35.408565521240234,74640000
2014-06-30,35.34151996885474,35.375043640096514,34.947628021240234,34.947628021240234,30793100
2014-07-01,35.081716201495766,35.32475799959332,34.93924221064815,35.09009552001953,26917000
2014-07-02,34.9727490087863,35.1152229309082,34.80513394622758,35.1152229309082,20208100
2014-07-03,35.12361012631879,35.19065744518271,34.830286098769434,35.03142166137695,15969300
2014-07-07,34.98951980331098,35.2996056704819,34.95599614280812,35.19065856933594,21952400
2014-07-08,35.09010180858391,35.19905215087576,34.87220432099373,35.01467514038086,31218200
2014-07-09,35.18227749148198,35.1906600054459,34.80514428791475,34.9224739074707,18445900
2014-07-10,34.67106414291607,35.19905080007536,34.4028811544845,34.939247131347656,21854700
2014-07-11,34.94763108160722,35.274478912353516,34.76325407062479,35.274478912353516,24083000
2014-07-14,35.38340778129775,35.57616399534706,35.23255453604323,35.31636047363281,21881100
2014-07-15,35.47559648039222,35.592926072639614,35.224172271871666,35.57616424560547,28748700
2014-07-16,35.62645739044057,37.13499031347362,35.60131624072088,36.94223403930664,63318000
2014-07-17,38.09039869146149,38.30829615152899,37.08471097478068,37.31937026977539,82180300
2014-07-18,37.41994022144573,37.57917285326291,37.08470992636499,37.453460693359375,43407500
2014-07-21,37.34451474596598,37.847357007497024,37.05956994523355,37.57917404174805,37604400
2014-07-22,37.713248631116834,37.8389607386839,37.36963916035744,37.570777893066406,43095800
2014-07-23,38.090392626544684,38.090392626544684,37.39479097429117,37.60430908203125,52362900
2014-07-24,37.654596084302185,37.71326090105552,37.143371369457924,37.210418701171875,30725300
2014-07-25,37.126623847288684,37.428330562311274,37.126623847288684,37.29423904418945,26737700
2014-07-28,37.17688427612594,37.30259319121965,36.8165129649387,36.85003662109375,29684200
2014-07-29,36.7997742287323,36.950627579098736,36.573494203182655,36.78301239013672,27763100
2014-07-30,36.93385086478818,36.95899201405863,36.280155407816096,36.523197174072266,31921400
2014-07-31,36.35556905657691,36.615369364814086,36.104148062770356,36.17119216918945,31537500
2014-08-01,36.21311246087406,36.246636128618135,35.70188771725214,35.9197883605957,31170300
2014-08-04,36.01197522963209,36.4310114666183,35.87788376167622,36.34720230102539,34277400
2014-08-05,36.29692041109995,36.422629365428556,35.894646002661325,36.104164123535156,26266400
2014-08-06,35.8192138671875,36.17958203868315,35.37503334498586,35.8192138671875,24634000
2014-08-07,35.90302589495551,36.41425062958166,35.74379327146248,36.22987365722656,30314900
2014-08-08,36.22987213836404,36.30529878780239,35.961689206359374,36.20473098754883,28942700
2014-08-11,36.255013289179246,36.41424910298951,36.05387768867212,36.20473098754883,20351600
2014-08-12,36.070641232327745,36.531580468760424,36.037117564989,36.47291564941406,21431100
2014-08-13,36.60700379041205,37.02604000303399,36.47291233025273,36.94223403930664,22889500
2014-08-14,36.94223452061477,37.22717607979721,36.88356650885015,37.10146713256836,19313200
2014-08-15,37.36127133048424,37.629454258544854,37.21041803382606,37.53726577758789,41611300
2014-08-18,37.66297265375734,37.80544662475586,37.445075235573896,37.80544662475586,26891100
2014-08-19,37.92351318142149,38.23553584074007,37.80545072746097,38.22710418701172,28139500
2014-08-20,38.23554360846136,38.2861431919928,37.86448964678125,37.906654357910156,24770500
2014-08-21,37.81389220969783,38.159648007719156,37.80546055377795,38.13434982299805,22285500
2014-08-22,38.24395707362126,38.34515619254998,38.00783223004036,38.07529830932617,18294500
2014-08-25,38.28613796527315,38.319867799394814,37.982546939452455,38.0921745300293,16910000
2014-08-26,38.210235694618326,38.28613344210685,37.89820983440969,37.95724105834961,14873100
2014-08-27,37.86448138740313,37.94881079126617,37.746415718250105,37.83917999267578,21287900
2014-08-28,37.73798349140499,37.93194369091214,37.619921041005895,37.84761428833008,17657600
2014-08-29,38.02470741637074,38.31986353811821,37.83074721965662,38.311431884765625,21607600
2014-09-02,38.31143610889517,38.336734288702715,37.822316519543946,38.02471160888672,22976800
2014-09-03,37.55245120922143,38.04157070302359,37.55245120922143,37.91507339477539,33684500
2014-09-04,37.72956626940686,38.176518064578794,37.71269973904693,38.16808319091797,26475500
2014-09-05,38.04157595810059,38.733087380273275,38.04157595810059,38.71622085571289,36939400
2014-09-08,38.80899155419461,39.46677003609177,38.783693371648155,39.188480377197266,45736700
2014-09-09,39.18846882798873,39.610122236623994,39.146300913557035,39.43302536010742,40302400
2014-09-10,39.483637012495876,39.58483296079378,39.02825041971352,39.50050354003906,27302400
2014-09-11,39.41615580129277,39.635414123535156,39.18846261071814,39.635414123535156,29216400
2014-09-12,39.55951703521268,39.65228128661411,39.298090800986806,39.382423400878906,38244700
2014-09-15,39.24749822598283,39.39085883412316,38.876441184753624,38.9945068359375,37667600
2014-09-16,39.12100273846619,39.508923102340184,39.03667334352322,39.43302536010742,27910600
2014-09-17,39.01137121214969,39.37399339406062,38.98607303753828,39.23063278198242,38311900
2014-09-18,39.28966469682575,39.4920597481834,39.180033909967015,39.365562438964844,35556600
2014-09-19,39.47520448299354,40.116116430634996,39.298107556192676,40.073951721191406,202522400
2014-09-22,39.888407897541484,39.955873980440686,39.61854999986448,39.68601608276367,38686100
2014-09-23,39.50892267940309,39.61855346522354,39.18846840848206,39.264366149902344,33430300
2014-09-24,39.32338842390178,39.728175213742986,39.078828733072896,39.702877044677734,26582700
2014-09-25,39.53422161462082,39.71131526127724,38.81740894197915,38.825843811035156,33077400
2014-09-26,38.73308011127551,39.31496062308508,38.589716287897495,39.13786697387695,27078800
2014-09-29,38.77524191912303,39.26436135228052,38.58971341455161,39.16316223144531,26091000
2014-09-30,39.10413096188003,39.196895214029205,38.80054003374084,39.095699310302734,33033100
2014-10-01,39.01981304617569,39.23907143818296,38.665622453596896,38.70779037475586,38088400
2014-10-02,38.64874465969964,38.87643462042268,38.488514340056625,38.5897102355957,25119400
2014-10-03,38.77525482085264,39.045112798950406,38.46323213685726,38.868019104003906,32453200
2014-10-06,38.89331728415031,39.045112798950406,38.72465524359899,38.868019104003906,20604000
2014-10-07,38.674048542867794,38.73307975873321,38.302991509473756,38.395755767822266,25723700
2014-10-08,38.35358454879698,39.54264674989243,38.23552213714997,39.44988250732422,33031000
2014-10-09,39.21377352029261,39.46676496412815,38.57286164811185,38.66562271118164,34422800
2014-10-10,38.454813497225096,38.89333370097296,37.06335831350733,37.130821228027344,51978100
2014-10-13,36.9537206323091,37.577769365397785,36.67543093375557,36.810359954833984,37100200
2014-10-14,36.995862405902116,37.42595060553928,36.73443939922033,36.87779998779297,38115700
2014-10-15,36.262198645985514,36.591087839921435,35.5032211084713,36.44772720336914,60218700
2014-10-16,35.865837543015616,36.32965886134848,35.604414491184556,36.04293441772461,49040400
2014-10-17,36.43086525941362,37.05491067587503,36.08510949706038,36.793487548828125,40683300
2014-10-20,36.31279639125752,37.22356617342652,36.10196966556574,37.172969818115234,34527900
2014-10-21,37.409094317590224,37.93194369091214,37.265730472848105,37.84761428833008,36433800
2014-10-22,37.94880990989218,38.007841134617394,37.29946322095432,37.425960540771484,33570900
2014-10-23,37.62835888366544,38.328305264675045,37.55246112207357,37.96568298339844,45451900
2014-10-24,39.492060265007545,39.55109148555935,38.10060271323455,38.9017448425293,61076700
2014-10-27,38.54755882706966,38.87644801359561,38.54755882706966,38.71622085571289,30371300
2014-10-28,38.67406082532972,39.21377680862717,38.59816306411845,39.205345153808594,29049800
2014-10-29,39.163180204568974,39.38244185004436,39.078850782131525,39.31497573852539,30276100
2014-10-30,39.06196749523809,39.06196749523809,38.59814943690453,38.83427429199219,30073900
2014-10-31,39.584826847800386,39.61012824368852,39.196906425096415,39.59326171875,35849700
2014-11-03,39.54266298434961,40.023347695951294,39.40773399893441,40.0064811706543,23130400
2014-11-04,39.888407111421714,40.25102925745862,39.84624241892064,40.1161003112793,21530800
2014-11-05,40.31007623080694,40.39440886574133,39.85468965304449,40.36067581176758,22449600
2014-11-06,40.36064936259263,41.20395585753369,40.30161816530348,41.069026947021484,33037800
2014-11-07,41.25455776977819,41.25455776977819,40.72327692229786,41.05216598510742,28000600
2014-11-10,41.0268828907205,41.44853635016486,40.94255026865527,41.22927474975586,36370100
2014-11-11,41.19554344801618,41.279876073657924,41.026884630654166,41.21240997314453,23445200
2014-11-12,40.9509836139388,41.25457139118335,40.91725056636925,41.13650894165039,22722100
2014-11-13,41.161815167741,41.87019316505482,41.077482538917415,41.83646011352539,26210400
2014-11-14,41.946082373522366,42.207505427192935,41.65092305823726,41.811153411865234,29081700
2014-11-17,41.66778861174802,41.92078000685282,41.44009539106567,41.70995330810547,30318600
2014-11-18,41.69298593980952,41.86271174514025,41.3280765913861,41.362022399902344,23995500
2014-11-19,41.294136266423315,41.37051272710185,40.67463974636452,40.92074203491211,26177500
2014-11-20,40.734021686436115,41.328060150146484,40.623699471272246,41.328060150146484,21510600
2014-11-21,41.59962768347988,41.62508541579435,40.36911990470058,40.71705627441406,42884800
2014-11-24,40.72556391428573,40.7340487500514,40.216386362559284,40.386112213134766,35434200
2014-11-25,40.44551665067731,40.708591886626046,40.26730596047885,40.284278869628906,28008000
2014-11-26,40.30123982451495,40.72555271565125,40.12302594992737,40.521881103515625,27163600
2014-11-28,40.69161442552037,40.90377091028611,40.40308147674891,40.57280731201172,21534400
2014-12-01,40.63220772296957,41.39596906664426,40.48793964112773,41.260189056396484,31191600
2014-12-02,41.44688745768892,41.6250981127496,40.903767420979776,41.12440872192383,25773500
2014-12-03,41.107420508734414,41.15833920718407,40.57278874263604,40.801918029785156,23534800
2014-12-04,41.065005677798666,41.633586698866104,40.90376792654862,41.4468879699707,30320400
2014-12-05,41.42990951657206,41.55720467600177,41.05651534602884,41.090457916259766,27313400
2014-12-08,40.95467087032799,41.0310473053821,40.26728619209076,40.47944259643555,26663100
2014-12-09,39.978772114104416,40.66615711492067,39.927853387756365,40.386112213134766,24330500
2014-12-10,40.37761431640898,40.44550269232849,39.63082275779257,39.8005485534668,30431800
2014-12-11,39.95330893616503,40.51340190081917,39.61385728117729,40.02968215942383,29060400
2014-12-12,39.69871517181416,40.50491035533413,39.605365812835444,39.84298324584961,34248400
2014-12-15,40.0551357843525,40.453987682902465,39.50352775557554,39.60536193847656,29247800
2014-12-16,38.951932536080115,39.32532678997514,38.29849016382549,38.32394790649414,47801400
2014-12-17,38.23057792801345,38.99434216892689,38.103286046027456,38.816131591796875,34970900
2014-12-18,39.528991218635625,40.326698303222656,39.32531960275676,40.326698303222656,40105600
2014-12-19,40.42004931050443,40.81890125046971,40.02967896722367,40.44550704956055,64551200
2014-12-22,40.54733050540143,40.83586334154796,40.48792697183448,40.71705627441406,26566000
2014-12-23,41.048021785231384,41.41293107372171,40.84435344208559,41.11591339111328,23648100
2014-12-24,41.2771494166022,41.2771494166022,40.80192114380074,40.85283660888672,11437800
2014-12-26,41.08197276369249,41.08197276369249,40.58128343761132,40.6322021484375,13197800
2014-12-29,40.47943311858654,40.547321468711594,40.10603586252701,40.267276763916016,14439500
2014-12-30,40.258806995640455,40.41155989941369,39.74963280789669,39.90238571166992,16384700
2014-12-31,39.65627717661822,40.25880062546919,39.418663024902344,39.418663024902344,21552500
2015-01-02,39.59688233108443,40.24183655757359,39.495048134744195,39.68174362182617,27913900
2015-01-05,39.35077224860855,39.65627801426781,39.248938072472164,39.316829681396484,39673900
2015-01-06,39.359265426136794,39.673256065034195,38.64641962617343,38.739768981933594,36447900
2015-01-07,39.01981528317781,39.427155293193834,38.60399043925027,39.231971740722656,29114100
2015-01-08,39.67326623051881,40.52189224614489,39.64780848597046,40.386112213134766,29645200
2015-01-09,40.40307829728728,40.581288953526226,39.80055470490753,40.046653747558594,23944200
2015-01-12,40.24184398853085,40.34368144092687,39.34230248645867,39.54597091674805,23651900
2015-01-13,39.859943449296786,40.65765030748869,39.08769432189571,39.342281341552734,35270600
2015-01-14,39.002845764160156,39.240463218569715,38.714312827359976,39.002845764160156,29719600
2015-01-15,39.22350096869366,39.35928102071038,38.53611263440491,38.595516204833984,32750800
2015-01-16,38.45123343055399,39.2743981967186,38.3324231077078,39.240455627441406,35695300
2015-01-20,39.291368005753796,39.5883889336032,38.671871653039375,39.36774444580078,36161900
2015-01-21,38.98586786286876,39.15559366934489,38.595500774049015,38.968894958496094,39081100
2015-01-22,39.359269567547614,40.004223817638675,39.104682448755106,39.9957389831543,35898000
2015-01-23,40.19091512194385,40.216372857943526,39.71568354736503,40.03816223144531,26211600
2015-01-26,39.885397920977745,39.995720140806,39.24044397473036,39.893882751464844,42525500
2015-01-27,36.448483424485424,36.66063990165093,35.735637531719256,36.2023811340332,169164000
2015-01-28,36.27026757987446,36.31269822179671,34.92943728182799,34.95489501953125,84507100
2015-01-29,34.73424667009068,35.744109986215605,34.615439601987724,35.650760650634766,63585300
2015-01-30,35.26041439631764,35.285875381073915,34.24206241186317,34.28449630737305,78004900
2015-02-02,34.44571848561419,35.107645518621844,34.140212705072116,35.03126907348633,50352500
2015-02-03,35.328290716144544,35.582877792521394,34.83608622953236,35.30282974243164,52082400
2015-02-04,35.59135387358734,35.82048315715812,35.09915274525898,35.506492614746094,41614800
2015-02-05,35.8289711782085,36.18539234957177,35.523465467183115,36.02415466308594,36548200
2015-02-06,36.21936382067871,36.31271321379802,35.76959300356039,35.990234375,34616600
2015-02-09,35.845954052262684,36.27026693848277,35.8204930777592,35.94778823852539,31381100
2015-02-10,36.27027672913206,36.29573447325709,35.79504500287332,36.151466369628906,29670700
2015-02-11,36.19388916530627,36.19388916530627,35.820491767253216,35.964759826660156,38262500
2015-02-12,36.202366746295986,36.56727600097656,36.07507161568661,36.56727600097656,33268800
2015-02-13,36.81339264889306,37.229217529296875,36.618209079300314,37.229217529296875,40264900
2015-02-17,37.57962624711345,37.605265157337435,36.91298523869162,37.246307373046875,33695700
2015-02-18,37.28904743396114,37.34887374330704,37.08392633028281,37.20357894897461,27111700
2015-02-19,36.90443258826894,37.20356401492274,36.79332523253123,37.17792510986328,27603400
2015-02-20,37.18647622748982,37.502704654763036,36.998452126728196,37.48561096191406,29721100
2015-02-23,37.34886336253349,37.767647411557626,37.30613076206203,37.733463287353516,32518800
2015-02-24,37.733451929222646,37.861649692048275,37.53687615770593,37.68217086791992,25271700
2015-02-25,37.5625304492301,37.68218303729052,37.4343293847148,37.596717834472656,29759800
2015-02-26,37.59672505556312,37.80184288583777,37.51125657604107,37.656551361083984,28957300
2015-02-27,37.71637834139041,37.776204647981636,37.31468463117289,37.47706985473633,33807700
2015-03-02,37.32323386507815,37.76766023349652,37.22067493707069,37.502716064453125,31924000
2015-03-03,37.229214767846955,37.45997474747506,36.82752110772151,36.989906311035156,31748600
2015-03-04,36.75913639962365,36.93007003393722,36.648032308564545,36.80187225341797,25748700
2015-03-05,36.8104323582271,36.95572714726773,36.59676604397675,36.84461975097656,23193500
2015-03-06,36.750602282694636,36.844615972971006,36.02413819284995,36.203617095947266,36248800
2015-03-09,36.058323294575224,36.86171066203674,36.058323294575224,36.62240219116211,32108000
2015-03-10,36.19506621412211,36.50274617630113,35.921573638916016,35.921573638916016,39159700
2015-03-11,36.160878610423495,36.21215642566365,35.75918500283772,35.87883758544922,32215300
2015-03-12,35.323308395022714,35.59680095262758,34.92161477466436,35.0583610534668,59992500
2015-03-13,34.78486305239079,35.442955434983,34.70794307883357,35.36603546142578,58007700
2015-03-16,35.4429660203157,35.588257535822976,35.280577549702954,35.5198860168457,35273500
2015-03-17,35.357496743641775,35.75064519492034,35.169472625505605,35.6395378112793,31673400
2015-03-18,35.40878115897341,36.60531379925635,35.32331593907712,36.323272705078125,44194800
2015-03-19,36.11814521437566,36.40018625858862,36.08396108864656,36.1437873840332,33879100
2015-03-20,36.374544411312364,36.73350215463985,36.31471812075779,36.64803695678711,71904500
2015-03-23,36.6480446229383,36.86171092255384,36.56257614691869,36.630950927734375,26246100
2015-03-24,36.562572269584464,36.89589113999116,36.536933359642,36.66513442993164,25513300
2015-03-25,36.68222416099029,36.690772637666605,35.41732021684806,35.43441390991211,43469900
2015-03-26,35.2292897471041,35.562608550894375,34.97288765776881,35.220741271972656,37495600
2015-03-27,35.14383810447826,35.4087855353659,34.895987632029986,35.01564025878906,34401400
2015-03-30,35.126740320360526,35.50279511533415,34.96435509726049,35.00708770751953,35049700
2015-03-31,34.85323407800465,35.06690030606556,34.64811632482739,34.750675201416016,34887200
2015-04-01,34.69941305743198,34.83615938755851,34.4515625755268,34.80197525024414,36865300
2015-04-02,34.750696428180504,34.81907122786357,34.28917631118954,34.434471130371094,37487500
2015-04-06,34.477193203582225,35.70790987879656,34.34044690633619,35.51133728027344,39223700
2015-04-07,35.56261840066346,35.819017300725484,35.306219500601436,35.49424362182617,28809400
2015-04-08,35.43442543435634,35.63099807809191,35.07546754413215,35.400238037109375,24753400
2015-04-09,35.25493119520224,35.57115633183001,35.25493119520224,35.45150375366211,25723900
2015-04-10,35.57971147502021,35.85320406502306,35.391684096784935,35.65663146972656,28022000
2015-04-13,35.383134476974426,35.94721328120267,35.374586000688055,35.69081115722656,30276700
2015-04-14,35.724995734741846,35.921568290133195,35.37458322116802,35.596797943115234,24244400
2015-04-15,35.690816216888436,36.28908249049772,35.62244469834706,36.11814880371094,27343600
2015-04-16,35.853201622814936,36.18652049040821,35.7420942468543,36.03268051147461,22509700
2015-04-17,35.61388050647018,35.673710041691756,35.17800289476633,35.57114791870117,42387600
2015-04-20,35.66517056205479,36.895887005718286,35.62243796350941,36.673675537109375,46057700
2015-04-21,36.75059680689079,36.87879786730926,36.34890319384876,36.44291687011719,26013800
2015-04-22,36.468558154859146,36.861706577630606,36.36599925601331,36.7420539855957,25064300
2015-04-23,36.65659487161825,37.27195494226342,36.57967486278761,37.041194915771484,46309500
2015-04-24,39.0240097516229,41.143578885299455,39.01546453483982,40.912818908691406,130933700
2015-04-27,40.36583667393112,41.13503665174244,40.357291456528316,41.04956817626953,59248200
2015-04-28,40.83590007069074,42.05807150340577,40.7675285536274,42.01533889770508,60730800
2015-04-29,41.639288131911066,42.14354071269793,41.45126075119054,41.929874420166016,47804600
2015-04-30,41.62218866957894,42.34010744341384,41.53672020823643,41.57090759277344,64725500
2015-05-01,41.51961831721325,41.77601710990014,41.365778389543614,41.587989807128906,38937300
2015-05-04,41.34014998353743,41.767482533634784,41.177764788204335,41.22904586791992,34039500
2015-05-05,40.87007995521063,41.16066618502516,40.43420224063295,40.68205261230469,50369200
2015-05-06,40.656420486448745,40.827354166664044,39.33169017028553,39.55390167236328,52433000
2015-05-07,39.54534705694824,40.24617204500968,39.451333392159114,39.9128532409668,32971700
2015-05-08,40.63932329251343,41.00682953222538,40.61368438379025,40.81025695800781,35364900
2015-05-11,40.639325056497945,40.94700501568524,40.4854850769043,40.4854850769043,24609400
2015-05-12,40.0410626403637,40.75043630933479,39.673556349740664,40.4683952331543,29928300
2015-05-13,41.18631304153319,41.29742042563176,40.656421553221975,40.70770263671875,34184600
2015-05-14,41.049572538238266,41.72475889491985,41.049572538238266,41.6392936706543,32980900
2015-05-15,41.76747800736249,41.80166539013472,41.06665296197317,41.28031921386719,28642700
2015-05-18,41.00683941761565,41.21196051771451,40.69061417940714,41.03247833251953,24136500
2015-05-19,40.91205546387885,41.1271104170041,40.58517101631459,40.92926025390625,28574800
2015-05-20,40.76581638938504,41.23033587569033,40.662590930698805,40.92926025390625,25047900
2015-05-21,40.67118050217287,40.94645050396768,40.4389208228815,40.79161071777344,22410700
2015-05-22,40.688373635281316,40.731383945467634,40.27546875083529,40.34428787231445,25720600
2015-05-26,40.28408322584211,40.32709354717932,39.733539955703456,40.07762908935547,29581900
2015-05-27,40.275480972632856,41.09269024006445,40.10343639820347,40.955055236816406,27335600
2015-05-28,40.86041218989104,41.307726569746954,40.76578755241516,40.81740188598633,19283700
2015-05-29,40.80021179260738,40.92064199947518,40.07762726992357,40.30988693237305,36519600
2015-06-01,40.4819342612189,41.09268937010975,40.103435549191815,40.628170013427734,28837300
2015-06-02,40.370111450541174,40.731402155401355,40.103442157803094,40.361507415771484,21498300
2015-06-03,40.74859549483354,41.066879062332205,40.27547544123856,40.3012809753418,28002200
2015-06-04,40.24966294328941,40.56794317424356,39.74213341104973,39.87976837158203,27745500
2015-06-05,39.83676789713036,40.017413212152356,39.432463665100755,39.690528869628906,25438100
2015-06-08,39.828158207954246,39.93998765057662,39.28621905837454,39.337833404541016,22121600
2015-06-09,39.363645289624465,39.5184850716362,39.1055800800973,39.26902389526367,24406100
2015-06-10,39.38944236940716,40.28407122521057,39.30341847088211,40.09482192993164,28417400
2015-06-11,40.13783865046261,40.361494259404274,39.681923400614195,39.94858932495117,27347800
2015-06-12,39.75935500119295,39.974409923040206,39.48408496374669,39.5443000793457,23931000
2015-06-15,39.096989561716526,39.26903417359154,38.72709479470255,39.12279510498047,33254500
2015-06-16,39.01094664754946,39.77654463407841,38.967936335862234,39.42385482788086,27070300
2015-06-17,39.337845910522155,39.63032073549353,39.019565545001974,39.5443000793457,28704100
2015-06-18,39.7593509544767,40.258276616013156,39.71633734930303,40.18946075439453,32658300
2015-06-19,40.24967389529499,40.284083465160045,39.561498905379864,39.65612030029297,63837000
2015-06-22,39.85397589476163,40.18946101584363,39.707736855469996,39.76795196533203,20318100
2015-06-23,39.68193661386933,39.81096760301989,39.243222718915106,39.4926872253418,25896500
2015-06-24,39.28622729068207,39.785156230410394,39.183001858195205,39.26042175292969,34890900
2015-06-25,39.595904962642074,39.62171378062881,39.1399896497615,39.26902389526367,20616000
2015-06-26,39.269032615445184,39.81096869135279,38.735694011647034,38.93354415893555,49835300
2015-06-29,38.74429861972849,38.90773919212895,38.159348922799104,38.16794967651367,34081700
2015-06-30,38.46040804343061,38.469012074936025,37.798038721005284,37.97868728637695,35945400
2015-07-01,38.24535230622515,38.907721613232425,37.935672808769645,38.236751556396484,28343900
2015-07-02,38.262560508635794,38.494820152495095,37.90126991695027,38.19374465942383,21752000
2015-07-06,37.8152592082585,38.26257386950225,37.80665845465751,38.18515396118164,23034000
2015-07-07,38.14214807624379,38.27118236564493,37.26472344015958,38.10773849487305,36435800
2015-07-08,38.22814781708197,38.623851223228904,37.87545800483631,38.05610656738281,39785900
2015-07-09,38.494816613057836,38.89912076498811,38.279761771644104,38.296966552734375,32424700
2015-07-10,38.71847930360157,38.83030876045489,38.339983894644966,38.374393463134766,25465800
2015-07-13,38.69267241728267,39.243212367992875,38.66686688255468,39.17439651489258,28178300
2015-07-14,39.096989311459254,39.53569995152825,38.97655906836101,39.24322509765625,22880300
2015-07-15,39.29481636717684,39.47546162563787,39.07976155049198,39.36363220214844,26629600
2015-07-16,39.57871135007692,40.1636610735791,39.5443050521777,40.137855529785156,26271700
2015-07-17,40.043224217822335,40.24107434436828,39.79375973072972,40.10343933105469,29467100
2015-07-20,40.12925098063439,40.54215604967936,39.94860234672651,40.361507415771484,30631900
2015-07-21,40.24107470910681,40.7141981480458,39.98300946698946,40.67118453979492,42781900
2015-07-22,39.088372596671014,40.37010108561823,38.88192175589316,39.17439651489258,59152400
2015-07-23,38.9421341720896,39.76794404119921,38.79589516193746,39.66471862792969,33934000
2015-07-24,39.492688110230986,39.84537807217621,39.39806341384702,39.51849365234375,32333200
2015-07-27,39.51848934753572,39.578704460224756,38.924938973253376,39.01095962524414,39701400
2015-07-28,39.208807799510296,39.260418871226825,38.52923358244116,39.00235366821289,34328900
2015-07-29,39.053962441741014,40.24106286229872,38.9335289681623,39.819557189941406,40945900
2015-07-30,39.793741469809405,40.774394181320005,39.50987082076175,40.32707977294922,39777900
2015-07-31,40.67977071965348,40.74858655599191,40.00019669787721,40.1722412109375,31201500
2015-08-03,40.41310430437973,40.430309085001575,39.9571891030681,40.266868591308594,24125900
2015-08-04,40.21527347703792,41.04108365286196,40.15505835680978,40.89484786987305,33403900
2015-08-05,41.27334621001974,41.643240991913416,40.89485067385145,40.92926025390625,26959700
2015-08-06,41.04107888471526,41.09269324526194,39.853978125439625,40.10343933105469,27368000
2015-08-07,39.90557864172255,40.24106369278104,39.79374919754416,40.20665740966797,19163000
2015-08-10,40.38729953237413,40.85181877345526,40.29267487791578,40.71418380737305,23079900
2015-08-11,40.275472726655146,40.378698137587534,39.48407244037907,39.92278289794922,29237400
2015-08-12,39.73353410025042,40.34429238655034,39.32062916960329,40.20665740966797,30181400
2015-08-13,40.48192926632831,40.51633555105869,39.99160443304433,40.198055267333984,22627200
2015-08-14,40.026008929175504,40.516333740548866,40.01740817874646,40.43031311035156,21473400
2015-08-17,40.26688253650715,40.81742258116338,40.060428379022305,40.70559310913086,21099700
2015-08-18,40.558391183702,41.069267718910154,40.43716680299441,40.93072509765625,23574100
2015-08-19,40.506422451162614,40.76619266638797,40.09079473116374,40.359222412109375,31485500
2015-08-20,39.89164816118553,40.23800631703529,39.5366325378418,39.5366325378418,36238200
2015-08-21,39.22491097780829,39.380771818104336,37.29397201538086,37.29397201538086,70053100
2015-08-24,35.02534218036286,36.964938971018356,34.39324123410623,36.090389251708984,88753700
2015-08-25,36.861028116645045,37.44117756776801,34.973382988163884,35.04265594482422,70616600
2015-08-26,36.37612134040583,37.09481328340762,35.55352658575287,36.98224639892578,63408000
2015-08-27,37.43251160949464,38.055954920579765,37.172744664247816,38.01266098022461,50943200
2015-08-28,37.57973240115624,38.2291517170533,37.57107162719851,38.03865432739258,28246700
2015-08-31,37.71824928942066,38.03862834152523,37.31993653740624,37.68361282348633,34441700
2015-09-01,36.51466596664535,36.87834234331,36.073062476891145,36.211605072021484,49688900
2015-09-02,36.67919371651924,37.56240414716567,36.263565861470894,37.54508590698242,37671500
2015-09-03,37.58836750892973,38.08192563112143,37.47580063627262,37.666297912597656,28285200
2015-09-04,37.06885096704426,37.26800580189942,36.540656129633305,36.89567184448242,37138800
2015-09-08,37.493132701681645,38.09925792012516,37.40654480038259,38.00400924682617,32469800
2015-09-09,38.281088468511676,38.445610079444265,37.155429413241734,37.29397201538086,33469500
2015-09-10,37.33726699058973,37.91741642396529,37.016887833627386,37.48447036743164,31366600
2015-09-11,37.354590950144846,37.74424312132429,37.18141184038545,37.64899444580078,27132500
2015-09-14,37.60569899020783,37.614356458947015,37.112140694157915,37.268001556396484,23656000
2015-09-15,37.39788029990764,38.35036363482059,37.302634939221086,38.08193588256836,28882200
2015-09-16,38.073296482745086,38.42831229614132,37.96072952636542,38.359039306640625,23372200
2015-09-17,38.35034843968717,38.96513082213321,38.168511955264826,38.315711975097656,32768200
2015-09-18,37.6663126870884,38.09060134084308,37.51911259081882,37.64899444580078,63143700
2015-09-21,37.77021139921987,38.50622164508493,37.75289316134016,38.19449996948242,26177200
2015-09-22,37.56239673367602,38.14254280129006,37.50178455655562,38.01266098022461,28085900
2015-09-23,38.0386414233121,38.246453684155966,37.67496501216085,37.98668670654297,17145200
2015-09-24,37.62302588584135,38.21183298905848,37.46716498774756,38.02133560180664,27905600
2015-09-25,38.51488482889673,38.73135787984812,37.891441385159425,38.04730224609375,29384600
2015-09-28,37.95205290123589,38.177183397262226,37.41519741289044,37.48447036743164,27613800
2015-09-29,37.55373337759078,37.7269124302013,37.276648214660234,37.61434555053711,32763600
2015-09-30,37.995342381230145,38.359015440485436,37.80484508174449,38.324378967285156,34958900
2015-10-01,38.74867723385967,38.74867723385967,37.882785005170064,38.6274528503418,28657900
2015-10-02,38.333043036435775,39.458702087402344,38.029978824522665,39.458702087402344,41839000
2015-10-05,39.61456280895223,40.601679255365234,39.57126886541267,40.376548767089844,34369300
2015-10-06,40.11678797517838,40.85279503794273,40.02153930286653,40.48046112060547,27017200
2015-10-07,40.783524957249455,40.99999802666822,39.78775081979326,40.52375793457031,27711500
2015-10-08,40.315934974339285,41.147190548296955,40.26398026229842,41.086578369140625,33772700
2015-10-09,41.08659025086451,41.16452068990429,40.6276650862449,40.79218673706055,28600600
2015-10-12,40.679604066594656,40.75753447546827,40.26397632030731,40.696922302246094,19769100
2015-10-13,40.315945650904006,40.80950398509142,40.315945650904006,40.601688385009766,19987800
2015-10-14,40.39385843697223,40.78350714929394,40.28994903077868,40.41983413696289,24697800
2015-10-15,40.70558166503906,40.72289990149738,40.28995389938708,40.70558166503906,27189400
2015-10-16,40.714256793338954,41.16452119070028,40.61035064106081,41.13854217529297,26450300
2015-10-19,41.06059703200104,41.45890986215079,40.71424221406037,41.2337760925293,29387600
2015-10-20,41.07791676398375,41.398299193716475,40.714243696437585,41.36366271972656,30802200
2015-10-21,41.49354190532577,41.55415738251358,40.79217151874462,40.87010192871094,25144300
2015-10-22,41.155852451952484,42.38542101120374,40.774861098597256,41.58879852294922,56637100
2015-10-23,45.28616200999094,46.81879162103009,45.24286806003051,45.779720306396484,135227100
2015-10-26,45.485315711947784,47.03526352575823,45.45934000322895,46.97465133666992,64633300
2015-10-27,46.74951636866732,47.07855299149442,46.39450073647874,46.48974609375,50999900
2015-10-28,46.359864827551405,46.7408561706543,45.77105792259111,46.7408561706543,47000800
2015-10-29,46.35985556545156,46.610965022451914,46.082770407077255,46.20399475097656,30202100
2015-10-30,46.16935793032061,46.74950724715981,45.56323291230441,45.58055114746094,46619800
2015-11-02,45.762385596520794,46.203992315292155,45.56323085588261,46.1000862121582,30285000
2015-11-03,45.83167576589082,47.095877622536285,45.805700056119804,46.888065338134766,36596900
2015-11-04,46.914044418246995,47.52016968034322,46.81013826858154,47.10454177856445,37087800
2015-11-05,47.18246026491824,47.36429680655145,46.75817169799131,47.08721160888672,31468500
2015-11-06,46.8360980453768,47.60674139084378,46.723531161385814,47.554786682128906,32851200
2015-11-09,47.23441446972268,47.511499683781544,46.377183120951905,46.8967170715332,32513100
2015-11-10,46.818793671158865,46.8707483952564,46.126080532109086,46.333892822265625,55283700
2015-11-11,46.498394946868004,46.93134088994291,46.29057944082127,46.455101013183594,36516300
2015-11-12,46.307911354481945,46.740857425451054,46.05680184057193,46.169368743896484,35361100
2015-11-13,45.95290468257698,46.14340204800295,45.48532204186797,45.75374984741211,36848200
2015-11-16,45.96155660563956,46.66292712853874,45.76239850570509,46.55902099609375,32165200
2015-11-17,46.34980003020219,46.663622803855986,46.0708471925944,46.17545700073242,31551300
2015-11-18,46.20160197454686,47.05589534786085,46.184167008718454,46.942569732666016,29710000
2015-11-19,47.06461568969691,47.64867209558489,46.881550206535486,47.021026611328125,28149200
2015-11-20,47.29125752881807,47.33484327621115,46.43696424347204,47.23895263671875,37147600
2015-11-23,47.29125752881807,47.474319663096644,46.855393404128506,47.23895263671875,28235900
2015-11-24,47.00360679100397,47.45690608399138,46.70722224502309,47.29127883911133,24600000
2015-11-25,47.151793305794,47.27383476012971,46.8031005859375,46.8031005859375,21005100
2015-11-27,46.89899202284323,47.143078260916276,46.89027620112432,47.0123176574707,9009100
2015-11-30,47.544079049992796,47.910203468951195,47.07334480386279,47.378448486328125,56241400
2015-12-01,47.43074341446804,48.145560456082116,47.334852755772,48.136844635009766,39952800
2015-12-02,48.22401871556078,48.78192440454511,47.997370776428475,48.12812805175781,47274900
2015-12-03,48.372215020756045,48.6162979320556,47.01231738912936,47.247684478759766,38627800
2015-12-04,47.17795110113909,49.017298987007074,47.1605161300194,48.738346099853516,43963700
2015-12-07,48.633741480842225,48.79065290161181,48.19787716212247,48.65117645263672,30709800
2015-12-08,48.35478279219394,48.90396937373911,47.93635349537742,48.63373565673828,32878000
2015-12-09,48.26761263644922,48.70347694534895,47.51792549308077,47.92763900756836,36373200
2015-12-10,48.28504549381071,48.520412609357294,47.9537877024436,48.18043899536133,31775800
2015-12-11,47.692270083512255,48.03224369957465,47.082059408984065,47.125648498535156,39549500
2015-12-14,47.36101020934566,48.12812888224623,46.794385363667026,48.067108154296875,46768900
2015-12-15,48.520398067470516,48.7296143270464,48.02351319202987,48.11940383911133,39843000
2015-12-16,48.41580619430097,49.03473268881511,47.73585563975724,48.93012619018555,37503300
2015-12-17,49.13062332281531,49.50546687841326,48.407087004909286,48.55528259277344,41280900
2015-12-18,48.61629092703194,48.81678805033596,47.09948212087225,47.1866569519043,84684200
2015-12-21,47.84046075969488,48.25017089128315,47.273835907520485,47.796875,37246300
2015-12-22,47.93635977110981,48.36350494601038,47.50921127082835,48.250179290771484,28322200
2015-12-23,48.55528652886866,48.71219795208913,48.32863521738092,48.65989303588867,27279800
2015-12-24,48.6947557610126,48.78192728304259,48.3199122305989,48.52912521362305,9558500
2015-12-28,48.25016576654026,48.7732048034668,47.9276271885992,48.7732048034668,22458300
2015-12-29,49.06959383295984,49.55775962263323,48.86909669428969,49.296241760253906,27731400
2015-12-30,49.22651639414397,49.49675013897104,49.069604976007895,49.087039947509766,21704500
2015-12-31,48.85167557053147,48.982432876085646,48.311201399688414,48.36350631713867,27334100
2016-01-04,47.3522997145271,47.770729064941406,46.541591808917865,47.770729064941406,53778000
2016-01-05,47.88405240383049,48.28504676290984,47.54407878089883,47.9886589050293,34079700
2016-01-06,47.352291377566324,47.42203125304724,46.75951573749971,47.11692428588867,39518900
2016-01-07,45.94009147490918,46.62875777090875,45.39090160243279,45.47807312011719,56564900
2016-01-08,45.652424141039546,46.44569700431328,45.46064611748123,45.617557525634766,48754000
2016-01-11,45.774462334443335,46.070850159158944,44.859148069268194,45.591400146484375,36943800
2016-01-12,45.9924031318153,46.28879101241004,45.38219572357406,46.00983810424805,36095500
2016-01-13,46.89899333039534,47.13436042793127,44.719672048077896,45.01605987548828,66883600
2016-01-14,45.329877719955974,46.56773047689544,44.95503423431825,46.2974967956543,52381900
2016-01-15,44.72838903236021,45.303729690053395,43.88281135159137,44.44943618774414,71820700
2016-01-19,44.876585069749765,45.05093144371784,43.63873213279935,44.0745964050293,43564500
2016-01-20,43.56898426059916,44.78940532911651,42.80186235109168,44.27508544921875,63273000
2016-01-21,44.45816690948081,44.963771188163825,43.84795611035285,44.00486755371094,40191200
2016-01-22,44.81556906153578,45.6175611361722,44.68480843593153,45.58269119262695,37555800
2016-01-25,45.27758117461616,45.896510992701444,45.02478241411551,45.14682388305664,34707700
2016-01-26,45.14681869261228,45.71344020832135,44.93760239463738,45.47807312011719,28900800
2016-01-27,45.33859969214514,45.504230242221155,44.47559030375717,44.64993667602539,36775200
2016-01-28,45.20783672459735,45.5129403436815,44.67608185243922,45.38218307495117,62513800
2016-01-29,47.70970243264518,48.02352523803711,47.07334099965841,48.02352523803711,83611700
2016-02-01,47.84046778144958,48.02352999426512,47.50920997346377,47.6922721862793,44208500
2016-02-02,47.22154301216712,47.29999872972642,45.89651828842514,46.201622009277344,56313800
2016-02-03,46.41954069538216,46.54158214824815,44.68479958932642,45.469356536865234,57559800
2016-02-04,45.417055098316965,46.035984882116914,44.780693670245874,45.32988357543945,46987100
2016-02-05,45.27757431329756,45.329879217223514,43.20286300493679,43.72589874267578,62009000
2016-02-08,43.19416216868558,43.21159714405175,42.008610446838134,43.072120666503906,59290500
2016-02-09,42.73213423454427,43.79564413749322,42.427027244570446,42.95878219604492,46740500
2016-02-10,43.49053337132072,43.926397611683335,43.16799476455886,43.333621978759766,38237000
2016-02-11,42.43574447326009,43.68231651859082,42.28754889617344,43.31618881225586,48878600
2016-02-12,43.80436094680635,44.17920450054081,43.368496658778426,44.02229309082031,34243300
2016-02-16,44.689564047270004,44.856380462646484,44.01351328612884,44.856380462646484,37291200
2016-02-17,45.2075647560238,46.33138735878931,45.17244446237349,46.02408981323242,40789000
2016-02-18,45.94508750630988,46.48943881879846,45.74314743386013,45.822166442871094,27176000
2016-02-19,45.62899862202237,45.901172526999495,45.24268208707847,45.49729919433594,33559100
2016-02-22,45.90117454762109,46.5333264695351,45.90117454762109,46.22603225708008,25008300
2016-02-23,45.9538595119167,45.980198061502456,44.75979614160686,44.935394287109375,28895300
2016-02-24,44.50517255090398,45.21634343000105,44.074960673463785,45.09342575073242,33014500
2016-02-25,45.41828299378794,45.74313735961914,44.43493814764021,45.74313735961914,26939500
2016-02-26,46.182135347372,46.25237594617397,44.865154263139836,45.04075241088867,35975900
2016-02-29,45.084644995208215,45.348043855731966,44.47883498436598,44.671993255615234,31654000
2016-03-01,44.751028377390384,46.173367330418905,44.7071263186386,46.164588928222656,33024500
2016-03-02,46.015323066701185,46.4982155042792,45.79582619968787,46.489437103271484,29289900
2016-03-03,46.507005031760585,46.507005031760585,45.462197626533325,45.962650299072266,24427800
2016-03-04,46.0065441725292,46.050442875610024,45.400730682542346,45.68168640136719,33034200
2016-03-07,45.269031275385004,45.47974637452455,44.40860403051025,44.80369567871094,38407800
2016-03-08,44.60176163899105,45.769486551176605,44.426163479734896,45.348052978515625,33835100
2016-03-09,45.55876785763404,46.401634998653044,45.53242930611979,46.39285659790039,28251600
2016-03-10,46.471871456495364,46.480649856465,44.917833419902195,45.699241638183594,38387800
2016-03-11,46.533324942484825,46.594783782958984,45.98897377717563,46.594783782958984,32275700
2016-03-14,46.27870950345225,47.05133926064057,46.20847226148371,46.68258285522461,24083600
2016-03-15,46.313832505819036,47.05134201049805,46.30505410603082,47.05134201049805,21104800
2016-03-16,46.9284297915107,47.93811334771759,46.884531088937585,47.7186164855957,31691700
2016-03-17,47.59570388612747,48.28931484868472,47.41132730598136,47.99079895019531,28223900
2016-03-18,48.219065633650686,48.262967682357534,46.928426453666646,46.96354675292969,67625500
2016-03-21,46.752822157059,47.34985376897692,46.47186649842182,47.288394927978516,23925700
2016-03-22,47.068904921237795,47.630816319821065,46.93720547189528,47.4727783203125,23124100
2016-03-23,47.50790841727023,47.62204774028817,47.18305395095728,47.38499069213867,20129000
2016-03-24,47.27084488852569,47.701060216762606,47.17426573223232,47.595699310302734,19950000
2016-03-28,47.5957001029706,47.66594070844698,46.82307353826888,47.007450103759766,17025100
2016-03-29,47.11280473746309,48.16639030939633,46.92842818342022,48.034690856933594,23924300
2016-03-30,48.22786004465638,48.85123044858035,48.201521487922314,48.33321762084961,23008300
2016-03-31,48.24540986157954,48.80732127988791,48.166390859051404,48.49124526977539,26360500
2016-04-01,48.333210508962246,48.82488470761257,47.91177691694331,48.789764404296875,24399200
2016-04-04,48.666839599609375,48.86877629036118,48.28930476712591,48.666839599609375,18928800
2016-04-05,48.45611416424645,48.55269329571888,47.81518388632228,47.902984619140625,19272300
2016-04-06,47.727388286923734,48.4648977238902,47.595688857400724,48.394657135009766,21188700
2016-04-07,48.17517172104103,48.21029202379374,47.61326027402333,47.8151969909668,19225100
2016-04-08,47.99956810192138,48.53514093564091,47.692273860896755,47.78007125854492,22167200
2016-04-11,47.841544042104154,48.42101570286989,47.674724260701275,47.68350601196289,21414200
2016-04-12,47.736171152864806,48.09614583142297,47.20059833492941,47.98200988769531,24944300
2016-04-13,48.3946628857136,48.675618576109876,48.192726192569786,48.59659957885742,20818000
2016-04-14,48.48246712192142,48.79854313368176,48.35076766726918,48.605384826660156,20877100
2016-04-15,48.5527143800166,49.09706576285609,48.38589793910399,48.86001205444336,28793800
2016-04-18,48.71952900388272,49.68531393708026,48.4736902205591,49.57117462158203,23786000
2016-04-19,49.7204345137577,49.843352231463705,48.88634569456561,49.50971603393555,29596800
2016-04-20,49.421923078421536,49.60629967160939,48.71953366442712,48.80733108520508,36195700
2016-04-21,48.991707950735446,49.36924289084182,48.65807172126209,48.97414779663086,38909100
2016-04-22,45.57632802606963,46.032881898279385,44.57542287706439,45.462188720703125,126834100
2016-04-25,45.46218895682002,45.76948657297875,45.33049284925741,45.75192642211914,33226900
2016-04-26,45.883618969278665,45.96263796738717,44.85637534312415,45.16366958618164,33532600
2016-04-27,45.1987843406478,45.21634448799071,44.38225591010868,44.72467041015625,43369300
2016-04-28,44.44372942473583,44.57542889866174,43.51306475308276,43.811580657958984,43134800
2016-04-29,43.32868244973067,44.11887255155062,43.32868244973067,43.78523635864258,48411700
2016-05-02,43.89936374980893,44.557854206056064,43.70620547754796,44.4349365234375,33114500
2016-05-03,44.1978852329562,44.259344082157725,43.54817309235365,43.70621109008789,26460200
2016-05-04,43.75889780500077,43.95205612972489,43.425261612092726,43.78523635864258,24257600
2016-05-05,43.78522466061519,44.16275945847975,43.662306977451045,43.846683502197266,25390700
2016-05-06,43.82912800546095,44.241783142089844,43.60085276239869,44.241783142089844,24787300
2016-05-09,44.32959100020702,44.41738841179481,43.89937564521106,43.96083450317383,17951600
2016-05-10,44.18910042691838,44.86514767013261,44.06617939707837,44.7949104309082,22891000
2016-05-11,44.89149914839609,45.462188979970655,44.77735984237865,44.821258544921875,24039100
2016-05-12,44.95295802307484,45.48853090242199,44.7071192600551,45.22513198852539,24102800
2016-05-13,45.16366784584215,45.567544570198194,44.81247491720306,44.84759521484375,22592300
2016-05-16,44.60176644093842,45.62023185516729,44.55786773371221,45.50609588623047,20032000
2016-05-17,45.72711980757967,45.735959607189734,44.52470469968842,44.65732192993164,27803500
2016-05-18,44.630809047588606,45.21433375892783,44.47166563788857,44.92257308959961,24907500
2016-05-19,44.6219699997856,44.75458726165398,44.04728508030742,44.489349365234375,23842400
2016-05-20,44.63080781148204,45.285064407982055,44.56007928284249,44.75458526611328,23905800
2016-05-23,44.73688970994158,44.80762159137271,44.18873111957727,44.23293685913086,26118700
2016-05-24,44.82530890969065,45.718277076943394,44.560071073959875,45.6121826171875,34757900
2016-05-25,45.90394984106482,46.40790618607786,45.789015565047386,46.08077621459961,24040200
2016-05-26,45.91278446072086,45.95699020269796,45.40883158228167,45.877418518066406,24335200
2016-05-27,45.903942372723805,46.25759506225586,45.77132514366079,46.25759506225586,17721400
2016-05-31,46.20455385187426,46.85881042480469,46.045413824997595,46.85881042480469,37653100
2016-06-01,46.36368854880357,46.814595887145316,46.36368854880357,46.72618103027344,25324800
2016-06-02,46.540531187596294,46.62894607542961,45.833228948345294,46.399070739746094,22840800
2016-06-03,46.310641109319064,46.346003677936544,45.621018744710355,45.789005279541016,23368300
2016-06-06,45.96583362618096,46.28411699376657,45.877418769061116,46.0896110534668,18243300
2016-06-07,46.186879745052536,46.62010087219857,46.0630989074707,46.0630989074707,20866800
2016-06-08,45.99234587173407,46.36367806861306,45.85972530274518,46.01002883911133,21149400
2016-06-09,45.974675937322196,45.974675937322196,45.523771945763215,45.63870620727539,20305700
2016-06-10,45.13475901694725,46.018887512372984,45.12591921597332,45.51493453979492,25833200
2016-06-13,43.83508664692323,44.84299245929007,43.375339485150576,44.330196380615234,83217800
2016-06-14,44.11800672716037,44.29482970187279,43.826242748057176,44.05611801147461,42577100
2016-06-15,44.01191040502287,44.312514194101624,43.93233871459961,43.93233871459961,33757600
2016-06-16,43.782033091053,44.62195563659127,43.77318991949857,44.55122375488281,31188600
2016-06-17,44.56892027230724,44.5866032481092,44.047284290539054,44.32136535644531,45710500
2016-06-20,44.772263485878334,44.94025004733433,44.23294459997034,44.268310546875,35607900
2016-06-21,44.3832482138182,45.47072578665242,44.34788226689294,45.2585334777832,34097800
2016-06-22,45.16128251024737,45.497248890426576,45.04634486824797,45.08171081542969,28816800
2016-06-23,45.33810540671909,46.02772788460218,45.22317113764053,45.89510726928711,29028800
2016-06-24,44.038435039466954,45.03749766278395,43.78203700437907,44.05611801147461,133503000
2016-06-27,43.41069699809139,43.45490611003224,42.47352318414345,42.81833267211914,50216300
2016-06-28,43.25155279699152,43.73782603742493,43.03052073231512,43.711299896240234,38140700
2016-06-29,44.126851275617376,44.842996541927405,44.02959660545007,44.68385314941406,31304000
2016-06-30,44.84299724115245,45.355790001827174,44.6484878977849,45.24085235595703,28527800
2016-07-01,45.20548711432115,45.72712301766737,45.15243819489056,45.23200988769531,21400400
2016-07-05,44.940251912836224,45.33810702764081,44.86068021533882,45.24085235595703,24806400
2016-07-06,44.89604974100157,45.56798937337079,44.55124012269659,45.42652893066406,28167500
2016-07-07,45.4618915118285,45.629878106262304,45.15244784737096,45.42652893066406,19585200
2016-07-08,45.73595725680599,46.29295903871273,45.57681389054692,46.23991012573242,28391000
2016-07-11,46.41675473208516,46.70851880928905,46.39023195149687,46.4963264465332,22269200
2016-07-12,46.80576425672242,47.21246595325578,46.67314699773606,47.04447937011719,27317600
2016-07-13,47.35392057655299,47.61915843466618,47.01795082417902,47.30971145629883,25356800
2016-07-14,47.60148447942288,47.73410511994625,47.37161252488976,47.5130729675293,24545500
2016-07-15,47.69873522865349,47.74294098095116,47.04447862752673,47.47770309448242,32024400
2016-07-18,47.47769721522244,48.04353886900182,47.3450766020694,47.70756912231445,31433900
2016-07-19,47.48652833124357,47.65451486020725,46.796909363401795,46.93836975097656,53336500
2016-07-20,49.64380620155054,50.253853524307765,49.09564421830355,49.43161392211914,89893300
2016-07-21,49.49351688635074,49.71454902859384,49.29900752191832,49.334373474121094,32776700
2016-07-22,49.58193465689065,50.068204723632604,49.31669337259229,50.01515579223633,32157200
2016-07-25,49.92672906484725,50.16544412436118,49.741059547881754,50.15660095214844,25610600
2016-07-26,49.970935623216434,50.651714869379205,49.96209245085941,50.18312454223633,28079000
2016-07-27,50.05049666006347,50.21847979959687,49.60843257138272,49.679161071777344,32327500
2016-07-28,49.511198895373326,49.8383255151523,49.263643980154946,49.69686508178711,37550400
2016-07-29,49.74106814420513,50.18313239614421,49.555401967834534,50.112403869628906,30558700
2016-08-01,50.041670232606435,50.17429085265561,49.63497194438994,50.023990631103516,26003400
2016-08-02,50.26270235090007,50.306911472704776,49.7852755386245,50.023990631103516,35122000
2016-08-03,50.11241063614877,50.4925862139649,49.94442741189541,50.36880874633789,22075600
2016-08-04,50.21849545599517,50.8550690214152,50.10355781275379,50.74013137817383,26587700
2016-08-05,50.97000954185293,51.46511934496586,50.79318316673435,51.24408721923828,29335200
2016-08-08,51.332489013671875,51.35901178274278,51.084930802510414,51.332489013671875,19473500
2016-08-09,51.429745980557065,51.72150996334023,51.29712874785007,51.45627212524414,16920700
2016-08-10,51.420908022081775,51.56236843231063,51.120304228760176,51.2971305847168,15756900
2016-08-11,51.305977883634604,51.67731362268578,51.305977883634604,51.54469299316406,18162300
2016-08-12,51.30597397983683,51.44743439997787,50.943481442432756,51.226402282714844,21655200
2016-08-15,51.28828154057091,51.72150589443593,51.24407579981288,51.385536193847656,19283900
2016-08-16,51.25209715750836,51.26099205320707,50.94961979820642,51.10085678100586,20523500
2016-08-17,51.18982934066972,51.314378258811416,50.914040026424885,51.20762252807617,18856400
2016-08-18,51.0830745323823,51.332175783416446,50.94963070611407,51.24320983886719,14214300
2016-08-19,51.091959981221734,51.35885096037629,50.887343450746485,51.260990142822266,17271000
2016-08-22,51.24320649676023,51.37665370802874,50.94072909242802,51.30548095703125,15221900
2016-08-23,51.51009610483618,51.759193922638005,51.46561144276879,51.501197814941406,18732400
2016-08-24,51.421137285922455,51.63465215478391,51.34996792543778,51.55458450317383,18151500
2016-08-25,51.49230102717349,51.85705284428549,51.403335100010125,51.75029373168945,18552600
2016-08-26,51.84814975804729,52.22179983015939,51.32326271430366,51.62574005126953,20971200
2016-08-29,51.75919153989691,52.13283824939877,51.688018798828125,51.688018798828125,16417200
2016-08-30,51.581265455478174,51.76808881882954,51.25209999713958,51.501197814941406,16930200
2016-08-31,51.28768974052639,51.421133554390295,50.976314054103696,51.118656158447266,20860300
2016-09-01,50.718306572288746,51.4389152231231,50.718306572288746,51.23429870605469,26075400
2016-09-02,51.30548095703125,51.76809365740425,51.08307120071944,51.30548095703125,18900500
2016-09-06,51.403327417120295,51.42112059989355,50.89623358604174,51.25209045410156,16278400
2016-09-07,51.12753588252725,51.4567012429696,51.0741563401438,51.296566009521484,17493400
2016-09-08,51.269885532895074,51.41222760664246,50.86954738994845,51.091957092285156,20146100
2016-09-09,50.52259930134139,51.172035359943116,50.00660705566406,50.00660705566406,35113900
2016-09-12,49.819774708857686,50.896236883613966,49.47281610655631,50.7538948059082,29303000
2016-09-13,50.26460219987854,50.39804940390823,49.86426398149281,50.291290283203125,30130200
2016-09-14,50.16673661737418,50.38025144485583,49.846466073003214,50.051082611083984,24062500
2016-09-15,49.953219100392865,51.020782926686216,49.801978742322966,50.878440856933594,26847000
2016-09-16,51.26988744083792,51.26988744083792,50.48700430924195,50.93182373046875,44607000
2016-09-19,50.949621688149094,51.37664796529155,50.575971574584955,50.64714431762695,20937100
2016-09-20,51.02077321406075,51.02077321406075,50.48699140252804,50.54037094116211,17384000
2016-09-21,51.16311509669585,51.46559236060554,50.78057361563845,51.38552474975586,33707300
2016-09-22,51.527885417980976,51.59905816166426,51.2698927063871,51.43892288208008,19822200
2016-09-23,51.48339694666478,51.518983313527315,51.04747583055836,51.091957092285156,19955300
2016-09-26,50.78058432162252,50.83396047764086,50.55817462167225,50.62044906616211,21688700
2016-09-27,50.64715224949415,51.652445343331,50.424742483211006,51.55458450317383,28065100
2016-09-28,51.49229626342455,51.652431523800765,51.3054695305171,51.62574005126953,20536400
2016-09-29,51.430017407612596,51.750284507203766,50.89623212088897,51.06526565551758,25463500
2016-09-30,51.216521752354296,51.39445024774904,51.01190517044667,51.24320983886719,29910800
2016-10-03,51.074166322977014,51.198715219180194,50.762794082469085,51.08306121826172,19189500
2016-10-04,50.94963120200702,51.24321033761754,50.682740153169135,50.922943115234375,20085900
2016-10-05,50.9674134477285,51.56346988236196,50.94072197298304,51.278785705566406,16726400
2016-10-06,51.36775207519531,51.4745077939892,50.95851559802971,51.36775207519531,16212600
2016-10-07,51.46561622122459,51.58127024467216,51.08307116910871,51.42113494873047,20089000
2016-10-10,51.51897812678747,51.94600430503821,51.48339176350764,51.6346321105957,18196500
2016-10-11,51.50118868473981,51.616842676945886,50.61154990036025,50.878440856933594,26497400
2016-10-12,50.80727005004883,50.949612115686286,50.17562734588904,50.80727005004883,22177500
2016-10-13,50.44252257840089,50.976304521445265,50.10445887116461,50.638240814208984,25313700
2016-10-14,50.81617024158307,51.36774877291555,50.81617024158307,51.08306121826172,27402500
2016-10-17,51.02968118043752,51.11864370133416,50.59375668315766,50.90513229370117,23830000
2016-10-18,51.180912031208464,51.554562040488136,51.0741563401438,51.296566009521484,19149500
2016-10-19,51.12755111203081,51.45671657052257,51.06527665755137,51.18092727661133,22878400
2016-10-20,51.15423344108215,51.17202662517556,50.40693667767301,50.93182373046875,49455600
2016-10-21,53.627430408516375,53.77867078230074,52.924618275045574,53.07585525512695,80032200
2016-10-24,53.32494511860914,54.26796340942383,53.31605022439407,54.26796340942383,54067000
2016-10-25,54.134526680542876,54.59713932410233,54.09004541348398,54.25907897949219,35137200
2016-10-26,54.098939891557,54.445898501355714,53.79646254568325,53.938804626464844,29911600
2016-10-27,53.92101434039106,54.11673598462431,53.45840170455987,53.4672966003418,28479900
2016-10-28,53.38722513324345,53.84094284074089,53.004683555410345,53.26267623901367,33574700
2016-10-31,53.520670415730315,53.75197501198557,53.30715560913086,53.30715560913086,26434700
2016-11-01,53.3516493229219,53.396130592019276,52.71110818806917,53.200408935546875,24533000
2016-11-02,53.218193487651384,53.31605430001036,52.755580897947056,52.87123489379883,22147000
2016-11-03,52.96019837481624,53.05805918894404,52.586551695822195,52.675514221191406,21600400
2016-11-04,52.17731766040978,52.737787668279616,52.06166366465928,52.23069381713867,28697000
2016-11-07,53.18261148420685,53.840945752644316,53.18261148420685,53.75197982788086,31664800
2016-11-08,53.86763999634023,54.072256556152276,53.51178643768147,53.796470642089844,22935400
2016-11-09,53.37832693978979,53.90321395711249,52.66661659266644,53.529563903808594,49632500
2016-11-10,53.805357842538776,53.81425613161191,51.26988844916211,52.2218017578125,57822400
2016-11-11,51.80367701130564,52.5954551546004,51.60795535118213,52.506492614746094,38767800
2016-11-14,52.50647914559026,52.55985869203174,50.958506235812166,51.70580291748047,41328400
2016-11-15,52.24320836320655,53.28216107754324,52.234249959799,52.72685623168945,35904100
2016-11-16,52.78953239210864,53.434400540195796,52.67310052274848,53.425445556640625,27332500
2016-11-17,54.106157810172114,54.58980910676141,53.71207346663449,54.312156677246094,32132700
2016-11-18,54.43755095438387,54.75998517556221,54.00763979835615,54.05242156982422,27686300
2016-11-21,54.18675547276798,54.60771152596042,54.11510192472279,54.50918960571289,19652600
2016-11-22,54.61667131151957,54.8674519184609,54.464412633485054,54.742061614990234,23206700
2016-11-23,54.64353377486365,54.724142306464664,53.96284216538885,54.097190856933594,21848900
2016-11-25,54.00762042401916,54.213619232177734,53.85536177232196,54.213619232177734,8409600
2016-11-28,54.04345271647297,54.652494218743804,53.92701740722521,54.2852783203125,20732600
2016-11-29,54.32110660540066,55.001798259238704,54.20467129291529,54.71519088745117,22366700
2016-11-30,54.50919315323785,54.79580053081293,53.9359783980877,53.9718017578125,34655400
2016-12-01,53.837463263955954,53.87329004483037,52.78955213147353,53.022422790527344,34542100
2016-12-02,52.91492200841762,53.26422442288928,52.664138071989804,53.06718063354492,25515700
2016-12-05,53.4702476605807,54.26737474892422,53.34485734330823,53.93598556518555,23552700
2016-12-06,54.12406389878932,54.150932272765,53.55980412889397,53.69415283203125,19907000
2016-12-07,53.74788983058206,54.97493130284392,53.55980437861648,54.965972900390625,30809000
2016-12-08,54.90327460420672,55.154058609089,54.49127694732556,54.64353561401367,21220800
2016-12-09,54.79580109750686,55.52127795135066,54.75101933491565,55.50336456298828,27349400
2016-12-12,55.369019342693974,55.79893044055496,55.27945581187574,55.6824951171875,20198100
2016-12-13,55.978047985839225,56.80204321220891,55.74518080953485,56.407958984375,35718900
2016-12-14,56.42587814415831,56.82892081422815,56.00492208690434,56.1392707824707,30352700
2016-12-15,56.15718240847598,56.56022506590576,55.79892150928748,56.049705505371094,27669900
2016-12-16,56.38109662014663,56.38109662014663,55.63770642372993,55.79892349243164,42453100
2016-12-19,56.031792699275165,57.11552697643632,55.906398991619625,56.981178283691406,34338200
2016-12-20,57.04387592163415,57.14239784506793,56.45274779766076,56.90953063964844,26028400
2016-12-21,56.81100871621465,57.05283432374412,56.53335633350392,56.90953063964844,17096300
2016-12-22,57.17821888851661,57.41108607059273,56.79308963549807,56.918479919433594,22176600
2016-12-23,56.82891259223243,56.90952111458397,56.246739551179196,56.64082717895508,12403800
2016-12-27,56.6139634836531,57.38422204805043,56.6139634836531,56.676658630371094,11763200
2016-12-28,56.78415093960152,56.78415093960152,56.2736312562035,56.416934967041016,14653300
2016-12-29,56.300484568052546,56.60500529917004,56.18404926645876,56.33631134033203,10250600
2016-12-30,56.390056244541015,56.416928035954825,55.55710245993341,55.65562438964844,25579900
2017-01-03,56.23779093996194,56.28257269820321,55.646662847941315,56.049705505371094,20694100
2017-01-04,55.96014056113335,56.20196616418592,55.63770642372993,55.79892349243164,21340000
2017-01-05,55.70040157082179,56.12135762983507,55.55709788937907,55.79892349243164,24876000
2017-01-06,55.798914938594045,56.56021840556378,55.566047773183584,56.28256607055664,19922900
2017-01-09,56.21091622857045,56.49752698299408,56.01387581922972,56.10343933105469,20382700
2017-01-10,56.18404742492012,56.48856814605636,55.78100479155906,56.08552551269531,18593000
2017-01-11,56.076579479715406,56.631880853972646,55.91536240063597,56.59605407714844,21517300
2017-01-12,56.47961890727279,56.78413965938796,55.48544811605473,56.076576232910156,20968200
2017-01-13,56.08553486137331,56.309447093160394,55.84370924104771,56.157188415527344,19422300
2017-01-17,56.13928877157566,56.1572021644999,55.55711545974388,56.004940032958984,20664000
2017-01-18,56.13032036380191,56.15719215671462,55.63771410437883,55.97806167602539,19670100
2017-01-19,55.74518674728392,56.407964992720494,55.709359972765924,55.79892349243164,18451700
2017-01-20,56.130317483087396,56.26466619086672,55.86162348415831,56.193016052246094,30213500
2017-01-23,56.157170393611054,56.53334118231075,56.040735113791825,56.390037536621094,23097600
2017-01-24,56.60502463718647,57.088675978302476,56.3721539544431,56.891632080078125,24672900
2017-01-25,57.27674534122215,57.411090620387434,56.82892091074603,57.03491973876953,23672700
2017-01-26,57.42901642329751,57.805187363861,56.91849334925738,57.563358306884766,43554600
2017-01-27,58.56647661572412,59.032217835290204,58.11865219943429,58.91577911376953,44818000
2017-01-30,58.835174718970386,58.924738236672994,58.03804779487795,58.3336067199707,31651400
2017-01-31,58.09178340099823,58.351522380529126,57.55439547205009,57.9036979675293,25270500
2017-02-01,57.6439594583284,57.87683006830067,56.846832543345435,56.94535446166992,39671500
2017-02-02,56.649782353307764,56.793086013899995,56.201957986878455,56.578128814697266,45827000
2017-02-03,56.873702670467786,57.05283312598409,56.48857338692798,57.03491973876953,30301800
2017-02-06,56.87369800376962,57.008046688540354,56.551263893623045,56.999088287353516,19796400
2017-02-07,57.088657001454436,57.124480357435175,56.63187419225181,56.811004638671875,20277200
2017-02-08,56.936406574551064,57.151363837558144,56.6229307916551,56.73040771484375,18096400
2017-02-09,56.89161543116154,57.71561415081051,56.71248497761792,57.37526321411133,22644400
2017-02-10,57.54543395340443,57.590219125581825,57.30360837348803,57.3215217590332,18170700
2017-02-13,57.53648565119899,58.09179045068031,57.43796372172231,57.966400146484375,22920100
2017-02-14,58.0384786970302,58.317810876468634,57.68705170154109,58.182647705078125,23108400
2017-02-15,58.11958281055881,58.18265805179989,57.81321931729802,58.14661407470703,17005200
2017-02-16,58.335849860019614,58.78638933935953,58.065530297227795,58.137611389160156,20546300
2017-02-17,58.092536120250195,58.29077450427695,57.93935441429638,58.227699279785156,21248800
2017-02-21,58.21870092948075,58.52506441695611,58.07452502383194,58.11056900024414,20655900
2017-02-22,57.96640364065604,58.02046617135568,57.71410266447639,57.99343490600586,19292700
2017-02-23,58.047479442177256,58.32681847179854,57.840235222283,58.227699279785156,20273100
2017-02-24,58.14659863419063,58.389893696290336,57.79517854421006,58.227699279785156,21796800
2017-02-27,58.15562923795213,58.15562923795213,57.71410253066146,57.87629699707031,15871500
2017-02-28,57.74113763195858,57.84926270029041,57.452789221253084,57.65102767944336,23239800
2017-03-01,57.786185134784056,58.56111350862169,57.68706590966393,58.51606369018555,26937500
2017-03-02,58.29079251205867,58.34485504270065,57.56091741230496,57.67805862426758,24539600
2017-03-03,57.660038632255564,57.921348893210464,57.326636974147156,57.894317626953125,18135900
2017-03-06,57.64201491298888,58.17364813259703,57.49784243503651,57.91233444213867,18750300
2017-03-07,57.8402428379866,58.371875960890236,57.8402428379866,58.02946853637695,18521000
2017-03-08,57.9033239798734,58.64220830004733,57.89431126721559,58.56110763549805,21510900
2017-03-09,58.74133106874663,58.75033690726376,58.10156592504992,58.32683563232422,19846800
2017-03-10,58.66923637675594,58.80439956053979,58.34484748554874,58.507041931152344,19538200
2017-03-13,58.579133758516875,58.74132821486177,58.182656893077024,58.308807373046875,20100000
2017-03-14,58.14661153257863,58.16463695767985,57.80420407719479,58.03848648071289,14280200
2017-03-15,58.16463943692841,58.49803419397249,57.89431304637069,58.344852447509766,24833800
2017-03-16,58.344842926415765,58.35385563787978,57.93936028143419,58.245723724365234,20674300
2017-03-17,58.48903164998194,58.7863824467202,58.281780488923324,58.45298767089844,49219700
2017-03-20,58.48902338150087,58.73231161256373,58.31781622372899,58.507041931152344,14598100
2017-03-21,58.741332856746354,59.02066510236946,57.7861845940436,57.858272552490234,26640500
2017-03-22,57.77718210718387,58.69627956929846,57.77718210718387,58.59716033935547,20680000
2017-03-23,58.516062915623046,58.7863824467202,58.362874285846644,58.45298767089844,19269200
2017-03-24,58.89449707982147,58.97559085291814,58.35385130179151,58.55208969116211,22617100
2017-03-27,58.236716804523425,58.76835683881901,57.984415855916126,58.66022491455078,18614700
2017-03-28,58.53408229629081,58.99363444275219,58.25475004779771,58.83143997192383,20080400
2017-03-29,58.67824566553255,59.020653086414576,58.525057066349426,58.993621826171875,13618400
2017-03-30,58.94856717967353,59.45317592881843,58.89450465731995,59.20988082885742,15122800
2017-03-31,59.155817482087684,59.64240080054356,58.97559761894578,59.34504318237305,21040300
2017-04-03,59.299991318898314,59.417135958135404,58.7413268844521,59.06571578979492,20400900
2017-04-04,58.92154253416449,59.29999398250171,58.82242331559726,59.22791290283203,12997400
2017-04-05,59.74152167556771,59.78657148659809,58.96659342912086,59.0747184753418,21448600
2017-04-06,59.1107682583331,59.52526368384802,59.00264320148573,59.22791290283203,18103500
2017-04-07,59.336046912926854,59.43516614645024,58.96660812181067,59.182865142822266,14108500
2017-04-10,59.11977547817491,59.30900118476158,58.89450579775957,59.04768753051758,17952700
2017-04-11,59.11076482106776,59.11977753350953,58.43495575632686,59.00263977050781,18791500
2017-04-12,58.94858604547524,59.029686729645874,58.669253757671456,58.77738571166992,17108500
2017-04-13,58.83144441748059,59.345059134800294,58.52507400512695,58.52507400512695,17896500
2017-04-17,58.60616291929385,59.011645608264274,58.579131656653864,59.00263977050781,16689300
2017-04-18,58.867476781178304,59.209884233581896,58.714295042578165,58.921539306640625,15155600
2017-04-19,59.15582546566501,59.24593197205418,58.47100364267298,58.60616683959961,26992800
2017-04-20,58.984620236406435,59.2459339258325,58.69627528164077,59.02066421508789,22299500
2017-04-21,59.173828872502064,60.101938712678994,58.97559048437029,59.83161926269531,32522600
2017-04-24,60.804784638663726,60.96697905547806,60.46237038389798,60.84983444213867,29770000
2017-04-25,61.18324487866237,61.30939534622104,60.91291851978816,61.201263427734375,30242700
2017-04-26,61.34543644216699,61.55268068285797,60.93094108610047,61.12016677856445,26190800
2017-04-27,61.40853370543426,61.61577802048134,60.89491896313071,61.516658782958984,34971000
2017-04-28,62.09334051808877,62.300584782619865,60.994023333300156,61.68785095214844,39548800
2017-05-01,61.88609748760408,62.67003858472433,61.72390301491321,62.543888092041016,31954400
2017-05-02,62.81419423982162,62.81419423982162,62.29156695315111,62.44475555419922,23906100
2017-05-03,62.516848155752925,62.516848155752925,61.913126976007234,62.24652862548828,28928000
2017-05-04,62.20146183400897,62.24651851908065,61.85004168944162,62.00322341918945,21749400
2017-05-05,62.08432435131196,62.201462108456276,61.714878781211894,62.17443084716797,19128800
2017-05-08,62.14740785179767,62.21949580794451,61.651811746645414,62.12037658691406,18566100
2017-05-09,62.04829669535159,62.4267482022821,61.88610221028326,62.21049118041992,22858400
2017-05-10,62.165432335814714,62.67904704167396,62.102357086838545,62.45377731323242,17977800
2017-05-11,61.597744451279034,61.93114606664971,61.3814874742554,61.68785095214844,28789400
2017-05-12,61.82301193504469,61.82301193504469,61.3093973362602,61.615760803222656,18714100
2017-05-15,61.399502542644804,61.7058728778492,60.885887954661946,61.66081619262695,31530300
2017-05-16,61.833013997267,62.92956810317084,61.76957721144087,62.902381896972656,34956000
2017-05-17,62.43114354168422,62.62145393655272,61.1080282387229,61.153343200683594,30548800
2017-05-18,61.08084104440282,61.742395228192954,60.84521569136479,61.36177444458008,25201300
2017-05-19,61.17145846313861,61.715203377770386,61.10802167166643,61.34364700317383,26961100
2017-05-22,61.52487731859598,62.07768646653466,61.171442868483055,62.032371520996094,16237600
2017-05-23,62.27708386929978,62.30427008089847,61.968957338298885,62.2408332824707,15425800
2017-05-24,62.41301379304717,62.4220712530171,62.032386137471164,62.322383880615234,14593900
2017-05-25,62.50363727861322,63.32831555825797,62.44926486200348,63.09269714355469,21854100
2017-05-26,63.255818646838705,63.63643937528064,63.002064580452746,63.400814056396484,19827900
2017-05-30,63.24673932329447,63.808612823486335,63.2286105800778,63.80861282348633,17072800
2017-05-31,63.917378963458546,64.10768934622519,63.264882271634654,63.29206848144531,30436400
2017-06-01,63.65454535852027,63.989857962896515,62.93861212047775,63.527671813964844,21603600
2017-06-02,63.83582463431707,65.12268935538584,63.654571699882574,65.03206634521484,34770300
2017-06-05,65.22235495711433,66.056097434773,65.0773526579962,65.50328826904297,33316800
2017-06-06,65.52143446387888,65.81143222526039,65.49424133998423,65.7208023071289,31511100
2017-06-07,65.8295424947226,65.9473516878666,65.20423212275573,65.60298156738281,22301800
2017-06-08,65.71173243433203,65.72078989316071,64.79642436401386,65.20423126220703,24588300
2017-06-09,65.28579481455553,65.32204539104532,62.15925000469392,63.727054595947266,49187400
2017-06-12,62.75738565966821,63.382696119183656,61.74239007400559,63.237693786621094,47761700
2017-06-13,63.455169930155414,64.18016753123659,63.40079753000567,64.02610778808594,25258600
2017-06-14,64.26173826889423,64.43391985472694,62.92049467210153,63.68173599243164,25510700
2017-06-15,62.77550137537206,63.62737271091453,62.34957262169192,63.346439361572266,26068700
2017-06-16,63.192389944056046,63.464258964546026,62.73020362090319,63.43707275390625,48345100
2017-06-19,63.890204490803335,64.28895407885862,63.7542665026851,64.22551727294922,23798300
2017-06-20,64.18015423858417,64.22546917204993,63.319225815439545,63.35547637939453,21512200
2017-06-21,63.62736358786238,63.99892678999262,63.38268085321059,63.68173599243164,19891100
2017-06-22,63.92643850304496,63.9717465446052,63.17425448941175,63.672691345214844,22965700
2017-06-23,63.51858960916086,64.56983515643473,63.3645299074669,64.53358459472656,27617300
2017-06-26,64.70580824674225,64.98674161025284,63.83581503456534,63.91737365722656,19607000
2017-06-27,63.53675114533963,63.60018793255368,62.69394416430076,62.72113037109375,25215100
2017-06-28,62.72113756281965,63.2920687132102,62.34051679589261,63.25582504272461,25806200
2017-06-29,62.8751827089436,62.974870064777406,61.70612755660298,62.068626403808594,28918700
2017-06-30,62.33143877510195,62.8751835965411,62.29518819846061,62.467376708984375,24161100
2017-07-03,62.8298830377943,63.07456581662644,61.64269898231459,61.77863693237305,16165500
2017-07-05,61.86020523257735,62.9295732192205,61.82395465000231,62.60332489013672,21176300
2017-07-06,61.86924507579234,62.33143122940519,61.73331407245595,62.14112091064453,21117600
2017-07-07,62.25895320014659,63.292070693613,62.25895320014659,62.94770050048828,16878300
2017-07-10,62.947683297037344,63.663616612477036,62.71205801135191,63.4189338684082,15014500
2017-07-11,63.437054331995206,64.05330027921248,63.21049342366665,63.4279899597168,17460000
2017-07-12,64.06237672666484,64.59705725233933,63.93550314721355,64.479248046875,17750900
2017-07-13,64.79640161934093,65.28577387384892,64.6242131647673,65.04108428955078,20269800
2017-07-14,65.46705600258716,66.4004860934073,65.21330882225844,65.95642852783203,25868100
2017-07-17,65.9745543501741,66.56360731519118,65.90205318355632,66.47298431396484,21803900
2017-07-18,66.23734084227306,66.50921668559832,65.84766273511137,66.42765808105469,26435300
2017-07-19,66.60890191053011,67.09827426446151,66.5635869667238,66.93515014648438,22416200
2017-07-20,67.22516299380402,67.3339147350482,66.40954221970084,67.26141357421875,42361000
2017-07-21,66.56357773739998,67.32482582043953,66.30983068108304,66.8717041015625,46717100
2017-07-24,66.63609477595598,66.83546948610118,66.27359593151837,66.69953155517578,21394800
2017-07-25,66.88078033244022,67.34295958951321,66.6089044872644,67.23421478271484,22018700
2017-07-26,67.37015781651482,67.40640839661484,66.88984972984908,67.10735321044922,16252200
2017-07-27,66.84454137957957,67.44265866322178,65.53954815840943,66.30079650878906,36844200
2017-07-28,65.85671924694537,66.43671458455783,65.73891007071123,66.19203186035156,18306700
2017-07-31,66.42766285856996,66.55453641748926,65.62110655654423,65.8839111328125,23600100
2017-08-01,66.24642073817856,66.53641847910762,65.6936114642057,65.77517700195312,22132300
2017-08-02,65.7480182467832,65.75707571046584,64.74208665045687,65.4852066040039,26499200
2017-08-03,65.421740998542,65.64830194460805,65.11361451656465,65.38549041748047,18214400
2017-08-04,65.61205939518902,66.19205493498868,65.467057053193,65.86580657958984,22579000
2017-08-07,65.97454415104369,66.06516713826043,65.48517172316433,65.61204528808594,18705700
2017-08-08,65.33110227786226,66.27359651607705,65.0229827515313,65.9654769897461,22044600
2017-08-09,65.47611658455794,65.71174191582521,65.29487058456264,65.67549133300781,22213400
2017-08-10,65.15892412005802,65.42173562560149,64.66048731401166,64.7148666381836,24734500
2017-08-11,64.89612598037347,65.88392850877717,64.59706383515149,65.70268249511719,21443700
2017-08-14,66.21014465049255,66.8082686499229,66.11045731725417,66.6904525756836,20096600
2017-08-15,67.0458019929182,67.0458019929182,66.54471643754641,66.70870971679688,19181400
2017-08-16,66.81801918254338,67.51043586993262,66.66313860603977,67.10045623779297,18150400
2017-08-17,67.03667403831813,67.30088573118621,65.96160888671875,65.96160888671875,22977500
2017-08-18,65.84318787253608,66.36249877245154,65.53342664669472,66.04362487792969,18761500
2017-08-21,66.02540667076792,66.03451933947316,65.32387714998549,65.7338638305664,17734800
2017-08-22,65.91605681074577,66.7269103223817,65.91605681074577,66.6540298461914,14343700
2017-08-23,66.47181390841338,66.64491981693564,66.08005266081369,66.25315856933594,13766500
2017-08-24,66.27137951043908,66.38071065966356,65.66096290019073,66.225830078125,17098300
2017-08-25,66.38072014984103,66.82714357554003,66.03451522086024,66.34427642822266,12794300
2017-08-28,66.56292097243497,66.59025202146773,66.09827923702194,66.35337829589844,14569700
2017-08-29,65.82494976401621,66.65402859229884,65.64273815057678,66.5538101196289,11478400
2017-08-30,66.51737186488069,67.61065553708232,66.35337861895763,67.4284439086914,16897800
2017-08-31,67.4466507293909,68.29394786292752,67.23710808775415,68.12084197998047,27652800
2017-09-01,68.06619993080908,68.0935309833365,67.09135300206717,67.36467742919922,21736200
2017-09-05,66.81802488847892,67.31911732693199,66.4900453253161,67.06401824951172,21556000
2017-09-06,67.18244944675429,67.45577383572194,66.8271319116531,66.87268829345703,16535800
2017-09-07,67.12779149739795,67.96597614733219,67.05490406237887,67.72909545898438,17471200
2017-09-08,67.71997392375205,67.82019238576065,67.27354370174038,67.4011001586914,14703800
2017-09-11,67.70176115263051,68.27574098714109,67.70176115263051,68.11174774169922,17910400
2017-09-12,68.11175157135409,68.54906228316864,67.75643401140661,68.03886413574219,14394900
2017-09-13,68.26662945202658,68.53995384926955,67.92042457298989,68.521728515625,13380800
2017-09-14,68.3303915725441,68.7768148512252,67.89307400807199,68.12084197998047,15733900
2017-09-15,68.17552044174099,68.68571854502888,67.48310376518754,68.61283111572266,38578400
2017-09-18,68.5399710709865,69.21416261574443,68.36686511250855,68.4761962890625,23307000
2017-09-19,68.52174304882134,68.97727917355829,68.3395313792984,68.73129272460938,16093300
2017-09-20,68.64926983162528,68.83148839162244,67.70175417242199,68.2757339477539,21587900
2017-09-21,68.43062298246437,68.54905984792985,67.51955092246716,67.61065673828125,19186100
2017-09-22,67.41019887977822,67.88396009665874,67.28264938698563,67.79285430908203,14111400
2017-09-25,67.50130144411163,67.64707625801432,66.43534918341965,66.7451171875,24149200
2017-09-26,67.11865298400565,67.24620247070764,66.49912392677064,66.7451171875,18019600
2017-09-27,67.00934402630428,67.5742041810076,66.66313224020632,67.28266143798828,19565100
2017-09-28,67.00024024237528,67.39200150688988,66.7906906098045,67.30089569091797,10883800
2017-09-29,67.36467530386156,67.91131718995035,67.3100062496026,67.86576080322266,17079100
2017-10-02,68.06618056754995,68.33950491692754,67.69264470438934,67.9750747680664,15304800
2017-10-03,68.02975544765644,68.22107976413203,67.59244471026335,67.65621948242188,12190400
2017-10-04,67.50131727401265,68.07529704970277,67.15511243619298,68.04796600341797,13317700
2017-10-05,68.53083783688167,69.35080403765298,68.29395716756378,69.21414184570312,21195300
2017-10-06,68.94083010844616,69.26881664892119,68.82239322752483,69.24148559570312,13959800
2017-10-09,69.21413353879478,69.74255691041932,69.1139150734547,69.50567626953125,11386500
2017-10-10,69.54211997973918,69.8154373799082,69.36901409398325,69.50567626953125,13944500
2017-10-11,69.56947576912735,69.66058160158819,69.19593281982957,69.62413787841797,15388900
2017-10-12,69.68789156037595,70.41675190128171,69.57856737488923,70.26187133789062,16876500
2017-10-13,70.6900743171864,70.9451803202011,70.4167568832053,70.59896850585938,15335700
2017-10-16,70.53519372533272,70.89051125506948,70.47141896232684,70.74474334716797,12380100
2017-10-17,70.58074691770199,70.71740910394833,70.38030997133102,70.69007110595703,16824000
2017-10-18,70.76295218932562,70.92694540793639,70.48963479225894,70.70829010009766,13300700
2017-10-19,70.67186029921551,70.999846800988,70.47142333136252,70.98162841796875,15092800
2017-10-20,71.35518174706613,71.94738012801204,71.26407590790444,71.80160522460938,22866400
2017-10-23,71.96556922370797,72.28444300644937,71.75602657401814,71.8198013305664,20627200
2017-10-24,71.88357353149887,72.15689092801998,71.48269967548899,71.84712982177734,17517200
2017-10-25,71.59203907176,72.06579345099294,71.07272831238281,71.63758850097656,20410800
2017-10-26,72.15690181664888,72.35733877490019,71.746922184537,71.75603485107422,32120700
2017-10-27,76.86714626394509,78.53440272218766,76.17472960559783,76.35694122314453,71066700
2017-10-30,76.25672654755272,76.83070637818477,75.71919738335927,76.4298324584961,31756700
2017-10-31,76.85803955220443,76.85803955220443,75.71919947698913,75.78297424316406,27086600
2017-11-01,76.23851027325018,76.31139770628673,75.50964984474112,75.78297424316406,22307400
2017-11-02,75.9378451390801,76.94913555295254,75.72830248448804,76.57559967041016,23992900
2017-11-03,76.60293830507605,77.02203060670391,75.98340904377228,76.65760040283203,17633500
2017-11-06,76.71224341378371,77.16777931754947,76.60291924547275,76.95823669433594,19860900
2017-11-07,77.23161352498104,77.35005739974031,76.4663159539132,76.77607727050781,17939700
2017-11-08,76.65758889803796,77.08579380200268,76.37515883411525,77.04023742675781,18034200
2017-11-09,76.63028588401042,76.77605382644623,75.52788931892087,76.612060546875,21178400
2017-11-10,76.3387336560349,76.62116378852012,75.82853549388646,76.41162109375,19397800
2017-11-13,76.22028407416482,76.47538311270448,76.03806551025974,76.46627044677734,14196900
2017-11-14,76.07450732085992,76.6211490970519,75.60075296840749,76.57559967041016,18801300
2017-11-15,76.42910358450695,76.63054716711069,75.71489959952027,75.98043823242188,19383100
2017-11-16,76.09030615364117,76.38331307536608,75.94380618569674,76.18186950683594,20962800
2017-11-17,76.10862340279398,76.10862340279398,75.3028491245761,75.44935607910156,22079000
2017-11-20,75.44935061063597,75.62331887423086,75.3120020971822,75.5683822631836,16315000
2017-11-21,75.76068227634396,76.76789326321833,75.76068227634396,76.65802001953125,21237500
2017-11-22,76.75871634440725,76.82281137723375,76.03535412488834,76.09944915771484,20553100
2017-11-24,76.00791973341221,76.39249010194425,75.7973176825469,76.23683166503906,7425600
2017-11-27,76.28259698918498,76.8960861716715,76.27344554326716,76.79536437988281,18265200
2017-11-28,76.97849671541371,77.88498592180228,76.93271153913831,77.72016906738281,21926000
2017-11-29,77.56450592690575,77.75679108105835,76.16356624248208,76.31006622314453,27381100
2017-11-30,76.46573691592047,77.39053600909085,76.31007150677787,77.07006072998047,33054600
2017-12-01,76.5481653524539,77.65609850658193,76.20022165485777,77.15249633789062,29532100
2017-12-04,77.29895901508095,77.30811744596595,73.8927492527955,74.2406997680664,39094900
2017-12-05,74.47876786257568,75.70573920395341,74.14914117376347,74.70767974853516,26152300
2017-12-06,74.67104465185838,76.12692059422432,74.56116445427354,75.79728698730469,26162100
2017-12-07,75.57753870526429,75.81560898993172,75.08308826134058,75.53175354003906,23184500
2017-12-08,76.5755987785424,77.4454681049092,76.30090871692876,77.06089782714844,24489100
2017-12-11,77.17993087398924,78.16883187955592,77.02427247103047,78.04064178466797,22857900
2017-12-12,78.11388576559371,78.79146994345314,77.90329075326562,78.36111450195312,23924100
2017-12-13,78.50762998980979,78.74570034222774,77.98571109255643,78.15052795410156,22062700
2017-12-14,78.22376554272637,78.62665267478582,77.39968140253022,77.54618835449219,19306000
2017-12-15,78.06811059264069,79.74374026821616,77.72016005928569,79.52398681640625,53936700
2017-12-18,79.77121979905746,80.11916336505594,78.95629401055412,79.09363555908203,22283800
2017-12-19,79.06617583447259,79.06617583447259,78.07727466267565,78.59004211425781,23524800
2017-12-20,78.92882353407154,79.02039388646325,77.5645105106474,78.30618286132812,23674900
2017-12-21,78.79148130496277,78.837259494931,78.19630894867964,78.28787231445312,17990700
2017-12-22,78.19629817427229,78.40689318795039,77.75678429894691,78.2970199584961,14145800
2017-12-26,78.11388478553005,78.31532835015888,77.8575046072155,78.19629669189453,9891200
2017-12-27,78.42521169954709,78.72737705857377,78.03148298543736,78.48014831542969,14678000
2017-12-28,78.6541280611354,78.68159637064157,78.33365280716896,78.48931121826172,10594300
2017-12-29,78.40689069828271,78.79146794666937,78.2878590415415,78.3244857788086,18717400
2018-01-02,78.86472988196773,79.02954673903314,78.28787437515744,78.69991302490234,22483800
2018-01-03,78.80065390484243,79.2126996401889,78.71824894927649,79.06619262695312,26061400
2018-01-04,79.28592141418987,80.2656710412665,79.26761153616974,79.7620620727539,21912000
2018-01-05,80.26568437721414,80.9524201833744,80.05508232288966,80.7509765625,23407100
2018-01-08,80.76009766685192,81.10804814884374,80.2107106255075,80.8333511352539,22113000
2018-01-09,81.17217117895406,81.24542467261705,80.44880864716666,80.7784423828125,19484300
2018-01-10,80.44881241749337,80.75097785363633,80.03677372154422,80.41218566894531,18652200
2018-01-11,80.69602385692144,80.69602385692144,79.88109801761614,80.6502456665039,17808900
2018-01-12,81.19046261634222,82.20683190606695,80.98901904744741,82.0420150756836,24271500
2018-01-16,82.49985195610911,83.13165107075305,80.58615171876326,80.89746856689453,36599700
2018-01-17,81.56587681149459,82.66465096105202,81.2637114753238,82.53646087646484,25621200
2018-01-18,82.22514971945554,83.02175858732727,82.09695962610064,82.49983978271484,24159700
2018-01-19,82.53645423442747,82.96680962055301,82.09694740430763,82.40826416015625,36875000
2018-01-22,82.40829860921994,83.89165049908759,82.17022823498087,83.88249206542969,23601600
2018-01-23,84.14801788330078,84.51427832937408,83.8183841804185,84.14801788330078,23412800
2018-01-24,84.74318624355053,85.54895359829072,83.85500697405287,84.07476043701172,33277500
2018-01-25,84.66993815725789,85.37498376436372,84.17548759470802,84.541748046875,26383200
2018-01-26,85.26510474522162,86.12580871582031,84.77065421615262,86.12580871582031,29172200
2018-01-29,87.11471080192887,87.39855931821482,85.81449290598047,85.99761962890625,31569900
2018-01-30,85.42991211115469,85.75954576063309,84.33113095094811,84.91714477539062,38635100
2018-01-31,85.84194875658378,87.35276845186678,85.62219532380091,86.99566650390625,48756300
2018-02-01,86.79422913995393,87.96625684621124,85.68629648057518,86.3089370727539,47227900
2018-02-02,85.74123672977026,86.04340210036129,83.78175151548805,84.03813171386719,47867800
2018-02-05,82.92103597254027,85.37497156996687,80.57698059082031,80.57698059082031,51031500
2018-02-06,79.56059919774107,83.76342424691147,78.05893807401105,83.6260757446289,67998600
2018-02-07,82.8569453121726,84.02897306506873,81.67575912769047,82.05117797851562,41107600
2018-02-08,82.14273566955869,82.29839406659909,77.61028337846334,77.83919525146484,55628700
2018-02-09,79.0203761155408,81.42852634495952,76.75872584249565,80.74179077148438,63499100
2018-02-12,81.2545542358323,82.20682843946436,80.51288202330096,81.61165618896484,35720300
2018-02-13,81.42854028530053,82.40828292508755,80.39386102569787,82.25262451171875,26407700
2018-02-14,81.42465728141752,83.70612601151022,81.33266381980353,83.54053497314453,34960900
2018-02-15,83.9085096103449,85.297633939161,83.36574331405193,85.24243927001953,27823900
2018-02-16,85.04926621776109,86.01521529322085,84.45130509535058,84.63529205322266,30596900
2018-02-20,84.15691866030133,85.61043241886618,83.72454160466629,85.29765319824219,30911700
2018-02-21,85.53682032888707,85.88639825551188,84.16609191894531,84.16609191894531,26922500
2018-02-22,84.68130814250657,85.30687374240351,84.04654108739902,84.38692474365234,24392800
2018-02-23,86.10719705916483,86.53957407186662,84.96646263449422,86.5303726196289,26329200
2018-02-26,86.84317229593475,87.80911437115007,86.70517856557466,87.7815170288086,30199800
2018-02-27,88.07589401810351,88.16788749214969,86.65917205810547,86.65917205810547,25869100
2018-02-28,87.24795594571395,88.04831406715468,86.1348185470124,86.26361083984375,31167300
2018-03-01,86.46598501920263,86.99955700318941,84.48809371211529,85.41724395751953,37135600
2018-03-02,84.24890864358277,85.69322790777878,83.58654441718551,85.60123443603516,32830400
2018-03-05,84.94806857776953,86.72357003738908,84.8744780081578,86.14400482177734,23901600
2018-03-06,86.78795392769419,86.92594763155692,85.50003140804556,85.849609375,22175800
2018-03-07,85.70243602893925,86.41999499048457,85.03087029751842,86.34639739990234,26716100
2018-03-08,86.72357812517424,87.48713738265516,86.26360368360544,86.87077331542969,25887800
2018-03-09,87.66191558553328,88.81185150146484,87.39512961079893,88.81185150146484,36937300
2018-03-12,88.77503920934966,89.4282018680301,88.35186369887997,89.02342224121094,26073700
2018-03-13,89.23503528382705,89.45582103477052,86.44759149021354,86.85237121582031,35387800
2018-03-14,87.5055275627948,87.77231354233815,86.01520806216871,86.33718872070312,32132000
2018-03-15,86.04280189209283,87.00875084694823,85.39884060129032,86.6407699584961,27611000
2018-03-16,87.1007582377168,87.74471963145847,86.40159513975958,87.02716064453125,49081300
2018-03-19,86.2360032758896,86.38319846091478,84.73648917637232,85.45404815673828,33344100
2018-03-20,85.60122938442818,86.26358655308559,85.555229141945,85.67481994628906,23075200
2018-03-21,85.49085562592961,86.52120096967494,84.82849126342572,85.0768814086914,24457100
2018-03-22,83.96370814868757,84.40528657812015,82.48259731548386,82.60218811035156,38604700
2018-03-23,82.33543808240533,83.21858830786638,80.10916311705638,80.20115661621094,44068900
2018-03-26,83.35656064334098,86.47518648817777,83.1633722391695,86.27279663085938,56396800
2018-03-27,87.33995251463082,87.52393949075633,81.42468069156854,82.30783081054688,56569000
2018-03-28,82.62980834170733,83.92693963492772,81.75585971083261,82.2342300415039,52501100
2018-03-29,82.96096634920696,84.90205848759472,81.32345893812744,83.96370697021484,45867500
2018-04-02,83.22775726642683,83.60493257128557,80.50471004649422,81.43385314941406,48515400
2018-04-03,82.40901940608649,82.84139648719949,80.85430360854896,82.52861022949219,37213800
2018-04-04,80.81750689126298,85.33445921557684,80.70711751871136,84.93888092041016,35560000
2018-04-05,85.04004971041677,85.6196147940725,84.08330233677424,84.98484802246094,29771900
2018-04-06,84.16611129682583,85.05846272983517,82.31701931607986,83.0069808959961,38026000
2018-04-09,83.75217438932727,85.71166362068803,83.36579741728237,83.5037841796875,31533900
2018-04-10,84.99405136587063,85.81280506582843,84.30408990959266,85.44482421875,26812000
2018-04-11,84.64449397263053,85.82202735425955,84.15692221479844,84.50650024414062,24872100
2018-04-12,85.0308787519453,86.62239346792697,85.0308787519453,86.08882141113281,26758900
2018-04-13,86.52116593437097,86.64075672192043,85.0400481731519,85.62881469726562,23346100
2018-04-16,86.53957544081383,87.08234883299939,85.94160737163209,86.6315689086914,20288100
2018-04-17,87.39513354696484,88.81185550143812,87.28473716734865,88.37947845458984,26771000
2018-04-18,88.51748925802643,88.97746373388925,87.87352078062638,88.71987915039062,21043300
2018-04-19,88.71985979673535,89.2994249831789,87.70791055566441,88.41627502441406,23552500
2018-04-20,88.23228302722013,88.4162699594285,86.52117788680634,87.39512634277344,31154400
2018-04-23,88.07588146146807,88.58185602456547,87.05473790223598,87.71710205078125,22331800
2018-04-24,88.53588566834979,88.74747701669577,85.0124864967432,85.6656494140625,34524800
2018-04-25,85.83122555371904,85.83122555371904,83.05297625678179,84.92047119140625,33729300
2018-04-26,86.06121553231306,87.53313225108135,85.64723434916874,86.7143783569336,42529000
2018-04-27,89.7870058058164,90.06299326658552,86.39239934281142,88.14949798583984,48272800
2018-04-30,88.61869192329777,88.68308807478162,85.69325372124516,86.03363037109375,41523600
2018-05-01,85.74841733049773,87.66191230753168,85.36204056166922,87.39512634277344,31408900
2018-05-02,87.38592660289008,87.55151765258299,85.73002312461271,86.02440643310547,27471000
2018-05-03,85.51843005399547,87.33073011055954,85.04925425317623,86.5395736694336,31142500
2018-05-04,85.84962598476643,87.73552392557835,85.48164504282109,87.5423355102539,22531300
2018-05-07,87.55152984866214,88.96825191146401,87.48713371029172,88.5174789428711,24242000
2018-05-08,88.17708046705685,88.46226933342734,87.45032016026029,88.1402816772461,23484600
2018-05-09,88.32429496812225,89.20744506102379,87.44114487522069,89.17984771728516,27327400
2018-05-10,89.65822335332842,90.10899637123524,89.28104793551147,90.07220458984375,22388100
2018-05-11,89.97101357498174,90.0354097232103,89.27185038089043,89.87901306152344,16778300
2018-05-14,90.08139173265468,90.78975629352504,89.52022236004674,90.18258666992188,19454100
2018-05-15,89.4557984858152,90.01696768444354,88.62784335516265,89.5293960571289,24594000
2018-05-16,89.95443225728631,89.99139055251511,89.27072141823857,89.76040649414062,17384700
2018-05-17,89.40008154218597,90.12075075397215,88.54082047065442,88.86419677734375,17246700
2018-05-18,88.70711842287673,89.55713805318216,88.70711842287673,89.0304946899414,17865800
2018-05-21,89.62180246481039,90.55497990751435,89.43701806286269,90.17616271972656,19422500
2018-05-22,90.25010246420457,90.70282929952685,89.80660991699864,90.08379364013672,15441200
2018-05-23,89.35388324887325,91.22023861680209,88.99354863756444,91.15556335449219,21251200
2018-05-24,91.22020416730128,91.41422988095681,89.44624169417368,90.83214569091797,26649300
2018-05-25,90.82293827181873,91.45121521815086,90.41640405681726,90.87837219238281,18363900
2018-05-29,90.39791815799778,91.35881269157285,89.83432353786847,90.55499267578125,28671000
2018-05-30,90.83218135418171,91.70068378884302,90.46261244920458,91.42350006103516,22158500
2018-05-31,91.7376215067284,92.38437399440679,91.10934464052364,91.32184600830078,34140900
2018-06-01,91.72838944991032,93.18821041155984,91.62675589884142,93.12353515625,28655600
2018-06-04,93.55778952282687,94.11214988004193,93.17897226513404,93.93659973144531,27281600
2018-06-05,94.24148783866029,94.54638846168065,93.80723671782648,94.41703796386719,23514400
2018-06-06,94.68498720968772,94.79585504501118,94.14910250871115,94.69422149658203,21122900
2018-06-07,94.84205130142787,94.87900959491209,92.74471220290945,93.20668029785156,28232200
2018-06-08,93.40069373352777,94.19527931595881,92.89253312555533,93.89962005615234,22165100
2018-06-11,93.32679597918849,93.86267360895476,93.01265401090954,93.36375427246094,23490900
2018-06-12,93.40995524775266,93.7333315316089,93.08657896389641,93.6039810180664,18325200
2018-06-13,93.98276663929595,94.25070891261595,92.91099754601593,93.17893981933594,29492900
2018-06-14,93.91814356043787,94.26923688127756,93.31758344528177,93.70563507080078,25691800
2018-06-15,93.78876169458992,93.80723731622108,92.45829136679475,92.51372528076172,65738600
2018-06-18,92.40286514116336,93.41919359320401,91.85773909519509,93.1882095336914,23586000
2018-06-19,92.07024753153928,93.31756004309254,91.9316556860169,93.1882095336914,28653100
2018-06-20,93.65942315680333,94.7219442385856,93.42843908701164,94.12139129638672,26180800
2018-06-21,94.31539392970954,94.66648709198866,93.20666643728084,93.44689178466797,23198200
2018-06-22,92.77242279052734,93.10503328562655,92.05174674543974,92.77242279052734,38923100
2018-06-25,92.39361224499606,92.49524578239142,89.89898753401046,90.90607452392578,35433300
2018-06-26,91.30336899042786,92.46753049951762,91.23869374264916,91.54359436035156,26897200
2018-06-27,92.00555801847673,92.41208510684788,89.99137704970718,90.1207275390625,31298400
2018-06-28,89.97288758582212,91.57130001082368,89.86201977421742,91.1278076171875,26650700
2018-06-29,91.40499611484815,92.31045656927783,90.85063588006824,91.10933685302734,28053200
2018-07-02,90.63814100010501,92.44905512999027,90.54574878870682,92.40286254882812,19564500
2018-07-03,92.83710572183665,92.97569050249281,91.4142432314895,91.51587677001953,14670300
2018-07-05,91.93164201070638,92.31969348118511,91.49739091556795,92.17186737060547,18977400
2018-07-06,92.2919825649765,93.71484509890726,92.08871548169017,93.46538543701172,19234600
2018-07-09,93.91812084381188,94.47248118176289,93.54854493548648,94.1029052734375,18212000
2018-07-10,94.24150394995978,94.71271344345048,94.11215343003286,94.35237884521484,19293100
2018-07-11,93.4561461096039,94.55562537152547,93.40994648092858,94.22301483154297,19644600
2018-07-12,94.95292069775363,96.46818255928501,94.91596945273413,96.2649154663086,24335900
2018-07-13,96.43122103656377,97.56765858332078,96.17251298657227,97.41059112548828,24635200
2018-07-16,97.3828643401943,97.77091580240884,96.56979607756627,96.93013763427734,21786900
2018-07-17,96.6529658702344,98.39920471390741,96.38502352794147,97.89103698730469,25901700
2018-07-18,97.88177267291509,97.98340618705691,96.754569733576,97.1241455078125,29493900
2018-07-19,96.94860064178675,97.29969376919978,95.98770639673471,96.45891571044922,40171600
2018-07-20,99.8590205043704,99.9698883306532,98.01114820954078,98.18669128417969,56004000
2018-07-23,98.21442111734395,99.91446034590324,98.05734660566769,99.75739288330078,29707000
2018-07-24,100.31175608595214,100.54274014316849,99.10140188184216,99.47097778320312,26316600
2018-07-25,99.748142121101,102.6955005834059,99.41552455580319,102.39984130859375,30702100
2018-07-26,102.31668721571668,102.55691258831274,101.17100836414636,101.2818832397461,31372100
2018-07-27,101.79931242629686,101.79931242629686,98.06660853935584,99.48947143554688,37005300
2018-07-30,99.03670395565271,99.3508388179976,96.79153915152472,97.35514068603516,34668300
2018-07-31,98.38996435278216,98.60247278121379,97.36439460280648,98.01115417480469,27655200
2018-08-01,97.9649540605816,98.35300557241743,97.40135241521702,98.19593811035156,23628700
2018-08-02,97.38286255689052,99.8682457757187,96.8654535676732,99.38780212402344,26104300
2018-08-03,99.60032454788931,99.83130859642424,98.69486397603995,99.82206726074219,18659600
2018-08-06,99.89599337364398,100.17317002887185,99.378584262218,99.90522766113281,20265900
2018-08-07,100.3025157346515,100.80144214902595,99.9421811657823,100.59817504882812,16080200
2018-08-08,101.013955171772,101.40200671754648,100.48731177419965,101.16178131103516,15487500
2018-08-09,101.36502988456436,101.78080536392807,101.2633963484359,101.32807159423828,13677200
2018-08-10,101.0970969208764,101.34656364139204,100.13620243070716,100.70904541015625,18183700
2018-08-13,100.9307944494614,101.2449364414528,99.87750768344912,99.97914123535156,18472500
2018-08-14,100.30248917759248,101.40197526532968,99.82204556266515,101.22642517089844,16788300
2018-08-15,100.6235724983047,101.08731834805879,99.07466305841409,99.853759765625,29982800
2018-08-16,100.44733763856459,100.96673064188663,99.51984608909012,99.83518981933594,21384300
2018-08-17,99.57551458714715,100.07636097998875,98.95409681455128,99.7795639038086,18061500
2018-08-20,99.71461911488367,100.07634025543908,98.75930394489382,99.12102508544922,17914200
2018-08-21,99.16740773217033,99.56622943361616,98.17499192757718,98.29557037353516,22881900
2018-08-22,98.17498484885662,99.55694535720907,98.11006071963736,99.29724884033203,18000600
2018-08-23,99.38073368250087,100.3360489687436,99.12103714754555,99.76100158691406,18167700
2018-08-24,99.86303563190242,100.68850272832954,99.76101097268554,100.54010772705078,17234000
2018-08-27,101.34701746377063,101.69019194872996,100.64212884911944,101.65309143066406,19662300
2018-08-28,101.96844644985637,102.48783957153609,101.829321270492,102.26524353027344,19151500
2018-08-29,102.44145188982496,103.90689042340566,102.27450310655374,103.89761352539062,20818000
2018-08-30,103.57299084814439,104.44483526345196,103.3596717313349,103.83268737792969,22798700
2018-08-31,103.59155599160786,104.60251860418799,103.43387701593716,104.18515014648438,23222700
2018-09-04,102.81246391322163,103.84198037029282,102.22814663064102,103.610107421875,22634600
2018-09-05,102.96084856074191,103.34111645212573,100.26184450164855,100.62356567382812,32872400
2018-09-06,100.40097690841688,101.08731878770189,99.71463502913187,100.8554458618164,23477600
2018-09-07,100.38243777031235,100.83690675804041,99.45494599671183,100.36388397216797,22498600
2018-09-10,100.94818929690803,101.69018545846832,100.5029972609317,101.44903564453125,20727900
2018-09-11,101.00385180420959,103.4987997705965,100.99457490548238,103.17417907714844,24301800
2018-09-12,103.35041085183917,103.73995570689291,102.49712009994978,103.610107421875,18891100
2018-09-13,103.99035668214307,105.4836186659779,103.99035668214307,104.72307586669922,26055600
2018-09-14,105.14048811380343,105.48366268304854,104.28719721731518,105.14976501464844,19122300
2018-09-17,105.44652599408695,105.45579581555096,103.74921460782863,104.0089111328125,20736500
2018-09-18,104.05531939980531,105.4558270857092,103.61939707094982,105.00135803222656,22170900
2018-09-19,104.85295737677333,105.1033770649033,102.98869676086775,103.60083770751953,21728400
2018-09-20,104.13878549916305,105.5485770970305,103.81416476156244,105.33525085449219,23714500
2018-09-21,105.73404703048226,106.93051209602378,105.27957810791521,105.9751968383789,71229700
2018-09-24,104.83439048828816,106.56880259362794,104.08312444149307,106.35547637939453,27334500
2018-09-25,106.476055996929,106.75429927690499,105.50218682651177,106.15142822265625,22668000
2018-09-26,106.16999178521358,106.71720857283623,105.49291963021827,105.71552276611328,19352000
2018-09-27,106.45749386979121,106.57807231692699,105.91954699724681,106.11432647705078,19091300
2018-09-28,105.91028356536363,106.26272787750213,105.43726079881428,106.07723236083984,21647800
2018-10-01,106.4296895138028,107.29225721513264,106.41114279037903,107.22733306884766,18883100
2018-10-02,106.93980725295837,107.4406465973512,106.14216373973888,106.8006820678711,20787200
2018-10-03,107.05109443049466,107.75599013092516,106.59662546136201,106.81922149658203,16648000
2018-10-04,106.29982043825036,106.43894560343207,103.53589215921313,104.61178588867188,34821700
2018-10-05,104.46338726687355,104.96423363230741,102.61768077151183,103.99964141845703,29068900
2018-10-08,103.56373500266335,103.9069024306767,101.4119472913115,102.81246185302734,29640600
2018-10-09,103.08145336975319,104.88078999292445,102.76610950757369,104.12024688720703,26198600
2018-10-10,103.17420095825126,103.41535084289859,98.11937273856343,98.4625473022461,61376300
2018-10-11,97.7112516783709,101.03167374756669,96.64463478085602,98.23065185546875,63904300
2018-10-12,101.10588152268684,103.17418424176115,99.35292261411863,101.62527465820312,47742100
2018-10-15,101.01311452260842,101.54178445663729,99.19522474209573,99.798095703125,32068100
2018-10-16,101.59743170346016,103.33184355979802,101.05020797450246,102.95156860351562,31610200
2018-10-17,103.58226998073418,103.70284135039302,101.60671527121707,102.68260192871094,26548200
2018-10-18,102.11683596938383,102.5156576881756,100.01143289886926,100.63285064697266,32506200
2018-10-19,101.03166199334669,102.82172109491002,100.36386689777082,100.78124237060547,32785500
2018-10-22,101.39341087618917,102.52495208900953,100.3917179589841,101.6809310913086,26545600
2018-10-23,99.95578971149526,101.0687841343526,97.48866516513328,100.2618637084961,43770400
2018-10-24,100.54937553140536,100.62356948723375,94.22387553689256,94.90094757080078,63897800
2018-10-25,98.82425415653671,101.34702590944842,98.45325602116118,100.4473648071289,61646800
2018-10-26,98.02660217860333,100.8647245782131,97.16403459571404,99.20451354980469,55523100
2018-10-29,100.27115554036965,100.81837239571036,94.2610045752702,96.32003784179688,55162000
2018-10-30,96.14380083435609,96.81158896863424,92.85120220121213,96.20872497558594,65350900
2018-10-31,97.79473990349346,100.29896499055472,97.74836248194747,99.06539916992188,51062400
2018-11-01,99.28799945602904,99.53841912707702,97.8782079653712,98.23992919921875,33384200
2018-11-02,98.75934443865745,99.53843426816158,97.36810653494133,98.4625473022461,37680200
2018-11-05,98.65729020299234,99.92794924560849,98.22136799156644,99.71463012695312,27922100
2018-11-06,99.59405770693584,100.94819476030045,98.57381823672418,99.90940856933594,24340200
2018-11-07,101.50469632504758,104.10166890105492,101.46759580702172,103.84197235107422,37901700
2018-11-08,103.69356368976734,104.07383156606774,102.86809673202818,103.64718627929688,25644100
2018-11-09,102.81246301149793,103.36895666757977,100.87400857630267,101.62527465820312,32039200
2018-11-12,101.48612430629616,101.9869705954188,98.4068526250303,99.12102508544922,33621800
2018-11-13,99.75176769688451,100.85547836801453,98.90774657805326,99.18599700927734,35374600
2018-11-14,100.69500729608477,100.844050498221,97.31366959879335,97.7794189453125,39495100
2018-11-15,97.79804244506956,100.41555851552734,96.79202929216486,99.9311752319336,38505200
2018-11-16,99.7448588237426,101.42155182165904,99.48404038674023,100.8719711303711,33502100
2018-11-19,100.85333275386188,101.12346815369035,96.4566660962498,97.453369140625,44773900
2018-11-20,94.82653721852718,95.91638860936351,92.54436194050965,94.7426986694336,64052500
2018-11-21,96.50325392014697,97.27639946682828,95.23641525059722,96.04682159423828,28130600
2018-11-23,95.17120947686023,96.69886659980608,95.01285642178213,96.00955963134766,13823100
2018-11-26,97.61174818263194,99.32570235404117,97.4161343113366,99.17666625976562,32336200
2018-11-27,98.99034446265533,99.97773772515438,98.14268450609534,99.80075073242188,29124500
2018-11-28,100.49938915680907,103.70374679899133,100.4714453342876,103.50813293457031,46788500
2018-11-29,102.7722396765369,103.5081244049681,101.56128868407642,102.64183044433594,28123200
2018-11-30,103.11690487677474,103.36841350954096,101.86870001030037,103.29389190673828,33665600
2018-12-03,105.2593570181039,105.65058478104164,103.14485801737449,104.41168975830078,34732800
2018-12-04,104.27196597787652,104.9240122203262,100.79747272569772,101.08623504638672,45197000
2018-12-06,98.57120410775605,101.75692834260263,97.80737536536408,101.71035766601562,49107400
2018-12-07,100.95581156063011,101.95251473739826,97.15530282996325,97.63967895507812,45044900
2018-12-10,97.62105767479058,100.58322355415702,96.77339052406371,100.21993255615234,40801500
2018-12-11,102.27854005327356,103.34975766286827,100.080202983667,101.15142059326172,42381900
2018-12-12,103.29389000714187,103.64785695378824,101.57061883795578,101.60787963867188,36183000
2018-12-13,102.07361400968807,103.27524800606902,101.1886861127655,101.9525146484375,31333400
2018-12-14,100.83472805018204,101.77554366899868,98.2731067833183,98.76679992675781,47043100
2018-12-17,98.18927664783209,98.55256055478864,94.74272735981219,95.8418960571289,56957300
2018-12-18,96.64298480960196,97.35092577256086,95.49723834463913,96.84791564941406,49319200
2018-12-19,96.54985162210698,99.55858875324995,94.40740154870139,96.58711242675781,68198200
2018-12-20,95.99093573101983,97.16461887653492,92.01343263979614,94.55642700195312,70334200
2018-12-21,94.66818777300865,95.94434324647152,90.7838408248684,91.5010986328125,111242100
2018-12-24,90.98878394736427,91.25891939540907,87.54224195434917,87.68196105957031,43935200
2018-12-26,88.62275857140659,93.79257761368018,87.5235901582191,93.67147827148438,51634800
2018-12-27,92.49781621209479,94.2583480430309,89.79646878096001,94.24903106689453,49498500
2018-12-28,95.09669025050847,95.3947766299849,92.70273909280928,93.51314544677734,38196300
2018-12-31,94.3514862381689,95.38545016713842,93.559713915051,94.6123046875,33173800
2019-01-02,92.73068564935639,94.77997966425383,92.16247095211507,94.1931381225586,35329300
2019-01-03,93.24300972046,93.32684829113309,90.54166232197043,90.72796630859375,42579100
2019-01-04,92.88903616051739,95.48791795712623,92.15315145623576,94.94764709472656,44060600
2019-01-07,94.67752835079634,96.19586869021902,94.06274289749047,95.06875610351562,35656100
2019-01-08,95.98162195660773,96.84791598725403,94.74272704380061,95.75806427001953,31514400
2019-01-09,96.74543914679175,97.69556453271322,96.167907492278,97.12734985351562,32280800
2019-01-10,96.14929082644984,96.64298396891861,95.36682827277113,96.50325775146484,30067600
2019-01-11,96.12134817576435,96.35422283876852,94.67752242243027,95.75806427001953,28314200
2019-01-14,94.9196991567882,95.82325384444417,94.32354068165286,95.0594253540039,28437100
2019-01-15,95.48793414793488,97.85394170917995,94.90108541601377,97.81668090820312,31587600
2019-01-16,98.04954825955396,98.98104689407475,97.7700958264895,98.16132354736328,29853900
2019-01-17,97.80735829633008,99.32569853811184,97.58380061011998,98.85063934326172,28393000
2019-01-18,100.09885139469263,100.50871310482539,98.65503264569345,100.33172607421875,37427600
2019-01-22,99.43747623484761,99.76349932573893,97.67694443726407,98.4407730102539,32371300
2019-01-23,98.85062679677567,99.70760374078597,98.12405197196367,99.40020751953125,25874300
2019-01-24,99.53994817141026,99.6703574163105,98.12406621710652,98.92515563964844,23164800
2019-01-25,99.89391708712179,100.49007567756269,98.92515760096258,99.8287124633789,31225600
2019-01-28,98.98104271102594,99.18597353904319,97.49064638013259,97.88187408447266,29476700
2019-01-29,97.69558383618954,97.77942241706069,95.17122314123856,95.88848114013672,31490500
2019-01-30,97.45337927991883,99.09281158447266,97.18324385198478,99.09281158447266,49471900
2019-01-31,96.68955615382367,98.01228244147227,96.11202447156276,97.27639770507812,55636400
2019-02-01,96.67093196950103,96.96901126312676,95.33888857150485,95.73943328857422,35535700
2019-02-04,95.82327678091801,98.55256834031151,95.73012122262988,98.49667358398438,31315100
2019-02-05,98.79474048673215,99.9218529541223,98.70159204691247,99.87528228759766,27325400
2019-02-06,99.67035474706215,99.67035474706215,98.30105060550986,98.76679992675781,20609800
2019-02-07,97.98433103998504,98.35692476046651,97.14598095536239,98.05884552001953,29760700
2019-02-08,97.23915549636857,98.53393821099789,97.11806321537307,98.43147277832031,21461100
2019-02-11,98.92514294577926,99.2791169423194,97.77940371163596,98.04022216796875,18914100
2019-02-12,98.86926996740598,99.8007686534428,98.25448453014259,99.5678939819336,25056600
2019-02-13,100.13610640866298,100.39692489757431,99.40022161107984,99.49337005615234,18394900
2019-02-14,99.02759879871654,99.94047041456177,98.42213048641419,99.57718658447266,21784700
2019-02-15,100.51803088214614,100.88131481655735,100.00570374040146,100.80679321289062,26606900
2019-02-19,100.40623359568878,101.2166399252208,100.39691661991846,100.76020050048828,18038500
2019-02-20,100.90053107412884,100.97537093315574,99.43183274205428,100.23634338378906,21607700
2019-02-21,100.00245366299488,102.41598509309527,99.97439050589702,102.35050201416016,29063200
2019-02-22,102.9491854673634,104.02497766774913,102.73402274501494,103.80982208251953,27763200
2019-02-25,104.54888327300539,104.94178179394864,104.08114489937165,104.38984680175781,23750600
2019-02-26,104.0811379022455,105.93337774052556,103.99694128934875,105.11016082763672,21536700
2019-02-27,104.4833940078933,105.11016167859154,103.72565303417082,104.93241882324219,21487100
2019-02-28,104.81080177195453,105.59659871001597,104.52080630249667,104.80144500732422,29083900
2019-03-01,105.60596009747732,105.72756949451394,104.46467742470709,105.2691879272461,23501200
2019-03-04,105.72759702095314,105.94275985016593,103.65084428000026,105.01663970947266,26608000
2019-03-05,105.00725181824801,105.13821797560405,104.05306879506546,104.49273681640625,19538300
2019-03-06,104.6517876735904,105.39081517018386,104.24017561545702,104.5395278930664,17687000
2019-03-07,104.21212181856579,104.35244477254916,102.78084338960363,103.26728820800781,25339000
2019-03-08,102.11663974589133,103.56662434504166,101.7798675637525,103.37953186035156,22818400
2019-03-11,103.82855440766717,105.66208783858885,103.8192047796217,105.54983520507812,26491600
2019-03-12,105.5404875042275,106.6349935976822,105.3814581683487,106.28887176513672,26132700
2019-03-13,106.76593927306166,107.57980646524888,106.4385238982001,107.11206817626953,35513800
2019-03-14,107.14950425003381,107.76691517326698,106.95305499549957,107.19627380371094,30763400
2019-03-15,107.89789318618023,109.68465734139798,107.19628556992394,108.43112182617188,54681100
2019-03-18,108.6743172057768,110.02140582212414,108.56206457916133,109.9839859008789,31207600
2019-03-19,110.47045045343856,110.79787303888932,109.44142741420875,110.05884552001953,37588700
2019-03-20,109.81560831179597,111.08785718398858,109.17948387569967,109.93721771240234,28113300
2019-03-21,109.58175754562201,113.02431263620386,109.53498084831268,112.46302795410156,29854400
2019-03-22,111.78947382143294,111.87366330476891,109.48820182767221,109.49755859375,33624500
2019-03-25,109.03916145254556,110.39560694464829,108.81464904379506,110.06819152832031,27067100
2019-03-26,110.96624292472451,111.05043239750712,109.31044525546203,110.30205535888672,26097700
2019-03-27,110.27399066839367,110.58269969185966,108.06626508859208,109.23561096191406,22733400
2019-03-28,109.86237951133973,109.99334567071618,108.6369002527166,109.38528442382812,18334800
2019-03-29,110.45174094038818,110.68561013075379,109.41336116419514,110.33013153076172,25399800
2019-04-01,111.27494813132247,111.42462782580611,110.47979438145998,111.3404312133789,22789100
2019-04-02,111.37783416607665,111.77073973566785,110.8726759798476,111.49945068359375,18142300
2019-04-03,112.12623060462113,112.65945200376156,111.46204304689326,112.22913360595703,22860700
2019-04-04,112.35075911505533,112.47237566341686,110.74173792204958,111.65850830078125,20112800
2019-04-05,111.68656613974626,112.47237030365831,111.66785974549359,112.15430450439453,15826200
2019-04-08,112.07948214895625,112.27593143632009,110.98497591773388,112.19174194335938,15116200
2019-04-09,110.9756102223576,111.8268975362352,110.92884066462729,111.58367156982422,17612000
2019-04-10,112.03271170231858,112.58463962858177,111.8269056494333,112.43496704101562,16477200
2019-04-11,112.7623977987624,113.05239338324303,112.18239949267807,112.56594848632812,14209100
2019-04-12,112.85591665637389,113.17398246861612,112.60334106949091,113.14591217041016,19745100
2019-04-15,113.13657603727513,113.73528066890313,112.79044702265932,113.2394790649414,15792600
2019-04-16,113.7913757757588,113.8007325403763,112.35074092083379,112.97750854492188,14071800
2019-04-17,113.41719287672299,113.98783423352094,112.76236204291591,113.91299438476562,19300900
2019-04-18,114.3059118765761,115.55009058984051,113.47333809991099,115.40977478027344,27991000
2019-04-22,114.70816943043332,115.99912486358359,114.66139273491385,115.77461242675781,15648700
2019-04-23,116.09265655164269,117.47716520212103,115.84008098404394,117.34619903564453,24025500
2019-04-24,117.67360986149562,117.72973617719018,116.48555050707715,116.94393920898438,31257000
2019-04-25,121.66809783434003,122.89357003266086,120.51746548524574,120.81681060791016,38033900
2019-04-26,121.33130563360396,122.09840325594456,120.69518843148289,121.50904846191406,23654900
2019-04-29,121.51839942648509,121.78033172132908,121.0038987379098,121.39679718017578,16324200
2019-04-30,121.43422895826848,122.2668026558876,121.04133045454007,122.17326354980469,24166500
2019-05-01,122.10777604572901,122.22002868522291,119.46037519514202,119.6287612915039,26821700
2019-05-02,119.72234175742051,119.7410481558609,117.42106220750713,118.06654357910156,27350200
2019-05-03,119.14230379354552,121.07873298895814,119.03940079359911,120.58293151855469,24911100
2019-05-06,118.23489855789215,120.26488126708642,117.9729662260117,119.88133239746094,24239800
2019-05-07,118.30038617486301,118.97393056101042,116.20492030238745,117.42103576660156,36017700
2019-05-08,117.3461990456624,118.21619265854247,116.70071784145824,117.41168212890625,28419000
2019-05-09,116.27041762687296,117.67363289081717,115.59687315824021,117.40234375,27235800
2019-05-10,116.85042467666862,119.67556181475575,115.83075112977592,118.92717742919922,30915100
2019-05-13,116.10203190610268,117.44912084796728,115.1010719665566,115.39106750488281,33944900
2019-05-14,115.8775039148907,117.7578069839985,115.71846744822507,116.68201446533203,25266300
2019-05-15,116.67263626288769,118.97303540881771,116.14682521765808,118.32516479492188,24722700
2019-05-16,119.01059083755406,121.4800064983759,118.73829750185118,121.0574722290039,30112200
2019-05-17,120.47532868826144,122.49405727210429,120.10914284499026,120.24999237060547,25770500
2019-05-20,118.79463228726247,119.79929734944015,118.08104336554746,118.51295471191406,23706900
2019-05-21,119.64908801297429,119.74298055164356,118.85099068897328,119.15145111083984,15293300
2019-05-22,118.88852272491032,120.40960730217815,118.79462304356026,119.87440490722656,15396500
2019-05-23,118.49416321147112,118.5786714923512,117.12331238748058,118.47538757324219,23603800
2019-05-24,119.16080260550233,119.63965654140455,118.27819727781417,118.53170776367188,14123400
2019-05-28,119.22657245837775,120.18428785022584,118.35335820542427,118.4566421508789,23128400
2019-05-29,117.72423233099691,117.73362373181999,116.46605683522245,117.31110382080078,22763100
2019-05-30,117.61156137255807,118.08103111296509,117.16086726980984,118.05286407470703,16829600
2019-05-31,116.64444075769173,117.01062653787463,115.7900024949057,116.12802124023438,26646800
2019-06-03,116.28765613046434,116.77590868409635,111.74319236988596,112.52250671386719,37983600
2019-06-04,113.87459755983467,115.75247682609458,113.28306816983752,115.63980865478516,29382600
2019-06-05,117.3204876883351,118.18431747283711,116.625674463956,118.14675903320312,24926100
2019-06-06,118.71951717935161,120.15609352272283,117.9308042443685,120.01525115966797,21459000
2019-06-07,121.30157711730341,124.174729240672,120.42835607029437,123.37662506103516,33885600
2019-06-10,124.31557284767094,125.89299851536416,123.94000281240413,124.50337219238281,26477100
2019-06-11,125.70523154094987,126.04325035203922,123.2639829800733,124.03392028808594,23913700
2019-06-12,123.37666618223899,123.91186866799383,122.72880984849482,123.461181640625,17092500
2019-06-13,123.92125864391642,124.87898115761064,123.52690568582655,124.24050903320312,17200800
2019-06-14,124.18411753559128,125.6206936442323,123.6019797032755,124.36251831054688,17821700
2019-06-17,124.53154557527255,125.56437038843215,124.43764589813112,124.73811340332031,14517800
2019-06-18,125.99628630878539,126.98217559060535,125.41414843805009,126.90705871582031,25934500
2019-06-19,126.75684587599999,127.63005282614675,125.63950546076002,127.40471649169922,23744400
2019-06-20,129.0572383298613,129.25442193934973,127.4328769193425,128.5877685546875,33042600
2019-06-21,128.24035105494573,129.32012568533872,128.12768290626582,128.60653686523438,36727900
2019-06-24,128.6347090386564,129.9492185826722,128.6347090386564,129.36708068847656,20628800
2019-06-25,128.86942421768825,129.18866015430092,124.6254143958046,125.28266906738281,33327400
2019-06-26,126.14651865927503,127.45164389914713,125.44231408393948,125.75215148925781,23657700
2019-06-27,125.94934073857445,126.48454311689689,125.35780428402427,125.95872497558594,16557500
2019-06-28,126.35310343599161,126.38127047661843,125.02919521820874,125.78034973144531,30043000
2019-07-01,128.28731346967191,128.35303178715182,126.72867040042456,127.39530944824219,22613500
2019-07-02,127.8084227713561,128.2497254224983,127.07605120713667,128.24034118652344,15237800
2019-07-03,128.44693159857144,129.32953705617595,127.96806326510324,129.06663513183594,13629300
2019-07-05,127.63946269718878,128.94458828243083,127.43289482092752,128.69107055664062,18141100
2019-07-08,128.0713497823353,128.7286189335835,127.10424318525715,128.59716796875,16779700
2019-07-09,127.69578229692064,128.60655483152837,127.5079972471943,128.12770080566406,19953100
2019-07-10,128.75679314600973,130.1182527134232,128.65350921595316,129.43283081054688,24204400
2019-07-11,129.76146419224554,130.71918670164942,129.4516123707595,129.94924926757812,22327900
2019-07-12,130.37176565481306,130.63466758951597,129.5830455236234,130.418701171875,18936800
2019-07-15,130.92573656528842,131.01962192649322,130.00557979382822,130.418701171875,16651500
2019-07-16,130.47504985569148,130.5595509790779,128.18403499667505,128.7098388671875,22726100
2019-07-17,129.29201025555122,129.50796240241212,127.90238333453483,127.94933319091797,20211000
2019-07-18,127.27321534612493,128.27787287099477,126.44694424000721,128.090087890625,30381800
2019-07-19,131.65809621438976,132.08061611876917,128.1182903314111,128.2779083251953,48992400
2019-07-22,129.01969365850033,130.69100499753577,128.94457677137632,129.97740173339844,25074900
2019-07-23,131.22621494018702,131.44218139923709,129.60185317637382,130.784912109375,18034600
2019-07-24,130.41870182415488,132.14636153851882,130.37176630685818,132.12757873535156,20738300
2019-07-25,131.85528018066594,132.0242967575044,130.8130709863337,131.62994384765625,18356900
2019-07-26,131.79895941219067,133.02896811106558,131.7332410841175,132.70973205566406,19037600
2019-07-29,132.85995816951657,132.8693424081042,130.86001216505483,132.4186553955078,16605900
2019-07-30,131.58296778800667,132.5970240657688,131.26373182845515,131.7801513671875,16846500
2019-07-31,131.76142656504143,131.91166037463367,126.8319925135884,127.94933319091797,38598800
2019-08-01,128.63474629472032,132.3341712177194,128.56901363494185,129.63002014160156,40557500
2019-08-02,129.6581729968018,129.87413943207872,127.00097206463354,128.54083251953125,30791600
2019-08-05,125.16067080239876,125.75219309899397,122.7945386347674,124.1372299194336,42749600
2019-08-06,125.63008098669806,127.39527712521276,125.07611023916093,126.46573638916016,32696700
2019-08-07,125.62072729046054,127.3671555822488,123.78041363155013,127.0197525024414,33414500
2019-08-08,128.25916670067636,130.5032319747228,127.63006450389935,130.40933227539062,27496500
2019-08-09,130.1464315955706,130.86941917174013,128.12771698372748,129.3013916015625,23466700
2019-08-12,128.7004134991923,129.44216922366957,126.98215290405041,127.4985580444336,20484300
2019-08-13,127.74271029301076,130.32479368460125,126.75682104171507,130.1370086669922,25154600
2019-08-14,128.46017065389253,128.9877255205743,125.92600982127516,126.21804809570312,32527300
2019-08-15,126.60424455950005,126.78323939295453,124.5882239678287,125.93537139892578,28074400
2019-08-16,127.06588655409749,128.5543527918804,126.91515252057269,128.24346923828125,24449100
2019-08-19,129.86387875150822,130.52332245689834,128.95948854497706,130.3914337158203,24355700
2019-08-20,130.2029576634189,130.67399069770917,129.28915242691284,129.3079833984375,21170800
2019-08-21,130.52327244694763,131.40881695837308,130.00513317166792,130.74935913085938,14970300
2019-08-22,130.62688959377687,131.13559896566568,128.3941831496518,129.79786682128906,18697000
2019-08-23,129.24206295545477,130.3348631862218,125.10639295476594,125.6622085571289,38508600
2019-08-26,127.16952471344085,127.70649498606446,126.14266160475749,127.60286712646484,20312600
2019-08-27,128.4884207125808,128.7993043132423,126.85865005589231,127.87608337402344,23102100
2019-08-28,127.06591423134063,127.89492284672274,125.81296425747941,127.70651245117188,17393300
2019-08-29,129.29861665019854,130.41967799434562,128.97831751609732,130.1182098388672,20168700
2019-08-30,131.08851969831468,131.116780537289,128.37537853324508,129.87326049804688,23940100
2019-09-03,128.69563012176926,129.25144558282722,127.83834665653949,128.1586456298828,18869300
2019-09-04,129.3457173206397,129.7131226351878,128.57321598632237,129.65660095214844,17995900
2019-09-05,131.05084150040312,132.24726970746855,130.72111255068887,131.93638610839844,26101800
2019-09-06,131.91754236827867,132.05884656285806,130.19355932045568,131.0414276123047,20824500
2019-09-09,131.50300207093187,131.6537360953013,128.55434498368882,129.5529327392578,25773900
2019-09-10,128.8746234656431,128.95940595029373,126.71728441318525,128.1963348388672,28903400
2019-09-11,128.0361982304384,128.37534257793357,127.26369718206007,128.23402404785156,24726100
2019-09-12,129.86381627397438,130.40078647045735,128.94058115580236,129.5529327392578,27010000
2019-09-13,129.79785954612535,130.06163689080714,128.65796767263345,129.36451721191406,23363100
2019-09-16,127.96082126732702,128.7804140538481,127.80067177885657,128.43185424804688,16731400
2019-09-17,129.02539937116904,129.5529541689385,128.52609103600494,129.43048095703125,17814200
2019-09-18,129.40217990276975,130.63628400146004,128.62026343666227,130.49497985839844,23982100
2019-09-19,132.1718980517229,134.12196771878425,131.95522683866946,132.8972930908203,35772100
2019-09-20,132.84073058233662,133.44365228863472,130.24063341919867,131.3616943359375,39167300
2019-09-23,131.16389934636885,131.54073452693285,130.41967322379247,131.07911682128906,17139300
2019-09-24,132.2283885103079,132.53927202509888,128.95000275172796,129.42103576660156,29773200
2019-09-25,129.53411778063892,131.85160723093153,128.1492791532917,131.28636169433594,21382000
2019-09-26,131.36168886316568,132.0588085219996,130.4196228378989,131.4558868408203,17456600
2019-09-27,132.03056122939054,132.22840143988893,128.7333298028649,129.75076293945312,22477700
2019-09-30,130.05227330991585,131.1544893061207,129.7979113493169,130.97549438476562,17280900
2019-10-01,131.56897646793246,132.12479210777667,129.06307678264102,129.1290283203125,21466600
2019-10-02,128.3565320907137,128.46957544564953,125.8412168198559,126.8492202758789,30521700
2019-10-03,127.13184621978174,128.8275684602126,125.50207552124122,128.38479614257812,24132900
2019-10-04,128.82758343835812,130.2406830738794,128.51669979356828,130.1182098388672,22897700
2019-10-07,129.1949775539282,130.1747202246016,129.08193419283285,129.17613220214844,15303700
2019-10-08,129.1384441295405,129.7790422838803,127.76302107053102,127.81012725830078,25550500
2019-10-09,129.49643640419197,130.66458938458436,129.03481875481043,130.2312469482422,19749900
2019-10-10,130.4667665963637,131.57839792649725,130.24066551024578,131.0414276123047,17654600
2019-10-11,132.00237172499536,132.85965580908632,131.4182950137578,131.58786010742188,25446000
2019-10-14,131.5971901669816,132.16242109197242,131.4370406861616,131.46530151367188,13304300
2019-10-15,131.94577241577883,133.57554270369167,131.71025589658038,133.36830139160156,19695700
2019-10-16,132.63347276041398,132.82189747010992,131.4464747131802,132.27549743652344,20751600
2019-10-17,132.78425802684473,133.22703039090297,130.9660767497996,131.59725952148438,21460600
2019-10-18,131.6631570821554,131.88925812815606,128.64854834275522,129.44931030273438,32273500
2019-10-21,130.4290473731204,130.4761535526096,129.0724699026435,130.4102020263672,20078200
2019-10-22,130.9189365022612,131.8986789919642,128.3659308623604,128.4695587158203,27431000
2019-10-23,128.94997925126307,129.48694931546981,127.75355158658655,129.28912353515625,29844600
2019-10-24,131.31460911993295,132.2849361712969,130.6363202952217,131.83274841308594,37029300
2019-10-25,131.26746374170236,132.9631852971889,131.13557508598595,132.57693481445312,25959700
2019-10-28,136.03437373306028,137.23080200968738,135.1959352655322,135.8365478515625,35280100
2019-10-29,135.73292661034722,136.12859276746443,134.3857642035696,134.5553436279297,20589500
2019-10-30,135.20532914709477,136.59958293417193,134.51761055213072,136.232177734375,18496600
2019-10-31,136.50535516510632,136.53361599460894,134.70602006269954,135.06399536132812,24605100
2019-11-01,135.90244714985468,136.05318117218664,134.68718823492367,135.39373779296875,33128400
2019-11-04,136.43943654070637,136.59958605455438,135.8082539714978,136.1756591796875,16912000
2019-11-05,136.57131459302198,136.61842076984976,135.57272689333539,136.0908660888672,18250200
2019-11-06,136.00608850600966,136.14740705653168,134.9038728109251,135.71405029296875,16575800
2019-11-07,135.50679973842463,136.48655664339515,135.4408625788381,135.9024658203125,17786700
2019-11-08,135.63869625580327,137.53225864058572,135.43144052836647,137.50399780273438,16732700
2019-11-11,136.919899184544,137.93733241388952,136.34523822282443,137.64529418945312,14362600
2019-11-12,137.8054119173583,139.02068509478076,137.5981562495,138.54965209960938,18641600
2019-11-13,138.23878662630173,138.91707537779078,137.80542988932166,138.7757568359375,16919200
2019-11-14,138.50258772155468,139.81205926830356,138.48374237112063,139.48233032226562,19729800
2019-11-15,140.30187483324576,141.30047681363962,139.68012223197073,141.28163146972656,23485700
2019-11-18,141.37588623204445,141.82807399813032,140.3490231150802,141.63023376464844,21534000
2019-11-19,142.1389399587339,142.56286683531036,141.49832752597038,141.6773223876953,23935700
2019-11-20,142.0838041911342,142.58479709913956,140.33505998777505,141.4315643310547,25696800
2019-11-21,141.22360137854915,141.60171875338148,140.3728625266567,141.29922485351562,18576100
2019-11-22,141.856939069247,142.07434753406577,140.6753493765547,141.4031982421875,15901800
2019-11-25,141.79076519857867,143.0668878548469,141.71514172629512,142.9534454345703,22420900
2019-11-26,143.07632545195608,144.07831114870604,143.0385209302888,143.70965576171875,24620100
2019-11-27,143.99324269067327,144.15393715206415,143.22757490605133,143.98379516601562,15184400
2019-11-29,143.77581152786317,143.96486295707248,143.0006819172956,143.09521484375,11977300
2019-12-02,143.50172681141444,143.52063628831266,140.20273706606196,141.36541748046875,27418400
2019-12-03,139.41813224384907,141.25194727879412,138.6240930309501,141.13851928710938,24066000
2019-12-04,141.92309400717485,141.96089852915804,141.03453629170258,141.6489715576172,17574700
2019-12-05,141.8380365403815,142.09326396513643,141.2992246907547,141.72459411621094,17869100
2019-12-06,142.72659070791502,143.55842006301026,142.04599387502634,143.4449920654297,16403500
2019-12-09,142.80226293573668,143.87987255177234,142.65101593818946,143.07638549804688,16687400
2019-12-10,143.0101497469499,143.57731853881157,142.50915689774277,142.85891723632812,16476100
2019-12-11,143.24645815385242,143.5583995262769,142.10268754532999,143.397705078125,18856600
2019-12-12,143.35047657910508,145.04252134219536,142.75496509556822,144.8534698486328,24612100
2019-12-13,144.62658080483226,146.4131438731203,144.4658863347823,146.07284545898438,23845400
2019-12-16,146.62113021887043,147.36788870009232,146.34700770451698,147.0181427001953,24144200
2019-12-17,146.9424919198338,147.18827180812258,145.99722016168278,146.22409057617188,25425600
2019-12-18,145.85543881739588,146.97085259654958,145.7419963954613,145.92160034179688,24129200
2019-12-19,145.57185707519866,147.2449921984011,145.33553912540125,147.1882781982422,24958900
2019-12-20,148.7385283075295,149.81613761741565,147.7365280512288,148.7952423095703,53477500
2019-12-23,149.4663772319914,149.4663772319914,148.66290483024056,148.7952423095703,17718200
2019-12-24,148.86141001224644,149.07883292735974,148.5211115621822,148.7668914794922,8989200
2019-12-26,148.93698456457176,150.04295055802757,148.78573765340704,149.98623657226562,14520600
2019-12-27,150.72362634647428,150.81815932149559,149.56094575698808,150.2604522705078,18412800
2019-12-30,150.28879775549368,150.3171547610845,148.15247384294395,148.9654083251953,16348400
2019-12-31,148.19024022863357,149.13551187620644,147.88774637803394,149.0693359375,18369400
2020-01-02,150.09021733882216,151.9334939984884,149.66484802100678,151.8295135498047,22622100
2020-01-03,149.6554253847614,151.19620847768044,149.4096455068012,149.93899536132812,21116200
2020-01-06,148.48326139124163,150.39271401985718,147.94444966772303,150.3265380859375,20813700
2020-01-07,150.60069532153608,150.9315317648506,148.7101519070475,148.95591735839844,21634100
2020-01-08,150.23201839712107,151.99968621410528,149.30565620651117,151.3285369873047,27746500
2020-01-09,152.98276776943587,153.34197562938405,152.21710000371593,153.21908569335938,21385000
2020-01-10,153.9091751273673,154.28727811161113,152.35891539033636,152.51016235351562,20725900
2020-01-13,152.90714658550698,154.3723206204449,152.43451073060453,154.34396362304688,21626500
2020-01-14,154.44794943449625,154.6464628468558,152.86934735532085,153.2569122314453,23477400
2020-01-15,153.72008555883195,154.9678511775123,153.6728335108503,154.2494354248047,21417900
2020-01-16,155.35541857174925,157.1419816102334,155.05292468702913,157.0758056640625,23865400
2020-01-17,158.2574203045993,158.30468678450072,156.37632402467744,157.95494079589844,34371700
2020-01-21,157.55783724892248,158.98520635949959,157.3215193880929,157.3876953125,29517200
2020-01-22,158.2385053152415,158.3235907455817,156.6126365444651,156.6315460205078,24138800
2020-01-23,157.09472547499433,157.6713418599453,156.22507713475247,157.59571838378906,19680800
2020-01-24,158.3424825375192,158.36139201317255,155.44995298181732,156.00765991210938,24918100
2020-01-27,152.33056552210473,154.43853230791845,151.43256007468932,153.3987274169922,32078100
2020-01-28,154.81656890912845,156.68820248634813,154.14543420495667,156.40463256835938,24899900
2020-01-29,158.6544238565207,159.51462470178666,156.6220951483202,158.84347534179688,34754500
2020-01-30,164.52453468683692,164.52453468683692,161.44293985569806,163.32403564453125,51597500
2020-01-31,162.7852840446557,162.9648735939353,160.29921427404815,160.91363525390625,36142700
2020-02-03,161.10263707783204,164.9498995377037,161.07428008281042,164.8364715576172,30107000
2020-02-04,167.44542355504944,170.75387441009062,166.66084633572413,170.2623291015625,36433300
2020-02-05,173.958328055295,174.11902249336677,168.6459063808411,170.05435180664062,39186300
2020-02-06,171.06586491451017,173.7598957252574,170.2056639835047,173.58029174804688,27751400
2020-02-07,172.8429430262262,175.47079730341426,172.49318267512277,173.82601928710938,33529100
2020-02-10,173.53295589471847,178.50507914156995,173.22101454695508,178.37274169921875,35844300
2020-02-11,180.21609331585088,180.26335979856873,173.45740457465837,174.34596252441406,53159900
2020-02-12,175.42354764661337,175.6787750789202,171.89768776529226,174.60116577148438,47062900
2020-02-13,173.06031233701836,176.03791186800555,172.86179897055976,173.6558380126953,35295800
2020-02-14,173.2210544650253,175.26284498070825,172.65388562499024,175.2061309814453,23149500
2020-02-18,175.45184954891727,177.42746358818,175.34786910349823,176.98318481445312,27792200
2020-02-19,178.25334748549824,178.3670852904449,176.746263717562,177.51402282714844,29997500
2020-02-20,177.20123010558348,177.48558908217993,171.6562951458951,174.80316162109375,36862400
2020-02-21,173.61831595363654,173.93110932996493,168.0070252247209,169.2771453857422,48572600
2020-02-24,159.02140017038658,165.4478463263177,154.71813679067944,161.97869873046875,68311100
2020-02-25,165.1160881339019,165.72271383699095,158.90764439039998,159.30575561523438,68073300
2020-02-26,160.86026003967774,164.22512915124068,159.43847946980046,161.2962646484375,56206100
2020-02-27,154.8034540782687,158.3199827709648,149.74190495438836,149.9314727783203,93174900
2020-02-28,144.46240975052115,155.17316122234865,144.07378619818417,153.56179809570312,97012700
2020-03-02,156.68969102388243,163.9028581761286,153.84612995671205,163.77963256835938,71030800
2020-03-03,164.73694874353373,165.87437010304947,153.79871075283245,155.93138122558594,71677000
2020-03-04,159.70384194438486,161.79859008690633,156.98349255557616,161.6564178466797,49814400
2020-03-05,157.3911109200166,161.9597582663655,157.04988300701586,157.59963989257812,47817300
2020-03-06,154.1305218148439,154.60444876040788,147.86520701596388,153.14476013183594,72821100
2020-03-09,143.1259208763582,149.5239338956656,142.17806709572008,142.76573181152344,70419300
2020-03-10,149.91255431457344,152.63288998051783,144.6235285924919,152.52862548828125,65354400
2020-03-11,148.93620007178853,149.47646895524895,143.26802668023612,145.61871337890625,56371600
2020-03-12,137.72314498743467,145.4671079518946,131.35356699021355,131.80853271484375,93226400
2020-03-13,139.80840891555962,153.46698304753858,133.3914358600728,150.54759216308594,92727400
2020-03-16,132.6995087823673,141.5619460470006,127.96024061156848,128.35833740234375,87905900
2020-03-17,132.6995635468099,139.8084687368176,127.96029342013814,138.92697143554688,81059800
2020-03-18,130.80383086914023,138.38666164416284,127.97923045511283,133.07867431640625,81593200
2020-03-19,135.32510317191682,142.32025500628072,131.7516899768333,135.2682342529297,85922700
2020-03-20,138.38665869750938,139.42930369211481,128.7754214733434,130.18772888183594,84866200
2020-03-23,129.86540232404437,133.23977291994353,125.6095493819508,128.8891143798828,78975200
2020-03-24,136.25395446330393,141.79890378670194,133.90328159423055,140.60459899902344,82516700
2020-03-25,141.14487017328082,146.2822344811286,136.90796381068236,139.25863647460938,75638200
2020-03-26,140.66147850366175,148.4907590553709,140.63304405067825,147.9694366455078,64568100
2020-03-27,143.83679493970843,146.8130548956865,141.4197651798974,141.89369201660156,57042300
2020-03-30,144.49078532530984,152.2252731140304,142.18749387169183,151.8745574951172,63420300
2020-03-31,151.0878682333424,156.1873255730772,148.3959672991363,149.4860076904297,77927200
2020-04-01,145.021628839362,149.52393430986507,142.95531453413534,144.17803955078125,57969900
2020-04-02,143.94106059364518,147.37228629111345,142.5192800719628,147.16375732421875,49630700
2020-04-03,147.01211258227983,149.17321783075897,144.25385488302902,145.80833435058594,41243300
2020-04-06,151.95992123012604,157.81765050477165,149.36279672981783,156.65179443359375,67111700
2020-04-07,160.74651406806288,161.13513757689245,154.74659809212773,154.96461486816406,62769000
2020-04-08,157.0309233879731,157.9787771039358,154.97408255990595,156.5190887451172,48318200
2020-04-09,157.68491641818002,158.64224329248236,154.81292133217562,156.52853393554688,51385100
2020-04-13,155.77975792648093,156.936140571891,153.83665499194112,156.87925720214844,41905300
2020-04-14,160.18724229929663,164.68954644676208,159.23938879456708,164.64215087890625,52874300
2020-04-15,162.27252056372882,164.51894325255736,160.41473575433392,162.9170684814453,40940800
2020-04-16,165.21090401533556,168.0355040124014,163.883900147735,167.80801391601562,50479600
2020-04-17,170.13972936582047,170.6136561885665,166.69901600449276,169.2866668701172,52765600
2020-04-20,167.41936555024498,169.42881030865183,165.86488641460832,165.9312286376953,36669600
2020-04-21,164.4525877384879,164.613721103294,157.447950718237,159.06878662109375,56203700
2020-04-22,162.4526097876211,164.92650798593397,161.91234081675324,164.47154235839844,34620200
2020-04-23,165.0307923638797,165.93125039938644,161.99766370912621,162.48106384277344,32790800
2020-04-24,163.087684835539,165.4573187880793,161.80809117902592,165.44784545898438,34277600
2020-04-27,167.3814800022421,167.67531233267164,164.26304771926806,164.97393798828125,33194400
2020-04-28,166.4335939486019,166.50942396479073,160.55690509338584,160.9550018310547,34392700
2020-04-29,164.18723229946127,168.41465204272475,162.91711171027274,168.1776885986328,51286600
2020-04-30,170.61369687638864,170.99283263976193,167.0402837310312,169.86489868164062,53875900
2020-05-01,166.63269876050148,169.32460004626728,164.93603238128148,165.4668426513672,39370500
2020-05-04,165.39099015883954,169.6658049540385,164.73696882006053,169.51414489746094,30372900
2020-05-05,171.20133121146824,174.073326774574,170.5188753882451,171.3340301513672,36839200
2020-05-06,172.5852051098927,174.59465034524186,172.15867383336482,173.02120971679688,32139300
2020-05-07,174.56619370740268,174.926382699325,173.05910997240878,174.0259246826172,28316000
2020-05-08,175.33396531278456,175.35292643558043,173.79844701759438,175.0496063232422,30877800
2020-05-11,173.5994365384745,177.73208013382308,173.3150919380743,177.0022430419922,30892700
2020-05-12,177.0590988944095,177.28657455794107,172.7937566459724,172.9927978515625,32038200
2020-05-13,173.0306868403567,174.45246731650903,167.33407714285644,170.37669372558594,44711500
2020-05-14,168.28192504750183,171.26767262333027,166.51891673874835,171.1160125732422,41873900
2020-05-15,169.7226658562342,177.30549477035595,167.77008972494357,173.60887145996094,46610400
2020-05-18,176.06386348966544,176.49039485583543,174.36721135735263,175.26766967773438,35264500
2020-05-19,175.3813871151814,176.86952452057,173.92169862979046,174.0543975830078,26799100
2020-05-20,175.66068745873378,176.64920874209136,174.83376282051205,176.46861267089844,31261300
2020-05-21,176.22150304446987,177.42863394594616,174.21596102062003,174.34902954101562,29119500
2020-05-22,174.12089846406892,175.3280292137114,173.50306901585824,174.425048828125,20826900
2020-05-26,177.11495937941368,177.26704182371978,172.13438260711965,172.58111572265625,36073600
2020-05-27,171.27889401164592,172.98028518277715,167.85712674872016,172.80918884277344,39517100
2020-05-28,171.79218001595007,175.03335144358766,171.45000181643846,172.41949462890625,33810200
2020-05-29,173.68367206153434,175.1474401638824,171.47853469767063,174.1779327392578,42130400
2020-06-01,173.50309629122472,173.94032973105288,172.47657596070565,173.77874755859375,22622400
2020-06-02,175.12846899992755,175.84133929436416,172.37204299612597,175.75579833984375,30794600
2020-06-03,175.67019636866664,176.73474433085303,174.49157933669008,176.18345642089844,27311000
2020-06-04,175.1759587709763,176.63971241141127,173.2749717295189,173.86427307128906,28761800
2020-06-05,173.57909636843632,178.43611811908195,172.99929482665513,177.93235778808594,39893600
2020-06-08,176.73472014676062,179.2155081504002,175.30898024819479,179.034912109375,33211600
2020-06-09,178.69279515847796,181.25912495422665,177.98942467972202,180.4036865234375,29783900
2020-06-10,181.66787319193028,188.69202135134793,181.55380408081402,187.09518432617188,43872300
2020-06-11,183.56880167969496,186.0685895505903,176.85832035143625,177.0484161376953,52854700
2020-06-12,181.10700280410285,182.22859253772987,176.01235769140365,178.4456329345703,43373600
2020-06-15,175.44204575103572,181.3731288497369,174.9002576371449,179.58619689941406,32770200
2020-06-16,183.34065651026296,185.8974858699094,181.98145801986848,183.98699951171875,42556700
2020-06-17,185.37475436642524,186.60089915769962,184.10109650074745,184.62387084960938,25687800
2020-06-18,184.39573922892131,186.76247326807626,184.39573922892131,186.60089111328125,23061600
2020-06-19,188.75848446971048,189.42382696188116,184.7474010839948,185.48878479003906,44441100
2020-06-22,186.0971303068874,190.8210845257473,185.56485622646053,190.6405029296875,32818900
2020-06-23,192.0852206558405,193.85313907898706,191.45789148879962,191.9141387939453,30917400
2020-06-24,191.61950404139304,193.1878125857555,186.82900846349898,188.04563903808594,36740600
2020-06-25,188.00762775594458,190.67851232035468,185.79297603620233,190.421875,27803900
2020-06-26,189.8420385082229,189.9941209296588,185.23215432254898,186.61036682128906,54675800
2020-06-29,186.08760498304542,188.70146194950837,183.96800866755066,188.6159210205078,26701600
2020-06-30,188.0836677162733,194.28087520010905,187.9505991998322,193.4349365234375,34310300
2020-07-01,193.0832874630938,196.13437858721664,191.78111574984317,194.56605529785156,32061200
2020-07-02,195.49746395135764,197.72162939796362,194.8511354393264,196.0487518310547,29315800
2020-07-06,198.49156369076422,200.6777016892989,197.78819326414938,200.26898193359375,31897600
2020-07-07,200.03132911943715,204.04241234730003,197.69312352420133,197.94024658203125,33600700
2020-07-08,199.67016142576213,202.7022232789149,198.3584758537507,202.29351806640625,33600000
2020-07-09,205.62024918097012,205.66777675400772,201.00085044726796,203.7097625732422,33121700
2020-07-10,203.0443761203763,203.48160942420216,200.63012949589782,203.09190368652344,26177600
2020-07-13,203.86185665203897,205.1165151249502,196.2769220311056,196.81871032714844,38135600
2020-07-14,195.9252575847065,198.5106014316634,192.02822788062798,198.0353546142578,37591800
2020-07-15,199.18540043368412,200.86777786204274,194.87966636549174,197.7406463623047,32179400
2020-07-16,195.23134167200274,195.51649259722572,192.29432049997686,193.82461547851562,29940700
2020-07-17,194.34740174799845,194.88917548630673,191.4198801082913,192.83612060546875,31635300
2020-07-20,194.8511575839136,201.78976268148,192.95967039395572,201.12442016601562,36884800
2020-07-21,203.08242289101383,203.34855988217507,197.73114041936344,198.41549682617188,37990400
2020-07-22,198.84322189432683,201.78975731740158,198.07332453951392,201.26698303222656,49605700
2020-07-23,196.932773972612,200.47811108769793,192.14227804181618,192.51296997070312,67457000
2020-07-24,190.4978812538678,192.81708741886504,187.7319420405287,191.33432006835938,39827000
2020-07-27,191.4959082044936,193.8721417261621,190.91610664507132,193.75808715820312,30160900
2020-07-28,193.52997313063014,194.56600751672175,191.75255500922717,192.01869201660156,23251400
2020-07-29,192.47493508696,194.5184903248029,192.0091880475081,193.95770263671875,19632600
2020-07-30,191.04920798725416,194.33792212812435,189.69000914080848,193.80563354492188,25079600
2020-07-31,194.28083994092853,194.94619690576195,189.15768123265423,194.8606414794922,51044000
2020-08-03,201.04840274562122,206.86541871701198,200.02186795595566,205.8198699951172,78983000
2020-08-04,203.56721293636207,204.13751489873653,199.8983070536526,202.73077392578125,49280100
2020-08-05,204.26104567065477,204.3561008212258,201.09591510463036,202.39808654785156,28806400
2020-08-06,201.82774893876717,205.65823587424393,201.07686559428785,205.6392364501953,32656800
2020-08-07,204.21357159256627,205.021482513169,200.48762362874464,201.9608917236328,27820400
2020-08-10,201.19093220446166,201.39054219594667,196.1343149595848,197.94024658203125,36716500
2020-08-11,196.9042350854853,197.36996761393385,193.08324719054212,193.31137084960938,36446500
2020-08-12,195.12680683296387,199.86977468236574,194.61354671761342,198.833740234375,28013100
2020-08-13,199.07138196002268,200.88682821734017,197.8452370937874,198.36801147460938,22588900
2020-08-14,198.42503694607137,199.21394836744497,197.23691995666195,198.55810546875,17958900
2020-08-17,199.22346805457104,200.73474942577576,198.5771248528308,199.8697967529297,20184800
2020-08-18,200.10741721992852,201.8468222550465,198.85277320484522,201.0198974609375,21336200
2020-08-19,201.50579719810975,202.08700035706565,199.37153987670285,199.80029296875,27627600
2020-08-20,199.64786015943778,204.8501064694833,199.04761159406166,204.44993591308594,26981500
2020-08-21,203.76391835685175,206.0410886510413,202.8016045176839,202.9635772705078,36249300
2020-08-24,204.6499901784463,205.34553813622844,202.4014026425913,203.6019287109375,25460100
2020-08-25,203.0398003733022,206.38409208408316,203.0398003733022,206.25070190429688,23043700
2020-08-26,207.59413086494803,211.6053732804045,207.09867541897606,210.70974731445312,39600800
2020-08-27,212.36760613351487,220.2376553277193,209.04235998516526,215.88340759277344,57602200
2020-08-28,217.40789128020305,219.75176405329466,215.8834340675416,218.1034393310547,26292900
2020-08-31,216.28358445756368,217.90332645550527,213.7205740160353,214.8829803466797,28774200
2020-09-01,214.86392605709895,216.7123432061148,213.83490987501472,216.5408477783203,25725500
2020-09-02,217.2078311076378,221.86697992483204,216.61710516132678,220.71409606933594,34080800
2020-09-03,218.4464142591676,218.48451950532868,204.81197627565626,207.04150390625,58400300
2020-09-04,204.94539163590494,208.05148569437216,195.5032274145481,204.13551330566406,59664100
2020-09-08,196.75139686508913,200.11474887844855,192.65439150452016,193.09268188476562,52924300
2020-09-09,197.79944426823292,204.697642740119,196.9419235287555,201.3152313232422,45679000
2020-09-10,203.32559316845246,204.60234415505118,194.47417119348202,195.6746826171875,35461500
2020-09-11,197.41829498533878,198.7807936939121,191.73966868940005,194.39794921875,33620100
2020-09-14,194.59806571185905,199.32390157724174,194.39797317755668,195.71282958984375,30375800
2020-09-15,198.58071594176965,199.87651239728032,197.16105199306432,198.92372131347656,21823900
2020-09-16,200.6768663903581,200.70544896164475,194.97917941167134,195.3698272705078,26328100
2020-09-17,190.60587304442362,194.68381801574102,190.52012532988843,193.3308563232422,34011300
2020-09-18,193.22605507235494,194.03591885589844,186.9852699078693,190.92982482910156,55225300
2020-09-21,187.88087836630214,193.1402892819436,187.109119905432,192.97830200195312,39839700
2020-09-22,195.37935717841205,198.27585050912126,192.54004353083127,197.62794494628906,33517100
2020-09-23,198.0852460577235,198.27581589133334,190.58678542747754,191.12034606933594,30803800
2020-09-24,190.41529194301134,195.8652577628293,189.79596905441002,193.5976104736328,31202500
2020-09-25,193.9406713310271,199.1714862447696,192.97834281685655,198.00909423828125,29437300
2020-09-28,200.92458801246855,202.53480726710254,198.2377101829386,199.5525665283203,32004900
2020-09-29,199.46685440932734,200.15286527380047,197.04675648786915,197.4755096435547,24221900
2020-09-30,197.9232806684825,201.97264262940195,196.78945699327505,200.40054321289062,33829100
2020-10-01,203.4113969587429,203.8877925550821,201.34384181524362,202.43002319335938,27158400
2020-10-02,198.18052777545077,201.02937809606016,195.83665552119427,196.4559783935547,33154800
2020-10-05,197.4373880733873,200.47679424204267,197.2087129579813,200.44821166992188,21331600
2020-10-06,198.96183443460671,200.25761630828012,195.1506702270374,196.189208984375,28554300
2020-10-07,197.28495844189817,200.19097472900563,196.9610128986642,199.9241943359375,25681100
2020-10-08,200.57206106834602,201.21996661458442,198.48546064844754,200.63876342773438,19925800
2020-10-09,201.25807145801653,205.6694991548574,201.25807145801653,205.62185668945312,26458000
2020-10-12,208.46116681722611,213.29182486837524,206.5746444335624,210.9479522705078,40461400
2020-10-13,212.2056601046975,214.57811545870766,210.0237600855834,212.33905029296875,28950800
2020-10-14,212.47241351746592,213.634819812789,208.78511664370075,210.43344116210938,23421700
2020-10-15,206.8509873279706,209.9570815862142,205.81243381054406,209.29013061523438,22733100
2020-10-16,209.75698902569985,211.79596173037572,208.96618507767857,209.29013061523438,26057900
2020-10-19,210.0142204709931,211.80547245913127,203.630522766919,204.10691833496094,27625800
2020-10-20,205.61232003857742,207.1081944892267,203.03024978890875,204.5166015625,22753500
2020-10-21,203.05884917539285,206.67945852332676,203.05884917539285,204.6595458984375,22724900
2020-10-22,203.8305991538514,205.86004890997927,201.70587900793112,204.7452850341797,22351500
2020-10-23,204.87868717803974,206.0696761583048,203.09697231586392,206.02203369140625,18879600
2020-10-26,203.75437998821897,206.12682049278558,198.27583123211025,200.162353515625,37111600
2020-10-27,201.60110225314483,204.5357011227944,200.4005904812868,203.1827392578125,36700300
2020-10-28,197.8661428219542,198.9809067591582,192.5591035035503,193.11170959472656,51195600
2020-10-29,194.43605060224755,197.57072634147684,193.76908532551153,195.05535888671875,31432600
2020-10-30,193.89301013017186,194.64570878486924,190.19617560413607,192.91163635253906,36953700
2020-11-02,194.64570661719011,195.58897513304893,190.67256908298938,192.7782440185547,30842200
2020-11-03,194.2645939137079,198.29489655104663,193.53094063130447,196.68467712402344,27512000
2020-11-04,203.91640397669642,208.01340959252195,202.39193203736167,206.1745147705078,42311800
2020-11-05,211.55769904031905,213.5395059880905,210.70971566473557,212.74868774414062,36080100
2020-11-06,211.76733540587205,213.76820244388458,207.73703329960784,213.15841674804688,25231900
2020-11-09,213.84445234772951,217.35071687203836,207.59414460374276,208.08006286621094,44395000
2020-11-10,204.37369285917435,206.27927507697552,199.81935252170467,201.04844665527344,44045100
2020-11-11,202.36330501469286,207.74656901719345,202.1822723760831,206.32691955566406,29440800
2020-11-12,206.95576195060497,208.76605923155117,204.33558641645527,205.26931762695312,21593900
2020-11-13,206.14587499770434,207.15583119845917,204.04973756653277,206.28878784179688,18621100
2020-11-16,204.72626542820012,207.46078639141518,204.3927971906463,206.974853515625,24953300
2020-11-17,205.89814800130065,207.40354503928398,203.97350604430233,204.3355712890625,24154100
2020-11-18,204.0967850562555,205.54882340937317,201.49840677236205,201.64170837402344,28372800
2020-11-19,201.92829274858192,203.5045082981434,200.54311684420654,202.92178344726562,24792700
2020-11-20,202.71162400059706,203.75288192230383,200.60999836163293,200.98255920410156,22843100
2020-11-23,201.5175090959758,202.79758839493735,198.8522684913318,200.71507263183594,25683500
2020-11-24,200.2183498181637,204.6699851999878,199.5209952568966,204.29742431640625,33979700
2020-11-25,205.49147460908594,205.6634190108347,202.95997374000245,204.30691528320312,21012900
2020-11-27,205.24314147743166,206.59964544209117,204.46934780485185,205.60614013671875,14512200
2020-11-30,204.52667376224022,205.15715124474664,201.41243305795305,204.49801635742188,33064800
2020-12-01,204.91830024990742,207.60266491805436,203.81018007832992,206.54229736328125,30904500
2020-12-02,205.27177229501723,205.83538729489786,203.28477651814012,205.73985290527344,23724500
2020-12-03,205.01380555688092,206.704664839846,204.09672513560358,204.6603546142578,25120900
2020-12-04,204.64131550906166,205.74945048271812,203.6478101614718,204.77505493164062,24666000
2020-12-07,204.78452394544834,205.90220610014325,203.46624002212778,204.70809936523438,24620000
2020-12-08,204.40245069453582,207.24919755761567,203.3707405493624,206.35122680664062,23284100
2020-12-09,205.53924307323217,205.60610548215897,201.76586805434036,202.32948303222656,32440600
2020-12-10,202.30085761828587,203.55227955829025,200.95390127727993,201.10675048828125,26733300
2020-12-11,200.65776889930476,203.7815572928785,199.75979798803561,203.72422790527344,30979400
2020-12-14,203.57138686714595,206.54232595336725,203.36122284871206,204.6221923828125,28798400
2020-12-15,205.5487884019641,205.78760978755588,202.74980875954856,204.5552978515625,27000600
2020-12-16,205.14756389617955,210.26789482840616,205.11890649691244,209.47500610351562,35023300
2020-12-17,210.03864025323077,211.01303564686324,208.17583624812565,209.6087646484375,32515800
2020-12-18,208.8158721923828,209.86669216480047,206.36079582264512,208.8158721923828,63354900
2020-12-21,207.82237587263162,213.98396480092967,207.56444469078173,212.6370086669922,37181900
2020-12-22,212.7325592225708,215.5411013062933,211.93012279193636,213.92666625976562,22612200
2020-12-23,213.13379645357705,213.5636721100201,210.9270887842,211.1372528076172,18699600
2020-12-24,211.51932442817505,213.6114021119119,211.3091604413567,212.78985595703125,10550600
2020-12-28,214.413857010838,215.92321005733746,213.04780555492192,214.90106201171875,17933500
2020-12-29,216.19067866518566,217.02177246063968,213.58275309646694,214.12725830078125,17403200
2020-12-30,215.15895141354764,215.54107436358564,211.56708314219108,211.76768493652344,20272300
2020-12-31,211.78687866278776,213.02875323371146,209.85719708570647,212.4746856689453,20942100
2021-01-04,212.57970992905,213.02869534095603,205.2049037044896,207.9561309814453,37130100
2021-01-05,207.54535604544097,208.74902529905103,206.0551127566878,208.15673828125,23823000
2021-01-06,202.68291379311708,206.80975396673605,202.4632022192853,202.75933837890625,35930700
2021-01-07,204.4693179251259,209.53233438460273,204.15408651290377,208.52928161621094,27694500
2021-01-08,208.90178837125697,210.71683923897334,207.32557341185608,209.7997589111328,22956200
2021-01-11,208.7012361864748,209.1215641625514,207.0390340746721,207.7650604248047,23031300
2021-01-12,206.81930900323252,207.39248612899152,203.78150813560933,205.3195037841797,23249300
2021-01-13,204.45021848172806,207.06769157243323,204.36423170367146,206.66647338867188,20087100
2021-01-14,206.25572423330087,207.73641987769744,203.22747053007149,203.4949493408203,29480800
2021-01-15,203.9726032075833,204.9183267052181,202.5492222917303,203.14149475097656,31746500
2021-01-19,204.1922881817282,207.2778564550541,203.12237302041416,206.7620086669922,30480900
2021-01-20,207.96566598543168,215.6939227599558,207.57399540278436,214.3087615966797,37777300
2021-01-21,214.65266756607497,216.18113032934212,212.47461760314508,214.9105987548828,30709400
2021-01-22,216.92626393198466,219.7825732306377,215.70349948425073,215.84678649902344,30172700
2021-01-25,218.87505300088512,219.505545055719,214.1941589425185,219.2667236328125,33152100
2021-01-26,221.49251241957313,223.7087673579532,219.7921052743459,221.94149780273438,49169600
2021-01-27,227.35793883564364,229.68883768367752,219.84939455826367,222.48597717285156,69870600
2021-01-28,225.07485807019364,231.7905151873999,224.5781054386549,228.24639892578125,49111200
2021-01-29,225.437858347954,227.377086987308,221.00533366135892,221.5880584716797,42503100
2021-02-01,224.54946135808032,231.65678952141076,222.03705522373815,228.93421936035156,33314200
2021-02-02,230.51039954635098,231.4752326767527,228.01710374900568,228.80043029785156,25916300
2021-02-03,228.85777682234598,234.13094280778196,228.5616260438529,232.1343994140625,27158100
2021-02-04,231.80958874566235,232.36365609874676,229.62197673292388,231.1886444091797,25296100
2021-02-05,231.3988051042703,232.40185780549683,229.66974066267514,231.37014770507812,18054800
2021-02-08,232.27770003844776,232.78400026698355,230.04233511511973,231.62811279296875,22211900
2021-02-09,231.05492843301977,233.81570329400722,230.58684780779984,232.86997985839844,23565000
2021-02-10,234.04497905294213,234.92384008224641,230.11875453556536,231.96246337890625,22186700
2021-02-11,233.8348420023779,234.1882930612906,231.32243584458377,233.5578155517578,15751100
2021-02-12,233.02278551420997,234.33153656401527,231.87644582707026,234.035400390625,16561100
2021-02-16,234.0736168562319,235.12443679051168,232.05796376520485,232.80308532714844,26728500
2021-02-17,231.0604745803787,233.92334770145064,230.69662531011264,233.81802368164062,21653500
2021-02-18,231.5200733907211,233.5595082453593,230.6200343854476,233.4254608154297,16925600
2021-02-19,233.38715100673053,233.49247502338264,229.96891987453535,230.725341796875,25262600
2021-02-22,227.3263114113373,227.8146239838804,222.51972787444564,224.54002380371094,36446900
2021-02-23,220.53771150889756,224.84639771521285,219.0057283470669,223.35272216796875,30228700
2021-02-24,220.23128425603434,225.20063745920083,219.26422894259488,224.57827758789062,26339700
2021-02-25,222.21334307210185,224.61662756906875,218.19190496714646,219.2547149658203,39542200
2021-02-26,221.68665015677448,225.36339152614113,219.78124846412535,222.50051879882812,37819200
2021-03-01,225.87086017950287,227.37411967074738,223.23777462814758,226.8666534423828,25324000
2021-03-02,226.93370515768925,227.21138422250442,223.5250580328917,223.9272003173828,22812500
2021-03-03,222.28990807796603,223.64953616836328,217.59821886567516,217.88546752929688,34029500
2021-03-04,217.1003434861413,222.60588703735615,214.72576809610288,217.09075927734375,44727800
2021-03-05,219.76213575150246,223.3527073519188,216.83223166317447,221.7537078857422,41872800
2021-03-08,221.53346048244356,223.44843187162684,217.47373048782126,217.72267150878906,35267400
2021-03-09,222.97931774121983,225.3730324555147,221.82075339106805,223.84104919433594,33080500
2021-03-10,226.9241044948039,226.9241044948039,222.17496912842194,222.538818359375,29746800
2021-03-11,224.97084181188526,229.00184834323582,224.34846735381257,227.048583984375,29907600
2021-03-12,224.06123394821893,225.794295419288,223.3143962358568,225.72726440429688,22653700
2021-03-15,224.9708868958571,225.1911045555788,221.95479763324937,224.82725524902344,26034900
2021-03-16,226.23476099250502,229.85405642506078,225.90921930197513,227.60397338867188,28092200
2021-03-17,226.11028626548793,228.4082611592605,223.31442922996186,226.9624481201172,29562100
2021-03-18,222.6728724798709,224.23357884907625,220.53768345561124,220.91110229492188,34833000
2021-03-19,221.19839857081604,222.5867502154878,219.5993988575651,220.556884765625,46430700
2021-03-22,220.48024224534427,226.8283626746955,220.35576442572489,225.95706176757812,30127000
2021-03-23,227.39326095455198,230.80190736119908,226.99111875478616,227.47943115234375,31638400
2021-03-24,227.7380213959927,227.88163843332822,225.31558329909987,225.4496307373047,25620100
2021-03-25,225.29639873083224,226.86667476830124,221.72498099263913,222.4622344970703,34061900
2021-03-26,221.70581112778194,226.64644072075401,221.70581112778194,226.42620849609375,25479900
2021-03-29,226.53154963057577,226.7326280661036,222.02179993878485,225.23895263671875,25227500
2021-03-30,223.60165689388273,223.90805936160643,221.27497342116027,221.9930877685547,24792000
2021-03-31,223.00801949174152,228.9348588863674,222.51012278869996,225.74642944335938,43623500
2021-04-01,228.33162726205853,232.51583530133811,227.92948500151644,232.0466766357422,30338000
2021-04-05,232.43925494489872,239.33316461233116,232.38180813268252,238.4810028076172,36910600
2021-04-06,237.08306201915883,238.7969551907756,236.38410146861867,237.3224334716797,22931900
2021-04-07,237.27456911449357,240.2619203285823,236.6809325553028,239.2757110595703,22719800
2021-04-08,242.02367204884553,243.33542282364596,241.28640394596803,242.48326110839844,23625200
2021-04-09,242.11938435595957,245.10674942893144,241.70767255168053,244.9727020263672,24326800
2021-04-12,243.88121709356932,246.71538151960232,243.79503226701306,245.0301971435547,27148700
2021-04-13,246.32278429436747,248.1707247107551,245.9110432297693,247.50047302246094,23837500
2021-04-14,246.53346291002805,247.82604540903546,244.31208876364178,244.7238006591797,23070900
2021-04-15,246.96426979465292,248.8792411187136,246.77279019433294,248.467529296875,25627500
2021-04-16,248.43886488991882,249.90381713188594,246.64837095197575,249.6548614501953,24878600
2021-04-19,249.12820358261177,250.36336830219003,246.85896717650718,247.73983764648438,23209300
2021-04-20,246.85897737961304,249.13779808723464,245.9206308470202,247.2802734375,19722900
2021-04-21,247.93135603668824,249.5973718481958,246.31320282338555,249.50161743164062,24030400
2021-04-22,249.14739994018404,250.6506598285872,244.77169693784316,246.23666381835938,25606200
2021-04-23,246.9164410330128,250.39211913765618,246.33235950466667,250.0474090576172,21462600
2021-04-26,250.53572803261042,251.2825657582876,249.1090835974423,250.43038940429688,19763300
2021-04-27,250.45914704245152,252.00071452471136,249.06122582026688,250.83258056640625,31014200
2021-04-28,245.19294722116507,245.63341172122958,242.19602664584554,243.73757934570312,46903100
2021-04-29,244.59932929978729,245.21211962839484,238.41396459315484,241.7747344970703,40589000
2021-04-30,239.1224722545821,242.320470829382,238.9884248475567,241.45872497558594,30945100
2021-05-03,242.62691132381622,243.5365345797902,240.44384472962815,241.1523895263672,19626600
2021-05-04,240.30024498306622,240.53004686585734,235.3117368601184,237.25543212890625,32756100
2021-05-05,238.47141614100633,238.89271223968217,235.36917143271003,235.9915313720703,21901300
2021-05-06,235.9723779697014,239.23740812996687,234.28720818218096,239.11293029785156,26491100
2021-05-07,241.43006529011436,243.488668753516,240.49173319330328,241.72689819335938,27032900
2021-05-10,240.20443502693968,241.02787332068948,236.6138636199037,236.6713104248047,29299900
2021-05-11,234.1531799670402,236.11602898573204,232.2573619742418,235.76174926757812,33641600
2021-05-12,231.8743241677581,233.99037412051345,227.94864132759164,228.83909606933594,36684400
2021-05-13,231.52005055871984,235.15849922523182,231.15620130904685,232.69775390625,29624300
2021-05-14,235.13935162363052,238.58629154857746,235.05318141277328,237.60008239746094,23901100
2021-05-17,236.06812840418084,236.10642140799038,233.16694758064864,234.75636291503906,24970200
2021-05-18,235.8000023827749,235.93404979350285,232.57326570799052,232.74562072753906,20168000
2021-05-19,229.6650298465588,233.42703939757578,228.98365334584912,233.32147216796875,25739800
2021-05-20,234.12761065425127,237.95679107071055,234.0316351278429,236.54603576660156,21800700
2021-05-21,237.59211443977617,238.32147864585824,234.8761710741965,235.28883361816406,21863100
2021-05-24,237.8032462568259,241.03743419435494,237.53453234396076,240.67274475097656,21411500
2021-05-25,241.62286264574047,242.56336139082663,240.71115363257866,241.5748748779297,17704300
2021-05-26,241.29653187433004,242.74568324908876,240.64394515378893,241.3541259765625,17771600
2021-05-27,241.04701456893127,241.34451819821592,239.20439869133438,239.26197814941406,24426200
2021-05-28,240.88388744430432,241.920361705306,239.50192176296875,239.61708068847656,18270200
2021-06-01,241.104626145466,241.16220561121608,237.00673129893212,237.42898559570312,23213300
2021-06-02,238.12957317758924,239.22362695076313,235.9318592911416,237.33302307128906,19406700
2021-06-03,235.3368112456959,236.4116667965383,233.20628353326998,235.80706787109375,25307700
2021-06-04,237.77444746130055,241.50766701250188,237.53452328797448,240.6823272705078,25281100
2021-06-07,239.90495710978854,243.84931080608303,239.74181044154867,243.58059692382812,23079200
2021-06-08,244.8761745076756,245.69192243035047,242.33296987121147,242.39056396484375,22455000
2021-06-09,243.5806107583811,245.23129021101894,243.00480153962016,243.36947631835938,17937600
2021-06-10,244.04121275086376,247.08344885134983,243.44620561612447,246.872314453125,24563600
2021-06-11,247.59211627377962,248.0719645734149,246.26773028076767,247.4961700439453,18999700
2021-06-14,247.50581746415523,249.47321362459112,246.45014504729014,249.41563415527344,19150500
2021-06-15,249.30042636423005,249.5115608310335,247.29466357340826,247.94725036621094,18038900
2021-06-16,248.9453365777258,250.0777717386489,244.16605075768612,247.0067596435547,27220000
2021-06-17,245.7495800431851,251.20065113623295,245.69200057504625,250.38490295410156,27565500
2021-06-18,249.1661179706659,251.72849236599794,248.32157998845312,248.9741668701172,37202200
2021-06-21,249.34840535412337,252.89926559620372,247.52498746898814,252.04515075683594,26696100
2021-06-22,252.13153511680653,255.07781121256852,251.8244251231669,254.80909729003906,24694100
2021-06-23,255.26973345347702,256.0758752225199,253.77260884130868,254.57875061035156,19518700
2021-06-24,255.43289021487416,257.05478006360823,254.77069711508946,255.9415283203125,21446900
2021-06-25,255.50002957701327,256.4789095394784,254.08927444096972,254.33877563476562,25611100
2021-06-28,255.4616476586145,258.0624173190281,255.19293377437566,257.8896789550781,19590000
2021-06-29,258.03366875564717,260.7016246346419,257.17955385033815,260.4617004394531,19937800
2021-06-30,259.7802834314268,260.42326377323786,258.7342176179776,259.9818115234375,21656500
2021-07-01,258.7438091696623,260.88394332062984,258.7342321183935,260.65362548828125,16725300
2021-07-02,261.82445574570187,266.79567752816956,261.5173457785115,266.45977783203125,26458000
2021-07-06,266.8244739642971,268.11046403566195,263.244794707822,266.4693908691406,31565600
2021-07-07,268.13925010791996,269.3772670421519,265.97993254914314,268.64788818359375,23260000
2021-07-08,265.74007459350395,267.49633638000387,263.79189099319393,266.2391357421875,24618600
2021-07-09,264.6076308865828,266.8437117808058,264.2237579834592,266.7381591796875,23916700
2021-07-12,267.9089967844055,268.4943978499109,265.4329623197288,266.1431579589844,18931700
2021-07-13,266.33500707591065,271.4502066850758,266.21027111145844,269.65557861328125,26120100
2021-07-14,270.9704378944242,272.2276385475832,269.24296582329544,271.1239929199219,23113700
2021-07-15,270.6345204272743,271.1239752085975,268.55196530906284,269.70361328125,22604200
2021-07-16,270.7016516270204,272.6498347308158,268.19682804350134,269.4348449707031,26186800
2021-07-19,267.6881515110027,269.0701168852298,263.38872971350867,265.8455505371094,32935600
2021-07-20,266.8244222536532,269.64593236514037,265.1257699569879,268.06243896484375,26259700
2021-07-21,267.6594734457759,270.17387476827,266.11437541463516,270.0587158203125,24364300
2021-07-22,272.40028518129105,274.8763188626381,271.9972290018453,274.60760498046875,23384100
2021-07-23,275.7881018535825,278.30250312202435,274.9531702112126,277.99542236328125,22768100
2021-07-26,277.3523869804331,278.0145801435692,275.0875164942922,277.4003601074219,23176100
2021-07-27,277.76508615374064,277.9090348412776,271.54626855112554,274.9915771484375,33604100
2021-07-28,277.3427364892114,278.4559881617901,272.3906980646863,274.68438720703125,33566900
2021-07-29,274.70359446740275,276.9876774693035,274.5500394694676,274.953125,18168300
2021-07-30,273.676715567838,275.1066542513288,272.46748837703086,273.42718505859375,20944800
2021-08-02,274.81879350419587,275.2122727524046,272.3043922822221,273.34088134765625,16267400
2021-08-03,273.9166896548883,275.65373862205524,272.55390723217295,275.54815673828125,17879000
2021-08-04,274.68444825278436,275.9992283215032,273.17771708876165,274.9627685546875,16191300
2021-08-05,275.317795323746,277.95696126160766,274.56923306560276,277.85137939453125,13900200
2021-08-06,276.8820984514025,277.83218879233317,276.02795434835366,277.7937927246094,16589300
2021-08-09,278.07213285524966,279.7995752873609,276.2103188203015,276.7093505859375,16117600
2021-08-10,277.16043936211105,277.5923146609027,273.7055541222731,274.89556884765625,18616600
2021-08-11,275.63448047398396,277.02605240134324,274.338884073963,275.3849792480469,13955900
2021-08-12,275.0779013971637,278.283285228758,274.79958112166787,278.1297302246094,14561300
2021-08-13,277.812946699226,281.09509224942906,277.6401790747846,281.047119140625,18249000
2021-08-16,281.3735389324563,282.9378495792554,278.3312868461039,282.7267150878906,22507600
2021-08-17,280.60574999790174,281.60381354222284,279.3485202964206,281.2679138183594,20075300
2021-08-18,280.8064825737765,283.47954672914096,279.10454809865564,279.546875,21813000
2021-08-19,277.58530881126427,286.0275778607729,277.5372438390426,285.3544921875,29850500
2021-08-20,288.190963446094,294.0755466635113,286.5948135303095,292.6524658203125,40817600
2021-08-23,291.58513292551737,293.6524247840349,290.23899143697224,292.9312744140625,22830200
2021-08-24,293.2870454973741,293.892816520206,290.3832238228718,290.9793701171875,18175800
2021-08-25,292.5948057108051,292.87365880728834,288.86407816857775,290.3929138183594,20006100
2021-08-26,289.4120831267804,290.79669430920046,287.4505750714238,287.5851745605469,17666100
2021-08-27,287.48901815902764,289.2967066286994,285.4121013647465,288.1909484863281,22605700
2021-08-30,289.53705863519326,292.5178193402861,289.4793689535972,291.91204833984375,16348100
2021-08-31,292.71012628359654,292.7870360747933,289.902434734155,290.267822265625,26285300
2021-09-01,291.2197911507648,293.4505570216653,289.89286956645867,290.21978759765625,18983800
2021-09-02,290.57551551059663,291.6908688555187,288.63319852540627,289.5658874511719,16285600
2021-09-03,289.4121123902904,290.96019740569926,288.7102113426839,289.5563659667969,14747900
2021-09-07,289.4313599194175,289.5082697285104,286.7294517158089,288.6332702636719,17180400
2021-09-08,288.24856538239777,289.0466254254841,286.0274249293561,288.6620178222656,15046800
2021-09-09,289.2486315123154,290.51786328819594,285.5755650140941,285.8159484863281,19927000
2021-09-10,286.9409832920089,288.38328426235665,284.01791177587137,284.335205078125,19633400
2021-09-13,286.1044662823442,287.05640501689754,282.7679417050382,285.5660095214844,23652900
2021-09-14,288.0371068920759,289.7967304480166,286.6332755453167,288.2582702636719,21853400
2021-09-15,291.59473625055216,293.5754934405264,290.2101252943416,293.0947265625,28356300
2021-09-16,292.0755692493566,293.5659351711585,289.19096732817496,293.4794006347656,19550800
2021-09-17,292.4697880609758,292.7870813462865,288.0082565459675,288.3351745605469,41372500
2021-09-20,284.9313439067863,287.2294241436648,278.3833000222743,282.97943115234375,38278700
2021-09-21,284.316015013533,286.09485893371766,282.7583344959058,283.4602355957031,22364100
2021-09-22,285.3160339610174,288.6717786965253,283.1814270111703,287.0948486328125,26626300
2021-09-23,287.35448937329284,289.3256226623649,286.0852572405403,288.03717041015625,18604600
2021-09-24,286.7583221103223,288.26790832981595,285.5083101876047,287.8352355957031,14999000
2021-09-27,284.7486847699523,285.0659780697312,281.67176431973326,282.8544616699219,23571700
2021-09-28,278.6525374846611,279.59485135493725,271.87373461890644,272.6141052246094,43186200
2021-09-29,274.13340760514626,275.7391532943879,272.1238046387394,273.0757141113281,26353700
2021-09-30,274.71987639892257,276.7583238245585,270.7872057817873,271.07568359375,32343600
2021-10-01,271.2678847944345,278.8255549921346,270.46982472863607,277.9794006347656,30086300
2021-10-04,276.3447753243893,276.6813179830263,269.4698153422871,272.21978759765625,31350700
2021-10-05,273.1237412861691,279.22948850924683,273.1237412861691,277.652587890625,24993000
2021-10-06,274.78714430445336,282.3351909458261,274.52754072695535,281.8351745605469,28002600
2021-10-07,283.825594084445,285.22945482720434,282.6140812194665,283.50830078125,20430500
2021-10-08,284.82559764308587,285.22945482720434,282.46023226093035,283.50830078125,17685700
2021-10-11,281.6525631685585,286.50829832033395,281.489089470964,282.91217041015625,19298600
2021-10-12,283.9794400643769,284.0755993304145,281.10446287508915,281.61407470703125,17974100
2021-10-13,283.565937401779,285.8447678202036,282.20054649011644,284.9120788574219,23416300
2021-10-14,287.70053210668726,291.6043571503594,286.3736107122371,291.1043701171875,27262900
2021-10-15,290.7100546037069,292.7389056851465,288.96005647242606,292.50811767578125,25384800
2021-10-18,291.8927895416074,296.35429060794576,291.0466351987641,295.4696960449219,22729300
2021-10-19,296.489006090617,297.40244575766764,295.4024680074294,296.3736267089844,17682100
2021-10-20,297.3158933508054,297.78706492240235,294.3351323484767,295.58514404296875,16537100
2021-10-21,295.3543411817938,299.05622272309887,294.5754718315381,298.8062438964844,16918100
2021-10-22,298.46011490450775,299.1235756390308,295.960120910737,297.267822265625,17449300
2021-10-25,297.4601644586546,297.49863403751334,294.6717215370627,296.2774963378906,17554500
2021-10-26,299.03708430610516,300.3832260837612,296.7294084953105,298.1813049316406,28107300
2021-10-27,303.8447410132644,313.55624018654,303.8447410132644,310.73895263671875,52588700
2021-10-28,311.854255182052,312.37349166816404,308.9984985239614,311.8735046386719,26297900
2021-10-29,311.6620413582326,319.2293097590361,311.4408779594298,318.8639221191406,34766000
2021-11-01,318.6139133681184,318.7389174914313,313.81586777864834,316.7004699707031,27073200
2021-11-02,317.60429349098206,320.62352433879016,317.30622029819705,320.3158264160156,26487100
2021-11-03,321.05624550181125,322.0177796478746,317.9312595271054,321.15240478515625,21500100
2021-11-04,320.08507064099814,323.59466390839987,316.83508099254163,323.4985046386719,23992200
2021-11-05,325.48885700223303,325.75808532637757,321.5561867864097,323.1330871582031,22570100
2021-11-08,324.32538640649415,324.6619291544204,321.57541342152103,324.0273132324219,20897000
2021-11-09,324.1427891836179,325.6908745478318,321.6620437891487,323.0274353027344,21307400
2021-11-10,321.7004105931885,321.75810028088216,317.2292837348111,318.0754089355469,25500900
2021-11-11,318.50812767039145,320.9311827118845,317.7966019223306,319.6427307128906,16849800
2021-11-12,321.0754775053688,324.25815300827657,320.95047337818704,323.76776123046875,23831000
2021-11-15,324.55627878611017,324.8831969096902,321.18128418044836,323.142822265625,16723000
2021-11-16,322.7677173822912,327.5657918667416,322.60427303916015,326.4504089355469,20886800
2021-11-17,326.49861134342495,329.6293143564149,325.59311335095464,326.6719970703125,19053400
2021-11-18,325.76653017545846,329.879811494884,324.7454416009235,328.74310302734375,22463500
2021-11-19,330.06275288893943,332.4324456190178,329.63890158471446,330.5154724121094,21963400
2021-11-22,331.9700783843757,336.83472639710845,327.08617509182903,327.35589599609375,31031100
2021-11-23,324.67797163532214,326.9898989068096,321.31608766747587,325.28485107421875,30427600
2021-11-24,323.9362057016911,325.7472014512142,321.65320573565054,325.5063781738281,21661300
2021-11-26,322.07702143466366,325.52559745058403,316.07569544288083,317.57843017578125,24217200
2021-11-29,322.6453783318279,326.58524340078264,322.4527079617969,324.2733459472656,28563500
2021-11-30,323.0114962502423,325.3811893890692,316.9138335793029,318.4551086425781,42885600
2021-12-01,322.82839247617034,326.8260526046821,317.2990999831267,317.9637451171875,33337600
2021-12-02,318.1757424602907,321.2486502191634,315.76750938263973,317.3954772949219,30766000
2021-12-03,319.8037050877299,320.48766443659116,306.35614003561716,311.1533508300781,41779300
2021-12-06,312.058785775437,315.43031134746263,307.51204154241043,314.216552734375,30032600
2021-12-07,319.46652904482426,323.4738023613807,317.9830494801912,322.6261291503906,31021900
2021-12-08,323.00186310702526,323.18489117960274,318.6574010643354,322.6743469238281,24761000
2021-12-09,322.13489763920364,324.1385346542755,319.9289478765384,320.87298583984375,22214200
2021-12-10,322.6838774043945,330.409476146995,322.5008493952642,329.96636962890625,38095700
2021-12-13,328.17469493292174,331.1705518397965,326.6334200526802,326.9416809082031,28899400
2021-12-14,320.9885338086704,322.3564229704473,312.2129182210804,316.28765869140625,44438700
2021-12-15,316.54772931653724,322.8862143337398,312.5886088133381,322.36602783203125,35381100
2021-12-16,323.38713456911813,324.3986100132093,311.16294216598374,312.97393798828125,35034800
2021-12-17,309.1015373797269,312.9932502732076,305.6047782395522,311.9143371582031,47750300
2021-12-20,308.30192948085835,310.95098537340476,305.9129815266249,308.1670837402344,28326500
2021-12-21,311.42301196127266,315.7000353671043,308.061099295699,315.27618408203125,24740600
2021-12-22,316.24913921677904,321.36422365049356,313.7927533668709,320.96929931640625,24831500
2021-12-23,320.5357805584728,324.04218156998655,320.5165252794348,322.4045715332031,19617800
2021-12-27,323.1462915394775,329.90862784139654,323.11739392269027,329.8797302246094,19947000
2021-12-28,330.55394443209684,331.1897212577718,327.82783852858205,328.72369384765625,15661500
2021-12-29,328.7719682057402,331.6618479007126,327.21143787403537,329.39813232421875,15042000
2021-12-30,329.3595496421258,330.5347684082041,326.38297747008363,326.8646240234375,15994500
2021-12-31,326.0843763307589,326.9031519971822,323.52201300272316,323.9747619628906,18000800
2022-01-03,323.0403535774783,325.59307446526094,317.67480384527,322.4623718261719,28865100
2022-01-04,322.5394184991603,322.89586164300437,314.1491437576021,316.9330749511719,32674300
2022-01-05,313.8986305472885,314.10094323545275,304.38132077467725,304.7666320800781,40054300
2022-01-06,301.6552144415301,307.0015085378214,300.05614444176234,302.3584289550781,39646100
2022-01-07,302.61855190067536,304.88229679267107,298.7075838733872,302.5126037597656,32720000
2022-01-10,298.1295907297212,303.1676245403952,293.505795319919,302.734130859375,44289500
2022-01-11,301.8768158812795,304.9882339809429,298.5149321522782,303.4180908203125,29386800
2022-01-12,307.9359141133859,311.53862085227667,305.4409591479046,306.5872802734375,34372200
2022-01-13,308.70657273811673,309.1015264774925,292.8411325706475,293.61175537109375,45366000
2022-01-14,293.0819916388529,299.41083578565286,292.6003449804489,298.8135986328125,39846400
2022-01-18,292.90859986576606,298.4282516430957,290.6641100212884,291.54071044921875,42333200
2022-01-19,295.0470474103309,302.3873360187906,291.58882876082123,292.1956787109375,45933900
2022-01-20,297.72506851398765,300.21035230338873,290.0861596688608,290.5292663574219,35380700
2022-01-21,291.5791391743098,292.9469986716374,284.7590087711074,285.1636047363281,57984400
2022-01-24,281.4742344395524,286.20397733564954,265.9170285250383,285.49114990234375,85731500
2022-01-25,280.8192289411712,284.1618575908213,274.7023405114224,277.90045166015625,72848600
2022-01-26,296.68460867157836,297.1758975203426,282.2737532824066,285.81866455078125,90428900
2022-01-27,291.55029488282537,296.019959606394,286.9939079100606,288.83380126953125,53481300
2022-01-28,289.2094904507192,297.1566583183815,283.64165765387617,296.9447326660156,49743700
2022-01-31,297.6094876295266,300.9135767134534,295.1241743625076,299.5649719238281,46444500
2022-02-01,299.0157886812132,299.2277143206684,293.929602731659,297.4263610839844,40950400
2022-02-02,298.26445765509385,303.5529275513087,297.54198780490606,301.953857421875,36636000
2022-02-03,298.12960422865086,299.8057543934319,288.94942117258597,290.19207763671875,43730000
2022-02-04,289.1903095718903,297.46499652729665,288.95912855810474,294.7099914550781,35096500
2022-02-07,294.93143638637616,296.54011926462067,288.8915703465275,289.9030456542969,28533300
2022-02-08,290.192026095255,294.343816714322,288.9397569117174,293.3805236816406,32421200
2022-02-09,298.4956287595179,300.4800101974915,296.10668068130565,299.78643798828125,31284700
2022-02-10,292.879679406839,297.77319603906335,289.6622835734979,291.2806091308594,45386200
2022-02-11,292.06088670264677,293.1205151712114,283.420144959361,284.2100524902344,39175600
2022-02-14,282.9865867276755,285.866852917156,280.65543402557785,284.17144775390625,36359500
2022-02-15,288.9975672412042,289.7585476106749,286.11730093278925,289.440673828125,27058300
2022-02-16,288.0120067201393,290.42521859996504,283.48481887693396,289.102783203125,29982100
2022-02-17,286.0718591090062,286.4965868814694,279.9326604203937,280.6373291015625,32461600
2022-02-18,282.8766706952845,283.65854894879317,276.370661217592,277.9344177246094,34264000
2022-02-22,275.10614436197505,281.4191146598271,274.62350200344525,277.7317199707031,41736100
2022-02-23,280.10635117029534,281.5736029979626,270.37629282765295,270.5403747558594,37811200
2022-02-24,263.0498031628359,284.9135007247491,262.094151059809,284.36328125,56989700
2022-02-25,284.8941789810283,287.2977287820881,281.5253148914239,286.98883056640625,32546700
2022-02-28,284.0930236175549,288.7553666251348,282.8285026347826,288.4175109863281,34627500
2022-03-01,286.1104303022666,289.5565043668673,282.00796959435814,284.7107849121094,31217800
2022-03-02,285.10654759375143,291.0044539337732,283.50420050610404,289.7688903808594,31873000
2022-03-03,292.37519352194875,292.6068524998791,283.8420480314748,285.64715576171875,27314500
2022-03-04,284.07372012763096,285.3961558141852,277.20089590151974,279.7974853515625,32356500
2022-03-07,278.5136671787281,279.6334012626767,268.8608176186458,269.2276306152344,43157200
2022-03-08,268.1561834951562,274.10234312414246,260.6269716528933,266.2738952636719,48159500
2022-03-09,273.60034117475794,279.5464994060376,271.03267993001293,278.48468017578125,35204500
2022-03-10,273.19487038356175,276.65060617183343,270.8395733141263,275.6756591796875,30628000
2022-03-11,277.9634022977425,279.4596114101484,269.7295241457534,270.3473205566406,27209300
2022-03-14,270.6079583933382,275.4922975054639,266.2448813621328,266.8433532714844,30660700
2022-03-15,270.61762363193617,277.82830290735563,269.053866830209,277.1815490722656,34245100
2022-03-16,279.07346468655453,284.34394072120614,273.3686576400486,284.1701965332031,37826300
2022-03-17,283.1084122705425,285.3478508163391,279.32448255840876,284.9714050292969,30816600
2022-03-18,285.11614983812484,290.55070765473886,282.56781343474125,290.00048828125,43390600
2022-03-21,288.5140113733799,289.7206174710808,284.662504677972,288.7746276855469,28351200
2022-03-22,289.3924537893616,294.4119479641465,288.39821134013704,293.50457763671875,27599700
2022-03-23,290.0777490123799,292.70332488596847,287.3845961318238,289.0931396484375,25715400
2022-03-24,288.7554069109761,293.6397472949178,287.96386603720487,293.543212890625,24484500
2022-03-25,294.6339351738191,294.8945515047454,288.9001402281707,293.1377258300781,22566500
2022-03-28,293.7650826044952,300.0104758516694,293.7650826044952,299.9139709472656,29578200
2022-03-29,303.01258292097964,304.8562805932184,298.3212830440557,304.46051025390625,30393400
2022-03-30,302.8677590054926,304.98173500944773,300.76341581769765,302.9642639160156,28163600
2022-03-31,303.0029338565664,304.19990720218783,297.20159145457893,297.60699462890625,33422100
2022-04-01,298.630215389613,299.36384141537167,294.93318680550044,298.6784973144531,27110500
2022-04-04,299.3251418340904,304.1708606294997,298.9583289191664,304.0357360839844,24289600
2022-04-05,302.3948148545048,303.9392767129868,299.1128518165804,300.0877990722656,23156700
2022-04-06,294.5952557982606,296.3424188426022,286.40963049695665,289.102783203125,40110400
2022-04-07,286.36141443806906,293.1087462850132,286.06217848359114,290.90789794921875,31411200
2022-04-08,290.0102459043335,290.6666326754491,285.99465651807475,286.66070556640625,24361900
2022-04-11,281.66048690117145,282.4519981244576,275.1061942358303,275.357177734375,34569300
2022-04-12,279.1990191393396,280.64694661427023,270.7527755355778,272.2682800292969,30966700
2022-04-13,272.91502579688114,278.5619192143064,271.53464592371415,277.63525390625,21907200
2022-04-14,278.0888929332903,278.3012567664223,269.6233558898287,270.1156311035156,28221600
2022-04-18,269.2276132247998,272.65436281401867,268.67739376545774,270.7817077636719,20778000
2022-04-19,269.6813121043786,276.2356051160154,268.7449845312876,275.3957824707031,22297700
2022-04-20,279.35341939656814,279.64302251578187,275.46332277285063,276.4189453125,22906700
2022-04-21,278.5618984401678,283.1180442640561,270.33768184591173,271.0616455078125,29454600
2022-04-22,271.90148401826906,273.3687361378023,263.8896299394481,264.5170593261719,29405800
2022-04-25,263.8027323682706,271.351238292918,261.3701954398088,270.97479248046875,35678900
2022-04-26,267.86659887115906,268.6967298664818,260.62696106383044,260.8393249511719,46518400
2022-04-27,272.30691647120665,280.8689900877158,269.4689760886624,273.3880310058594,63477700
2022-04-28,275.28957261335694,280.8785798159734,271.6890497286869,279.575439453125,33646600
2022-04-29,278.59087064005706,279.81680135936267,266.9012842301464,267.8858642578125,37073900
2022-05-02,268.0692093712177,275.04822845042037,266.63094457560504,274.59454345703125,35151100
2022-05-03,274.10229991297473,274.26641131232816,270.42456669386183,271.99798583984375,25978600
2022-05-04,272.77991990061037,280.78214183402685,267.1233632088205,279.91339111328125,33599300
2022-05-05,275.6274254599327,276.40930377828715,264.8162240963305,267.72174072265625,43260400
2022-05-06,265.26995885904273,269.55582646003774,261.8528418348636,265.1927490234375,37780300
2022-05-09,260.6847904281975,262.90493351202235,254.17878080952033,255.39501953125,47726000
2022-05-10,262.258232684761,264.24671703897735,255.86805194857527,260.1442565917969,39336400
2022-05-11,256.4569218413572,261.93973378756925,250.2983985852397,251.5050048828125,48975900
2022-05-12,248.74425187403014,250.85822802261495,241.3405189455736,246.48548889160156,51033800
2022-05-13,248.41609257198036,253.90856640021337,246.48552263469378,252.05520629882812,34925100
2022-05-16,250.9354652701601,256.59205034843524,246.9005812826205,252.42201232910156,32550900
2022-05-17,256.87199942771946,259.01493349139474,253.348714764612,257.557373046875,28828800
2022-05-18,254.46126716050742,255.04179306698887,244.5634052750467,245.83087158203125,31356000
2022-05-19,245.65661490758993,249.30423309760832,243.70220893997316,244.92129516601562,32692300
2022-05-20,248.888200942443,250.1460116670098,238.4388554517078,244.3601531982422,39199300
2022-05-23,247.19505531377055,253.0099243599592,245.2019245791374,252.18751525878906,33175400
2022-05-24,249.5171198981205,252.84540652501488,245.2696355087697,251.19093322753906,29043900
2022-05-25,249.75896518045937,255.9898500964499,248.7817474708059,253.99673461914062,28547900
2022-05-26,253.7549694604812,258.4378274860186,252.94224496283675,257.2671203613281,25002100
2022-05-27,259.7632762741946,264.4654725864212,258.8731329025277,264.36871337890625,26910800
2022-05-31,263.6817882645863,265.8490529082615,260.1986632824182,263.043212890625,37827700
2022-06-01,266.2651500668014,268.6742983008573,261.27267518128724,263.5754089355469,25292200
2022-06-02,255.86416618600398,265.73298709587516,253.10669066458044,265.6652526855469,44008200
2022-06-03,261.5338887851949,264.5719571114333,259.6955816677973,261.2532958984375,28059000
2022-06-06,263.226975842347,265.278140690195,258.544120551074,260.0244445800781,22400300
2022-06-07,257.9830411761452,264.26232157625736,257.3057561922374,263.65277099609375,22860700
2022-06-08,262.88845771552224,264.1365839069745,260.8566319339603,261.63067626953125,17372300
2022-06-09,259.08602995149107,263.8559613723618,256.0383063846379,256.193115234375,26439700
2022-06-10,252.11977283149906,252.11977283149906,244.33114285896366,244.77621459960938,31422800
2022-06-13,237.1520369876546,240.9350949240482,233.6882667435192,234.39456176757812,46135800
2022-06-14,235.9426496695378,237.76161683238632,233.66894071597716,236.5522003173828,28651500
2022-06-15,240.24814951336052,247.01121141715927,238.41951248541616,243.5861358642578,33111700
2022-06-16,237.99378942655406,239.3870394621926,235.1298996985269,237.01658630371094,33169200
2022-06-17,236.7553385108733,242.3670332514068,236.10709312767509,239.60955810546875,43084800
2022-06-21,242.13486575130284,246.47909535720655,241.40921581403924,245.50189208984375,29928300
2022-06-22,243.71190528540944,248.8204934956348,242.24125087999028,244.91165161132812,25939900
2022-06-23,247.27244944007643,250.94906352812058,245.39543280330932,250.4556121826172,25861400
2022-06-24,253.30985203926372,259.2795445759663,253.22277759883846,259.0086364746094,33923200
2022-06-27,259.50207429528484,259.589148741076,254.73214265073585,256.2898864746094,24615100
2022-06-28,255.40942252018837,258.2442876848407,247.99811473013298,248.15292358398438,27295500
2022-06-29,249.22686932972684,253.46466940003842,247.45628183135534,251.81019592285156,20069800
2022-06-30,248.7043745789492,251.10386732586358,244.68911807030898,248.49151611328125,31730900
2022-07-01,248.0658334178518,251.33607059535083,246.343610863831,251.15223693847656,22837700
2022-07-05,247.84330176827007,254.44188511131125,246.46940643072733,254.31610107421875,22941000
2022-07-06,255.18689308896802,259.28922459470346,253.8807173042958,257.5670166015625,23824400
2022-07-07,256.5124052718838,260.32448856109585,256.4156460435075,259.6859130859375,20859900
2022-07-08,256.1930944319359,259.395626588486,254.74179480110894,258.96990966796875,19658800
2022-07-11,257.02518316379025,257.87661708581794,253.66784185070392,255.92221069335938,19455200
2022-07-12,257.2477298377406,257.3057794671245,243.8570592390129,245.43414306640625,35868500
2022-07-13,242.06712638955372,245.3180384343123,240.05465562247608,244.51498413085938,29497400
2022-07-14,242.4348348902598,246.85645455521302,237.95515082394874,245.83087158203125,25102800
2022-07-15,247.41756820782146,251.91659126646923,246.4984147054872,248.38510131835938,29774100
2022-07-18,251.3167325510271,252.37134012804827,245.07614676470823,245.99530029296875,20975000
2022-07-19,249.21722578060667,251.287761309825,245.44385164398503,251.1039276123047,25012600
2022-07-20,251.46190980901676,256.2705517022864,250.5040612485148,253.7549591064453,22788300
2022-07-21,251.35539494275176,256.28981892441135,248.68499453524507,256.2414245605469,22404700
2022-07-22,256.6284568801219,256.7155313114598,250.65879449319834,251.90689086914062,21881300
2022-07-25,252.526134487459,253.0099010286227,248.47216851036575,250.42657470703125,21056000
2022-07-26,251.42315927857734,251.44252883940965,241.46726406430727,243.7216033935547,39348000
2022-07-27,252.68100307171994,261.2823588535323,250.4460034852064,260.014892578125,45994000
2022-07-28,260.9920476929204,268.81938674780196,259.17308078267786,267.4358215332031,33459300
2022-07-29,268.6839646557535,272.8443453449876,267.64869711004144,271.625244140625,32152800
2022-08-01,268.80005306751355,272.147709327751,266.8843268988861,268.98388671875,21539600
2022-08-02,267.0392042376813,268.867856439552,263.5367382397174,265.89752197265625,22754200
2022-08-03,267.77446660635644,274.29563016416313,267.6293130218933,273.299072265625,23518900
2022-08-04,272.65085351031576,274.58591997817257,271.07379914150016,274.4407958984375,18098700
2022-08-05,270.08685858100347,274.4407575248996,269.63211684357026,273.72479248046875,16774600
2022-08-08,274.8278133024093,276.6371253182812,270.2513998362798,271.21893310546875,18739200
2022-08-09,270.5609704551994,273.88925715701384,268.5968499150632,273.13458251953125,23405200
2022-08-10,278.81403276129174,280.40077172746834,277.62395639158353,279.7718811035156,24687800
2022-08-11,281.40705441673725,281.75535221728916,277.2079636139316,277.7013854980469,20065900
2022-08-12,279.11395527145453,282.4325866699219,277.62394605155976,282.4325866699219,22619700
2022-08-15,281.55214749764076,284.62889583747915,280.6910288186994,283.94195556640625,18085700
2022-08-16,282.5099789943521,284.49343955539996,280.99097447536275,283.20660400390625,18102900
2022-08-17,280.9280886741136,284.42831264174936,280.6663108728771,282.4600524902344,18253400
2022-08-18,281.36441282325103,283.0321034033775,280.2881560238518,281.34503173828125,17186200
2022-08-19,280.1136602196925,280.45302156557796,276.87524340040335,277.4472961425781,20570000
2022-08-22,273.5010322101689,273.8694799294029,268.7888545532896,269.302734375,25061100
2022-08-23,268.0325622558594,270.3789456095567,267.0241837556368,268.0325622558594,17527400
2022-08-24,267.03395699391723,268.7986124206689,266.7430631426748,267.40240478515625,18137000
2022-08-25,268.89550229541334,270.5341064037505,266.170965672793,270.3692932128906,16583400
2022-08-26,270.5922729736932,271.8139618186625,259.8298830917029,259.9365234375,27549300
2022-08-29,257.76465225492166,259.2674999332414,255.82547868834627,257.16351318359375,20338500
2022-08-30,258.55971181711374,258.92812992723435,252.73248597704324,254.97222900390625,22767100
2022-08-31,257.3187543365459,258.98641587011855,253.38220318741585,253.51795959472656,24791800
2022-09-01,250.99694103030285,252.95552538819916,247.64217884234645,252.48040771484375,23263400
2022-09-02,253.74093057983617,256.6884537652391,246.73080589431638,248.27244567871094,22855400
2022-09-06,248.40814439377215,249.98854598700117,244.27769525029933,245.5478515625,21328200
2022-09-07,246.953747797965,250.95813110475615,245.51876351834204,250.2406463623047,24126700
2022-09-08,249.67831493374948,252.50949191714798,247.041022768642,250.65757751464844,20319900
2022-09-09,252.57740555573184,257.1635625736853,252.37380057718096,256.4169616699219,22084700
2022-09-12,257.69677794091064,259.31600091262334,257.09563886057305,258.5403137207031,18747700
2022-09-13,250.96784794774865,252.48040101382477,243.93834353048703,244.32618713378906,33353300
2022-09-14,245.81933539304998,246.4980431807775,242.26095368229554,244.54917907714844,23913000
2022-09-15,242.1736911292833,243.75410750034436,236.59856721458627,237.91720581054688,31530900
2022-09-16,236.8312795525679,237.83965816543386,234.69819143342704,237.29669189453125,39791800
2022-09-19,235.09573320886867,237.68452841666505,233.52500718935042,237.08338928222656,26826900
2022-09-20,234.7079219968837,236.10411478867206,232.3518179959653,235.07635498046875,26660300
2022-09-21,236.84096320739502,240.1278617486554,231.634272219412,231.68275451660156,28625600
2022-09-22,230.6356309055808,236.44346175605514,230.3447666716902,233.6510467529297,31061200
2022-09-23,232.25480786085487,233.79646206572184,228.04680483912333,230.68408203125,34176000
2022-09-26,229.84054950120728,234.1067254216907,229.69510260715796,230.22837829589844,27694200
2022-09-27,232.68146460352042,234.44611989699393,227.3681324316485,229.2200469970703,27018700
2022-09-28,229.60786226959718,234.95998588678188,227.5911198226186,233.73831176757812,29029700
2022-09-29,231.6246111693645,232.6523709038743,227.28086605201818,230.27688598632812,27484200
2022-09-30,231.04282940218874,233.224399677071,225.65192922341265,225.81675720214844,35694800
2022-10-03,228.25045038719026,234.26188606885609,227.52326022905194,233.41835021972656,28880400
2022-10-04,237.63609348003135,242.74582152541498,237.52943830962477,241.3108367919922,34888400
2022-10-05,238.5086974304911,242.95909794804967,236.6761787000421,241.62106323242188,20347100
2022-10-06,240.38964536366748,242.72635307461078,238.5959186818319,239.28431701660156,20239900
2022-10-07,233.5734806664739,233.98072018796898,226.07857799580754,227.1160430908203,37769600
2022-10-10,225.9622347703348,227.42630569411762,219.83443833161004,222.27780151367188,29743600
2022-10-11,220.69734398530096,222.09355135270334,217.2940996232981,218.5545654296875,30474000
2022-10-12,218.54487025171542,220.93006041435294,217.14867761413385,218.8842315673828,21903900
2022-10-13,213.16368804977824,228.91947533494175,212.465584291104,227.1160430908203,42551800
2022-10-14,228.3764766144597,230.02478606979594,221.3954543611521,221.6087646484375,30198600
2022-10-17,228.64796881811276,231.69247081215326,227.98864209353195,230.3059539794922,28142300
2022-10-18,235.84230688122926,236.5113093692739,228.21164843552518,231.2464599609375,26329600
2022-10-19,229.83086912144609,232.32271452181564,227.16450518293112,229.28790283203125,19985700
2022-10-20,228.59950832135635,233.97101325567382,227.72687123159972,228.9679412841797,21811000
2022-10-21,227.60083683054654,235.60961938988035,227.3681306457899,234.75637817382812,26299700
2022-10-24,236.34648327507583,240.30239936572295,233.96130792884753,239.7303466796875,24911200
2022-10-25,239.74003228091627,243.40506928448784,238.35353022692632,243.03663635253906,34775500
2022-10-26,224.13937366312916,231.0525321235999,223.06313174791288,224.28482055664062,82543200
2022-10-27,224.01335747357737,226.58277171119522,218.9133355552526,219.8538360595703,40424600
2022-10-28,219.3593305055409,229.40425069094275,219.17510664004706,228.69644165039062,40647700
2022-10-31,226.65060686599685,227.77533111378162,224.11998470584146,225.0701904296875,28357300
2022-11-01,227.46508792727667,228.57041637850017,220.41618716835114,221.2306365966797,30592300
2022-11-02,222.48141610977814,224.26545245124476,213.34789451187777,213.4060821533203,38407000
2022-11-03,213.3963618064245,213.70663669340686,207.4721856849331,207.73397827148438,36633900
2022-11-04,210.93360492641042,214.85072897039285,206.93889737068497,214.6568145751953,36789100
2022-11-07,215.23859748900023,221.46334350265937,214.55018429237435,220.93975830078125,33498000
2022-11-08,221.74450429023085,224.6047824698309,218.97148537429405,221.90933227539062,28192500
2022-11-09,220.45494942509427,221.6766382807976,217.5074120167321,217.6819305419922,27852900
2022-11-10,228.2698114597355,235.92955599741592,227.85289624042093,235.59019470214844,46268000
2022-11-11,235.5998964435155,240.4478303320997,234.57212203157073,239.59458923339844,34620200
2022-11-14,234.63035598513406,236.49196119049105,231.93490539453896,234.2037353515625,31123300
2022-11-15,238.18872473342853,239.4879676468522,232.72994567583086,234.61094665527344,31390100
2022-11-16,236.06941348333024,237.05146554303985,233.7650213224332,235.03875732421875,24093300
2022-11-17,231.1981031395672,236.51669138454196,231.05226116577742,234.99014282226562,23123500
2022-11-18,236.7694511962655,236.9930953021771,232.41346518460608,234.5428466796875,27613500
2022-11-21,234.74706643193417,237.8973866399334,234.51371927043422,235.34991455078125,26394700
2022-11-22,236.84726378647278,238.5196542333606,234.04699418411522,238.24740600585938,19665700
2022-11-23,238.3251919634337,241.40744246425524,237.50844728562427,240.72682189941406,19508500
2022-11-25,240.46427230471662,241.81579547416155,239.900325357093,240.63929748535156,9200800
2022-11-28,239.26832798344634,239.82254225297007,234.1344834195783,235.06790161132812,24778200
2022-11-29,234.71787945747192,236.069402727706,231.61619326885713,233.67750549316406,17956300
2022-11-30,233.9108463177998,248.26227293636023,233.22049313047097,248.07752990722656,47594200
2022-12-01,246.84269045988094,249.03040883628205,243.97435155588244,247.63999938964844,26041500
2022-12-02,242.90480403425175,248.9720667058495,242.778397783122,247.9608612060547,21528500
2022-12-05,245.0341875954859,246.79409803519974,241.19352923147437,243.2742919921875,23435300
2022-12-06,243.87713173110765,244.8883372658951,237.03199561292425,238.33489990234375,22463700
2022-12-07,238.0529099537657,239.34609626164672,235.50543841413992,237.6056365966797,20481500
2022-12-08,238.06265330165112,241.85470746474556,236.33192613856002,240.55178833007812,22611800
2022-12-09,237.92653108598594,241.43660437225947,237.40148518904434,238.62660217285156,20609700
2022-12-12,240.60037679836978,245.54947783656846,240.32812861638251,245.5203094482422,30665100
2022-12-13,254.44622542877917,256.61450802590645,246.06483829010176,249.8082733154297,42196900
2022-12-14,250.01250091515968,255.32135671859504,247.27055298866887,250.10000610351562,35410900
2022-12-15,246.69687943873564,247.16358859669754,240.49347691697452,242.11724853515625,35560400
2022-12-16,241.66994662968148,242.92423190340745,236.76944942143655,237.9167938232422,86102000
2022-12-19,238.08210589515767,238.42242358687312,232.1023480969562,233.79417419433594,29696400
2022-12-20,232.7732513908985,236.18610187706696,231.8203825618914,235.10682678222656,25150800
2022-12-21,234.99985605475112,238.82106381583225,233.4635897668888,237.66400146484375,23690600
2022-12-22,234.5817687693653,235.2915726004728,227.39632912956154,231.5967559814453,28651700
2022-12-23,229.57430859844388,232.25790450291396,227.46437751544144,232.1217803955078,21207000
2022-12-27,232.09264417818784,232.31627349212454,229.3020921713063,230.40081787109375,16688600
2022-12-28,230.33271426152407,233.08437961165026,227.6880046259404,228.0380401611328,17457100
2022-12-29,229.12700695021965,235.22345231293474,229.12700695021965,234.33863830566406,19770700
2022-12-30,231.6161906747891,233.3177494769252,230.1090927684712,233.18162536621094,21938500
2023-01-03,236.35137496373926,238.9474656895386,230.82859367762717,232.94825744628906,25740000
2023-01-04,225.85033012794412,226.42399496515415,219.70527974958796,222.75836181640625,50623400
2023-01-05,220.910952034835,221.2512697398711,215.62153242856337,216.15631103515625,39585600
2023-01-06,216.82719680304174,219.51079264209568,213.27823740876858,218.70376586914062,43613600
2023-01-09,220.18170823285104,224.8391261091335,220.14282198786435,220.83316040039062,27369800
2023-01-10,221.4554347527597,224.90717117777552,221.03734458217542,222.51527404785156,27033900
2023-01-11,224.88774240099133,229.41875426303784,224.71273203443783,229.24374389648438,28669300
2023-01-12,228.74782975392716,233.25939064495995,227.09488993594465,231.90786743164062,27269500
2023-01-13,230.4396576846913,232.7440495138857,228.41723190438844,232.60792541503906,21333300
2023-01-17,231.3828356610212,234.24145690846152,230.52718988997353,233.69696044921875,29831300
2023-01-18,234.88319223600368,235.67076853478866,229.0006572078567,229.28262329101562,30028700
2023-01-19,227.30882179875937,229.00066284863416,224.2946258083473,225.51002502441406,28623000
2023-01-20,228.35892430446629,234.07616685941196,228.0186065956563,233.570556640625,35389800
2023-01-23,234.42617553130606,238.38350713722812,233.01630075916648,235.86520385742188,31934000
2023-01-24,235.78743760454404,237.19729766623655,233.7844621578948,235.3401641845703,40234400
2023-01-25,227.98943061234027,236.5652941592754,224.50852565701223,233.9497528076172,66526600
2023-01-26,236.90559786802248,241.43660948835614,235.30127691453504,241.13519287109375,33454500
2023-01-27,242.09781362847204,242.91455836670545,239.99760015608618,241.29078674316406,26498900
2023-01-30,237.74180116090332,238.80164053803622,235.49574581512883,235.99163818359375,25867400
2023-01-31,236.71109679974393,241.08653302464276,236.2249372191996,240.95040893554688,26541100
2023-02-01,241.1351911203326,248.11643670951443,238.67522443009082,245.7537078857422,31259900
2023-02-02,251.6556913662783,257.3632009780913,250.12914292548695,257.27569580078125,39940400
2023-02-03,252.3557623051793,256.8867738555353,249.9833008123263,251.19869995117188,29077300
2023-02-06,250.31391213131076,251.15009258378038,247.72753893121822,249.66244506835938,22518000
2023-02-07,253.31843326564854,261.3303375610321,252.88087756085562,260.1538391113281,50841400
2023-02-08,265.63761659917793,269.09907056810056,258.8410852318201,259.3467102050781,54686000
2023-02-09,266.2210185187912,266.3960585481187,255.525505975814,256.32281494140625,42375100
2023-02-10,254.29062103296877,256.7797556334207,253.44470813701852,255.81716918945312,25818500
2023-02-13,260.23153420322126,266.99886776795535,259.75507760072225,263.8096618652344,44630900
2023-02-14,265.1223596801926,267.35868256455376,261.82618247447147,264.6361999511719,37047900
2023-02-15,261.54621079213484,263.8953733913227,259.46022127566107,262.5209655761719,28922400
2023-02-16,257.3546924253558,260.0060260617434,255.28821748394975,255.5319061279297,29603600
2023-02-17,252.84160627305934,253.523916634786,249.53717394877788,251.545166015625,30000100
2023-02-21,248.05557870006874,249.04009049318063,245.2385381346892,246.29127502441406,28397400
2023-02-22,247.6754527582978,247.91914146734575,244.02012212257884,245.16058349609375,22491100
2023-02-23,249.108321803698,250.35600669518152,244.1565658834327,248.33827209472656,29219100
2023-02-24,243.64969909955178,244.66343747539474,241.83665470499022,242.92837524414062,24990900
2023-02-27,246.08657375483682,246.4374860355747,243.09406973943646,243.84463500976562,21190000
2023-02-28,242.7821510664902,245.14105556625483,242.4507231771338,243.12330627441406,22491000
2023-03-01,244.42951129067754,244.59521782388006,239.58497868538822,240.05287170410156,27565300
2023-03-02,240.32578121944115,245.0533327272031,239.4095093951341,244.77066040039062,24808200
2023-03-03,245.82339261513917,249.16679413004076,245.04358587267618,248.84512329101562,30760100
2023-03-06,249.9563289608396,253.55317601638902,249.51769234094775,250.38522338867188,24109800
2023-03-07,249.82958786516494,251.1845110149319,246.9930633309493,247.73387145996094,21473200
2023-03-08,247.6266247498107,248.11400199609903,244.47817190338847,247.2952117919922,17340200
2023-03-09,249.36176055143883,253.0073336989174,245.22879516854297,245.9501190185547,26653400
2023-03-10,244.74139919259653,246.40822131411622,241.34925717678098,242.3142547607422,28333900
2023-03-13,241.1543148292338,251.39899658512076,239.52647621107045,247.5097198486328,33339700
2023-03-14,250.26825127577843,254.47919841708625,249.40072024994075,254.20626831054688,33620300
2023-03-15,253.41670934490338,259.75261418809725,252.6661292714571,258.7388610839844,46028000
2023-03-16,258.514689849532,269.57816182335324,256.6334203873444,269.2272644042969,54768800
2023-03-17,271.23525555020916,276.1772393298442,269.3442290300633,272.3757019042969,69527400
2023-03-20,269.98756773899805,270.47494508940247,263.0375619626868,265.35748291015625,43466600
2023-03-21,267.94058331388436,268.0575491212291,262.7158825243108,266.86834716796875,34558700
2023-03-22,266.49785669939456,273.94499486477235,265.3086550982741,265.4158935546875,34873300
2023-03-23,270.92332074814243,273.9645506194871,268.25250241830935,270.650390625,36610900
2023-03-24,270.24098860593506,273.54542137989336,268.3304776871036,273.4869384765625,28172000
2023-03-27,273.41869458351096,274.35445077052975,268.56440544663616,269.4027099609375,26840200
2023-03-28,268.8275373568239,269.16870736281646,265.18193549577165,268.28167724609375,21878600
2023-03-29,271.91751837517444,274.0425058819728,271.38141527658803,273.42840576171875,25087000
2023-03-30,277.0544762167483,277.2786507086976,274.3739014000633,276.8789978027344,25053400
2023-03-31,276.5671528059377,281.96727225154604,275.8555711889492,281.0217590332031,32766000
2023-04-03,279.2866930601582,280.99251370652144,276.781596204477,279.9787902832031,24883300
2023-04-04,279.9788092952923,283.1175206876223,278.4581943099055,279.9300537109375,25824300
2023-04-05,278.6336322553814,279.90080144519544,275.77760817176124,277.1617431640625,22064800
2023-04-06,276.06028813189846,284.70635812116194,274.91008465074276,284.2384948730469,29770300
2023-04-10,281.90881108908263,282.2889797177499,277.5224147425445,282.08428955078125,23103000
2023-04-11,278.53617740745267,278.76038171504166,274.52994955434735,275.68988037109375,27276600
2023-04-12,277.6003285178027,279.7642845895969,274.8417567621939,276.3331298828125,27403400
2023-04-13,276.43061181588126,282.58131003585845,276.0212316039348,282.5228271484375,24222700
2023-04-14,279.7545649448243,281.19721243469814,276.52812965920475,278.9162902832031,20987900
2023-04-17,282.6106328823751,284.23848637686285,278.93581824426053,281.5091552734375,23836200
2023-04-18,284.2092231464568,284.39442891149264,279.76434427989847,281.0899963378906,20161800
2023-04-19,278.7701115947992,281.75285885875036,277.3567350040731,281.16802978515625,17150300
2023-04-20,278.0487492496202,281.7333204424285,277.88302787911294,278.88702392578125,23244400
2023-04-21,277.81489332461183,279.04306422525923,275.9141094408332,278.54595947265625,21676400
2023-04-24,274.9685142964532,277.75632784748706,271.6835961405842,274.6565856933594,26611000
2023-04-25,272.45366159943416,274.4908950976734,268.41816336812605,268.4669189453125,45772200
2023-04-26,289.20974000859206,292.0072813214267,285.3399625443694,287.9132995605469,64599200
2023-04-27,288.49811850361414,297.49511411918564,287.7962940057379,297.1344299316406,46462600
2023-04-28,296.33519048615636,301.13096702652024,295.6528502866571,299.5031433105469,36469600
2023-05-01,299.2204158338492,300.80927056527844,297.44635535169203,297.84600830078125,21294100
2023-05-02,299.9905085390908,301.3746435203023,296.237697087883,297.6998291015625,26404400
2023-05-03,298.8792887083803,300.819041090019,296.4131604465873,296.71533203125,22360800
2023-05-04,298.5088623937183,299.9905085390908,295.74056268414336,297.6998291015625,22519900
2023-05-05,298.00202238980415,304.09423955747224,296.58861610804354,302.80755615234375,28197100
2023-05-08,302.30071055555146,302.3689505307948,298.36269283862055,300.8580627441406,21318600
2023-05-09,300.2244801474705,302.21298828024834,298.5771421461096,299.2497253417969,21340800
2023-05-10,300.8287815493971,305.09821176430125,299.9027824610233,304.4256286621094,30078000
2023-05-11,302.27149216175627,303.2657314235519,298.5284370179185,302.2812194824219,31680200
2023-05-12,302.71008236022425,302.80756378679547,298.8598188614768,301.16998291015625,19774700
2023-05-15,301.29659414603077,302.076385775343,299.82470546752427,301.6474914550781,16336500
2023-05-16,302.0081798964215,305.79023219423584,302.0081798964215,303.8699645996094,26730300
2023-05-17,305.0715691203483,307.1620885056331,303.55737876771076,306.7420349121094,24315000
2023-05-18,307.25979860655974,311.6655618014146,306.4685237275618,311.1575622558594,27276000
2023-05-19,309.4187579694345,311.38230770853096,309.05731504102437,310.9817810058594,27546700
2023-05-22,311.23578210832846,315.13354641281757,310.6594231373723,313.7561340332031,24115700
2023-05-23,312.63266399021563,315.26048835857114,307.9631525133489,307.9729309082031,30797200
2023-05-24,307.4551840291494,309.18426063109985,305.384161727715,306.59552001953125,23384900
2023-05-25,315.7684295776219,319.3438337465016,312.60333039724634,318.3865051269531,43301700
2023-05-26,316.5304052743781,325.69359534814544,316.3936568169518,325.1954040527344,36630600
2023-05-30,327.4813902004807,327.9795816142876,322.8802372817965,323.5542907714844,29503100
2023-05-31,324.60928590262876,328.1749119576372,319.7639124360726,320.7994384765625,45950600
2023-06-01,318.39626537207107,325.8206007034054,317.2142423331167,324.8925476074219,26773900
2023-06-02,326.5239875083562,329.6988654721622,324.8632701870316,327.64739990234375,25873800
2023-06-05,327.4715679849584,330.73436207197636,326.92451447409195,328.1749267578125,21307100
2023-06-06,327.57901828059016,327.6181020499909,324.4920861780968,325.9671630859375,20396200
2023-06-07,323.9840754044963,326.7584266923508,315.04557889593144,315.9052429199219,40717100
2023-06-08,316.4522643486225,319.0898668992322,315.87590553008897,317.74176025390625,23277700
2023-06-09,317.47800789711727,322.3624353785323,316.9114274266321,319.2364196777344,22529000
2023-06-12,320.98503906691633,324.42369526305714,317.64410719983425,324.1794738769531,24260300
2023-06-13,326.73900368061635,329.1909966457725,322.7533226246561,326.56317138671875,22951300
2023-06-14,326.61191533447175,331.20328940233077,325.11728161658255,329.5425720214844,26003800
2023-06-15,329.6793438273172,341.75363483053593,329.40581706772855,340.0538635253906,38899100
2023-06-16,343.19948951587423,343.3460164076844,334.0460753238459,334.4172668457031,46552000
2023-06-20,331.4670609717045,334.1730234363889,328.0967936208768,330.2361755371094,26375400
2023-06-21,328.5949603328218,329.92354007257114,324.39436474233247,325.84991455078125,25117800
2023-06-22,326.39703135157714,332.2583453008443,325.63506173065974,331.8578186035156,23556800
2023-06-23,326.63149696071275,330.14829153594474,325.74255718498046,327.2762451171875,23146900
2023-06-26,326.00622657027685,328.3409673865728,320.89710473059927,321.00457763671875,21520600
2023-06-27,324.1892578253604,328.38010561548896,321.6884329438187,326.8366394042969,24354100
2023-06-28,326.9245702882871,330.16783795083114,326.09421148504384,328.0870666503906,20259500
2023-06-29,326.97337394490575,328.3410078355039,324.93168659890875,327.3055114746094,16997000
2023-06-30,329.9430603518384,334.80796061953606,329.40578527983763,332.6685791015625,26832800
2023-07-03,331.34988715513293,333.020353476658,328.7904512042545,330.1776123046875,12508700
2023-07-05,327.34450400563617,333.75286943153424,326.99283959415163,330.3337707519531,18172400
2023-07-06,329.5034469606341,335.0619274987614,327.7450650936466,333.3816833496094,28161200
2023-07-07,331.47678896129895,333.8896972947202,329.21040748776585,329.4253234863281,21214800
2023-07-10,326.86587333332807,327.48131592887023,320.01789687690416,324.1598815917969,32791400
2023-07-11,323.4077439781263,325.1661261312258,319.441590831674,324.78515625,26698200
2023-07-12,328.8196854554752,333.75294560855826,327.91118903960694,329.40582275390625,29995300
2023-07-13,331.711242452727,335.79461674267833,331.1837159282275,334.7395935058594,20567200
2023-07-14,339.55563567406386,343.3068725083686,336.35145234816736,337.25994873046875,28352700
2023-07-17,337.689815809939,338.9695335941496,334.29027291358,337.7386779785156,20363900
2023-07-18,337.83628312548785,358.3020452926389,334.2609086018875,351.1805419921875,64738600
2023-07-19,353.38839928042864,354.08197977472815,344.293595867751,346.87255859375,39732900
2023-07-20,345.3974402048797,349.6957307761419,337.3869665581141,338.852294921875,33778400
2023-07-21,341.07956227112305,342.20297462021114,331.9749823654145,335.82391357421875,69405400
2023-07-24,337.85585009967554,338.9011247209187,334.3976671440658,337.1329345703125,26678100
2023-07-25,339.0867071747874,343.75624842360725,337.0938822455354,342.8672790527344,41637700
2023-07-26,333.547829841797,336.70318113968654,325.4103558990967,329.962646484375,58383700
2023-07-27,332.61000460063315,333.4403334728924,321.4441800463063,323.0755920410156,39635300
2023-07-28,325.9573926830905,332.1508430764587,325.4689499409115,330.5487365722656,28484900
2023-07-31,329.1323422402348,329.89431189161485,325.65460173075695,328.15545654296875,25446000
2023-08-01,327.44229185029457,330.7148646247149,325.98674182307207,328.5657043457031,18311900
2023-08-02,325.9183364890345,325.9183364890345,318.8163593371292,319.9300231933594,27761300
2023-08-03,318.4647184532504,322.25503950417715,318.4158860961526,319.1094665527344,18253700
2023-08-04,324.20885086044973,327.3935079785558,319.67608662333714,320.20361328125,23741500
2023-08-07,320.77990397221754,323.45656084506595,319.94954529049863,322.47967529296875,17741500
2023-08-08,319.40245810571645,321.15109140709956,315.53400007450387,318.51348876953125,22327600
2023-08-09,318.9238148724649,319.5490060989431,313.62908227048086,314.7818298339844,22373300
2023-08-10,318.4842099187915,320.6724537793776,313.75608752866935,315.46563720703125,20113700
2023-08-11,312.8574236161069,314.95772190728826,311.83167574447026,313.590087890625,24355500
2023-08-14,313.9612774318456,316.56954529016974,312.6815298680751,316.5500183105469,18836100
2023-08-15,315.53401288819225,317.5756999823602,313.48254739923874,314.42034912109375,16966300
2023-08-16,314.04837487104845,317.59221281010525,313.06942104679297,313.65679931640625,20698900
2023-08-17,313.7938817302348,315.09587723168505,309.5549947446499,310.2109069824219,21257200
2023-08-18,307.8712277189821,311.679373042675,304.9931006267398,309.8193664550781,24755000
2023-08-21,311.2387422776583,315.9768745946358,310.36748902091307,315.1056213378906,24040000
2023-08-22,318.6494592891844,319.21723934340076,314.6944776045053,315.6734313964844,16084600
2023-08-23,317.00482352144604,322.2715996929162,316.6523846218089,320.1178894042969,21166400
2023-08-24,325.84476921608996,325.97203798658785,313.2260407459276,313.23583984375,23281400
2023-08-25,314.70429575926823,318.5124107055097,312.0904758312742,316.1825256347656,21684100
2023-08-28,318.8060700154935,319.2857477751521,314.94898999316615,316.8873291015625,14808500
2023-08-29,315.1056925945481,322.056271402599,315.1056925945481,321.4982604980469,19284600
2023-08-30,321.75276957784916,322.86876141280084,319.57949087262745,321.8702392578125,15222100
2023-08-31,322.2716651283224,323.9456680844239,319.90258332981267,320.8619689941406,26411000
2023-09-01,324.33717196139406,325.00285335659055,319.9025125671937,321.7429504394531,14942000
2023-09-05,322.0758315411327,327.80271780347465,321.7429908017799,326.5300598144531,18553900
2023-09-06,326.3636529709045,327.4209100280818,323.23098856949474,325.8741760253906,17535800
2023-09-07,324.3175746347369,326.0698802204904,322.10512974677425,322.96661376953125,18381000
2023-09-08,323.14287386196446,329.0851309217736,322.5261281543159,327.2348937988281,19530100
2023-09-11,330.1423875895978,331.29757584054045,328.37048350695864,330.8276672363281,16583300
2023-09-12,328.7522562072044,329.70184254177326,324.5036005080368,324.7874755859375,17565500
2023-09-13,324.3372427360716,329.7606561840055,324.2002047131797,328.9872741699219,16544400
2023-09-14,332.01216654665086,333.68616913545833,329.4864789543326,331.5716552734375,20267000
2023-09-15,329.829144347891,330.29902307578516,322.71213073688756,323.2701416015625,37679800
2023-09-18,320.90106058890035,323.4463465779978,319.4913646526402,322.1345520019531,16834200
2023-09-19,319.3053983263758,322.45763099664185,317.6803313099975,321.7331848144531,16505900
2023-09-20,322.5750579775089,322.65336113195434,313.7644742751729,314.01898193359375,21436500
2023-09-21,312.54080796824985,318.50263318201627,308.37045511046944,312.80511474609375,35560400
2023-09-22,314.5575157936644,314.6847845974936,309.49631031819246,310.3382263183594,21447900
2023-09-25,309.9269765789233,310.9842634015669,308.3704436389246,310.85699462890625,17836000
2023-09-26,308.4977104446982,309.2319257820145,303.49524107796117,305.5706481933594,26297600
2023-09-27,305.7272625333357,307.6851701509051,303.1722074325514,306.20697021484375,19410100
2023-09-28,304.4448112128742,308.8403337798226,302.93724397750015,307.0390625,19683600
2023-09-29,311.0626136858314,312.74641565358826,308.3509220336715,309.1047058105469,24147300
2023-10-02,309.6234991428816,315.1154453625428,308.5466440139972,315.0273132324219,20570000
2023-10-03,314.0777307403494,314.6259723470464,304.66020007739525,306.7943420410156,21033500
2023-10-04,307.4209257783617,313.304448923499,307.3915583531491,312.2471618652344,20720100
2023-10-05,312.3743955953389,313.2456789043345,308.2725763744339,312.6387023925781,16965600
2023-10-06,309.8878196065806,322.2618102249638,309.6430811517103,320.3724365234375,25673600
2023-10-09,317.91520719974994,323.3483881671333,316.3782427539174,322.8785095214844,19891200
2023-10-10,323.9945568948938,324.13162477364205,320.7738202479149,321.4786682128906,20557100
2023-10-11,324.23924213655874,325.81537310695785,322.2128307107535,325.4237976074219,20063200
2023-10-12,323.6127589882386,326.6083551720829,321.8016885159057,324.1903381347656,19313100
2023-10-13,325.38471034218486,326.80417560812504,319.49138859402285,320.83258056640625,21072400
2023-10-16,324.08262791660326,329.06552880865223,323.6421166530187,325.6391906738281,22158000
2023-10-17,322.65339394249423,326.4419405397074,320.51928173209353,325.0714111328125,18338500
2023-10-18,325.4923293025366,328.52709196343386,321.3905106177838,323.16241455078125,23153600
2023-10-19,325.1595033838665,329.78996567974724,323.9456102144574,324.34698486328125,25052100
2023-10-20,324.73862771067326,324.9344304641934,318.6005967792609,319.794921875,25027700
2023-10-23,318.620090545015,325.7273046053134,317.5628335992071,322.3890686035156,24374700
2023-10-24,324.3273920928105,324.8560355263617,320.70528084515973,323.5736083984375,31153600
2023-10-25,337.7586388732426,338.9138270951405,330.51438652342347,333.5002136230469,55053800
2023-10-26,333.3729254857893,334.4399815109655,320.05914822735156,320.9891662597656,37828500
2023-10-27,323.47569046023347,329.63331810351394,321.4884154812009,322.8687438964844,29856500
2023-10-30,326.393023266436,332.3059131853902,324.8462593748241,330.2109375,22828100
2023-10-31,331.71852577091533,331.865362876774,327.64607407506094,330.99407958984375,20265300
2023-11-01,332.6387311841403,340.1081537078223,332.5016633074158,338.78656005859375,28158800
2023-11-02,339.93194035995595,341.48847346531505,337.5139230484177,340.9892272949219,24348100
2023-11-03,342.2716414539088,346.93147136857294,340.02002965992455,345.3749084472656,23637700
2023-11-06,346.0112331411466,350.01515060483416,345.9133317859224,349.0263977050781,23828300
2023-11-07,351.83603801636735,354.83163466533523,350.10330030774577,352.9422607421875,25833900
2023-11-08,354.0680317747925,356.2119431597548,352.9618091115113,355.5560607910156,26767800
2023-11-09,354.6749477041347,357.11256296700316,352.77577495327927,353.0988464355469,24847300
2023-11-10,353.8819973228906,362.3108050217642,353.47085345970584,361.8898620605469,28042100
2023-11-13,360.4703964021509,360.71513487046275,358.1992162461448,358.9627990722656,19986500
2023-11-14,363.20168005612413,364.1218990717547,359.61870535436486,362.47723388671875,27683900
2023-11-15,364.203659277244,366.0184055463694,360.11312341587404,362.6243591308594,26860100
2023-11-16,363.88979560921166,369.17708096054344,363.1246629725075,369.0005187988281,27182300
2023-11-17,366.4892506146671,367.2347751466243,360.00524677898665,362.8009338378906,40157000
2023-11-20,364.1448542442713,371.64904556813445,363.9290460653395,370.2463073730469,52465100
2023-11-21,368.5100775469122,369.049583062371,364.0467785330769,365.9596252441406,28423100
2023-11-22,370.7956031427492,372.5514954656195,367.8233538705503,370.6484680175781,23345300
2023-11-24,370.1383806452385,370.766197129462,367.99014782412655,370.2364807128906,10176600
2023-11-27,369.59884307126106,373.3852898149662,369.02991062580026,371.3939514160156,22179200
2023-11-28,371.1389683050371,375.7003371685908,370.95258715281994,375.40606689453125,20453100
2023-11-29,376.44584793002184,376.97553440384473,370.24629493974936,371.6294250488281,28963400
2023-11-30,371.2762546529022,372.8457658390955,368.313824366715,371.6882629394531,30554400
2023-12-01,369.579278745005,370.9525899274523,364.23313921740737,367.3721618652344,33040500
2023-12-04,362.06521566015255,362.47719398696046,355.98337139108264,362.1044616699219,32063300
2023-12-05,359.46575623768496,365.9693683802573,358.65155863650625,365.4200439453125,23065000
2023-12-06,366.4206145498899,367.04840106048385,361.0156214613024,361.77093505859375,21182100
2023-12-07,361.21181439248187,364.3704447283438,359.3382140130918,363.8799743652344,23118900
2023-12-08,362.1633422956095,367.3230703614092,361.2118285564288,367.09747314453125,20154400
2023-12-11,361.4570668899954,364.51759731266617,359.12242306000167,364.2232971191406,27708800
2023-12-12,363.7818485501349,367.2838138794258,363.3992673247469,367.24456787109375,24838300
2023-12-13,368.8533485777596,370.4424978188213,363.70340938140794,367.23480224609375,30955500
2023-12-14,366.19503694947514,366.6364723191659,357.1900068696794,358.9556884765625,43277500
2023-12-15,359.8581597688427,365.30236955673547,359.2990162951195,363.6642150878906,78502300
2023-12-18,362.408614614865,365.89094271187565,361.6532709896756,365.547607421875,21802900
2023-12-19,364.4096508615579,366.14593505859375,362.7911046946417,366.14593505859375,20603700
2023-12-20,367.8527690284867,368.8631367699809,363.46796282422974,363.5562438964844,26316700
2023-12-21,365.45929104730993,367.2740374598463,362.98733108269056,366.4206237792969,17708000
2023-12-22,366.55795515551875,368.02936637236263,365.60644137118885,367.4407958984375,17107500
2023-12-26,367.8528339374102,369.75586165985493,366.3814226016606,367.5193176269531,12673100
2023-12-27,366.5677589576593,367.9116430236214,365.70452628978785,366.9405212402344,14905400
2023-12-28,368.215691956048,369.2849136866252,367.028762135636,368.1274108886719,14327000
2023-12-29,368.8337703402161,369.9716653516636,366.3618101031722,368.8730163574219,18730800
