Date,Open,High,Low,Close,Volume
2010-01-04,221.76376542820617,221.76376542820617,207.68885732873463,218.5930938720703,76646086.0
2010-01-05,233.7147564600725,233.7147564600725,216.54029771355758,217.6175079345703,21392825.0
2010-01-06,219.487397495362,222.45482711557872,217.60735380817175,221.1337127685547,23691760.0
2010-01-07,221.13370761104912,226.62139340272083,219.1012188293531,224.8023223876953,26197920.0
2010-01-08,225.1986418470306,226.37748661240903,222.75966905192595,224.212890625,15110149.0
2010-01-11,230.62538538425426,233.67412552805254,213.41030406628977,219.81260681152344,188649642.0
2010-01-12,222.5564264264373,231.15381059593588,218.89796045896998,220.39183044433594,32790509.0
2010-01-13,221.1337004992421,221.94668241821145,217.19068188685603,221.25564575195312,15360176.0
2010-01-14,220.72719493661396,228.6132047468954,220.72719493661396,227.983154296875,24545629.0
2010-01-15,228.81644302775993,231.47899564545537,224.5990613837743,225.757568359375,18766617.0
2010-01-18,224.9954104505233,226.91610246583943,221.93652203173963,223.47105407714844,14172193.0
2010-01-19,223.57263802209474,224.8022795941934,220.04627981523691,220.52392578125,13064666.0
2010-01-20,222.55644855293414,222.98327052941065,217.8817445892042,218.99960327148438,19331024.0
2010-01-21,218.49147282056526,218.89797056544754,213.46109545060816,214.23342895507812,18611321.0
2010-01-22,211.58105087607228,217.6784898858188,209.2436990295434,214.19277954101562,39869565.0
2010-01-25,213.339129376524,214.30455639995986,210.70707658005333,211.79444885253906,13393277.0
2010-01-27,210.1582878107818,213.41025575777172,207.31281755311068,208.8473358154297,24843485.0
2010-01-28,211.37780701667066,212.6887592582738,208.3290941254462,210.79855346679688,33223459.0
2010-01-29,209.93473824827493,213.77612229329202,206.9266739081459,212.637939453125,23333042.0
2010-02-01,210.86969018774147,214.42653549523686,210.47335452328508,212.47535705566406,12132865.0
2010-02-02,213.81676984838998,214.70090007225627,208.146152744334,208.7965545654297,17248998.0
2010-02-03,209.56888051408248,213.08507707379275,209.56888051408248,210.1481475830078,15052266.0
2010-02-04,210.97131312036822,210.97131312036822,206.0933669779185,207.1400909423828,11974603.0
2010-02-05,198.16667810490787,204.82303234899214,198.16667810490787,199.52842712402344,29882876.0
2010-02-08,200.19918043468044,204.1320236100008,198.1667051645234,202.09954833984375,25894932.0
2010-02-09,201.9775670836325,202.8413730477967,199.73168785787988,201.87594604492188,14292031.0
2010-02-10,203.22754657324077,203.22754657324077,199.58940484671183,200.219482421875,18261247.0
2010-02-11,201.0629682471455,207.27219021665212,200.9105231184246,206.32708740234375,23450102.0
2010-02-15,208.73557365402837,208.73557365402837,204.79255516876518,205.2803497314453,13498617.0
2010-02-16,205.30068873966874,207.51609542334873,204.26412691519312,206.8555450439453,10068256.0
2010-02-17,208.32909836159155,210.93066512022887,207.7295205896204,209.86361694335938,15630122.0
2010-02-18,209.3453206623247,211.04244636976483,202.23164405886888,202.8007354736328,19834114.0
2010-02-19,202.23166827260732,202.23166827260732,198.60368802181014,199.83334350585938,17754534.0
2010-02-22,202.29261097428957,203.2478758973911,197.15043704263255,198.76626586914062,12692045.0
2010-02-23,197.96341786882738,199.7926507467419,197.15042246362952,198.23780822753906,12976934.0
2010-02-24,197.15045636571864,200.34145234741837,196.46958175488575,198.9390411376953,12487589.0
2010-02-25,199.20327118781512,200.19918463378352,194.94522699563592,195.748046875,18954063.0
2010-02-26,196.94718479345337,202.23162791010543,196.38825552773582,198.96949768066406,22579233.0
2010-03-02,200.19919287614127,203.04466385821945,199.06099634277143,199.83334350585938,18210596.0
2010-03-03,200.80888145823238,208.9387945337933,200.80888145823238,208.2884063720703,26623966.0
2010-03-04,211.37776553553866,211.37776553553866,204.87384326375454,206.09332275390625,20781218.0
2010-03-05,207.71936598883136,208.53234799852194,204.2844657803341,205.23973083496094,11774505.0
2010-03-08,207.55672654058208,208.73557130151778,203.65437008312156,204.08119201660156,11941298.0
2010-03-09,204.568984049433,205.6461941900098,200.81905919750244,201.28652954101562,17459521.0
2010-03-10,202.23163095532317,207.08925222624092,201.07312399203184,205.0262908935547,24807175.0
2010-03-11,205.28038674786941,207.3128757651729,204.67064682646068,206.59133911132812,14583772.0
2010-03-12,206.29657577953992,209.95502777142804,206.09332015537026,207.63800048828125,22333253.0
2010-03-15,207.71934807039182,209.7416611659876,205.9104391724454,208.94898986816406,18131701.0
2010-03-16,209.75180704101234,217.84107236504852,209.14206724163006,217.05856323242188,33998717.0
2010-03-17,218.45080731166053,220.01581197458614,216.6215743865872,217.41424560546875,21599472.0
2010-03-18,218.28825484625696,219.83293559340078,216.27610367599132,218.88783264160156,15292424.0
2010-03-19,219.26383934309618,222.86131960443956,217.50574084998038,221.95687866210938,19737747.0
2010-03-22,215.84926529062923,223.3694263444037,215.84926529062923,218.278076171875,20468483.0
2010-03-23,219.09103498637808,222.3430031468678,218.88779291215573,221.82472229003906,20005544.0
2010-03-25,222.75967853983067,222.96293419582443,218.97926715451058,221.83489990234375,22967888.0
2010-03-26,222.96294000303212,225.8084107205558,222.58692856207844,223.6641387939453,18075516.0
2010-03-29,224.32467893096666,225.59498266147548,221.7434366206211,222.21090698242188,20249784.0
2010-03-30,222.7596602775945,224.7311626439997,220.11744550679015,221.16416931152344,18938795.0
2010-03-31,222.12959289650718,222.55641480826768,217.73944210526378,218.33901977539062,21647708.0
2010-04-01,219.10123209018107,223.26781738538153,218.89798998349204,221.95687866210938,12519976.0
2010-04-05,222.86128174236362,229.59895994789443,222.86128174236362,228.83676147460938,19912935.0
2010-04-06,229.2635987325838,230.27983623635902,227.67825628724023,228.2880096435547,12481837.0
2010-04-07,228.6538355013958,233.67407731646682,228.2676755779852,229.60910034179688,20218574.0
2010-04-08,230.27986392129446,230.99123839999768,223.87756145078205,224.90396118164062,14723428.0
2010-04-09,225.23930598452034,229.87337497001678,225.23930598452034,228.5928955078125,16826518.0
2010-04-12,232.7188608023454,232.7188608023454,228.17625046415878,229.1315155029297,12699784.0
2010-04-13,229.263629830097,230.48310957301382,225.86939176547077,227.820556640625,13971281.0
2010-04-15,228.65385806117263,230.66600897297695,220.94060385421437,221.68246459960938,24286918.0
2010-04-16,220.7475018658515,222.55641051230964,217.70895159257523,220.37149047851562,18193722.0
2010-04-19,219.46709260568284,219.46709260568284,213.61355682472615,215.8086395263672,16389189.0
2010-04-20,217.44474018637152,219.45689105345485,214.29439296586693,216.0931396484375,16748550.0
2010-04-21,217.47522000602845,218.22724281650906,213.03425857187713,214.2435760498047,19187549.0
2010-04-22,213.51189394685596,222.33284431398573,213.42043501211043,218.64390563964844,25598349.0
2010-04-23,219.5077226920197,222.7596912656345,219.5077226920197,221.1743621826172,23235165.0
2010-04-26,219.50773350649422,223.12555160598674,216.15414371763734,217.7293243408203,16652152.0
2010-04-27,216.0525256439749,217.06876334340163,214.42654803840497,215.69683837890625,13970196.0
2010-04-28,214.21310985390085,214.21310985390085,205.68685981519405,206.75392150878906,40110291.0
2010-04-29,208.12584155335864,211.35748594934705,207.14009022315224,210.37173461914062,23447044.0
2010-04-30,211.37777220446904,212.84115577935702,209.34529727838483,210.07699584960938,15821019.0
2010-05-03,208.5323204629063,209.8737589179773,206.9266672990324,208.07501220703125,12535244.0
2010-05-04,208.1664870532127,211.17456509471197,205.99174232123318,207.5465850830078,17348783.0
2010-05-05,205.2803351800648,208.03434659182219,203.91858619676424,207.44493103027344,14976570.0
2010-05-06,207.2721945521387,207.98355541998765,204.06087462362242,204.8433837890625,23863448.0
2010-05-07,198.36993714036723,215.442761100498,198.36993714036723,209.91441345214844,72063684.0
2010-05-10,215.19369913179267,221.54098854577592,212.94142985537545,221.00863647460938,38050844.0
2010-05-11,222.97428943404307,222.97428943404307,217.72241502513717,218.63356018066406,26325489.0
2010-05-12,220.32274928606998,223.06640815712126,217.86573420188253,221.73553466796875,15294301.0
2010-05-13,217.4459991800054,223.8751877196961,217.4459991800054,219.4525604248047,11947698.0
2010-05-14,218.61303311377273,219.28872069293303,211.91766298820707,213.6887664794922,18161695.0
2010-05-17,211.85627114694734,211.85627114694734,206.5941599328067,208.14002990722656,20611809.0
2010-05-18,208.84645196772945,211.6003483735475,206.34847387039213,208.96929931640625,15445191.0
2010-05-19,208.23215202810488,208.3857248554329,203.748101562252,204.4749755859375,26097480.0
2010-05-20,204.95617694841903,207.41319226598375,203.4717168108762,204.74118041992188,18577281.0
2010-05-21,202.68341596128639,204.72068900107192,199.85784516181732,203.8402557373047,19167407.0
2010-05-24,208.43692862361226,214.77398147973042,208.11955933312416,209.38902282714844,24726303.0
2010-05-25,209.8701873737828,209.8701873737828,201.21944136600496,201.81321716308594,25245934.0
2010-05-26,203.70717200892034,206.79891205589595,202.90863696752186,206.399658203125,13726569.0
2010-05-27,207.00364275441586,210.42298890280918,205.0789800320911,209.30709838867188,27405100.0
2010-05-28,210.88370268933585,212.73670467271265,207.72028812265518,212.2555389404297,17535288.0
2010-05-31,210.92467408831843,214.68186484189647,210.63801660708117,214.0880889892578,16548811.0
2010-06-01,213.61712220726,213.96518963247826,205.5908645180591,206.91151428222656,19466130.0
2010-06-02,207.822673045995,209.05117372864078,205.4373189580052,207.01390075683594,19728249.0
2010-06-03,208.82597305710573,212.53196367378442,208.82597305710573,211.05775451660156,17106958.0
2010-06-04,211.09867040185796,212.12243912879103,209.34805499148666,211.13963317871094,14088022.0
2010-06-07,207.82265564221674,207.82265564221674,204.75137685694622,206.33819580078125,13503377.0
2010-06-08,206.73746629669992,207.35173026349415,203.74809935189475,204.0142822265625,15226706.0
2010-06-09,204.79233721958028,207.82266706325422,204.75138810919944,206.19488525390625,15242486.0
2010-06-10,206.79888797517464,208.32429693241193,206.21534951345438,207.89431762695312,13962908.0
2010-06-11,209.87018361731572,215.16300664172022,209.05117404901156,214.25186157226562,23307069.0
2010-06-14,215.9922448014475,219.08398461216817,214.8046796083736,217.7530975341797,15892958.0
2010-06-15,218.10119042093487,219.0635218932107,215.0094504431671,218.28546142578125,18992836.0
2010-06-16,219.08396648910872,219.6265558193285,216.03317604073106,216.61671447753906,11833071.0
2010-06-17,217.71215754987892,220.5172537083495,216.68840242172266,219.3706512451172,21047804.0
2010-06-18,221.1724462818056,223.13807192150352,215.10157664721774,215.87962341308594,38277934.0
2010-06-21,217.24124984259703,219.43209586697074,217.24124984259703,218.19334411621094,11792906.0
2010-06-22,217.65073297286165,220.06679889223437,216.41198134557072,217.8145294189453,12908863.0
2010-06-23,216.9750534097431,218.57210972195347,215.80796275749418,216.77029418945312,11659191.0
2010-06-24,216.83168325429557,218.22399379196568,214.4360923342922,215.40866088867188,18805263.0
2010-06-25,214.98896445803817,218.67448003453526,213.55570460386508,217.64048767089844,20325423.0
2010-06-28,219.90299572590988,223.588511325657,218.09094292477477,223.20973205566406,31472648.0
2010-06-29,223.38376886997864,223.38376886997864,217.8964376706199,218.56187438964844,14213976.0
2010-06-30,217.0364680052398,223.98777056842997,216.52459047779794,223.14830017089844,26637611.0
2010-07-01,221.95051230977708,222.43167803724282,218.36736938240412,220.3636932373047,13310905.0
2010-07-02,220.31250043628592,221.94026857283578,218.1216546978296,218.86900329589844,10948784.0
2010-07-05,219.0839666943691,219.72892879166366,217.58928329872106,218.7358856201172,6399512.0
2010-07-06,218.16260526893265,221.52052800809057,218.16260526893265,219.8825225830078,9255011.0
2010-07-07,219.90302084476923,220.06681730455725,215.19373594657495,215.71585083007812,13738578.0
2010-07-08,217.03646372152602,218.99183829798704,216.06389507178963,216.44268798828125,11977911.0
2010-07-09,217.84525110444739,218.26497949018423,215.71582900302283,216.55531311035156,12974909.0
2010-07-12,217.03648468315214,218.66425288527446,215.40870281310197,216.26866149902344,12563614.0
2010-07-13,216.4734092237647,220.6708023147101,216.4734092237647,219.96441650390625,15043285.0
2010-07-14,221.13152237799522,224.09019161843926,218.52094795163745,219.1761474609375,15970199.0
2010-07-15,219.48322753869908,221.31575467672693,218.69492992403747,219.7903594970703,13877250.0
2010-07-16,219.29898129806028,219.90299433865246,217.03647463030626,217.64048767089844,8779539.0
2010-07-19,216.64744896352965,218.24450529126105,215.76701574395923,216.2277069091797,9808534.0
2010-07-20,216.42221859342655,218.24449494455368,214.80467411901822,215.5929718017578,6845092.0
2010-07-21,216.81123507698615,217.65071914568867,216.14579838911817,216.7088623046875,9824712.0
2010-07-22,216.70887873814465,217.21051902837516,214.49757201709903,216.83172607421875,15879834.0
2010-07-23,217.84526842368925,219.26827747310202,216.38128292436016,217.12863159179688,13790021.0
2010-07-26,217.75309612075853,218.55163109595384,215.0401492628489,215.62368774414062,9113728.0
2010-07-27,216.80102833635652,217.27195682318776,215.21420913844238,215.7056121826172,12133425.0
2010-07-28,217.65071296511553,219.83132129278854,208.43690402927044,209.1023406982422,52927114.0
2010-07-29,210.58678131581098,210.58678131581098,206.38938853781477,206.82960510253906,46281590.0
2010-07-30,207.81242629737744,208.91807959495574,206.23583090246981,206.72723388671875,19242072.0
2010-08-02,208.02742452033567,209.21498979312526,207.08556759182014,207.73052978515625,12676917.0
2010-08-03,208.67239149741525,211.07822026476228,207.61792448473454,210.43325805664062,20104173.0
2010-08-04,210.4844673562836,211.0987177960084,207.32106597396043,208.03768920898438,18318233.0
2010-08-05,208.8361848810348,209.60399436860297,205.78538048217044,206.19488525390625,18308022.0
2010-08-06,206.57368140117734,206.8193760672783,204.44427295659193,204.77186584472656,19955917.0
2010-08-09,204.75140691904775,205.97992134711478,203.11340134955367,203.4409942626953,22253619.0
2010-08-10,202.90860482538935,205.24277224225114,201.94627348401198,202.2738800048828,19989721.0
2010-08-11,202.6629629737528,203.70719280035922,200.67687611375044,201.32183837890625,21917268.0
2010-08-12,200.6563612823265,201.32179797256777,198.6088374894169,199.1411895751953,24910354.0
2010-08-13,198.7112539737678,203.48196258046565,198.7112539737678,200.47210693359375,30512197.0
2010-08-16,200.65639084155382,203.09293152951892,199.63263562825037,200.0216522216797,14028775.0
2010-08-17,200.65639976462546,201.669917744225,198.60887557903746,198.74197387695312,14788743.0
2010-08-18,199.22313716518724,200.04213316120118,196.22351871307194,197.5032196044922,24859327.0
2010-08-19,197.31892028826786,201.65964901608865,197.31892028826786,200.0830535888672,20662946.0
2010-08-20,200.08306986721158,203.40004376572034,199.12073835554327,202.42747497558594,20996195.0
2010-08-23,203.12364336584227,203.12364336584227,199.75548297354385,200.0216522216797,13543428.0
2010-08-24,200.0216325792182,200.86111669214267,198.0560205758334,199.10025024414062,19276160.0
2010-08-25,198.60887069099698,200.2161781622202,197.68748824714126,198.15841674804688,18620473.0
2010-08-26,198.60885869001274,199.223122727419,195.54783045305425,195.83448791503906,27834839.0
2010-08-27,196.33613430630194,196.7456254533569,193.80744446566487,194.43194580078125,24315870.0
2010-08-30,194.94382241383553,197.54415952409036,193.49008784537696,194.09410095214844,11908601.0
2010-08-31,193.41839814745197,194.50357685621262,187.34751514238593,188.2074737548828,46605039.0
2010-09-01,189.40526649902418,193.24435483684303,188.57601970037916,191.68824768066406,27886811.0
2010-09-02,193.49008230816645,193.82791249310552,191.6473175367853,191.94419860839844,17699285.0
2010-09-03,192.46630223637612,192.7938951005972,189.2312270267068,189.53834533691406,14440305.0
2010-09-06,190.6133251923342,196.09041944984816,188.8422213683175,195.05642700195312,33928353.0
2010-09-07,195.53755844255832,198.54739975310136,195.12805371300144,197.03224182128906,28379708.0
2010-09-08,195.55806404034251,197.5236761199143,194.92333912612648,196.4794464111328,11632859.0
2010-09-09,197.16534255965684,198.03553847272366,195.5785235621349,196.26443481445312,10114309.0
2010-09-13,199.01836731686072,203.83002491741476,197.6567682651416,203.2157745361328,27474309.0
2010-09-14,203.83000933744785,205.36564200723933,201.54704172227122,202.32508850097656,19472955.0
2010-09-15,202.49909803988336,208.5802179941052,202.49909803988336,207.597412109375,33554695.0
2010-09-16,207.22888777434994,207.8943381864788,204.17809689402347,204.82305908203125,18540979.0
2010-09-17,205.77517883775786,211.1806263591951,205.77517883775786,210.35137939453125,31955142.0
2010-09-20,210.68917533380036,213.75020317578088,209.0716308900588,213.22808837890625,30419766.0
2010-09-21,213.35094277992403,214.68182984281316,209.8804100733762,211.94839477539062,21351925.0
2010-09-22,211.71292591786244,213.69901229318083,207.82265138180765,208.8566436767578,25872625.0
2010-09-23,208.85667043781697,209.6654290783676,203.93238930793152,204.27023315429688,23030491.0
2010-09-24,204.75140480111526,206.59416959019006,203.13387380542414,205.08924865722656,22669074.0
2010-09-27,206.38942035673793,208.82596091940297,205.79563088249748,206.83987426757812,16465376.0
2010-09-28,206.450820624426,207.20839279683318,203.31811816014144,204.4442596435547,19682506.0
2010-09-29,204.7514069476953,206.59417175608934,203.72765175812717,204.54666137695312,17790040.0
2010-09-30,205.16088691581024,205.16088691581024,200.2673316883077,202.14080810546875,28981699.0
2010-10-01,203.11343721244492,206.79895381152502,202.70393233078468,206.36898803710938,19104034.0
2010-10-04,207.8124284589739,210.03397235466164,207.8124284589739,208.4062042236328,21163057.0
2010-10-05,208.02742615776765,211.2625017639496,206.59416619735066,209.6347198486328,22938984.0
2010-10-06,210.89394314820444,214.37471338430046,210.26945551499233,213.95497131347656,28137687.0
2010-10-07,213.9549311354428,216.1662511336178,211.40578102276743,212.7673797607422,31547758.0
2010-10-08,214.31328430156665,215.97177798672627,211.00654787703593,214.91729736328125,20865341.0
2010-10-11,216.21745809362037,219.54466884979243,215.62368234975602,218.92018127441406,25796876.0
2010-10-12,218.67448758885905,218.96114503676742,214.20067415423998,216.1355743408203,13979878.0
2010-10-13,216.23794795275435,219.9030027829109,215.95130417166897,219.70848083496094,23967306.0
2010-10-14,220.1077507116904,221.43863785627696,215.84892004977007,216.83172607421875,24414709.0
2010-10-15,217.03649602515037,218.67450159084933,212.04055376410062,213.01312255859375,11601973.0
2010-10-18,213.40212323901258,218.04998371867683,211.5593586904963,214.46682739257812,22209315.0
2010-10-19,218.06025861036895,218.81784458181372,212.7879096506205,213.84237670898438,18579617.0
2010-10-20,212.8185953041704,217.93738445126607,212.53193786344892,214.8763427734375,18232837.0
2010-10-21,215.39844683755743,222.73879319671744,214.82514565268423,221.46932983398438,37273145.0
2010-10-22,222.24740966381248,223.95707609085196,219.974665611821,221.50006103515625,19627279.0
2010-10-25,222.76950569420154,225.615550740829,222.36000094151694,223.25067138671875,18019151.0
2010-10-26,223.36329021989667,225.42103767344292,222.5852297924022,224.99105834960938,15444185.0
2010-10-27,224.81700682014323,227.27402157029616,221.79692818298616,223.7420654296875,21946562.0
2010-10-28,225.10366678645448,225.41078509124947,220.0258271333209,221.54098510742188,36188021.0
2010-10-29,222.70810936957264,226.70075727948498,221.2339002797006,224.45872497558594,29722655.0
2010-11-01,229.52630541560694,230.32484043332684,223.0254562199325,223.834228515625,30509287.0
2010-11-02,224.28465484936825,224.28465484936825,219.1453915915322,220.07701110839844,20360675.0
2010-11-03,221.54100476411938,222.13478054066672,217.5790689373221,218.1216583251953,19939993.0
2010-11-04,220.70152268807914,226.65979606771862,220.10774690605933,226.26052856445312,24311819.0
2010-11-08,228.0725740766741,229.11680371752084,225.33913897663095,227.65283203125,22364112.0
2010-11-09,227.7347144844569,229.423906158778,224.6634494395496,226.97714233398438,15410057.0
2010-11-10,226.59833837890108,228.6867974141988,225.06270593130418,225.6769561767578,11899060.0
2010-11-11,226.45503221401006,227.6425974217011,220.31250162693883,221.11102294921875,12690058.0
2010-11-12,221.1622227141322,222.64668273051421,216.42223987807608,217.415283203125,19131902.0
2010-11-15,218.49022252109086,218.65401897124238,212.5729117442295,215.95130920410156,16084932.0
2010-11-16,216.8317353604024,216.8317353604024,210.18756396678367,210.99632263183594,19833309.0
2010-11-18,214.94801370927468,214.94801370927468,207.6179175881489,211.49795532226562,22776798.0
2010-11-19,212.12244970248676,212.12244970248676,202.11010504450488,203.98358154296875,24826481.0
2010-11-22,205.4680179965782,208.11954114458777,204.1780800589934,207.25958251953125,18956753.0
2010-11-23,205.70349642883005,205.77515737693204,199.63262638162257,203.85049438476562,33113827.0
2010-11-24,204.54663999159345,208.39596566252814,201.89510312012885,203.942626953125,19703855.0
2010-11-25,205.16089729186965,205.36564284817587,199.22311214385738,200.55398559570312,29112802.0
2010-11-26,201.680150307013,202.78580377382332,196.21327931104483,197.0425262451172,30639363.0
2010-11-29,198.50648667769698,205.2530444935924,197.05275214126308,204.42379760742188,23409097.0
2010-11-30,204.71043200206626,206.5327220234396,200.88158096890396,201.80296325683594,30483669.0
2010-12-01,201.68011367053612,204.21902673856565,201.28084619451488,202.45816040039062,18726828.0
2010-12-02,204.54665115195525,207.50530650885239,203.7378788520958,207.0343780517578,24834141.0
2010-12-03,207.61792222778232,209.66543256039125,204.34189749485103,205.95944213867188,19641270.0
2010-12-06,207.9967030119881,210.89393461005375,207.4131645148785,208.87713623046875,17790259.0
2010-12-07,208.84638586184286,212.8799818767496,208.84638586184286,211.04745483398438,22397973.0
2010-12-08,209.84966998156443,210.4332083814405,207.03433707425035,208.95899963378906,16997335.0
2010-12-09,209.77801909416877,211.68220719288558,200.40040047143506,201.57772827148438,31716183.0
2010-12-10,202.04870766331047,210.89396280565347,200.5232984096225,209.6449737548828,26529301.0
2010-12-13,209.6756383336754,214.1699395133289,206.79888155479702,213.29974365234375,16834458.0
2010-12-14,213.5557326687303,217.03650315260407,213.35097342383827,216.06393432617188,20081132.0
2010-12-15,215.80796540021356,217.85548928854976,212.1224497370635,215.78749084472656,21436026.0
2010-12-16,216.56555740424713,217.03648586167293,212.95168891532919,216.39151000976562,15530788.0
2010-12-20,213.96517388975198,218.67445774018842,213.88327567807934,216.37100219726562,15858100.0
2010-12-21,217.0160261844014,220.0872918123061,216.67818231823605,219.72897338867188,16089753.0
2010-12-22,219.6572906200753,220.1077445075781,214.65112513688354,216.2277069091797,15132141.0
2010-12-23,216.5860439296207,217.99882937997359,215.09136025048133,216.9136505126953,14589936.0
2010-12-24,215.60324600957307,217.95788851595836,214.98899560249447,216.97508239746094,9452996.0
2010-12-27,216.68842200383799,218.83831890159436,215.2244501247656,216.06393432617188,5782048.0
2010-12-28,216.27889414560065,216.97505636898293,213.40213708810694,214.55899047851562,8857349.0
2010-12-29,214.64087736208884,216.01271351294253,214.23137260548344,214.70230102539062,11184510.0
2010-12-30,215.48037325160644,216.1662845307009,214.22114708105457,215.2346649169922,14561753.0
2010-12-31,216.63720958041745,218.3673641695909,215.6441663156041,216.77029418945312,9973432.0
2011-01-03,218.0602372495442,218.3673692531655,215.52132400150546,216.1355743408203,10411256.0
2011-01-04,217.036490153484,221.11103623443978,216.48366346086578,220.53773498535156,22021878.0
2011-01-05,221.13150568877214,223.179029628171,219.0839954173012,220.2715606689453,25943243.0
2011-01-06,220.72201617184024,223.46568887290982,220.0156302731231,222.27813720703125,21763180.0
2011-01-07,221.3976856561676,222.7183355043274,216.62697749255307,218.1421356201172,17875107.0
2011-01-10,218.14212280054483,219.17611513983744,209.09211001052861,211.60031127929688,18478415.0
2011-01-11,212.9414792124582,214.7228204925131,204.46477954901945,207.56675720214844,21147094.0
2011-01-12,208.9795322397511,212.05079790023316,205.36566346473063,211.05775451660156,23195000.0
2011-01-13,210.89392182015388,212.76739819825048,207.02412173895146,207.89431762695312,24336418.0
2011-01-14,207.6281578888949,210.8529962051859,204.34189590325545,205.05853271484375,19111808.0
2011-01-17,205.36564079539167,206.3894095704724,203.1236223045386,204.3214111328125,14046519.0
2011-01-18,205.74442479818453,206.38940060193033,202.70387144198946,203.69691467285156,14871527.0
2011-01-19,204.66948294679327,205.77513622543103,199.6326058615085,200.68707275390625,23491557.0
2011-01-20,200.1649730234624,200.1649730234624,195.44545117737462,198.57814025878906,41343304.0
2011-01-21,199.63263987290017,203.21578319564807,199.223135045286,202.0487060546875,19528676.0
2011-01-24,203.74808858547857,203.91188501174076,197.40079938477925,198.93643188476562,22242712.0
2011-01-25,200.06258822369045,201.66989555764488,195.79352024319778,196.25421142578125,20325555.0
2011-01-27,197.7898580617633,198.07650184902053,192.46632309406363,193.01914978027344,28105152.0
2011-01-28,193.49005199676958,193.67432297786917,184.68573432030178,186.93800354003906,33855702.0
2011-01-31,186.0882917645106,190.18332567663663,184.91097754468143,188.2279510498047,25332450.0
2011-02-01,189.41553743953,189.94788962262456,181.93188137086347,183.3549041748047,37898873.0
2011-02-02,186.32377330179426,189.98881443987582,185.77094663112987,188.63746643066406,28465716.0
2011-02-03,190.00928164398425,194.00194285395386,187.34752117193165,193.26483154296875,17047728.0
2011-02-04,193.9814532083007,193.9814532083007,186.96871369377445,188.3712615966797,20715343.0
2011-02-07,189.5383487738864,192.22059740589435,187.2246694566638,190.22427368164062,14586353.0
2011-02-08,191.5858661424227,191.5858661424227,186.57968741555717,187.39869689941406,19685333.0
2011-02-09,185.99615341426542,191.89298903600266,185.02358475440403,187.20419311523438,38228022.0
2011-02-10,186.83563679637732,188.53506579175328,181.2254449535791,184.20457458496094,28347803.0
2011-02-11,184.26599858393197,187.34751465944797,181.8294583000894,186.3135223388672,20012347.0
2011-02-14,185.5252234596388,188.0129501126592,183.06820863764784,187.3065643310547,30145949.0
2011-02-15,187.22467303004427,193.44911536496082,186.58993449613814,192.8143768310547,27266420.0
2011-02-16,192.118235942388,194.67762373080862,192.07728683120746,193.31602478027344,11041551.0
2011-02-17,194.07359725115955,195.62970437218442,191.6984806273104,195.3225860595703,14091434.0
2011-02-18,195.75255351048085,197.17557604255433,190.82828650668785,191.55516052246094,15747939.0
2011-02-21,191.6677749955871,196.74560127431727,191.27874478576598,195.81399536132812,25629860.0
2011-02-22,203.1134011542691,206.67606975675946,200.50281312260987,201.64942932128906,88922943.0
2011-02-23,201.96676674521237,205.22231669839033,201.68012297233432,203.8607177734375,31184499.0
2011-02-24,203.93238149308922,204.4647472715368,196.22349266639992,197.42129516601562,32903650.0
2011-02-25,200.7996736744788,201.11704292266484,195.44542757000457,197.8410186767578,15101417.0
2011-02-28,198.6497818561566,203.58429972794465,196.56132267196583,197.4315185546875,22487428.0
2011-03-01,199.36646712375298,203.25674268269324,198.03557978308135,202.46844482421875,12622459.0
2011-03-03,199.67355272607307,201.68011371583387,198.2198183694171,200.12399291992188,19518684.0
2011-03-04,201.60848236207187,203.68670459674354,200.26735785706725,201.10684204101562,15419957.0
2011-03-07,199.44835503604338,201.33206904092202,197.38037000944237,200.0523681640625,11821324.0
2011-03-08,200.24688387801527,203.19530214105473,200.24688387801527,201.66990661621094,12057689.0
2011-03-09,202.4376916626781,205.65229244954622,198.21982402025526,203.49217224121094,32473255.0
2011-03-10,203.2567049116829,203.31812857735545,201.06585916305832,201.62893676757812,9853822.0
2011-03-11,200.41066604865242,203.70716521920505,199.04906707951898,203.12362670898438,15000438.0
2011-03-14,203.30791790238248,209.00000901463866,203.16459599705968,208.50860595703125,28811267.0
2011-03-15,204.33163989072736,214.90704802169142,202.47863803023023,212.3783721923828,56447390.0
2011-03-16,213.96519280192786,216.01271661435223,212.55240752192222,214.39517211914062,20605120.0
2011-03-17,212.79810181986613,214.7432390625091,210.48440894848767,211.0679473876953,12381790.0
2011-03-18,211.91767388686935,211.91767388686935,202.00770278224238,203.318115234375,40501886.0
2011-03-21,204.55689823625545,204.75140652806186,200.8816059055369,202.76531982421875,15546778.0
2011-03-22,203.32837158967487,205.75467479180944,203.14410058746003,204.6797332763672,9793572.0
2011-03-23,204.72071308987245,208.16053465591327,203.8914661196881,207.46438598632812,11419987.0
2011-03-24,208.00693873394445,209.2456903307608,205.53968648586755,206.86033630371094,11233928.0
2011-03-25,209.64489844023345,210.88364976691074,206.79885387262644,210.19773864746094,15392440.0
2011-03-28,210.1260988175177,212.19409712926597,207.67932125345138,210.01348876953125,19079527.0
2011-03-29,208.84642093092725,211.3034358789711,208.76452271064701,209.40948486328125,18101992.0
2011-03-30,210.38206759626985,212.42957791154265,209.68590534160305,211.40582275390625,12257428.0
2011-03-31,211.81533540083058,215.99226807985193,211.81533540083058,214.80470275878906,31502965.0
2011-04-01,214.7944607293647,218.24451921581806,211.09869389408408,212.20436096191406,18772571.0
2011-04-04,212.94146164939653,215.9717917650108,210.68920570462436,215.1220703125,13111730.0
2011-04-05,215.50084048786346,216.831713889736,212.94143912257317,214.50779724121094,10756797.0
2011-04-06,213.9651753305606,215.85912615994783,212.94142034190688,213.93446350097656,9083271.0
2011-04-07,213.97543701628064,214.4873145689998,211.9381640830998,213.33047485351562,10163661.0
2011-04-08,213.350978122971,215.17326846979418,208.97953694716762,209.6449737548828,11995738.0
2011-04-11,207.4131585029255,208.73379462443978,205.49873295588037,205.83656311035156,11296579.0
2011-04-13,205.13019920450427,209.66543659194897,204.05525762600786,209.21499633789062,19116564.0
2011-04-15,208.56999564928793,209.83945903624908,205.77513694327286,209.04092407226562,14174275.0
2011-04-18,208.68262553097364,213.90378778904164,204.87424867609883,206.6248779296875,14793743.0
2011-04-19,205.71372662901663,208.3243145133346,204.49546321734385,207.13674926757812,12022958.0
2011-04-20,208.02739265947451,210.99628488484947,206.4303365040422,210.05442810058594,10315413.0
2011-04-21,211.87674894076227,213.8014118967185,210.8939429065688,213.06430053710938,14934401.0
2011-04-25,207.6178807712257,209.05114045144836,205.80582820144537,206.66578674316406,18138998.0
2011-04-26,206.59415579253334,206.59415579253334,204.2497508490448,204.9868621826172,17652410.0
2011-04-27,205.77511903371948,206.61460303377362,200.67681871088988,201.9053192138672,24710243.0
2011-04-28,203.1133861409909,203.31813169637368,198.6088472432944,199.10025024414062,35712321.0
2011-04-29,199.63262960071393,202.29439034135012,198.87504365842022,201.4241943359375,14936357.0
2011-05-02,201.4548761824855,202.0486655809411,196.82750399362303,197.5338897705078,13609544.0
2011-05-03,197.605560185639,198.0764886154553,192.68129306139636,193.26483154296875,22028515.0
2011-05-04,193.4900796553248,195.89590836988103,192.4663245003555,194.0326690673828,11668233.0
2011-05-05,195.2761226462747,199.10932156980874,194.99715092384957,196.2989959716797,19582976.0
2011-05-06,196.92922770788246,198.37571745803575,196.12332174331004,197.35284423828125,12916462.0
2011-05-09,198.37573921300216,199.62592539318817,196.59861870406797,198.23109436035156,8012908.0
2011-05-10,198.2310984626909,199.18164938796536,195.5964129703335,196.4643096923828,8143376.0
2011-05-11,197.13587964695165,198.04508957028204,194.96613809535708,197.4355010986328,8197011.0
2011-05-12,196.61931162128081,197.29090469708035,194.44958333108397,195.3794708251953,9218985.0
2011-05-13,195.32773480378424,198.78897520092943,193.81925461428068,195.89599609375,13906027.0
2011-05-16,196.3092974704765,196.59858712931631,194.563172567547,195.27609252929688,7008149.0
2011-05-17,195.41043941885866,195.64807025119228,189.5418255086395,190.24440002441406,17384039.0
2011-05-18,190.11007208827172,190.9056463138348,185.636289577999,186.35952758789062,24814804.0
2011-05-19,187.7130224882497,190.52334778601977,186.9587891907565,189.18017578125,18072585.0
2011-05-20,189.78977037658956,191.3085825887748,188.10564977475408,190.7713165283203,13873483.0
2011-05-23,189.90344752517407,190.52336782562188,186.65917358326755,187.919677734375,14836682.0
2011-05-24,187.21709085222855,190.2960423947339,187.21709085222855,189.23184204101562,11107409.0
2011-05-25,188.89086019923147,188.89086019923147,186.18386660936986,187.21707153320312,13112272.0
2011-05-26,188.58090291147957,193.59195082169506,188.27093592341143,192.97203063964844,30001792.0
2011-05-27,193.0236678636754,196.90852447868986,193.0236678636754,195.36904907226562,15134521.0
2011-05-30,196.09233794056567,196.92923927647064,193.05471342502608,194.00526428222656,7564463.0
2011-05-31,195.27612527976956,197.52850746342398,193.6849767129326,196.69161987304688,14083332.0
2011-06-01,196.72257128241915,198.09673846787584,194.99711002235875,195.6480255126953,8042814.0
2011-06-02,193.5299783800347,197.28052273254588,193.5299783800347,196.52627563476562,9418728.0
2011-06-03,198.479055932998,199.8222280829048,192.48646082523396,193.12704467773438,19110238.0
2011-06-06,193.13735652107954,194.40820611388523,191.7941845097882,193.7779541015625,6149800.0
2011-06-07,192.9100497363138,198.37570973428583,192.9100497363138,198.0140838623047,17612490.0
2011-06-08,197.39415259922953,197.53879742228892,195.05910291368014,196.1439666748047,14205061.0
2011-06-09,195.79270748974932,197.931439923251,195.68938974785863,197.13587951660156,9152117.0
2011-06-10,197.36314952742578,197.54912143548273,192.60006438574362,195.17274475097656,11068775.0
2011-06-13,194.91449998150642,194.91449998150642,190.3167220337862,191.26727294921875,12923374.0
2011-06-14,191.20526437919563,192.5381046497757,188.0436586702936,188.32261657714844,18967099.0
2011-06-15,188.45692642563324,189.88275253645662,185.687928391149,186.09088134765625,20156715.0
2011-06-16,186.1838863667978,186.1838863667978,182.69165004307123,183.40455627441406,24969151.0
2011-06-17,184.1794673254461,184.59275209850446,178.78612931492196,179.5196990966797,22029696.0
2011-06-20,180.81119325604345,180.81119325604345,171.1197139375653,172.1839141845703,30300033.0
2011-06-21,173.5581103756827,176.67838922343435,173.02084427587423,175.36622619628906,17413744.0
2011-06-22,176.33743589075013,177.32931386274666,172.3699102086721,174.77728271484375,20107599.0
2011-06-23,174.93225944084415,180.33592898976573,174.797932584457,179.88131713867188,20713868.0
2011-06-24,180.63555263201735,181.7824209447602,176.8023540702415,180.06729125976562,31670322.0
2011-06-27,179.09607220605315,182.21636447569142,178.09386255175477,180.09828186035156,14349371.0
2011-06-28,181.61709289715537,181.61709289715537,178.12485678918364,180.0052947998047,10219645.0
2011-06-29,180.95582128510233,183.49750627272059,180.21191987623078,182.9292449951172,12430639.0
2011-06-30,183.64219915439338,186.39052010348837,183.29090503220544,185.6672821044922,21744714.0
2011-07-01,187.42375526762615,187.42375526762615,177.02969891827993,178.11456298828125,28677893.0
2011-07-04,180.68722672641115,181.72043173760537,178.7447842006931,179.44737243652344,16499512.0
2011-07-05,179.63334997221452,179.63334997221452,174.40533410789453,174.8082733154297,33805768.0
2011-07-06,175.40755819939375,177.4016460277138,173.72342363303474,176.24444580078125,26877909.0
2011-07-07,177.29831349525708,180.79054984757607,176.73003830751102,179.9226531982422,20137982.0
2011-07-08,180.39792916470554,180.60456465607848,176.05845969905033,176.6473846435547,20937538.0
2011-07-11,176.47177805019112,177.70128704596098,175.0252879531068,176.32713317871094,9598807.0
2011-07-12,175.1285626876388,177.17430911514657,174.75660502970354,175.1802215576172,13066390.0
2011-07-13,176.27542104200046,179.7160122104854,175.87248184736234,178.83778381347656,17029770.0
2011-07-14,178.39353050437393,181.41049179443547,177.57729263017836,179.27175903320312,13312532.0
2011-07-15,179.30274714214949,181.01786323357848,178.7448036847223,180.43927001953125,10206245.0
2011-07-18,180.17060506727054,180.58388981827267,178.57947050088953,179.2820587158203,6582763.0
2011-07-19,179.26139572136987,182.13369785122472,178.95142870863873,181.7307586669922,9822813.0
2011-07-20,183.08427197229494,183.24959417072634,179.53004472036113,181.05918884277344,11180149.0
2011-07-21,181.00753173454862,181.00753173454862,177.205328044873,177.8872528076172,7886175.0
2011-07-22,178.95143316985425,181.22449246700447,178.22818138681467,180.47024536132812,15303807.0
2011-07-25,184.32411959065405,184.32411959065405,181.6687844734064,182.433349609375,21905216.0
2011-07-26,183.54922360211523,183.9418448735149,179.65403380346032,180.08798217773438,20462017.0
2011-07-27,180.81122800247863,180.81122800247863,177.535958650873,177.8872528076172,13675826.0
2011-07-28,176.67835566823905,176.67835566823905,172.21490552162967,173.03114318847656,31299376.0
2011-07-29,173.57874089776712,175.07688938591937,170.09683678960388,171.08871459960938,21393442.0
2011-08-01,173.16547336979906,173.16547336979906,169.72489601263112,171.68798828125,14242019.0
2011-08-02,171.00606331682278,173.35144501995936,169.13597081289618,173.0208282470703,16570663.0
2011-08-03,170.84073499225624,172.79349525559746,170.0865017730356,170.48944091796875,14085375.0
2011-08-04,171.09906955433817,171.8533028901298,167.38985214036856,167.86512756347656,13737415.0
2011-08-05,165.209794521102,165.209794521102,160.9736427603859,163.65997314453125,26222826.0
2011-08-08,160.49835128405726,164.56918044896935,158.49393202250621,161.3145751953125,22242669.0
2011-08-09,155.6009538556406,160.97362792280208,155.6009538556406,158.14263916015625,32649029.0
2011-08-10,162.28582059023174,163.24670331051962,158.08067756259027,159.68214416503906,17746463.0
2011-08-11,158.77292238331304,162.20316849032795,158.08067961409844,159.56849670410156,10890149.0
2011-08-12,161.8001955675829,161.8001955675829,156.63415703350495,157.23341369628906,17222470.0
2011-08-16,157.0474496083213,159.58913501075472,155.95224016999262,156.87179565429688,11286937.0
2011-08-17,157.15075913145495,160.02307494941462,155.1876669761391,156.0142364501953,13545843.0
2011-08-18,156.57217979413028,157.04745521441885,152.29470101153325,153.16259765625,17126872.0
2011-08-19,151.06515508970958,152.7079621545889,149.05040420101395,151.3751220703125,20399978.0
2011-08-22,151.05486103465407,157.01647480035243,149.93900169640062,156.4275360107422,15542731.0
2011-08-23,157.11975237648042,159.5271244143503,154.46440399680384,158.13229370117188,17536780.0
2011-08-24,157.8740460732224,159.01058290130598,156.2209204061387,157.3161163330078,12987792.0
2011-08-25,157.3780735327397,158.9072175533443,155.03269173187044,155.70428466796875,21214238.0
2011-08-26,155.1876810023509,156.241549590274,147.12866238713602,148.65780639648438,19501819.0
2011-08-29,151.07553974797327,157.02682233549652,150.50727824635052,156.0246124267578,18316877.0
2011-08-30,158.08064839318214,164.548518057288,157.8739991249406,161.717529296875,34217075.0
2011-09-02,164.63116973077098,168.14408309037313,163.1330211838013,166.4392852783203,34086257.0
2011-09-05,164.17658189059597,165.1064692341234,161.78987288142122,163.00906372070312,19981247.0
2011-09-06,161.84155933512665,170.58249007349033,160.45705997697473,169.75592041015625,31333473.0
2011-09-07,170.27251840999838,174.30202127043728,170.21052775603383,172.23561096191406,31438175.0
2011-09-08,172.2355458570946,177.5049011872936,168.3093622373557,176.15139770507812,35284258.0
2011-09-09,176.08948490650113,177.41199365800242,170.21053865014045,170.6341552734375,29564130.0
2011-09-12,167.4518151284266,169.95217312549087,164.3315369670372,166.6149139404297,18579499.0
2011-09-13,168.04077136669596,170.42748030842222,164.64152090958186,167.43118286132812,25400442.0
2011-09-14,168.18540600904203,171.4606609075073,166.38762227967584,170.56178283691406,20539026.0
2011-09-15,172.13228277918665,173.2894691712861,168.11311193785124,172.81419372558594,20407052.0
2011-09-16,175.64517655818042,175.64517655818042,169.65258172345187,170.61346435546875,26810791.0
2011-09-19,170.4791416147765,171.33670652088986,168.5367127544239,169.7662353515625,12796090.0
2011-09-20,170.06588258027068,176.4614310255849,168.68138326202705,176.01715087890625,18437927.0
2011-09-21,175.83111469230542,175.83111469230542,171.9875986973835,173.08279418945312,17030216.0
2011-09-22,170.26217775539985,171.0784155782199,161.1802853354363,162.49246215820312,27298045.0
2011-09-23,159.91977873972488,163.78397292905683,157.8946818762894,159.23785400390625,38513013.0
2011-09-26,158.94856508673757,159.25851833718693,154.47476856433065,156.88214111328125,27202137.0
2011-09-27,159.94044595377136,165.45776564604267,159.5271611516449,164.73452758789062,22046959.0
2011-09-28,165.26146191722648,166.61495205672287,163.06072482898304,164.73452758789062,25034598.0
2011-09-29,163.35000903196894,167.94777260004037,162.09982299807461,166.90423583984375,31511671.0
2011-09-30,166.03633406809848,170.04517260039205,163.76328868682583,167.03854370117188,34944185.0
2011-10-03,163.4946608600102,165.29244478584107,162.0275075097816,162.87474060058594,21109422.0
2011-10-04,162.00682194556595,163.41198445831145,158.13229671102,159.44447326660156,26251892.0
2011-10-05,159.6407967964911,160.7463242350304,157.4090645767165,158.4939422607422,20734666.0
2011-10-07,162.56479217864887,166.9662527330624,162.19283446278885,165.91238403320312,19911027.0
2011-10-10,166.19132092103519,171.69830789860657,166.18098914759693,171.3573455810547,14846381.0
2011-10-11,172.5455646914472,173.86805946200712,169.96253821131734,170.89242553710938,15716423.0
2011-10-12,171.38833788455483,176.03777379082203,170.6960952822878,175.5728302001953,17269967.0
2011-10-13,175.64517671940985,177.29831584367426,174.01271493858582,175.0045928955078,18353721.0
2011-10-14,173.9920735295942,179.7160429566608,173.88874197561003,179.13743591308594,17871109.0
2011-10-17,179.1580839427417,179.54037341530906,171.7499942890158,172.29759216308594,22052401.0
2011-10-18,170.47916172254708,170.76846524837674,167.65851786765265,169.42529296875,18299531.0
2011-10-19,170.5824670431845,174.61196946825234,170.29316356184836,174.1986846923828,11872557.0
2011-10-20,172.51452883973118,173.76470089256438,169.8591805593598,173.31008911132812,9971735.0
2011-10-21,173.57875940491826,175.4798610424745,171.73964841283563,172.70053100585938,10342733.0
2011-10-24,175.23188927066843,176.4717435949916,174.31233375046602,174.92193603515625,9081569.0
2011-10-25,176.67836988029242,182.04071231027842,174.02303499729175,181.00750732421875,22735907.0
2011-10-28,185.9152279873639,186.80378809032024,182.69163191340286,185.9772186279297,24528852.0
2011-10-31,185.56397001142912,185.8325961528593,180.30494496919158,181.33815002441406,15872042.0
2011-11-01,179.88130229432934,181.53442738382842,177.21562205188283,177.83555603027344,16384499.0
2011-11-02,176.67837539622803,182.04071799362748,176.67837539622803,180.1499481201172,13751121.0
2011-11-03,179.3130827974513,183.77653399479976,178.331536529176,183.06361389160156,16042287.0
2011-11-04,187.0104307072276,187.0104307072276,180.3255804198475,181.8340606689453,18251373.0
2011-11-08,181.6377791558402,182.87761966264068,179.46803757780256,182.60899353027344,10120202.0
2011-11-09,183.9211693611876,184.45843545770774,177.94923785509363,178.73446655273438,11664515.0
2011-11-11,177.50495409876578,183.66287122368078,175.66584300175018,182.949951171875,21739364.0
2011-11-14,184.2001290690008,185.150679899491,180.39792574704003,181.16249084472656,15996247.0
2011-11-15,179.98463927285545,181.4311290536325,176.93668309717597,178.01121520996094,9897941.0
2011-11-16,177.52562297899743,177.52562297899743,173.03117664394657,175.2525634765625,13313254.0
2011-11-17,174.62229894761143,175.3662142932171,166.60460750694423,167.3691864013672,24227745.0
2011-11-18,165.37507943972423,167.78245156609074,162.62674500362294,166.98687744140625,21690327.0
2011-11-21,165.31311953105418,165.31311953105418,161.49025238318762,162.49246215820312,17715656.0
2011-11-22,162.85408982086707,166.23267688048043,162.54412276980523,164.3212432861328,19171804.0
2011-11-23,163.22601884191144,163.22601884191144,156.17955565886513,159.81643676757812,23710270.0
2011-11-24,160.14705993295416,160.76698015577625,155.63195063021112,159.7647705078125,27857321.0
2011-11-25,159.05186654602144,159.3721515386806,155.18767273347203,155.76626586914062,16185464.0
2011-11-28,158.08064274985085,162.37878460556848,157.57437206216355,161.9654998779297,11033484.0
2011-11-29,161.5935421928868,161.5935421928868,156.8717838376748,158.0806427001953,21013969.0
2011-11-30,156.36553034782156,161.86219989591874,155.6216287917602,160.8186492919922,19988986.0
2011-12-01,165.1064453125,167.53448107012366,164.3212167276646,165.1064453125,20626920.0
2011-12-02,164.69318549090104,168.41273488879798,162.53378931331483,167.8031463623047,19598467.0
2011-12-05,167.03856357375525,167.8341378283044,164.97215341981547,166.70794677734375,13827937.0
2011-12-07,166.75958741744637,169.34259982743148,165.9743450236475,167.3381805419922,15373615.0
2011-12-08,165.72639166883872,166.90424153094216,159.54781129473398,160.94264221191406,19435800.0
2011-12-09,159.093196389445,159.093196389445,155.53896952830598,156.1588897705078,22070197.0
2011-12-12,157.16113174553604,157.46076705112063,149.60838259521555,150.33163452148438,22298377.0
2011-12-13,149.58768931786162,154.15447145749621,148.9884326198656,153.389892578125,22873371.0
2011-12-14,152.50132975559956,155.78693045435747,151.5507789570681,153.30723571777344,23206895.0
2011-12-15,151.240814860229,155.91090053075456,149.5050217723996,155.0120086669922,28922246.0
2011-12-16,154.77439686854675,174.5293153659323,147.965564322804,149.16407775878906,25499308.0
2011-12-19,148.6164921719925,152.8939713353459,147.77959077622728,151.94342041015625,20623197.0
2011-12-20,153.26594885365685,153.26594885365685,146.55010085688764,147.42832946777344,24282464.0
2011-12-21,150.22830957324766,155.75596134207552,149.3397492693472,154.56777954101562,19963870.0
2011-12-22,153.19357698185632,157.10942945454454,151.46811564709344,155.92123413085938,19571514.0
2011-12-23,157.04744685626534,159.0621979495014,153.41055207923517,154.23712158203125,15360163.0
2011-12-26,154.37144153501114,158.03933179759093,154.06147450910157,157.25408935546875,10396517.0
2011-12-27,158.2872806550351,158.84521021801086,154.02013405359835,155.6112823486328,13449406.0
2011-12-28,156.57218511971112,156.7374935170546,151.9537438280089,152.71832275390625,12376536.0
2011-12-29,151.6024635791506,152.70800496994877,146.13680245621555,147.10801696777344,23840441.0
2011-12-30,147.33528848531165,148.89542757266366,142.37588576728055,143.19212341308594,29146195.0
2012-01-02,143.9877207110105,146.66371928885758,141.99363304728467,146.00247192382812,18808107.0
2012-01-03,147.18031308128477,150.20760560824172,146.7876918777344,149.74267578125,20489219.0
2012-01-04,150.31092395617196,151.04449363516648,147.40761297109546,147.9862060546875,18541902.0
2012-01-05,147.74858725854241,149.80467942005382,143.42978123302342,144.545654296875,28959200.0
2012-01-06,144.0393897388895,149.6083683467666,143.9567355366949,148.27552795410156,20575210.0
2012-01-09,147.63494324013396,147.63494324013396,145.15524821815902,145.94049072265625,18386646.0
2012-01-10,147.1286919817296,152.7080168670138,147.1286919817296,152.12940979003906,19720278.0
2012-01-11,152.4806840973229,155.60097677776002,151.158175484618,154.6194305419922,21183286.0
2012-01-12,154.46442388938922,155.5906286542445,151.38547242750815,152.27403259277344,14225123.0
2012-01-13,153.3279217123084,155.17736470999333,150.45560534816943,151.22018432617188,20530513.0
2012-01-16,150.83786600067577,150.83786600067577,146.9220134676214,147.32496643066406,17794345.0
2012-01-17,147.95523520492586,153.8238487838103,147.95523520492586,153.33824157714844,22738488.0
2012-01-18,157.4607398365865,162.81275074841113,156.64450206506638,161.1286163330078,40461227.0
2012-01-19,163.04006685289684,164.4762250371945,161.6142404441533,162.3478240966797,23989114.0
2012-01-20,163.2467150471282,165.31313928895827,159.5375107763787,163.79432678222656,31725274.0
2012-01-23,156.07625011856646,161.12862608229383,156.05558656837096,159.43417358398438,28250482.0
2012-01-24,160.06441504267073,163.57731490155982,159.1965184038381,161.95518493652344,22291662.0
2012-01-25,162.9780647614551,164.27990977218352,161.75887394935862,163.44300842285156,16786908.0
2012-01-27,165.31309058865313,171.07838562645244,165.10644132830086,169.528564453125,24347771.0
2012-01-30,168.18543496620515,169.20830828651816,163.70130664403237,164.22824096679688,21126187.0
2012-01-31,166.24301846367305,169.6112739467735,165.60242077329096,168.84669494628906,27405612.0
2012-02-01,169.2186294624324,172.3389081032901,168.6193727516988,171.76031494140625,16522676.0
2012-02-02,172.5455409087222,174.136675400481,170.3034771021743,171.3573455810547,21445055.0
2012-02-03,171.51236199415288,173.57877217162317,168.54704600892694,173.22747802734375,19989261.0
2012-02-06,174.79791431452398,175.5418295545927,170.29313716460805,172.1322479248047,17430906.0
2012-02-07,173.9920324297394,176.2030871454859,172.39055235335624,174.5189666748047,21068816.0
2012-02-08,175.025237585357,178.68278198461093,174.6119528488236,177.38095092773438,15957543.0
2012-02-09,177.04002215505085,177.69093780683707,174.11604691863323,176.44076538085938,18851741.0
2012-02-10,175.71751976919745,177.5049721740534,173.16550215459662,174.2503662109375,14952871.0
2012-02-13,173.8060693730686,177.4636280388524,173.78540582327736,175.49020385742188,15284147.0
2012-02-14,175.0046076401681,176.96770017005974,174.19870155948462,175.4178924560547,13711512.0
2012-02-15,176.513099443449,176.83339829973988,172.1426339640441,172.88653564453125,31421021.0
2012-02-16,171.71900220765173,171.71900220765173,166.2843366705685,167.88580322265625,27747347.0
2012-02-17,169.86954884607314,170.76844082933167,167.42084928213413,169.073974609375,35922700.0
2012-02-21,168.92934073181777,175.38689342837637,168.43340172203781,174.31234741210938,36457910.0
2012-02-22,175.23186529591797,177.17429381573572,171.53299396623515,172.21490478515625,25146771.0
2012-02-23,171.92562411271427,175.62450972633945,170.80976488158024,173.49610900878906,19105924.0
2012-02-24,172.23558621772972,173.93005235903067,168.30940167795274,169.4355926513672,18746068.0
2012-02-27,169.81789639594743,170.60313888769036,158.15299130987128,161.47991943359375,27772012.0
2012-02-28,163.0503680984174,165.3854179068853,162.7713964165995,164.58984375,23140014.0
2012-02-29,166.35664785076963,171.07840677959007,166.1706759081388,169.60092163085938,27846970.0
2012-03-01,167.75145960609328,169.17728571870617,165.54039112627098,167.5758056640625,12960682.0
2012-03-02,168.67102568418431,169.03263777632068,166.50128416091167,168.22674560546875,12687228.0
2012-03-05,167.80315350183167,168.2061065429606,164.12493104793904,164.79652404785156,13074509.0
2012-03-06,164.69313604289104,167.1728440930348,159.94039676533586,160.4673309326172,35129404.0
2012-03-07,160.4673420757691,160.6636457578453,155.18765447021312,157.41937255859375,28202989.0
2012-03-09,160.20906212342544,161.09762232350099,158.94855803930184,159.89910888671875,17249418.0
2012-03-12,163.24666980817702,165.93301368106899,161.11826929212285,165.01345825195312,15041933.0
2012-03-13,166.02601061450343,169.84887741251598,165.99501529197408,169.4355926513672,16117008.0
2012-03-14,171.099064271065,171.5123490341484,166.697604304477,168.3094024658203,17623820.0
2012-03-15,169.03265704188146,169.69391824533722,163.94928568356212,164.62086486816406,20258209.0
2012-03-16,161.1802903296067,164.83784918885118,158.56628217229226,159.5994873046875,25168501.0
2012-03-19,161.3869229708569,161.80020773996577,155.20834257115726,156.034912109375,15978638.0
2012-03-20,156.24156196157125,158.36996285495994,155.04304843564756,157.16111755371094,10455362.0
2012-03-21,157.04744996406967,159.8370979515519,156.03490851044816,158.71090698242188,14211666.0
2012-03-22,158.26661339616558,159.41348160980309,151.26147801163282,152.16036987304688,29243875.0
2012-03-23,153.69986700539044,154.87771690973423,152.52200330695493,153.75152587890625,26956646.0
2012-03-26,153.72053386970316,153.72053386970316,150.22829738608436,150.86888122558594,23135333.0
2012-03-27,152.5013282456893,152.66665042255192,149.83566160303818,151.06517028808594,27194700.0
2012-03-28,150.84821598356783,152.06739299933886,148.88512359328857,149.95965576171875,18072694.0
2012-03-29,148.36850846586904,150.78621253667947,148.36850846586904,149.74267578125,23976904.0
2012-03-30,150.74489327200695,155.60096521376263,150.2489543033615,155.1050262451172,17276879.0
2012-04-02,154.8467375060066,155.15670457306206,152.71833652195957,153.02828979492188,11220694.0
2012-04-03,153.792830838637,157.6466926008713,153.792830838637,155.53895568847656,17515593.0
2012-04-04,153.94782971940975,156.4275246205783,153.62754470335972,154.36111450195312,11813695.0
2012-04-09,152.9249536534656,154.56776097904904,151.69544489700033,153.35890197753906,11411688.0
2012-04-10,154.1544450621046,154.3610805108282,152.52196984083332,153.46218872070312,8370104.0
2012-04-11,152.70795508368158,152.70795508368158,150.08360212818056,150.91017150878906,16304095.0
2012-04-12,151.53010204163914,154.07180099224877,151.53010204163914,153.5965118408203,11779103.0
2012-04-13,154.16480778209964,157.46074040949858,152.39801916448698,155.30133056640625,14214624.0
2012-04-16,154.38177539785153,155.69395214590693,152.08805248091087,154.5884246826172,10518035.0
2012-04-17,155.97290098499417,155.97290098499417,152.98693555390446,154.23712158203125,13893966.0
2012-04-18,154.98103162939697,156.38619434385384,153.47255116992665,154.69174194335938,14998238.0
2012-04-19,155.786938453485,155.786938453485,152.6046553315831,153.25558471679688,18399192.0
2012-04-20,152.9249665956538,153.12128412230408,150.4349397543283,151.02386474609375,14922257.0
2012-04-23,149.99063006966284,154.10280001470258,149.64966775461411,152.15003967285156,22106609.0
2012-04-24,152.70799037261864,153.01794361640674,149.5463707273373,151.90208435058594,16664900.0
2012-04-25,151.69542785081657,153.51386134486663,150.44524189169783,152.15003967285156,13586437.0
2012-04-26,152.31532156277515,154.77435216590837,151.59206996498372,153.95811462402344,15180399.0
2012-04-27,153.1832512847759,154.39209640912955,152.1913734105045,153.32789611816406,12501799.0
2012-04-30,152.39801948941047,154.54708376848308,152.39801948941047,153.96849060058594,12147744.0
2012-05-02,154.5470714662191,155.27032321408683,152.91460983779749,153.648193359375,12520177.0
2012-05-03,152.60466573221117,153.8341883704518,151.91242299568563,152.677001953125,8299657.0
2012-05-04,151.55078202432685,152.91461760557362,149.19506852837165,150.1146240234375,16529947.0
2012-05-07,147.7485756226187,149.19506536709312,145.70282919114115,147.8932342529297,20084811.0
2012-05-08,148.368507701199,148.55447963103722,144.44232327411166,146.37442016601562,16997816.0
2012-05-09,145.0622397147012,146.3640845718609,142.79951232360963,143.63641357421875,16058311.0
2012-05-10,144.08069300807333,146.38474748360358,142.69619396804208,143.4401092529297,14838445.0
2012-05-11,143.2024768933836,145.26888695924887,142.2312625071359,144.07037353515625,13310297.0
2012-05-14,144.23568405531506,145.2275620050984,140.21651338318176,140.78477478027344,17853868.0
2012-05-15,140.3094883765937,142.16926283544927,139.29694695683284,140.85708618164062,16170682.0
2012-05-16,139.48292277186252,141.09473470463314,139.07996978866987,139.71023559570312,13569502.0
2012-05-17,140.56784155657922,142.5515979365746,140.0615706844782,141.58038330078125,15576334.0
2012-05-18,139.87554092954002,143.9050430853797,139.4829197289921,142.2829132080078,10341793.0
2012-05-21,141.85931103513326,144.7936178710614,141.75599328614115,143.71908569335938,10211280.0
2012-05-22,145.5995377407809,145.5995377407809,142.32426822776878,142.80987548828125,12853294.0
2012-05-23,141.59069203611284,142.57223828927638,140.4231600312818,141.931640625,11301566.0
2012-05-24,143.40912493932947,144.64897936386595,141.77666305141108,143.67776489257812,10498664.0
2012-05-25,143.61577842650877,143.6777690804286,142.28293798495392,142.83053588867188,13496281.0
2012-05-28,142.99582650349163,145.2688718214432,142.99582650349163,144.9899139404297,11265492.0
2012-05-29,145.1035876844653,146.6740588814268,144.1427050122961,145.03126525878906,15024360.0
2012-05-30,144.57665501204693,146.43642972705123,143.64676765454476,145.94049072265625,15403723.0
2012-05-31,145.93191300707136,152.6422587242454,142.86462468841867,147.7324981689453,39482174.0
2012-06-01,148.0988892735129,148.538570746395,141.96431315328476,143.47178649902344,17921568.0
2012-06-04,141.74446444586079,145.93189969476705,140.99073476638432,145.0420684814453,14269847.0
2012-06-05,145.72250172561525,147.81622607214575,145.53407282377668,147.09388732910156,13284608.0
2012-06-06,147.49174824596497,150.32873491546184,146.2459814661589,149.88905334472656,23252900.0
2012-06-07,150.96728217796084,153.2389674892374,149.96229993385393,151.0091552734375,27944820.0
2012-06-08,150.32870484110063,153.23896886077762,149.13527968033358,152.77835083007812,12717493.0
2012-06-11,153.40649120293085,154.18117158013715,150.34967075080752,151.2185516357422,9954345.0
2012-06-12,149.70058552405825,152.00367575560813,149.57496623224668,151.36509704589844,11961991.0
2012-06-13,151.21854633294726,151.57448168104716,149.15624012650062,149.97279357910156,9950023.0
2012-06-14,149.90995267661424,150.91493488124928,148.87356565160516,149.9832305908203,7479627.0
2012-06-15,150.4334133959073,152.79931359918308,150.4334133959073,152.1607208251953,9936719.0
2012-06-18,152.91445577052636,153.7833505608621,149.07248697884265,150.51715087890625,10034412.0
2012-06-19,150.11933558894214,154.80926240640872,150.11933558894214,154.40098571777344,7804051.0
2012-06-20,154.51613748517553,155.55252463561152,153.46928206001465,154.39051818847656,10313366.0
2012-06-21,153.67863968902057,153.67863968902057,148.73746098145205,150.47525024414062,22609240.0
2012-06-22,149.39702469700052,149.67966813976503,147.3033136600677,148.86312866210938,19130296.0
2012-06-25,149.53311351439885,151.3651176749995,149.0724954053126,149.9518585205078,11114641.0
2012-06-26,150.22405048575024,151.89903069745824,149.58547161761385,151.48028564453125,16084241.0
2012-06-27,152.08741335037578,152.7574108214876,150.3287014354574,151.2708740234375,7708056.0
2012-06-28,151.66866002430564,152.38053055089082,150.04603575769622,150.72650146484375,11903391.0
2012-06-29,151.81523113643112,155.1233033134411,151.81523113643112,154.48471069335938,16771028.0
2012-07-02,153.9927097725951,155.10237484610548,152.8725764243598,154.39051818847656,6831968.0
2012-07-03,154.92439923952554,155.48969999650504,153.11333198138138,154.17066955566406,10294922.0
2012-07-04,154.9348823528933,154.9348823528933,152.60038720903455,153.7310028076172,9347118.0
2012-07-05,153.87755592515214,155.43737075952757,153.27038202592118,154.66270446777344,7805552.0
2012-07-06,154.51611308022825,154.51611308022825,152.73646472907404,153.85659790039062,9259557.0
2012-07-09,152.63182714153646,153.63680969833044,152.02465309187716,153.21807861328125,7798797.0
2012-07-10,153.14474910531789,155.35362491843952,153.0086615360817,154.8720703125,5974354.0
2012-07-11,153.56349745902966,154.22302672334786,151.166192650887,151.93040466308594,11937173.0
2012-07-12,151.1452435790316,152.79928676384995,150.1402613299691,150.99868774414062,10066480.0
2012-07-13,150.74745759725633,152.10836123570382,149.70058821765403,150.4333953857422,11373177.0
2012-07-16,150.74746182249794,151.61634260718301,149.71106068835277,150.82073974609375,7307313.0
2012-07-17,151.7524425123588,152.41195779391302,150.18214540411645,150.61135864257812,11396875.0
2012-07-18,150.32869049651228,151.13476149106958,149.1143289036957,149.86807250976562,8552746.0
2012-07-19,150.78933450510152,152.8202357159137,150.32871643886563,152.38055419921875,11681226.0
2012-07-20,151.22901394772882,152.60038587652318,150.12980318289948,151.3022918701172,12406980.0
2012-07-23,149.7005656331215,151.96178246694961,149.34464435361383,150.53805541992188,10221032.0
2012-07-24,150.9568138484412,152.18162984334901,150.40198135724643,151.6896209716797,8035118.0
2012-07-25,150.8311925972944,151.70008726946347,149.10387152668525,150.5904083251953,8748220.0
2012-07-26,150.93589923629528,150.93589923629528,147.95235689308225,148.68515014648438,14016845.0
2012-07-27,150.53805746906386,152.17114999685538,149.94135192778742,150.95680236816406,13466410.0
2012-07-30,151.3755616659133,153.21803380667473,151.13477738608626,152.75741577148438,6963876.0
2012-07-31,153.1761582743093,156.21204156285688,150.95681432617317,155.68861389160156,13479810.0
2012-08-01,154.98721173536737,157.21702395952585,154.64174472005635,156.34812927246094,14431906.0
2012-08-02,155.3745483996392,156.52608645668647,154.25441516362048,154.8406524658203,7974567.0
2012-08-03,153.88802908396556,156.60986440686273,152.95632466831495,155.46878051757812,10943814.0
2012-08-06,156.6203194289173,165.2778196073511,156.6203194289173,164.57643127441406,37384710.0
2012-08-07,164.57644904053862,166.64922341750324,162.8386594670687,164.0948944091797,19670296.0
2012-08-08,164.3670598735382,167.2877923148592,163.84363217259545,165.57095336914062,18370923.0
2012-08-09,165.17312925554006,166.7434122090477,162.60833236717758,163.34112548828125,12750067.0
2012-08-10,162.81773094149443,165.19409939008324,162.08493767139797,163.7494354248047,10678248.0
2012-08-13,163.2050459717773,165.40343941970715,163.2050459717773,165.01611328125,6183560.0
2012-08-14,164.96379134643146,167.9159288237252,164.77534841567382,167.40296936035156,16508712.0
2012-08-16,167.9263724770429,172.07192067718054,167.30871637543981,170.87850952148438,21632112.0
2012-08-17,171.24489984741757,172.71050010231266,169.5175927486127,170.8680419921875,14330179.0
2012-08-21,170.84713176366566,172.5011612009789,170.07245143368635,170.48072814941406,11057384.0
2012-08-22,169.4233746586762,170.74240507641747,168.69056755874604,169.1302490234375,8748439.0
2012-08-23,169.70602535525103,169.8839999893014,164.97423972778182,166.34561157226562,16661033.0
2012-08-24,165.76986852580245,166.34563766152166,163.03757870595854,163.7494354248047,15117604.0
2012-08-27,164.5659741371464,166.70155807875062,164.04254642643292,164.84861755371094,9154343.0
2012-08-28,164.7439406360232,166.2200093482037,163.00616504739332,165.44534301757812,8774153.0
2012-08-29,165.6128282052102,166.9737458324779,163.3725475587028,163.7598876953125,8842299.0
2012-08-30,163.25739445643933,165.79078675950115,160.92289936828,164.0216064453125,27245709.0
2012-08-31,163.30975029796278,164.2309864854854,159.68762917658412,160.46229553222656,14781765.0
2012-09-03,160.79728191229026,161.20555859756413,159.13278432376484,159.76089477539062,9790138.0
2012-09-04,159.94931506287662,163.55051313702316,159.58292547211596,163.22598266601562,8754970.0
2012-09-05,162.3152288646079,163.29927466014058,160.00167022471317,161.45680236816406,13179587.0
2012-09-06,160.4413334675787,162.17912281231517,159.95977889960355,160.83914184570312,5302686.0
2012-09-07,163.0375471350236,166.76435037026263,162.9956740406314,165.76983642578125,13821905.0
2012-09-10,167.49716837610708,168.19855672915864,165.2254829758143,165.83265686035156,8776096.0
2012-09-11,165.29879174058703,166.62830475115638,163.9797609825872,165.61285400390625,13658914.0
2012-09-12,166.1362408468621,167.43434870880873,165.28828272831902,167.09934997558594,7772894.0
2012-09-13,167.09939531961385,169.27685273560263,166.3037783534364,167.31922912597656,11677889.0
2012-09-14,170.21897953114106,177.06542617472977,169.49665467213248,176.23841857910156,36312698.0
2012-09-17,177.56794500795735,184.58189910145813,177.56794500795735,182.93832397460938,42430663.0
2012-09-18,182.19503257206017,182.96969879326994,178.2379133483763,179.13819885253906,17296128.0
2012-09-20,176.01858146676835,177.60980108830958,173.41191128613607,174.30174255371094,15310116.0
2012-09-21,174.40638354534778,178.9497392878872,174.19700413327678,178.02850341796875,35935601.0
2012-09-24,177.96572591652387,179.5988185391223,174.35407366365547,175.10780334472656,14905003.0
2012-09-25,175.45326808057837,176.87699521120373,173.83064375266704,175.81967163085938,13838236.0
2012-09-26,175.45328761641613,177.90293377951747,174.58439286306933,176.86654663085938,16657879.0
2012-09-27,176.96077616757802,177.54701357740763,172.57444290495013,173.74691772460938,30420370.0
2012-09-28,175.24390876471543,177.52604838221993,174.6890622948692,175.28578186035156,14117613.0
2012-10-01,175.872041366115,176.35359600302414,173.62129231001737,174.51112365722656,8712229.0
2012-10-03,174.71000735928757,178.6880774256435,174.66813426161025,177.14918518066406,21902919.0
2012-10-04,178.08089885320106,179.82915667783334,177.77731887919225,178.5729217529297,12626615.0
2012-10-05,180.03851267846008,180.47819418016238,142.86462201096674,179.5988311767578,15714795.0
2012-10-08,178.91839779434667,178.91839779434667,170.89947514619118,171.55899047851562,20893020.0
2012-10-09,172.8361441255953,173.0873827113924,170.2399282143528,170.70054626464844,11601732.0
2012-10-10,169.80025278512142,172.16615276765617,169.04652302444163,170.8471221923828,9380939.0
2012-10-11,171.47522083483457,172.10333125482407,169.4443197616793,171.6741180419922,11857119.0
2012-10-12,171.43336337672613,173.02458310813952,170.85759427451967,171.4542999267578,10626525.0
2012-10-15,171.47525335749202,173.75740741728555,171.47525335749202,172.32321166992188,11181159.0
2012-10-16,175.64172256739445,175.8615703200932,169.59089186384261,170.10385131835938,22171959.0
2012-10-17,170.85759327490229,171.14023669867638,167.82169570372395,168.575439453125,20915414.0
2012-10-18,169.01512464335823,170.84712870548756,166.8690583494442,169.8630828857422,26601633.0
2012-10-19,169.10932336591384,169.69556069780796,167.36106566810386,168.08340454101562,12648708.0
2012-10-22,166.4921837830259,171.04600881838564,165.75937664096764,170.7633514404297,14165351.0
2012-10-23,170.3236752814814,170.59586439382252,168.50215359612545,169.58041381835938,9493730.0
2012-10-25,169.61182719088367,171.4124263944081,169.00465326516093,169.6746368408203,18056661.0
2012-10-29,167.98920719838094,170.51213142099374,167.98920719838094,169.84214782714844,10986118.0
2012-10-30,169.59090196924856,169.9677738703779,167.31921626311996,168.17764282226562,9337388.0
2012-10-31,168.15668927422993,169.03605229587023,167.07842903460806,168.64871215820312,9422473.0
2012-11-01,166.45029635055326,169.33962362073137,165.1312519942547,168.9836883544922,18379112.0
2012-11-02,170.00960970892214,170.6167835421172,168.02058185869726,169.16165161132812,11547717.0
2012-11-05,168.261392784184,169.37107196096798,167.88452087464108,168.78482055664062,5066549.0
2012-11-06,168.33463545562304,169.04650602190813,166.7120110985223,168.6382293701172,15450143.0
2012-11-07,167.91590940120525,168.60682946383798,167.07841952575106,167.6751251220703,10418019.0
2012-11-08,166.0315790634357,167.14124416333786,165.3511132374629,166.78530883789062,12414461.0
2012-11-09,166.1048479405146,168.22996354979878,164.35659020976286,164.9114227294922,10595311.0
2012-11-12,164.5345492513977,165.27781063992444,163.1003538650671,164.70204162597656,12661154.0
2012-11-15,165.1626429926161,165.1626429926161,162.69206083481862,164.27281188964844,15252390.0
2012-11-16,164.85909356514244,165.9583043879273,161.42540147213353,162.29429626464844,14357871.0
2012-11-19,162.3152302330467,162.9433407101214,159.4049659216092,162.1163330078125,20723808.0
2012-11-20,163.45629100618814,163.45629100618814,159.5829316342446,160.24244689941406,9434023.0
2012-11-21,160.4832089406765,162.0325693812085,159.3526074082705,161.46725463867188,8612899.0
2012-11-22,161.85459556867136,161.9906971062185,159.41541785910024,160.3471221923828,10486909.0
2012-11-23,160.37856667708783,162.43040478199967,160.37856667708783,162.00120544433594,7469469.0
2012-11-26,162.2419454499553,163.19458638847888,161.4253920808395,161.980224609375,4542818.0
2012-11-27,162.68163688521537,164.98472731278744,162.0535263963631,164.7334747314453,10808581.0
2012-11-29,164.56596996208035,168.33464658833847,163.86456762313807,167.1412353515625,19614256.0
2012-11-30,166.6701692963115,169.1721570691262,165.40346600819348,166.1781463623047,18244916.0
2012-12-03,166.4503243340704,168.96278021393664,165.35111353085665,168.33465576171875,10320168.0
2012-12-04,168.78479846710934,172.87801960410087,168.7533936434522,172.66864013671875,15279225.0
2012-12-05,173.41192498299628,175.26486558455076,171.81023696065347,174.32269287109375,13516432.0
2012-12-06,175.02405542923134,177.09682950215185,172.1033232441767,176.6885528564453,11534903.0
2012-12-07,176.09187527766932,177.9029427991321,173.87254502193647,174.74143981933594,13188809.0
2012-12-10,174.74143839704766,175.4428268085997,171.9463250733213,173.42239379882812,8177837.0
2012-12-11,174.19705594225528,175.52656878361623,170.53306189275608,171.695068359375,16253418.0
2012-12-12,172.7314591475355,174.7833109527024,171.54851610632196,174.32269287109375,10123422.0
2012-12-13,174.32268353622345,176.08139559118607,173.8620654792806,174.6681365966797,11603084.0
2012-12-14,174.72048227756818,177.29576174065704,173.46426134681082,175.71499633789062,8950431.0
2012-12-17,174.72046419543497,176.79325227643739,173.9876710577204,174.64718627929688,7246381.0
2012-12-18,174.72045805785524,175.75685905011645,172.94080965658765,174.0714111328125,7996183.0
2012-12-19,174.8670496687225,176.51061072119438,174.62626537493713,175.76734924316406,8718992.0
2012-12-20,176.28030144050828,176.28030144050828,173.6736172962576,175.421875,9577572.0
2012-12-21,174.40645344162422,174.72050172109456,172.1452359477557,172.78382873535156,9402708.0
2012-12-24,172.8570803417223,173.22346994530457,170.763355582438,171.83116149902344,5704037.0
2012-12-26,172.10333479719057,175.0135989040328,172.10333479719057,173.4119110107422,5823779.0
2012-12-27,173.84113788895266,174.19705924231036,170.65868442458412,171.2030487060547,16101867.0
2012-12-28,172.41739255611205,177.1282416460292,172.0091158935258,175.9243621826172,14550602.0
2012-12-31,175.93482561945174,177.9238535313303,175.2020185064789,175.77780151367188,9730755.0
2013-01-01,176.7095192757598,177.2538835268922,175.68358644425263,176.01858520507812,6831351.0
2013-01-02,176.70953705355717,179.22199307167693,176.40594308573478,177.5365447998047,13441898.0
2013-01-03,177.67263214030993,180.47821384686407,176.8351561196341,180.2165069580078,17266808.0
2013-01-04,180.45727613681515,181.02257698945,178.70903220147548,180.44680786132812,13306377.0
2013-01-07,181.2528770913181,182.36254214805552,178.34261290377316,179.34759521484375,15307180.0
2013-01-08,179.03352625340017,179.661650656395,177.5260528436138,178.10182189941406,13973797.0
2013-01-09,178.46824198489793,180.02805690986983,177.68310737300928,178.5310516357422,17071824.0
2013-01-10,179.58835238331918,179.83960493086144,177.33761761090676,177.9761962890625,9239813.0
2013-01-11,178.4891489993453,178.59383173342982,175.0868623072669,175.85107421875,8050294.0
2013-01-14,176.08140334994332,178.5938592365507,175.66265837278624,177.45278930664062,7060887.0
2013-01-15,177.15965434770058,178.34261129204864,175.4532836797486,177.36903381347656,10387846.0
2013-01-16,177.13872731468672,182.34161374648824,177.13872731468672,180.3421173095703,19551254.0
2013-01-17,180.49912672159712,187.08386685019082,180.00710385875098,186.34059143066406,22117537.0
2013-01-18,187.38748414582813,189.05199597768046,185.42986057849058,188.47622680664062,22754714.0
2013-01-21,196.41134682368414,199.94972100926682,192.21344347203666,192.6112518310547,43957346.0
2013-01-22,192.6217643903803,194.8620452580239,191.69005990616265,192.63223266601562,18664413.0
2013-01-23,193.06141773339743,194.46420839256672,191.8261194599198,193.26031494140625,11701950.0
2013-01-24,193.66860809755389,194.3700104750256,189.89991728793967,191.69004821777344,13438049.0
2013-01-25,191.8365763306418,192.066892323611,189.50209543849786,190.98863220214844,14088477.0
2013-01-28,190.81069943320304,191.18757133761204,187.38747541885493,187.92137145996094,13400981.0
2013-01-29,187.38747354158625,188.85307406508434,184.26784353244133,184.84361267089844,15439403.0
2013-01-30,185.81715107703272,189.14615987400546,185.81715107703272,188.3086700439453,17641932.0
2013-01-31,187.7329321371842,188.0155895439785,184.89594569938055,185.63922119140625,16733589.0
2013-02-01,186.62326802089024,188.39244846861914,185.00062945044786,187.1781005859375,8152817.0
2013-02-04,187.60731208098736,188.64369927451014,185.10532443604143,185.64968872070312,13697044.0
2013-02-05,185.08439193041184,185.4821863951896,182.78130146317827,183.147705078125,9708430.0
2013-02-06,184.3411336067212,184.85409312492297,182.32070036300794,183.33615112304688,9876509.0
2013-02-07,182.48815635151004,184.66562728230213,181.8077045473255,182.76034545898438,8542570.0
2013-02-08,182.14271550090996,182.9906597502863,179.43134842416256,180.802734375,9584217.0
2013-02-11,181.10630565268903,183.20003042898873,180.18508352271846,181.81817626953125,8329895.0
2013-02-12,181.86005491272638,184.3201693706001,181.14819825051254,183.29425048828125,9728703.0
2013-02-13,185.08437676810527,185.92185270694506,182.67660374423014,184.0375213623047,10533233.0
2013-02-14,184.24688021703247,184.96920511001227,178.1751134915381,179.23243713378906,12284945.0
2013-02-15,178.991677325599,179.5151050812161,174.6367488949564,177.08639526367188,14390520.0
2013-02-18,177.54698926019816,178.92884337889367,176.54200698775304,177.4423065185547,5310071.0
2013-02-19,177.75635530272174,179.01257606029125,174.66811682300306,177.63072204589844,9677020.0
2013-02-20,179.63025101650658,184.0061015573726,179.34759362937035,183.1581573486328,14873246.0
2013-02-21,181.94379015573944,183.5768968303498,178.72994612999673,179.89195251464844,16214530.0
2013-02-22,179.74540956406815,182.5719136721417,179.64072681494227,180.6038360595703,9725304.0
2013-02-25,180.89694353644592,181.09584075514442,178.1751222410036,178.8765106201172,9878487.0
2013-02-26,177.9029338635219,177.9029338635219,171.42289012450482,172.4174041748047,13474915.0
2013-02-27,173.7783314342238,176.07093962835444,173.18161178995027,174.05050659179688,17709146.0
2013-02-28,175.28579675039865,175.777819642253,168.70105623358805,170.39697265625,27667849.0
2013-03-01,170.84712556864312,171.37055329445033,168.64871793918482,169.6746368408203,13906688.0
2013-03-04,169.36060277460913,171.31822626692062,168.52311275264614,170.13526916503906,14948007.0
2013-03-05,171.49617257755682,174.7100168570119,171.49617257755682,173.0141143798828,13159371.0
2013-03-06,174.1761153454928,175.5370329799343,173.08738682847346,174.8775177001953,10778102.0
2013-03-07,174.04002442091303,176.18607658962213,172.53255097032203,175.13922119140625,10529882.0
2013-03-08,176.5001559231001,178.94980226500908,175.8720454185002,178.23794555664062,10131948.0
2013-03-11,178.4054287023777,180.18509134541247,175.88250456314714,176.814208984375,10569010.0
2013-03-12,178.0704117143803,178.90790157559672,176.61527971927518,177.5155792236328,8552523.0
2013-03-13,176.3326317215418,179.34757837160808,175.91388680186594,176.9188690185547,9401899.0
2013-03-14,176.70951585902634,180.78178637743252,174.87751194892553,180.06991577148438,14790357.0
2013-03-15,181.053968178541,182.02754567817345,175.51609712333814,176.63623046875,12793329.0
2013-03-18,174.82517394551567,176.60482254200403,173.94581093361887,174.67860412597656,8023328.0
2013-03-19,175.1601393541155,175.66263045156703,169.98867255260726,172.73143005371094,17970333.0
2013-03-20,173.6526992743498,173.7364454772201,170.29228504983018,172.24990844726562,20179135.0
2013-03-21,172.73147146152078,174.36457840198221,168.49170792504776,170.13526916503906,16660114.0
2013-03-22,169.23493712512803,171.8939625446581,168.40792951351588,169.71649169921875,11876985.0
2013-03-25,171.8102057934222,172.38597479690182,167.96823771070743,169.433837890625,14058667.0
2013-03-26,168.02061549817287,168.5440432490102,163.30975176430104,164.0111541748047,19465627.0
2013-03-28,164.3565731771653,164.55548434655597,160.0435187828109,161.82318115234375,26513604.0
2013-04-01,163.51910570898386,165.57094328987895,162.01163234487723,163.0480194091797,8326610.0
2013-04-02,163.351610137059,166.7643654734359,162.9538017279719,166.22000122070312,11110756.0
2013-04-03,167.03652886902978,167.287767419453,161.42536686025653,162.58738708496094,9321547.0
2013-04-04,161.73943572213116,162.8805054718855,160.00164643774727,160.7030487060547,11915658.0
2013-04-05,161.00667647547408,163.8122584296924,160.73450128703715,163.33070373535156,12989770.0
2013-04-08,162.91193205244835,166.3142191857587,162.89099550291624,165.27783203125,8878601.0
2013-04-09,165.8430977604199,166.57590479168593,161.4462975018194,162.67112731933594,13081885.0
2013-04-10,163.33066838780772,164.1367534548637,161.55101984262453,163.18411254882812,12190258.0
2013-04-11,164.14724915382075,164.3775512249805,159.99121780995594,161.44635009765625,11428531.0
2013-04-12,160.58792253009307,163.39349010813783,160.1691775542999,162.33616638183594,11349794.0
2013-04-15,161.85460930366776,167.48670887706155,161.85460930366776,166.15719604492188,16184406.0
2013-04-16,166.86904257527212,169.59087772321624,164.4403330810402,168.53355407714844,17774606.0
2013-04-17,168.72198966053233,169.50713820854227,161.0485347303828,161.99070739746094,32105722.0
2013-04-18,162.57695285747582,164.39847465848837,161.77086772006666,163.64474487304688,13793320.0
2013-04-22,164.5659853636533,166.38750721255775,162.95381504644746,165.3511199951172,12790893.0
2013-04-23,165.71753656534852,168.71154742230578,164.57646650468865,168.27186584472656,12356228.0
2013-04-25,169.08841893909133,173.06647570391527,169.08841893909133,171.61134338378906,25921526.0
2013-04-26,170.21896856449234,172.73142396316024,165.3406135889819,165.90591430664062,20852076.0
2013-04-29,166.05252746977328,167.2668754061205,165.07894987501683,165.95831298828125,20968563.0
2013-04-30,166.16766598970727,166.79577646202466,162.7130374274591,165.02659606933594,17548959.0
2013-05-02,164.85909175425618,168.96278136630517,164.02161577281237,168.10435485839844,27236264.0
2013-05-03,168.12526480490564,170.8261632020103,166.4293625839094,167.60183715820312,12917135.0
2013-05-06,167.9577899682973,172.72098065302237,167.9577899682973,172.01959228515625,9358282.0
2013-05-07,171.998668668683,175.01361580951874,171.61132850670708,173.3909912109375,16529868.0
2013-05-08,173.79927606576007,174.38551348566443,172.11382776015677,173.70504760742188,11858396.0
2013-05-09,173.44330796643106,174.12375973986644,170.63772672960994,171.28677368164062,8182539.0
2013-05-10,172.63252690067168,173.8615371836217,171.46709806514028,172.26170349121094,9081731.0
2013-05-13,172.34643323006713,174.92099345221348,169.26333466666713,170.15330505371094,9087230.0
2013-05-14,169.63417815690306,171.42471369233047,168.58528941369852,169.12562561035156,8828077.0
2013-05-15,169.94142482807692,173.92508857928922,169.94142482807692,173.54367065429688,11255447.0
2013-05-16,172.90800124255017,178.79872693188437,172.8020415923147,178.13125610351562,15197535.0
2013-05-17,178.13124495356567,178.98943178269903,174.4548371350024,177.03997802734375,12484982.0
2013-05-20,177.44258627490663,181.17196686819017,175.60967255562093,176.11822509765625,13237846.0
2013-05-21,176.10763778183957,177.9935243282923,174.87864164848907,175.57789611816406,10594235.0
2013-05-22,175.89571003732857,176.72209893890627,172.3782068880768,173.4906768798828,12579289.0
2013-05-23,171.98623040219374,172.90798449897113,165.3008716356445,166.22262573242188,12798137.0
2013-05-24,168.11909277526698,168.3945510396223,165.11015609506808,166.6464080810547,7975390.0
2013-05-27,170.1003719803121,176.46788116380154,169.7295485417403,175.51434326171875,18956469.0
2013-05-28,175.87454866061753,179.45560551832943,175.06933458353024,178.71395874023438,21734556.0
2013-05-29,178.0994447988722,180.07008747133654,176.60557097119522,179.66748046875,25752389.0
2013-05-30,179.0529923804701,179.26488336989286,175.8745426695735,177.3154296875,18225094.0
2013-05-31,176.74330878907705,177.09294306440992,169.96261328502513,170.85256958007812,17159386.0
2013-06-03,170.30162119210323,170.65125543115104,166.3921197075096,166.9536590576172,14165128.0
2013-06-04,167.52580436938166,169.47525813494002,165.09958171235684,165.3220672607422,14752690.0
2013-06-05,165.38566843580116,170.42883082637124,165.38566843580116,169.94146728515625,12748842.0
2013-06-06,169.51761785427894,170.3440068031174,166.99604452284123,167.8224334716797,17113393.0
2013-06-07,168.28861196090597,169.94141818966733,165.4915802917161,166.04251098632812,9420701.0
2013-06-10,167.1867634440317,168.56409735907062,165.70348403051125,167.26092529296875,11361378.0
2013-06-11,166.02133860344986,167.71650905408708,164.28377580748955,166.46632385253906,13242164.0
2013-06-12,165.92596354915597,168.98787295256673,165.74584207870998,167.5681610107422,12774566.0
2013-06-13,165.91539038607868,168.01316785106368,165.3962291498688,167.3562774658203,9726275.0
2013-06-14,168.71240087999314,173.72376380810513,168.69121178283092,172.6219024658203,17575615.0
2013-06-17,172.80203480967904,175.42956810775223,171.86968610970814,174.93161010742188,11089648.0
2013-06-18,174.5395957423931,177.46377641242563,173.2152345573991,174.4760284423828,15658352.0
2013-06-19,174.17934222207927,176.56318635938763,172.6748739001885,176.2347412109375,17331546.0
2013-06-20,173.31058561545797,173.31058561545797,168.45815440730865,169.09384155273438,17422410.0
2013-06-21,169.49645275796877,171.7107703437603,166.0425303560003,168.00257873535156,20486223.0
2013-06-24,167.39863519330848,168.70180710957015,164.96183242871433,167.96017456054688,16311628.0
2013-06-25,169.45406299255296,173.7343741682706,168.45814704544082,170.3228302001953,19232377.0
2013-06-26,171.52006130760643,172.5795445802443,169.75071490664982,170.28045654296875,16661304.0
2013-06-27,173.01392901661242,177.34722704396611,172.56894379499494,175.87454223632812,25751492.0
2013-06-28,184.24445520484062,184.9861019260097,179.2648757167348,182.78237915039062,48133694.0
2013-07-01,182.65522745583402,188.16454845048384,181.30967731748152,187.67718505859375,20497553.0
2013-07-02,187.12627613303826,188.96978442649473,184.08555539079896,184.742431640625,17779689.0
2013-07-03,182.33739066999996,182.94129409814653,179.80520863045075,180.29257202148438,12816463.0
2013-07-04,180.7693605781294,184.47756623189784,179.55095904013075,182.58108520507812,13233510.0
2013-07-05,183.57700491754824,187.47591255012156,183.57700491754824,186.54356384277344,12756629.0
2013-07-08,184.35042790588423,185.08146598492192,181.83944888582673,183.70413208007812,14253091.0
2013-07-09,184.15970214855776,186.8508025176404,183.72531148599165,185.36752319335938,12922258.0
2013-07-10,185.25097495705108,186.43760694154372,177.78160534968922,181.3838653564453,22237458.0
2013-07-11,183.29091581461032,185.0496675152346,182.07251439881887,184.3610076904297,11368001.0
2013-07-12,185.25098627116608,189.85975705659993,184.26566481289083,188.57777404785156,14371976.0
2013-07-15,187.74075286748698,190.68612232461388,187.74075286748698,190.0398406982422,12913233.0
2013-07-16,187.95267030358002,191.65026711808696,187.1156725976765,190.83447265625,12974694.0
2013-07-17,191.34303022556873,194.50029095031127,191.34303022556873,193.8751983642578,23132227.0
2013-07-18,194.52148233652625,194.9346839304445,192.65678496137036,194.36256408691406,12303560.0
2013-07-19,194.7439572523733,196.61923479397305,193.47256898246312,195.72927856445312,14298611.0
2013-07-22,193.88579387311916,193.88579387311916,190.48484434008714,192.625,16958736.0
2013-07-23,193.2606986640959,196.00475777615114,192.24359359743764,192.73095703125,12430954.0
2013-07-24,192.40250003053197,194.2883863514399,189.6796160402491,192.6885528564453,13788582.0
2013-07-25,191.96809512216143,193.29245609711631,185.92903283984003,188.74725341796875,15831296.0
2013-07-26,189.0545383976625,191.4913556091563,187.62423172059485,188.62014770507812,9565406.0
2013-07-29,187.96325202238958,190.4212580795341,187.00971433630355,187.67718505859375,9151355.0
2013-07-30,187.96328410722967,189.01217291198188,180.93889899363018,181.66993713378906,11393034.0
2013-07-31,181.94538129427582,186.40581373078294,178.54443204837455,184.78480529785156,15795755.0
2013-08-01,185.44168642111848,187.07328944652073,179.0212056674816,180.1124725341797,11071339.0
2013-08-02,182.2314624634595,184.763630794768,180.11249575264407,181.66993713378906,12821918.0
2013-08-05,182.23143033094652,184.96490878764857,181.33087953909154,182.55987548828125,12559130.0
2013-08-06,181.9030199740573,183.121421512812,175.90633494034472,178.21600341796875,12415511.0
2013-08-07,179.05300531106434,186.8614151540035,176.08644637535576,184.8695831298828,18794821.0
2013-08-08,183.78889398129172,184.8695662968429,181.62753520526383,183.4286651611328,11367214.0
2013-08-12,184.13853128389545,184.9543399437569,178.0888733464041,179.19073486328125,8728866.0
2013-08-13,178.6291669390372,182.22081763475134,176.9339968670987,180.72694396972656,11537003.0
2013-08-14,181.3838476457239,183.9266100143187,179.57212326969562,183.29090881347656,11260259.0
2013-08-16,183.2909610216532,183.7147572279529,173.15169230477767,175.17530822753906,27321905.0
2013-08-19,174.39124590867638,176.72210313946528,171.11743143426364,173.8085174560547,16150138.0
2013-08-20,171.86967557916157,176.04405537303424,170.58770680394352,174.88922119140625,11418893.0
2013-08-21,176.51022247380718,176.87045128583532,165.32205336227182,166.04251098632812,15711357.0
2013-08-22,165.79886209344485,171.350562715977,164.05071864783392,170.8102264404297,22293762.0
2013-08-23,172.42063157827437,174.75148919101738,171.31875592787708,173.64962768554688,14332191.0
2013-08-26,174.2853141956764,176.18179524525712,171.2975661948064,174.30650329589844,9916035.0
2013-08-27,172.48419782107018,174.7938663193442,169.5176389276622,170.206298828125,13094883.0
2013-08-28,168.47932700053184,173.448311916862,161.8681304141019,172.01800537109375,25813146.0
2013-08-29,172.90799086246375,180.8329405025972,172.1663440799749,179.10597229003906,30837833.0
2013-08-30,178.7987236084484,182.23145693111778,175.5143281353805,180.9282989501953,21443760.0
2013-09-02,180.79053411943235,188.5883485553161,180.79053411943235,187.89968872070312,21052445.0
2013-09-03,188.20692931220617,188.9485760318578,175.51430599047816,176.08642578125,17326878.0
2013-09-04,176.6691332718742,183.1955590851347,176.51021504307775,179.9747314453125,13323596.0
2013-09-05,182.86713938008825,184.2974459624226,180.3455659360625,182.7717742919922,14254145.0
2013-09-06,184.3504012991597,185.09203382092957,178.31132491797302,183.92660522460938,15048312.0
2013-09-10,184.96492450678505,189.34060083217514,183.55580696353135,188.6625213623047,18493766.0
2013-09-11,188.376450126882,189.20283906676326,185.22977016238193,188.111572265625,14860857.0
2013-09-12,188.1645256163385,190.9191928518415,184.59406407368468,185.49462890625,17979275.0
2013-09-13,183.9266312381919,187.25341887074902,183.72532064822303,184.98611450195312,9825959.0
2013-09-16,187.7301834550131,188.1010068602562,180.9600819326193,182.60227966308594,12050423.0
2013-09-17,181.45802908875837,183.07903762168627,180.66340957432303,181.83944702148438,10930099.0
2013-09-18,182.33740242205445,185.40990664988433,181.55337746836707,184.76361083984375,13704245.0
2013-09-19,188.17514846731416,189.8491438134936,186.5859236592995,188.71548461914062,18935509.0
2013-09-20,187.74074588020346,190.91920943923608,184.45635098127667,186.87197875976562,18362492.0
2013-09-23,184.7848228337738,186.68128972087467,183.29093470223913,185.27218627929688,8875005.0
2013-09-24,184.77417424697356,187.43349059565412,183.95837992717463,185.3251190185547,12352943.0
2013-09-25,184.85895894653356,185.38870051835426,178.45966774560907,179.91116333007812,17472523.0
2013-09-26,179.4026369154762,180.14426956578535,176.98700877331135,177.62269592285156,19874983.0
2013-09-27,178.41725988981253,181.06596730857166,177.35777692230886,177.97227478027344,12006474.0
2013-09-30,176.30893444311687,178.94706235910124,173.5648751681872,174.26412963867188,15922812.0
2013-10-01,175.09052003672724,175.85335589859943,173.26820092386396,174.0628204345703,9108666.0
2013-10-03,174.47602731441438,179.8794033745487,174.47602731441438,179.46620178222656,9108321.0
2013-10-04,178.11005515094672,182.16788089365858,177.56971896490194,181.04483032226562,9909849.0
2013-10-07,179.60391167986754,180.62101665428773,177.14590563419793,178.8516845703125,11265723.0
2013-10-08,180.04888401094036,181.1083671048576,177.82395819777494,179.04237365722656,12119312.0
2013-10-09,177.98290633154616,183.85245620518535,177.46375928663485,182.42214965820312,11954619.0
2013-10-10,182.01953907828505,182.8247530747533,179.69926217274696,182.23143005371094,9371240.0
2013-10-11,183.29095013592172,183.926651480081,181.02365966252736,182.9413299560547,9773103.0
2013-10-14,183.2909367163486,185.40991746685953,182.9095329116907,184.41400146484375,12156983.0
2013-10-15,190.1352007001417,190.42126767835768,183.07903278335527,183.88424682617188,23041721.0
2013-10-17,184.35043537191436,188.16457245797045,183.21677606586218,186.54356384277344,17613513.0
2013-10-18,186.8084511808391,192.40252956263205,186.8084511808391,191.90457153320312,22177371.0
2013-10-21,191.90452950958678,193.9917121268539,189.89150873121804,193.5043487548828,15143599.0
2013-10-22,192.27538479887474,193.0276120061928,190.17759313968483,191.59730529785156,10246173.0
2013-10-23,191.80921233464233,192.65679050187558,188.0904120273579,190.0186767578125,8945093.0
2013-10-24,189.02274726930344,193.03819469819726,186.7554429465997,187.4229278564453,11717100.0
2013-10-25,187.33818443525604,189.18167861483948,186.33167387094096,187.9526824951172,9945744.0
2013-10-28,188.1645391153644,191.73501505908942,188.1327554704,188.74725341796875,15374364.0
2013-10-29,188.39764809443204,191.54431406216042,187.29578669276202,190.0292510986328,14450634.0
2013-10-30,189.9656886002036,191.3218333606912,189.58427067617183,190.31532287597656,9614780.0
2013-10-31,190.70730825746654,194.5214589489918,189.85973021651355,193.82220458984375,19779731.0
2013-11-01,192.8474873196649,196.3331930282682,191.41718073988278,192.45547485351562,11890914.0
2013-11-05,191.41716052736714,195.30547284075928,191.41716052736714,192.76271057128906,10955587.0
2013-11-06,192.82630305670824,194.92408043502425,189.6372446463566,190.41067504882812,9619806.0
2013-11-07,190.49544628504418,191.93634756243355,186.91438926466088,187.71958923339844,9792601.0
2013-11-08,187.7407516863116,188.1645477836173,184.5940858203347,185.61119079589844,8755784.0
2013-11-11,185.19797077754203,186.91434409320942,182.27379072819454,183.0578155517578,8901228.0
2013-11-12,183.29090988537433,184.68943273251128,180.15483863658824,180.66339111328125,12169801.0
2013-11-13,180.09125555768676,182.52807224174683,178.4384636895552,178.9258270263672,8391536.0
2013-11-14,180.377340778177,183.07902142741275,180.19721930494472,180.46209716796875,8031378.0
2013-11-18,181.8288645662354,185.99263601941462,181.41566295704183,185.35694885253906,12073167.0
2013-11-19,185.40991723265262,187.5076947353282,185.40991723265262,186.11976623535156,8434885.0
2013-11-20,185.3781232953779,187.10507730323516,181.5957559544405,182.7611846923828,13090661.0
2013-11-21,182.2102420921274,182.2314311898021,178.72453651016602,179.60391235351562,11465699.0
2013-11-22,180.3243673350038,181.4792014312858,177.80277987893294,178.78810119628906,7482129.0
2013-11-25,179.55093276402064,181.5639535460705,178.8516784224897,180.47268676757812,10078405.0
2013-11-26,180.21840992661689,181.55336551190183,177.474351059277,178.25836181640625,13965988.0
2013-11-27,178.94704091803865,180.0065241196714,176.98699275154047,177.55911254882812,11421820.0
2013-11-28,178.65040090791976,181.46863618213703,178.65040090791976,179.6781005859375,12546701.0
2013-11-29,180.31375743482178,181.48978052834556,179.81578539927366,180.79051208496094,9884161.0
2013-12-02,180.7481560067116,182.85654199766444,180.5998323196334,181.2355194091797,7221751.0
2013-12-03,181.17192793208991,183.39685366590928,180.25017399557356,182.63401794433594,9184625.0
2013-12-04,182.42213917907335,183.82066199878034,180.79052215028634,181.39443969726562,8761077.0
2013-12-05,184.77417733500744,185.83367456005033,183.9371939057691,184.56228637695312,12534404.0
2013-12-06,184.38219044593245,185.3357281058936,182.48570967456692,183.65113830566406,7301066.0
2013-12-09,186.9143721053458,188.16455721739797,185.6641728483679,186.24688720703125,12704841.0
2013-12-10,186.1515247323136,188.31288338856223,186.1515247323136,187.45469665527344,8718563.0
2013-12-11,186.99913560754453,187.51828268989556,184.88016907916702,187.02032470703125,4977570.0
2013-12-12,186.04558381821644,186.46937992093495,183.92661744954904,184.39279174804688,5690033.0
2013-12-13,183.71470407273594,183.9477982839762,181.73346692935425,183.2273406982422,8926111.0
2013-12-16,182.23143847254033,182.70820733419953,178.6715709064502,179.06358337402344,10046119.0
2013-12-17,179.83700964751208,180.72696590998947,177.30482756254432,177.823974609375,10089421.0
2013-12-18,177.82401996208466,183.04728955452862,177.82401996208466,182.22088623046875,12009855.0
2013-12-19,183.1637701637651,183.1637701637651,178.77749987099816,180.97064208984375,13450539.0
2013-12-20,184.77420850903505,190.28354408703555,182.67643109067745,189.67962646484375,20508621.0
2013-12-23,190.4954034902359,192.61436965657734,188.58832828255908,189.91268920898438,16191974.0
2013-12-24,189.96568325028488,191.7668131805975,189.66902172996473,190.29412841796875,7306775.0
2013-12-26,189.54188334151004,190.70731201133864,186.91436448747874,188.06919860839844,14619868.0
2013-12-27,188.29171596370017,189.41476654336373,185.8125205615614,186.2257080078125,7744563.0
2013-12-30,186.68128419622676,188.55657607273085,185.59001728733296,187.97386169433594,10315527.0
2013-12-31,188.16455851410362,190.33651186854013,187.97385662465712,189.69021606445312,5706010.0
2014-01-01,190.16699072570233,190.33651766641123,188.07980784792318,188.33409118652344,5849398.0
2014-01-02,188.1009984891129,189.85975033947824,184.37161793684353,185.409912109375,6023632.0
2014-01-03,184.6894757402461,185.06029917177037,181.17198577860842,183.1320343017578,12833897.0
2014-01-06,182.67642468165374,182.92011346090413,180.1124730219564,181.16136169433594,13315857.0
2014-01-07,181.08719987592644,182.22084494302166,178.0041011542419,178.43849182128906,17311470.0
2014-01-08,178.92584202620222,181.66990082214693,178.92584202620222,179.91116333007812,12726430.0
2014-01-09,180.20783047415077,180.9176935939766,179.06359081658002,180.26080322265625,8309185.0
2014-01-10,179.7628445632766,185.68536756294947,179.68868271564884,181.83944702148438,14839980.0
2014-01-13,183.9796221359705,187.10509948687846,183.92664938204945,186.55416870117188,12058586.0
2014-01-14,186.1515454225295,187.43352839060924,184.86957659937613,186.78724670410156,12075547.0
2014-01-15,187.46530356101596,189.64783731357366,186.68127861683803,187.6242218017578,12660424.0
2014-01-16,188.3128886331138,189.2876154290777,186.90377118406542,187.77255249023438,18038361.0
2014-01-17,188.40825504869397,190.05045271017187,186.5223685957473,187.4759063720703,15463211.0
2014-01-20,187.93148441311584,188.3764696475908,183.52402441229725,184.29745483398438,16576057.0
2014-01-21,184.91194132826027,185.1132377609739,182.65523164742282,182.8777313232422,9806364.0
2014-01-22,182.97310205788827,185.48408118851162,181.8394568927568,184.8695831298828,8517726.0
2014-01-23,182.35858780219442,184.62587793107696,182.35858780219442,183.46044921875,13767334.0
2014-01-24,182.6552514158029,185.33575749527867,182.46454951154018,183.85247802734375,11879019.0
2014-01-27,181.3838798044571,182.40098493222422,178.06768651635545,178.66099548339844,12345838.0
2014-01-28,179.47680478910786,181.3838804466551,178.56564516206402,179.02122497558594,11573795.0
2014-01-29,180.07007103276243,180.6421907652935,176.93399997929842,177.2730255126953,12374165.0
2014-01-30,176.17120838474779,176.6903555077748,174.22175449952124,174.8150634765625,14102043.0
2014-01-31,175.23884916280258,176.60558853981203,175.05874181382654,176.11822509765625,11038353.0
2014-02-03,175.0693396671592,175.83216142214266,173.63903296352262,173.9462890625,8227762.0
2014-02-04,172.59012578876022,175.16467192254606,172.304058820595,174.08399963378906,12362252.0
2014-02-05,173.77673972880228,174.073401239423,170.97970812761744,173.17283630371094,11298451.0
2014-02-06,173.75556722153533,174.62434859387457,171.2445881975217,172.87620544433594,10826505.0
2014-02-07,174.20053721889383,174.56076602504663,171.76372025655138,172.57952880859375,8459052.0
2014-02-10,172.74903502027047,174.9421772754305,171.8802537569718,174.1687469482422,10345205.0
2014-02-11,174.3912437170852,174.8150256483215,170.1003243589991,170.63006591796875,12609169.0
2014-02-12,171.21280001075561,174.158169642882,171.08566541668782,173.31057739257812,9828890.0
2014-02-13,173.52246443992738,173.52246443992738,170.58768966322262,171.0856475830078,8657303.0
2014-02-14,172.03919142364703,174.60314295370316,171.21278832874071,174.18994140625,9218744.0
2014-02-17,173.25759214874634,174.17934617910774,171.01149123584605,172.1239471435547,9058505.0
2014-02-18,171.02209314688835,173.29997780407345,171.02209314688835,172.30406188964844,5741275.0
2014-02-19,172.2722757796377,173.75555508087598,171.63658869194282,172.1133575439453,6130140.0
2014-02-20,171.91204412588982,172.42059657478205,170.1744816743024,170.6724395751953,8041497.0
2014-02-21,171.02211901318466,172.90800563529027,170.70426834425788,171.9544677734375,6256274.0
2014-02-24,171.2233772877414,172.6854674068075,170.64066297878725,172.13453674316406,6800627.0
2014-02-25,172.54774751692577,172.90797632799496,171.11744096657858,171.7531280517578,7039336.0
2014-02-26,171.84849466798775,173.08809944932955,171.2657802746773,171.78492736816406,13608048.0
2014-02-28,171.78490355053344,172.7702248510411,168.05552346346158,169.50701904296875,18949872.0
2014-03-03,169.53879804129406,170.95850993638084,168.913691406979,170.23805236816406,11635479.0
2014-03-04,170.1533313788683,172.62193235025646,170.06857497554634,172.26170349121094,8997053.0
2014-03-05,172.81264141697656,173.33178855375792,170.60891825960135,171.0009307861328,11827655.0
2014-03-06,171.49886137529822,174.68790554160503,171.48826682613958,174.2747039794922,10172590.0
2014-03-07,174.81502381446123,185.19797806424035,174.81502381446123,184.22325134277344,33597187.0
2014-03-10,183.31212704355636,191.48075093649928,182.95189821961577,187.6242218017578,32869474.0
2014-03-11,187.52888825723804,188.12219722265036,184.79542353822416,185.35694885253906,12780183.0
2014-03-12,185.19801517861765,187.08390171047157,183.8524790015584,184.63648986816406,9431389.0
2014-03-13,185.40989122234396,189.59485109049012,185.34632393056552,186.3740234375,17221827.0
2014-03-14,185.19799221866597,188.57775235760116,184.14910357984562,187.77255249023438,16540547.0
2014-03-18,188.4824237253475,192.57203327487548,188.4824237253475,189.95510864257812,19034847.0
2014-03-19,190.7073467555035,192.80513854627793,189.7008361359364,191.34304809570312,16376397.0
2014-03-20,191.04635014433202,192.29654934003696,190.31531213072768,191.97869873046875,29711945.0
2014-03-21,192.1905956603722,193.5361458371511,186.92496328375336,187.69837951660156,22050970.0
2014-03-24,188.85323536000305,192.56142672512289,188.82145171128332,191.85157775878906,28815466.0
2014-03-25,186.25749288564916,186.9991254724152,184.88015905888312,186.32106018066406,31299573.0
2014-03-26,186.73425007118863,191.3324259207486,186.71306097256974,188.84263610839844,13811011.0
2014-03-27,189.61607258596067,191.74564794902642,189.03335816683625,190.86627197265625,55407935.0
2014-03-28,190.70733215173826,194.9346849171593,190.70733215173826,194.1294708251953,18667646.0
2014-03-31,194.1506716003137,199.1408464127404,193.5043898648294,197.2231903076172,18751896.0
2014-04-01,198.335623159616,200.24269863537012,196.9159111022229,199.73414611816406,15640608.0
2014-04-02,200.24270206661996,203.84494794647844,198.7806117864833,203.03973388671875,26780181.0
2014-04-03,202.74308439395656,204.04624227158374,199.26797314540764,201.86370849609375,26550895.0
2014-04-04,201.72598252910228,201.9908462706256,199.5116509253366,200.08377075195312,12513877.0
2014-04-07,200.03079264581385,202.3510696840401,197.9859880363194,200.0625762939453,12905249.0
2014-04-09,201.30216299149086,204.84084118126847,200.69825958610994,203.876708984375,13438946.0
2014-04-10,204.41706730781277,206.36652101025376,203.88732568388218,205.3388214111328,10649501.0
2014-04-11,203.9085110235199,205.76261374555543,201.429315742858,202.09678649902344,11691621.0
2014-04-15,201.30219676153231,202.14978906789645,198.46277243666123,201.11148071289062,9264526.0
2014-04-16,200.5605406594549,203.20926295781913,198.78061387251793,199.45867919921875,12381278.0
2014-04-17,200.242690546413,203.80255802305174,199.98840722561903,203.23043823242188,7845800.0
2014-04-21,205.52952360972174,205.52952360972174,202.59474850210867,203.33639526367188,11817203.0
2014-04-22,203.4211568283292,209.51319273983614,202.59475364900436,205.0633544921875,19331824.0
2014-04-23,205.32821546055231,208.08286892305213,204.32170501647877,204.9362030029297,15288495.0
2014-04-24,204.9362030029297,204.9362030029297,204.9362030029297,204.9362030029297,0.0
2014-04-25,205.11632487208968,205.3282158523304,200.4545818575409,200.9313507080078,13252156.0
2014-04-28,201.25978069957776,202.57353296787866,199.46924547182877,200.24267578125,16610579.0
2014-04-29,200.46519720695377,201.67301835442606,198.75943220424875,199.24679565429688,8396497.0
2014-04-30,200.00958744511385,203.4211310843896,196.87351621239284,198.29322814941406,14391181.0
2014-05-02,199.1831931858069,200.75122876021192,196.21663480884905,196.66160583496094,9070553.0
2014-05-05,196.00477391856884,203.103320870277,196.00477391856884,200.6347198486328,15199246.0
2014-05-06,200.85716714021208,204.90439758446377,200.78300530514917,204.1309814453125,12392211.0
2014-05-07,203.44233908159143,205.83677799513904,202.7960574166478,203.60125732421875,10571569.0
2014-05-08,204.07803489483646,205.56131432401978,201.46111033007722,203.48472595214844,11949181.0
2014-05-09,202.53117568146405,211.68513503626264,202.53117568146405,211.3884735107422,18452114.0
2014-05-12,210.8163563966661,222.27998422654525,210.64684360558905,217.9784698486328,30847764.0
2014-05-13,220.3729231740487,226.47556793637074,219.20749436924697,225.33131408691406,26863271.0
2014-05-14,225.45844167878718,226.30601975505743,220.6059967225839,221.53834533691406,19375695.0
2014-05-15,221.53837514298087,224.6108796770372,220.21401388729703,223.2123565673828,20864719.0
2014-05-16,233.2681385303365,245.06955938622062,227.2764787256446,230.9463653564453,52633579.0
2014-05-19,233.46073817364746,240.68283626688898,232.58338445841002,239.67709350585938,23797958.0
2014-05-20,241.356906628954,241.5922865594903,230.18674475731203,231.0747833251953,22509088.0
2014-05-21,231.07478465498184,236.01790606965412,229.76946737277603,230.76451110839844,21991587.0
2014-05-22,232.39081511352563,238.25408664418333,232.1126245461201,235.55783081054688,18745180.0
2014-05-23,237.85819414210155,242.2342493942869,235.81461133634542,241.26058959960938,16566818.0
2014-05-26,242.3412509919712,243.94614272186288,230.0369429793374,235.75042724609375,16073584.0
2014-05-27,236.0286012960313,237.09853862884202,230.05833897997067,232.80809020996094,11273379.0
2014-05-28,233.1611397529244,236.79894350838762,232.12329977360557,233.0113525390625,11351815.0
2014-05-29,233.7817378385211,233.97432141772558,228.6139213337421,229.72666931152344,27659174.0
2014-05-30,232.1768597028637,233.18258835507618,226.82715806426606,227.83290100097656,17293884.0
2014-06-02,229.9834147605385,232.87225374538133,227.96123032804738,231.57762145996094,8806299.0
2014-06-03,231.81304733329907,235.8146204004956,230.53981304623827,234.4022979736328,10874352.0
2014-06-04,233.81385376516604,235.77184411468693,230.30445271695058,230.57192993164062,8826406.0
2014-06-05,230.7859088748814,234.29530966287123,227.73658314654082,233.22537231445312,19974435.0
2014-06-06,236.97012100352384,242.44821034318838,236.263967020055,240.17994689941406,29319340.0
2014-06-09,241.80625286636752,242.38403213703697,237.9758797045116,240.2334442138672,13497804.0
2014-06-10,241.90259276591416,241.90259276591416,235.48295392877745,239.30264282226562,15760599.0
2014-06-11,239.66635608291134,239.66635608291134,233.78170161186452,235.8359832763672,15164409.0
2014-06-12,235.07634438551327,238.27547145095116,231.98422247661009,234.13479614257812,11767348.0
2014-06-13,235.4508367872726,236.88455738737233,229.5447689842934,231.51345825195312,14646904.0
2014-06-16,231.96279172146603,231.96279172146603,226.21722557051893,227.99331665039062,14371376.0
2014-06-17,226.4205446997379,233.9529165150331,226.4205446997379,233.25746154785156,15824961.0
2014-06-18,232.81880171822934,235.73973850625933,226.96622905396035,228.2715606689453,19212704.0
2014-06-19,229.82293658927173,230.02621923452858,220.74985403795458,222.99671936035156,23126286.0
2014-06-20,223.80990176404987,224.55885218783266,221.31694290651487,221.7984161376953,12855084.0
2014-06-23,221.9054056893286,223.59590438996702,219.12355719590238,222.1086883544922,14768300.0
2014-06-24,223.61728466154673,227.42627383246045,223.61728466154673,226.79501342773438,11890148.0
2014-06-25,226.32425132958002,226.68803458401266,224.29136759489086,224.90122985839844,10564797.0
2014-06-26,219.33753290796304,219.7441124851101,215.42155291856454,216.53428649902344,24480677.0
2014-06-27,216.12772669627557,219.0165660627167,215.52856350463128,216.5771026611328,9225499.0
2014-06-30,216.67340190012015,218.26760875984442,213.98784528331018,217.28326416015625,20656550.0
2014-07-01,217.6684265762621,218.38527964659113,215.47504245086313,215.69973754882812,9653273.0
2014-07-02,217.62563597340232,219.84041847532873,216.55569867037815,217.89312744140625,12293489.0
2014-07-03,218.2676081886621,219.33754548387182,214.73680940067175,215.37876892089844,11575392.0
2014-07-04,215.05778844578828,221.86260813084647,214.69401946800238,220.82476806640625,12957117.0
2014-07-07,221.04947247017955,221.90542813697434,218.48161975429286,219.808349609375,14019093.0
2014-07-08,219.55152476539217,221.37042671753508,211.84796775563115,212.92860412597656,17484768.0
2014-07-09,214.41582768853047,216.1063263703633,212.38294392152423,214.19114685058594,14903156.0
2014-07-10,214.0413304528909,218.58857089356326,209.9327668545698,213.388671875,18600100.0
2014-07-11,212.9607229579279,214.4158418101303,206.20941258897506,206.81927490234375,17783841.0
2014-07-14,207.26862845066458,208.6167419901471,205.10734144057386,205.8028106689453,13764770.0
2014-07-15,206.155903945414,209.70810100037863,206.08099604813347,208.0389862060547,15345123.0
2014-07-16,208.42418446733106,212.48995233695692,208.42418446733106,211.78379821777344,13957671.0
2014-07-17,211.4199700357565,213.60264074477368,209.77226791786106,210.2430419921875,9426887.0
2014-07-18,209.70807292579363,210.46772232397734,207.418397076146,209.01260375976562,9332698.0
2014-07-21,213.98787206041203,215.69978337904186,212.9286337171461,213.48500061035156,16987269.0
2014-07-22,214.84379843536988,221.2420382618645,214.22323709497627,220.6107635498047,28489939.0
2014-07-23,221.48813249893348,222.5045744190395,218.4923021781477,221.1029510498047,13721398.0
2014-07-24,220.40747928030976,223.2321239796616,219.12354597574196,222.7720489501953,9673900.0
2014-07-25,222.953930815686,223.25351953525316,215.49645293236014,218.66348266601562,13532588.0
2014-07-28,218.4816078569941,219.02727563662486,214.3302473827455,215.1862030029297,9372911.0
2014-07-30,214.84381896616952,216.34173416669108,212.48994814120792,215.30389404296875,18616706.0
2014-07-31,215.68907469764628,218.2462281887352,214.41584035392995,215.3680877685547,17722817.0
2014-08-01,212.9178934501009,213.77384894387367,208.63814455022668,208.91632080078125,15826199.0
2014-08-04,209.92207485545933,211.78377315549133,208.8628366597847,210.7780303955078,14672155.0
2014-08-05,210.7994586642249,211.38792282533353,207.7822299535246,210.53196716308594,12233949.0
2014-08-06,210.75664766170263,213.68828345932522,209.60110331263095,211.4521026611328,16358373.0
2014-08-07,211.63397234480846,213.2816889074774,210.42494692523553,211.69818115234375,10844144.0
2014-08-08,209.61179704431987,210.45705353755648,208.23158616865027,209.81509399414062,9118453.0
2014-08-11,210.81013771445845,211.2595136801984,209.1517219909313,209.81509399414062,6696796.0
2014-08-12,210.99201373535044,211.19531067701092,208.9270327640617,210.64964294433594,9556263.0
2014-08-13,210.41424811977876,213.26029101865782,209.70809408090062,211.88006591796875,14113750.0
2014-08-14,212.91792747784095,215.05780226976478,212.22247245581482,214.61912536621094,12062077.0
2014-08-18,214.22322711192513,217.2939506937775,213.45286430254657,216.78038024902344,7643510.0
2014-08-19,217.19768995824472,218.90958692394497,215.29319512042397,215.9779510498047,14559347.0
2014-08-20,216.34170502136288,217.9359118008523,212.9927908766135,213.63475036621094,13022078.0
2014-08-21,213.98785496677664,214.8438105577167,211.86937844947158,212.93931579589844,16449220.0
2014-08-22,214.00925065376083,215.48576760293966,212.98210967037522,213.6240692138672,8571614.0
2014-08-25,213.98783265889085,215.80673452889678,212.58620945308,213.08908081054688,7455233.0
2014-08-26,213.13188523485,213.3351821735704,210.35005117560996,212.5648193359375,9548209.0
2014-08-27,213.3887047489963,214.3730494531137,211.17393630698072,212.63973999023438,8391614.0
2014-08-28,212.83231728548307,214.84380285290806,212.83231728548307,213.7096710205078,15914040.0
2014-09-01,214.9187019444021,218.48159812780122,213.04630446531516,217.0050811767578,16197464.0
2014-09-02,217.94664807113347,220.7391958967312,216.25614922246538,219.08078002929688,16556769.0
2014-09-03,219.36964104482684,221.6807152980185,218.502986414318,220.6749725341797,21922291.0
2014-09-04,220.1934774991647,221.2420165077803,217.86100530282906,219.5301055908203,9346763.0
2014-09-05,219.91531566653532,221.14573929969347,218.39600238599,219.4766387939453,9078852.0
2014-09-08,221.24204610175917,222.4082752136781,219.9795109173961,222.05519104003906,13886787.0
2014-09-09,220.85685490917368,222.8255440693524,220.02229754816452,221.0494384765625,9166689.0
2014-09-10,220.01160935167408,220.21490630069871,216.68410739899394,217.3795623779297,9459033.0
2014-09-11,218.33181906104306,220.4074992833175,215.69977197497835,218.13922119140625,10619105.0
2014-09-12,217.94665702852618,219.12358538936843,216.43804262366558,217.3260955810547,8749882.0
2014-09-15,215.935151497816,216.55571288879494,214.20185638139273,214.57632446289062,8738403.0
2014-09-16,214.2874223938814,214.8758864474323,208.95912008280317,209.57968139648438,13242995.0
2014-09-17,210.75666659807806,211.96569221089376,209.48343216746431,211.55911254882812,10887270.0
2014-09-18,210.77804103989055,216.12772772411626,210.49985047575262,215.03639221191406,9089107.0
2014-09-19,215.2717694181219,217.36884757542163,212.06194337667762,213.01419067382812,17169819.0
2014-09-22,212.4899152331804,213.13187470984255,211.35578349136185,212.1796417236328,7900222.0
2014-09-23,212.21177689692834,213.01422281499708,206.08101351797785,206.68019104003906,17694403.0
2014-09-24,207.2472224579691,208.4455487333003,204.44397604509393,206.5089569091797,15393998.0
2014-09-25,206.73369139600996,207.09746041187523,197.43591190858695,198.97662353515625,33092058.0
2014-09-26,198.79471161440668,201.50165210520663,196.2910537809115,199.70416259765625,15904980.0
2014-09-29,200.4958993899749,201.72633721347304,198.92309079221215,199.68275451660156,12481132.0
2014-09-30,198.58072531072585,202.95678076116712,197.94946484894714,202.36831665039062,17642155.0
2014-10-01,201.9189623067526,202.3469401471091,198.15278302371138,198.40956115722656,8656245.0
2014-10-07,198.42020960756534,200.0572126444409,197.60705048996343,198.18482971191406,12404189.0
2014-10-08,197.11494151607803,201.4695849438569,197.11494151607803,200.44244384765625,9827783.0
2014-10-09,200.76339348134044,204.83985984198176,200.76339348134044,204.2834930419922,11164671.0
2014-10-10,202.64647614082728,207.35420258961182,200.31400394640764,205.56739807128906,15465656.0
2014-10-13,205.81348487164817,206.44474521679584,202.87115057689212,204.9789276123047,13881865.0
2014-10-14,209.49409187103433,209.49409187103433,205.1287501513325,205.69581604003906,19077913.0
2014-10-15,205.69581604003906,205.69581604003906,205.69581604003906,205.69581604003906,0.0
2014-10-16,203.64153829449018,204.76497100749455,198.58071297343668,199.22268676757812,19017182.0
2014-10-17,200.29263912563025,201.28768286852358,197.98156471860509,200.69921875,15313270.0
2014-10-20,200.8275905211352,201.2769664583965,195.06061123002792,200.08932495117188,21187302.0
2014-10-21,199.9181681483043,200.5066323003351,198.3881556392253,198.86962890625,17621790.0
2014-10-22,200.1000261829929,203.4596395192457,199.68276178666613,202.35760498046875,13384016.0
2014-10-27,206.27361566462082,206.27361566462082,200.46383910332747,201.43748474121094,10072622.0
2014-10-28,201.3839805008733,201.57656408850457,198.1741683333704,199.8753662109375,22023470.0
2014-10-29,200.42101696267707,204.01601028445006,199.8967474008455,203.63082885742188,17516848.0
2014-10-30,202.8604770146838,210.03976445509855,202.66789344652491,209.54759216308594,32745121.0
2014-10-31,210.1039869118905,214.77963144990156,210.1039869118905,214.10556030273438,14086084.0
2014-11-03,214.84380683117527,215.9137441590437,211.8800738621115,214.49072265625,12376151.0
2014-11-05,214.41583590774945,215.80676019230793,211.5055982834569,212.12615966796875,15730002.0
2014-11-07,211.94426957420887,212.99280873277002,209.29082441486005,209.81509399414062,11633677.0
2014-11-10,210.30724769573217,211.8051626874496,206.9797317400509,207.42910766601562,10482542.0
2014-11-11,208.08176582363907,211.37718451263228,206.76574959297375,209.21591186523438,10100100.0
2014-11-12,210.125358861683,210.35005397752533,207.29002932935333,208.4348602294922,9286081.0
2014-11-13,208.42415667562202,209.665293618521,206.1558930983686,207.40771484375,7041533.0
2014-11-14,207.35424001615044,209.2266375613117,206.5089834919183,207.38633728027344,8424014.0
2014-11-17,206.71228243444253,211.32371798487029,206.71228243444253,210.8208465576172,10224348.0
2014-11-18,210.87435657579505,213.49570477470823,210.82086113137825,211.55911254882812,13410579.0
2014-11-19,211.5590909155379,212.27595836641456,208.95914116025318,209.31222534179688,8099318.0
2014-11-20,209.28011198215646,210.49983646531862,207.632395451347,209.8685760498047,11342020.0
2014-11-21,209.75091605681635,214.2018654311371,209.75091605681635,213.49569702148438,11739875.0
2014-11-24,214.0306505556566,214.87590705581212,210.07187381727755,210.85293579101562,12426216.0
2014-11-25,210.79944569931314,212.89652408679422,208.27438950703046,212.4899444580078,14606201.0
2014-11-26,212.26525975575694,212.48994059983752,210.2644731966727,211.2167205810547,13155281.0
2014-11-27,211.84800223317677,212.48996185067642,210.3607860248958,211.55911254882812,12279963.0
2014-11-28,211.7838042556793,217.70057172593002,210.39287986996888,212.1903839111328,20881173.0
2014-12-01,211.63396281309883,212.26523749688232,205.1180333195915,205.7707061767578,17382184.0
2014-12-02,205.85631896392735,207.83570733302744,205.00036337607426,205.9954071044922,9453044.0
2014-12-03,205.11807138143988,208.42418977403796,205.11807138143988,207.2151641845703,9789854.0
2014-12-04,207.16166988075386,208.62747360652665,204.50821016733866,205.11807250976562,10775294.0
2014-12-05,205.64233006495857,206.9262634913185,204.37980909930994,204.8612823486328,10048267.0
2014-12-08,205.4283382792377,206.03820055609017,201.63006219501906,202.13291931152344,10238784.0
2014-12-09,201.36256362720027,203.43824368359043,199.2226890475604,201.11647033691406,10598750.0
2014-12-10,199.31897189860845,201.35185551504804,199.00868409898015,199.55435180664062,13242754.0
2014-12-11,198.79470050755208,198.79470050755208,193.30591193753455,193.9050750732422,22620658.0
2014-12-12,194.08697246960926,194.94292802589848,188.17022004046066,188.8121795654297,17874849.0
2014-12-15,187.87065150638898,188.69450988921878,186.59741712242447,188.0525360107422,12647964.0
2014-12-16,187.62454846286664,189.00475927063732,183.96534639106824,185.01388549804688,20886278.0
2014-12-17,185.1529870205557,187.21796796316897,184.98178734293023,186.0624237060547,20779949.0
2014-12-18,188.640991548434,189.33644650045176,185.02458580135385,188.33070373535156,14970699.0
2014-12-19,189.40062370138145,194.3865407221092,188.84425693375235,192.7067413330078,20073537.0
2014-12-22,193.01704335743736,194.04418435477422,190.66318690449657,193.6376190185547,8305143.0
2014-12-23,193.0919184683507,193.4770998765649,190.83435402190557,191.2516326904297,10583206.0
2014-12-24,191.25163904379303,191.9791912528157,188.30930437733522,189.19735717773438,22479751.0
2014-12-26,189.72163651125322,191.01625468915324,188.33071225976465,190.20310974121094,4890141.0
2014-12-29,190.1282100776315,192.38577464361174,189.79652408570487,191.9470977783203,6931660.0
2014-12-30,191.96853730265718,192.24672791782316,187.6887871702491,188.34144592285156,11627412.0
2014-12-31,188.30931400894332,191.28374608891298,188.10603134316327,190.69528198242188,8464992.0
2015-01-01,189.65743085018167,190.87715534273178,189.0903506676063,189.9998016357422,2963643.0
2015-01-02,190.04260071522322,191.74381271840838,189.22945580333513,189.49693298339844,7331366.0
2015-01-05,189.37925486692558,190.6417900892634,187.04678228843514,187.4212646484375,10103941.0
2015-01-06,186.1694487623213,186.81140833967845,178.03789888297737,178.91525268554688,18627980.0
2015-01-07,179.12921357945618,183.77274551363777,179.10781540722698,182.80979919433594,20720312.0
2015-01-08,184.05094717483541,184.650124649003,179.78189694949202,180.1884765625,19872227.0
2015-01-09,181.54728059323858,184.45751798649138,180.8197283871731,184.09373474121094,13392787.0
2015-01-12,184.13652713406353,184.2435179942845,180.09215834175927,181.95384216308594,10100113.0
2015-01-13,182.53163606142144,182.94891476700133,179.85679270891694,180.42385864257812,9948711.0
2015-01-14,180.39177025551925,181.24772588423613,177.86671400685174,178.66917419433594,11380041.0
2015-01-15,179.74978033395087,186.40479779837128,179.74978033395087,184.93898010253906,16927085.0
2015-01-16,184.02954549231427,187.2393717003376,182.32834774405396,186.10523986816406,19136963.0
2015-01-19,186.21222096929463,189.5932181135974,183.76205866343602,188.23440551757812,13339962.0
2015-01-20,188.63029454489703,193.77669838636558,188.06321434843136,193.24172973632812,13361320.0
2015-01-21,193.6590097248124,195.0285214787759,190.8878603857459,194.03347778320312,17084297.0
2015-01-22,193.69112425719513,194.12980116349135,188.20233481106973,189.11178588867188,23721627.0
2015-01-23,190.4492006574211,192.11830129279832,187.66736626512574,189.7858428955078,18080494.0
2015-01-27,191.06975469986517,191.88291395176273,188.41630947001002,190.24591064453125,17939876.0
2015-01-28,189.61460599405672,194.6861300041943,189.61460599405672,194.0548553466797,19298126.0
2015-01-29,194.10837417270935,199.97164555622763,194.06557782256655,198.88031005859375,36117653.0
2015-01-30,199.00871857209546,199.2762100711448,194.51497280714662,195.85240173339844,21746801.0
2015-02-02,196.0235575345849,196.8474157999274,193.80878939472262,194.31166076660156,19302710.0
2015-02-03,195.41372784477915,201.3304953363109,195.41372784477915,200.63504028320312,17092333.0
2015-02-04,200.9559917954961,201.96173460093706,198.13136124086165,198.75192260742188,14072894.0
2015-02-05,200.2926149635579,201.1271580029095,196.3552368185314,197.6605682373047,12365643.0
2015-02-06,197.74616109413523,199.00868188305802,193.2310179844294,194.70753479003906,9045844.0
2015-02-09,192.84585048601593,196.4408438375023,190.87716126992885,191.88290405273438,8839692.0
2015-02-10,192.16108189681194,193.55199173331846,184.3077237267607,188.73727416992188,13651008.0
2015-02-11,189.59324438823455,193.60553106485537,188.95128480515393,192.73887634277344,9781008.0
2015-02-12,194.30097908321838,195.57419911515908,189.86072903431875,194.54705810546875,8709626.0
2015-02-13,195.5848671822312,197.0399857625853,194.52562907677014,196.33383178710938,7393680.0
2015-02-16,196.59062786062142,197.76757030685985,192.58905496930115,193.188232421875,12266698.0
2015-02-18,192.58905451039527,194.30096559739172,191.3907281770942,192.942138671875,9835036.0
2015-02-19,194.07627964075965,194.215382065177,189.92491934252845,193.02774047851562,9550637.0
2015-02-20,191.57263416205217,191.73313477228302,186.4476279819841,186.8328094482422,18717199.0
2015-02-23,186.15874320844807,187.61386200854957,181.2691172193531,182.19996643066406,14104463.0
2015-02-24,182.79911050178785,183.34477820915185,179.10782559091496,180.06005859375,19946218.0
2015-02-25,181.6328984084374,183.28060077082046,179.97448267383797,180.42385864257812,15274116.0
2015-02-26,181.05513496456265,181.8896924488369,179.0222509816617,180.17779541015625,21459750.0
2015-02-27,181.36540416281517,184.24354442256953,180.73414371246815,183.07730102539062,18659378.0
2015-03-02,185.9554218833757,187.3463459741244,183.07728192391377,184.93898010253906,14579511.0
2015-03-03,185.95544920611377,193.9692946794488,185.61307838971265,192.76026916503906,20636925.0
2015-03-04,193.8730037246968,194.65406572197864,188.320019892744,189.98912048339844,14476047.0
2015-03-05,190.98415056690584,192.3215793319759,187.9134268069372,189.36854553222656,10716702.0
2015-03-09,189.40064622299883,190.82366771217244,184.91760000575078,186.0945281982422,14065391.0
2015-03-10,185.94476532755323,187.41058335865785,183.04522653200704,183.84768676757812,15234060.0
2015-03-11,184.23287082229916,186.0838560791834,182.40326945899076,183.16293334960938,11635873.0
2015-03-12,183.60155933191848,185.6130446506318,183.0879746316783,184.84268188476562,11782380.0
2015-03-13,185.95544114677145,186.08383019735746,181.24771406482,181.91107177734375,12936157.0
2015-03-16,182.21067397823188,182.73494359136333,179.8140067677036,180.19918823242188,13839990.0
2015-03-17,182.00735617885903,184.00814260727708,179.96377340198245,183.35548400878906,19070082.0
2015-03-18,183.38758023432382,186.65090177732299,182.8954079453352,185.8805389404297,9269885.0
2015-03-19,187.3570483646431,187.60312735711426,182.76701164027128,183.2056884765625,13934612.0
2015-03-20,183.58015842661288,184.27562763376545,181.59007115481376,182.7670135498047,10405717.0
2015-03-23,183.28058850662916,184.88549441073982,179.34321021313397,180.1670684814453,13251683.0
2015-03-24,180.19918216575178,182.80983105517825,180.19918216575178,181.4510040283203,9238431.0
2015-03-25,181.6757089330273,181.78269981857528,179.96379762627,180.79835510253906,10264941.0
2015-03-26,179.98518495338175,181.72919342066984,176.34739507256452,177.4601287841797,20621346.0
2015-03-27,178.44449386266078,178.67988810811283,171.50058503154682,173.6939697265625,23326922.0
2015-03-30,174.7424517163364,174.9778316000872,170.43059164900498,173.49061584472656,17330588.0
2015-03-31,175.04205615338952,178.23048420828187,175.04205615338952,176.75396728515625,20235395.0
2015-04-01,176.5185580338501,179.5357861477442,173.99350218572226,178.90452575683594,14588531.0
2015-04-06,178.89383683907658,179.32181460987394,175.7696176820999,176.46507263183594,12334096.0
2015-04-07,176.7646688292302,178.91524257679168,176.7646688292302,178.21978759765625,21275454.0
2015-04-08,178.35888970203567,186.0624476517458,178.23050064066481,185.29209899902344,24821205.0
2015-04-09,185.20651067760386,192.37510009020858,183.7727899381834,191.54054260253906,27276420.0
2015-04-10,191.50841199734114,194.47214475854375,190.25659026826017,193.5198974609375,25323219.0
2015-04-13,194.04416485460746,197.88525126306965,192.32156903919247,197.40377807617188,20177342.0
2015-04-15,197.0828068746773,201.06298172725784,194.1297872824526,197.64988708496094,22231264.0
2015-04-16,197.83176610044086,200.72060537180948,196.65483793114063,198.65562438964844,20177302.0
2015-04-17,200.08933369628787,202.06872201034483,197.42518950168795,198.3346405029297,23958678.0
2015-04-20,200.57081298131627,200.6029102446017,187.98832866102612,189.51834106445312,37628162.0
2015-04-21,190.48127236104125,191.6261175138616,186.69369560355148,187.5496368408203,17707007.0
2015-04-22,188.7159039369812,189.75374406692976,185.5274756448377,188.25582885742188,14761313.0
2015-04-23,189.13315821919477,190.32078543125138,185.96612851288523,187.67803955078125,13337818.0
2015-04-24,187.66733303030404,189.26153976493833,185.88052845506303,188.0738983154297,12709854.0
2015-04-27,188.3200001777737,189.91420698512152,186.47970008634118,187.30355834960938,11042925.0
2015-04-28,187.17515646609112,188.7372659054619,183.7192516305092,185.14227294921875,14687371.0
2015-04-29,184.4575159906408,186.28711699983307,181.33329688955413,181.88966369628906,16387960.0
2015-04-30,181.88964872360884,185.29205809023318,181.45097190961226,184.5323944091797,34802149.0
2015-05-04,185.35626084324878,191.2837262118975,184.1365364063222,190.6524658203125,15078502.0
2015-05-05,191.24095725562034,192.97425238020904,189.40065696560288,190.90927124023438,17846755.0
2015-05-06,190.44917202037573,191.89359158330777,186.59738651922365,188.36279296875,22438208.0
2015-05-07,187.23934589118704,187.9775971037291,184.02952012560743,186.32989501953125,16735535.0
2015-05-08,188.73170175009093,193.6612652260249,186.58653415905832,192.78369140625,17104443.0
2015-05-11,193.46622481088792,194.89634124164493,191.41856237680594,194.13795471191406,14214007.0
2015-05-12,193.91043813383442,193.91043813383442,187.4641016894681,188.2333221435547,16650201.0
2015-05-13,189.24087556509227,192.55614581948612,185.74142925496915,191.7869110107422,16701434.0
2015-05-14,191.98195418524813,192.02530419974357,188.58002672137943,190.2918243408203,12329713.0
2015-05-15,191.09354117897246,192.1877926328846,188.53667166955964,189.3708953857422,8331715.0
2015-05-18,189.57678431198897,193.71544529562414,188.99173988818586,193.1845703125,9847540.0
2015-05-19,193.11955678939376,196.04479321846367,192.11197631701208,194.05130004882812,14513036.0
2015-05-20,195.10219629776827,197.39903808640713,194.5171374996748,196.93316650390625,8708891.0
2015-05-21,197.45320843211144,198.35244994187525,193.7370841058482,194.31129455566406,10759523.0
2015-05-22,194.36546088172898,196.22894719056876,194.36546088172898,195.84974670410156,8349048.0
2015-05-25,195.0155174676145,196.74899721981475,193.35788938775943,193.82376098632812,6617337.0
2015-05-26,193.9321105709988,194.14880278423198,191.2669019388558,191.67860412597656,9510249.0
2015-05-27,191.9819356409094,193.04369990739778,190.72517588260808,191.83026123046875,8078236.0
2015-05-28,191.9494434355898,193.76959430839705,188.94836995153776,189.7717742919922,26538868.0
2015-05-29,190.6601639082406,192.0794463634778,189.18671202316233,190.0317840576172,29277517.0
2015-06-01,190.68182717682777,196.0772613707115,190.24845728386705,195.50303649902344,19594976.0
2015-06-02,196.26147794308244,199.0891950200791,193.1628992028949,194.7230224609375,20178960.0
2015-06-03,194.7988350870647,197.27986743651704,192.52366104712465,194.22462463378906,15546279.0
2015-06-04,195.9255916692109,198.52579681682707,193.40122372899853,197.7674102783203,15931395.0
2015-06-05,197.16071110380008,198.68833263238542,195.97977397468765,196.69483947753906,13066337.0
2015-06-08,196.48899339266464,197.18239116374951,191.35358576082993,191.86279296875,10846953.0
2015-06-09,191.45106541832612,192.9895207266513,190.10763453551544,191.48358154296875,9153355.0
2015-06-10,191.98194369249617,197.16070074673922,191.7652659542079,196.2722930908203,13509379.0
2015-06-11,196.3156110412045,197.07401198616915,189.30588433335566,190.0642852783203,14676438.0
2015-06-12,190.4651811780263,193.43373867985483,190.30265840081162,192.81619262695312,21543824.0
2015-06-15,193.91044363539274,196.09896122972717,192.84869373291542,195.3947296142578,12858570.0
2015-06-16,194.7988608597588,196.09897081492593,193.5421009211202,195.87144470214844,13929305.0
2015-06-17,196.10979500974904,204.1921065007052,193.71543355450996,201.7760772705078,26232634.0
2015-06-18,202.06857516100897,212.7835927265047,202.0577412744451,212.12271118164062,49366799.0
2015-06-19,212.8919614243679,218.0707042204091,212.8919614243679,215.95803833007812,45710935.0
2015-06-22,216.02303935867965,218.56907518026225,213.75868460509787,214.8854522705078,19394187.0
2015-06-23,215.09128724148678,217.26895634278375,214.73375451317278,215.60049438476562,16007498.0
2015-06-24,215.60048953435222,218.08152187423084,213.79117262438874,214.7120819091797,18603004.0
2015-06-25,213.8670347104311,218.63407520017532,213.43366476327824,217.66983032226562,27175118.0
2015-06-26,216.6622451528934,219.73915579940316,215.68716640926314,216.83560180664062,20966796.0
2015-06-29,214.062034398213,215.35131029069248,210.61675722503782,214.7012481689453,20168946.0
2015-06-30,214.49539578085472,217.3014446070601,214.08369364400508,216.70556640625,23184864.0
2015-07-01,216.90059226306226,218.94825461034355,216.90059226306226,217.90817260742188,14824266.0
2015-07-02,218.63407434257397,220.9634323752079,218.22237217117024,219.03494262695312,15931202.0
2015-07-03,218.79657650067608,219.67415025395047,217.34479228676173,218.24403381347656,13831096.0
2015-07-06,215.8388771251824,220.77926019964997,215.64385267804522,220.05337524414062,12237733.0
2015-07-07,219.06743361780875,220.28085783439928,216.68390626614732,217.3881378173828,11294999.0
2015-07-08,215.78468181507515,218.56907765168825,214.8746208129287,215.94720458984375,15190654.0
2015-07-09,215.81716140276953,216.90059342069063,213.0327803154196,213.9536895751953,16245867.0
2015-07-10,214.7554200222971,217.5506495696996,214.5712439489247,217.07394409179688,16110573.0
2015-07-13,217.07394570167386,219.3924697883684,215.6329953706103,218.20069885253906,9860248.0
2015-07-14,218.61240963096824,219.17578622860862,215.6438377578284,216.20721435546875,9942927.0
2015-07-15,216.62976160109218,219.8041774944296,216.58642605014992,219.09996032714844,13532911.0
2015-07-16,219.2841188295931,222.70772833070598,219.09994275286152,221.81932067871094,14854295.0
2015-07-17,222.15522134824494,223.43364913294778,220.58426410665137,221.385986328125,10195142.0
2015-07-20,222.7077413431539,223.17361297010467,220.56257376036214,222.04685974121094,6348354.0
2015-07-21,222.75105907623913,222.84856405593627,217.27978721741857,218.37403869628906,7923338.0
2015-07-22,217.7673530731437,228.37403313106284,217.68068196953553,227.6048126220703,17309440.0
2015-07-23,228.27651096672008,231.38592336156816,225.61130240891728,226.4997100830078,18642915.0
2015-07-24,227.08476116982928,227.44227945589282,221.25595614461758,222.1118621826172,13099664.0
2015-07-27,222.07935014378677,223.1627677677505,217.06311584112788,217.84317016601562,20118553.0
2015-07-28,218.48241691164836,220.30255346670745,216.70560144358734,218.9049530029297,13382878.0
2015-07-29,218.74242083361082,219.43581855628037,214.97212676641306,215.8171844482422,14790821.0
2015-07-30,216.7055815184026,218.4173935018678,215.0154517731475,216.71641540527344,11701228.0
2015-07-31,216.68392479169393,218.39573686243116,214.51708944918366,217.0847930908203,16634259.0
2015-08-03,216.90060000419717,219.68498117606046,216.5539011693605,217.21478271484375,9887787.0
2015-08-04,217.4206791353735,217.90821858113205,212.35027468527267,214.083740234375,12006872.0
2015-08-05,214.1378951517961,216.8572877609032,213.2386535405859,214.02955627441406,14345010.0
2015-08-06,214.73375016587337,214.9504423616188,211.8085284712884,212.12271118164062,8708037.0
2015-08-07,212.13353172052467,215.38379873645135,211.73266347841655,213.2928009033203,8608888.0
2015-08-10,213.32531163204678,214.25704032200142,208.99162691468874,209.94503784179688,9288894.0
2015-08-11,210.40009859015612,210.97430909372304,207.58320104550285,209.31668090820312,8762464.0
2015-08-12,208.79663889421184,209.3166799577667,203.80207212080109,204.311279296875,9650325.0
2015-08-13,205.19968134701904,206.70563505879738,201.38603734301736,202.241943359375,9340350.0
2015-08-14,203.73706699967414,210.61677352752332,202.4477910074001,209.52252197265625,12739366.0
2015-08-17,209.3166590389366,209.3166590389366,204.993808185834,206.0013885498047,10857430.0
2015-08-18,207.14984201188875,207.14984201188875,204.15961657341734,204.57130432128906,6630334.0
2015-08-19,204.54963994391568,208.2332632110558,203.5637271813216,206.84649658203125,8877298.0
2015-08-20,208.00571234605115,208.00571234605115,197.9949121712965,198.54745483398438,19008087.0
2015-08-21,197.18239358168165,197.5940958012236,194.36549583910647,196.73818969726562,20050521.0
2015-08-24,190.6818473899387,190.6818473899387,177.24743714191817,179.75013732910156,35635706.0
2015-08-25,182.1986656886669,186.48901500939655,178.3742024257681,183.78045654296875,49504268.0
2015-08-26,183.70463674068475,189.5551096965712,182.01450685907002,184.91807556152344,18955515.0
2015-08-27,187.8216034298859,190.95268333538763,185.70893775836237,188.330810546875,26997546.0
2015-08-28,189.59844131277868,191.33190670939808,187.66995147632863,189.03506469726562,10770215.0
2015-08-31,189.13256689851062,189.13256689851062,185.00474009842287,185.45977783203125,20708942.0
2015-09-01,185.02640369526745,185.02640369526745,180.95274642396473,181.98199462890625,21645696.0
2015-09-02,184.1813520407774,185.71980757561207,182.5778931760234,184.08384704589844,19652369.0
2015-09-03,185.05886898721226,186.51065296882257,182.96787132692307,185.01553344726562,11659978.0
2015-09-04,184.11633842893372,184.11633842893372,178.785906564053,181.1260986328125,16199949.0
2015-09-07,181.63526697914708,182.8812071933349,179.34925930226947,180.541015625,10234633.0
2015-09-08,181.14776348148376,184.82055260877092,178.78590367545448,183.8779754638672,12900468.0
2015-09-09,186.56483117054623,190.40012788751395,184.28964289398348,189.39254760742188,17340694.0
2015-09-10,186.56484914426318,188.62334544474885,185.37307823145125,187.8649444580078,11074406.0
2015-09-11,188.94837836211948,189.83678606408114,185.52478313292207,186.5540313720703,10634833.0
2015-09-14,186.72736584482607,187.58327184894227,184.59303224251795,187.18240356445312,7964072.0
2015-09-15,186.78152687506463,188.51500657934812,185.3947460045314,187.8649444580078,11509788.0
2015-09-16,188.9700456795961,190.10763270367417,187.47492593257678,189.0675506591797,13424811.0
2015-09-18,190.34601018977816,194.90720740351577,190.0643290903219,194.01881408691406,34261453.0
2015-09-21,190.68182846709527,192.45862912934345,189.82592256109464,190.27012634277344,12732187.0
2015-09-22,190.68186148180067,191.74361140156037,182.9895842751388,183.72630310058594,15745524.0
2015-09-23,182.66454680679405,185.65478648382367,182.01449910532168,184.25717163085938,15221260.0
2015-09-24,183.74793734952902,183.74793734952902,180.876885320749,181.4402618408203,29076982.0
2015-09-28,181.97115954283998,182.2095050578179,179.56596429662866,180.7685546875,11624639.0
2015-09-29,179.8476583991511,184.23549833313385,179.00258628744294,182.177001953125,15853471.0
2015-09-30,184.3980109242353,187.38823588210877,181.68945254727055,186.84652709960938,17292020.0
2015-10-01,189.37091950173732,189.37091950173732,186.0448291708866,187.36659240722656,8663393.0
2015-10-05,186.95489006868033,192.84868366194448,186.74903175274474,192.41531372070312,16015412.0
2015-10-06,194.07296126936302,195.12387725650683,191.92777928181454,194.59300231933594,12330294.0
2015-10-07,193.86712204792647,198.92669251255052,193.06539985181988,198.0057830810547,11515191.0
2015-10-08,198.24413165514807,198.24413165514807,192.0361404634542,192.6536865234375,10753149.0
2015-10-09,193.726259352649,196.1964579170952,191.0068813865872,192.27447509765625,9327873.0
2015-10-12,192.41527395831184,195.36217737820402,192.41527395831184,193.22784423828125,6212395.0
2015-10-13,191.77610112942506,194.21379802388637,191.31022952450718,193.62875366210938,6162561.0
2015-10-14,194.10545021862794,196.09894319037795,193.70458195408665,195.6547393798828,8002587.0
2015-10-15,196.6839853217014,197.39903628639732,195.03719120049996,195.81724548339844,9048478.0
2015-10-16,195.99060477692237,198.2224578857422,195.81726257991463,198.2224578857422,15246935.0
2015-10-19,203.89956954854145,209.20831886207756,203.89956954854145,208.77496337890625,33505855.0
2015-10-20,209.09996694948063,209.46833355166953,206.49976189028675,207.30149841308594,18091895.0
2015-10-21,207.0414901193275,211.22348637959888,206.49978128380675,206.9331512451172,14404450.0
2015-10-23,208.8724576299984,210.84428283498337,203.93206073101337,207.073974609375,12153422.0
2015-10-26,208.42825683852374,208.6666023454749,203.96456534631585,204.30043029785156,10938775.0
2015-10-27,203.4228646181636,205.4705271397162,203.1195013146315,203.5853729248047,11601798.0
2015-10-28,203.01116928635355,204.74464914016312,201.4943816465048,203.02200317382812,11958727.0
2015-10-29,202.8161642066358,204.76632185700262,202.58863809970921,203.8995819091797,13280382.0
2015-10-30,204.13787982257324,207.12811892704246,203.704524414215,205.351318359375,13366359.0
2015-11-02,205.63304404811734,208.3416027255819,204.80965412889088,207.97323608398438,7222044.0
2015-11-03,208.7207991089145,210.28092228034726,208.28742915054943,209.57669067382812,11373522.0
2015-11-04,209.75004270123327,211.26683028976163,205.0263232774512,206.13140869140625,10033187.0
2015-11-05,205.6330279610692,206.066397894139,202.16609742544742,202.94615173339844,10767454.0
2015-11-06,203.563687669387,206.87895809144473,203.2278371978369,206.3697509765625,8367190.0
2015-11-09,202.27444873910952,209.0999858276653,200.0967650530466,208.2874298095703,17031699.0
2015-11-10,207.366497356246,207.9082061294623,198.5474536494006,199.945068359375,11486238.0
2015-11-13,198.27664076392037,203.3687127909159,198.15746799539858,202.1769561767578,13682323.0
2015-11-16,200.6493460293963,204.11627718942123,200.3784843482692,202.44781494140625,15346549.0
2015-11-17,203.26037191496908,203.4445480099674,200.6926681505844,201.0285186767578,8588142.0
2015-11-18,200.99601292959164,201.79774954988338,197.1715493127983,197.61575317382812,11249222.0
2015-11-19,199.1108741320855,203.40120940817698,198.75334137092136,202.54530334472656,12183206.0
2015-11-20,202.38277877631685,206.45643596971328,200.55179403088277,205.1671600341797,11304265.0
2015-11-23,205.8497060504887,207.5615034275395,205.02630178764704,206.66226196289062,10499517.0
2015-11-24,206.4997934585676,210.53011553256326,206.07725735976646,209.68504333496094,14806176.0
2015-11-26,210.4001150095392,214.9396444191529,209.80423668441034,214.22457885742188,23805828.0
2015-11-27,214.30037994321728,215.058780930578,211.07179496482988,212.14437866210938,10891864.0
2015-11-30,212.02522183438018,213.3036639365756,208.51494107761053,209.55502319335938,29919205.0
2015-12-01,208.88331123654012,212.0902287367924,208.28743295707417,209.29501342773438,12981379.0
2015-12-02,209.37083456365434,212.28523687639364,208.9916340642138,211.90603637695312,7573628.0
2015-12-03,211.2451569809326,214.28956617379202,211.07181477987675,211.7435302734375,11361395.0
2015-12-04,210.68176513068136,211.52683722866837,208.3199199541801,209.19747924804688,13443688.0
2015-12-07,209.19749957472837,210.83347449574848,205.79557200760317,206.2939453125,14483909.0
2015-12-08,205.61136447386906,206.6297787752493,202.83781709465987,203.87789916992188,7532164.0
2015-12-09,202.85948852847437,204.43044555665102,197.7999185911125,198.46080017089844,9174419.0
2015-12-10,199.8909336640155,206.67313562618702,199.3492247966652,205.9255828857422,18592203.0
2015-12-11,206.2289088528653,207.79986573001435,204.311253156215,206.48892211914062,18155513.0
2015-12-14,205.32967708236694,208.774954274618,204.98297824648003,206.95480346679688,10563900.0
2015-12-15,207.36649781090557,211.9060263083811,206.64059850665564,211.46182250976562,15718833.0
2015-12-16,211.4618305122864,213.98619841445978,210.94178949059952,212.05770874023438,12097338.0
2015-12-17,212.36108268774072,219.9341867743403,211.9168788500212,218.78575134277344,19369032.0
2015-12-18,217.50730926581477,218.6340623836799,214.5170698237719,214.92877197265625,16016139.0
2015-12-21,214.06203154684457,216.46722665054799,213.29281114779627,214.97210693359375,12331769.0
2015-12-22,215.1237785122586,217.24727807708345,213.21695667263322,213.93202209472656,11579277.0
2015-12-23,214.90711897397162,218.17903968818098,214.51708457113767,217.50732421875,12919467.0
2015-12-24,217.5289999823818,218.24405102678202,215.88220567761783,216.8031005859375,11901877.0
2015-12-28,216.81392477286366,219.66332386434127,216.6839181277839,218.93743896484375,12885935.0
2015-12-29,218.93744111606742,220.73590978408188,218.23320951936154,220.02085876464844,14913870.0
2015-12-30,219.93420060829064,220.1508783649689,217.11730298465494,217.6590118408203,8151610.0
2015-12-31,217.42065505504476,220.95260355737904,216.4889118206147,219.84750366210938,18483713.0
2016-01-01,218.80740497601764,220.77923016820515,218.4607206095445,220.010009765625,5416562.0
2016-01-04,217.76731330391894,219.67413509294985,213.80199532224194,215.6654815673828,30170947.0
2016-01-05,216.74891923913347,218.85075117102275,216.03386823402062,217.79983520507812,14946239.0
2016-01-06,218.33070151970546,225.00457813836778,216.77057846279516,223.6611328125,26759864.0
2016-01-07,221.245137890614,222.7510917468836,218.42825463054118,219.5550079345703,19739943.0
2016-01-08,221.0175933977657,223.81280846606384,220.30252795242174,222.26351928710938,21313199.0
2016-01-11,220.1400434317524,229.85831559754763,219.06745961234898,227.8648223876953,29016443.0
2016-01-12,228.60155699871387,230.8550635282874,225.5896493910729,226.5322265625,23373377.0
2016-01-13,228.18983392878874,236.13130442423247,226.9113918866168,233.33607482910156,71802356.0
2016-01-14,230.51918597239523,234.23532501627102,228.17900846765409,230.04248046875,27823189.0
2016-01-15,231.79764350292703,236.0771449690892,230.8984018720038,232.56686401367188,28767318.0
2016-01-18,232.93520940889573,234.87453303742072,218.43906361533644,220.3350372314453,27254669.0
2016-01-19,222.9677657669591,227.47477861500693,219.73916608917565,226.13134765625,21489315.0
2016-01-20,224.24618781009107,224.24618781009107,214.51708239892608,217.66983032226562,45114225.0
2016-01-21,220.48673481382508,222.26353574318838,211.63518843584404,213.26031494140625,31768619.0
2016-01-22,215.39465734314572,219.0674463300032,215.39465734314572,217.58316040039062,23682648.0
2016-01-25,218.85073936338725,220.74672734037276,216.68390422652828,217.53981018066406,13099564.0
2016-01-27,218.43907903472584,218.8507667692877,216.02304974376474,216.5430908203125,17251028.0
2016-01-28,216.9006081253365,221.4076352890921,216.05553601198588,220.3458709716797,23074633.0
2016-01-29,220.79005765552003,225.3512538999465,220.58421381889255,224.35450744628906,19177163.0
2016-02-01,225.34046423528596,225.74133256553765,222.2202176283278,223.2494659423828,9918809.0
2016-02-02,223.24945072887465,223.7911595696479,214.62543036213773,216.93312072753906,14771279.0
2016-02-03,214.0836960888709,215.3838058309592,211.266813344381,212.65357971191406,15691478.0
2016-02-04,214.0837029334668,216.900600232485,209.2516593361559,210.8442840576172,18203784.0
2016-02-05,212.15521880860464,212.7835987114515,208.3199216058435,210.37841796875,20998404.0
2016-02-08,210.42176407638163,213.39033601416665,207.57236490013193,208.2440948486328,12078110.0
2016-02-09,206.4781069754913,209.9233843176464,205.8497270604858,207.474853515625,19603494.0
2016-02-10,206.21809538853444,210.83346150218782,205.55719934236797,208.5907745361328,16883350.0
2016-02-11,208.6341181051593,209.30584806431622,198.3741372735685,200.3351287841797,17114833.0
2016-02-12,202.36112456290016,202.36112456290016,192.43699420019152,196.434814453125,29319458.0
2016-02-15,198.9158339987131,206.14223907966806,198.9158339987131,205.14549255371094,19283523.0
2016-02-16,206.08808215941897,207.58320203914346,200.8660037002,201.63523864746094,13024856.0
2016-02-17,202.62112504829437,207.46401715930583,198.5691356135171,206.41310119628906,15442221.0
2016-02-18,208.65579152509355,209.90173202438697,202.81616685008663,203.70457458496094,14433087.0
2016-02-19,203.68289510802944,206.44560868036544,203.10867015458356,204.62545776367188,10235503.0
2016-02-22,204.57128769025144,209.81504821443392,204.57128769025144,208.5149383544922,12770834.0
2016-02-23,208.6882987616178,209.5767065202165,204.27879056206444,205.77391052246094,18989787.0
2016-02-24,204.74463906717372,207.70236252456638,204.11624469562528,206.42393493652344,15186204.0
2016-02-25,206.75982204022083,207.26902924547963,203.86708713019627,204.57130432128906,24826958.0
2016-02-26,206.49979341726532,207.74573393730006,204.61463903736183,205.9255828857422,8349402.0
2016-02-29,206.13141483861767,215.5138361788657,202.59946628479443,209.45751953125,31032353.0
2016-03-01,209.0349757445356,213.44449794652522,209.0241418575042,212.63192749023438,16453192.0
2016-03-02,215.14547040567058,217.92986627345962,213.9212121921017,217.0089569091797,20105967.0
2016-03-03,218.8507774517691,220.58425743452216,216.14223305930534,219.4683380126953,15880459.0
2016-03-04,219.7175035363224,219.93419575268635,217.44232928355206,218.07070922851562,8987660.0
2016-03-08,218.30904711623754,223.3794509778336,218.30904711623754,222.53439331054688,13222993.0
2016-03-09,221.0175680612837,226.1963099129467,220.71420480644912,225.7196044921875,11854901.0
2016-03-10,225.79547344704704,226.62971166682465,218.6340717075315,219.22994995117188,20706353.0
2016-03-11,219.91253700921706,223.0869529916606,218.98079370886538,219.8258514404297,15319044.0
2016-03-14,220.82256969173233,222.40436053566276,219.48997270516114,220.9634246826172,11880095.0
2016-03-15,221.88436324175396,222.7186016069572,219.95588764503574,221.1259765625,10487788.0
2016-03-16,221.2342812441683,222.2743633354288,217.8648555669135,221.39678955078125,11064129.0
2016-03-17,225.03994164259063,227.20926193421207,221.7530789750696,222.62957763671875,16832997.0
2016-03-18,223.12261189536045,225.73018158313377,222.56384800707525,225.08377075195312,14030979.0
2016-03-21,225.24809979968094,228.21722763598328,224.1086603327633,227.29690551757812,12708074.0
2016-03-22,227.23114645970753,230.57277343769783,226.935323442943,229.608642578125,15333442.0
2016-03-23,229.40046697604706,229.40046697604706,224.03194621644352,225.52198791503906,16806372.0
2016-03-28,225.6973045331758,226.069818652217,222.5528828244483,223.59371948242188,18070240.0
2016-03-29,224.33874980426646,228.3268028547785,223.54991266513605,227.0668487548828,15871250.0
2016-03-30,228.4801599242787,230.46323036358757,228.4801599242787,229.433349609375,14453294.0
2016-03-31,228.10769229272125,231.39454062054753,226.28895960474108,229.0279998779297,30833349.0
2016-04-01,227.6913493219676,229.26903823761157,224.6017067004156,226.67242431640625,12381116.0
2016-04-04,227.88853892319,228.37061172134196,224.66742610871532,226.8038787841797,8632568.0
2016-04-05,225.99312200278408,228.41442714847713,223.98813980814438,225.0289764404297,10259495.0
2016-04-06,226.15745421771726,227.16542322278877,224.07578100645992,226.51901245117188,6990781.0
2016-04-07,226.77102453479034,229.64154975769242,223.9662491481989,227.2859649658203,8789163.0
2016-04-08,226.99012768256125,231.05487153542248,225.96026151232513,227.0887451171875,13411752.0
2016-04-11,227.23115233019854,229.09370815445948,226.35465375086105,227.95425415039062,10308361.0
2016-04-12,227.9542784429017,231.7122580915777,227.4612497678992,229.5100555419922,11164859.0
2016-04-13,230.63853772971424,234.4403259570733,230.63853772971424,233.59669494628906,16038542.0
2016-04-18,233.54191707973482,233.76104904769346,231.26303822784993,233.3118438720703,19065716.0
2016-04-20,234.2869537176954,234.2869537176954,226.96821486748303,227.29690551757812,21687934.0
2016-04-21,228.1953127836454,230.51801515545162,226.7929178903452,228.14053344726562,11380697.0
2016-04-22,227.66941839177974,229.53195972592485,225.54392161353195,227.65846252441406,11705087.0
2016-04-25,228.86364076735003,228.86364076735003,221.81881315850842,222.8267822265625,61157544.0
2016-04-26,222.4980909080174,224.36063214326785,220.76700544684903,222.8377227783203,26429236.0
2016-04-27,223.0458967535128,224.80983517093364,222.62955919235577,223.37457275390625,14502641.0
2016-04-28,222.191330042699,223.33076953535365,217.14052877213814,218.40049743652344,61949033.0
2016-04-29,217.68834912321512,218.80589157120033,214.48914781735994,215.33277893066406,23479680.0
2016-05-02,214.5219815342593,217.45824153721475,214.30286420299032,216.26402282714844,10620873.0
2016-05-03,216.49410547606095,218.01701487683874,213.15247826437871,213.82080078125,17571826.0
2016-05-04,213.43734404391662,215.5518850234082,213.20727082177217,214.32479858398438,13546285.0
2016-05-05,214.74113882498472,215.49710833436652,212.74711236590912,213.70030212402344,21665684.0
2016-05-06,213.2072481468575,214.039908632438,211.89250027816306,212.31979370117188,14748329.0
2016-05-09,213.64551574014283,216.05586509826418,213.16344294305327,215.42041015625,15347096.0
2016-05-10,215.4204107830258,215.77101317120005,214.30288304067054,215.29989624023438,7248302.0
2016-05-11,212.9443178160223,214.90547666995272,212.54989194620143,213.73316955566406,12339923.0
2016-05-12,213.86463971281432,217.8526926229648,213.65647822397045,217.54591369628906,12786216.0
2016-05-13,216.7022649037138,217.0528672730645,213.64550489130477,214.3357391357422,14648291.0
2016-05-16,214.08372614537944,215.28891531499983,212.7909046730732,213.85365295410156,9327335.0
2016-05-17,214.79592331995602,215.42042243005707,211.75010421895527,212.3636474609375,12157600.0
2016-05-18,211.65148524434775,213.09768898025803,211.25705939486033,212.67041015625,8228838.0
2016-05-19,212.9223961402468,212.9662196095892,207.20327249048017,208.43035888671875,9134784.0
2016-05-20,208.60566701348233,209.1534750065956,204.08076216614526,204.70526123046875,18544619.0
2016-05-23,205.39549903205173,206.12957140948686,202.83175289943375,203.78494262695312,18365734.0
2016-05-24,203.3576405355201,206.85266451230396,203.3576405355201,206.0747833251953,12283217.0
2016-05-25,208.1345504686578,208.78096126878384,206.22817104296016,208.43035888671875,9240115.0
2016-05-26,208.16742176059233,208.69331802934883,206.8745855100975,207.4771728515625,14190024.0
2016-05-27,207.9592369813486,214.06183046897164,207.89350177891004,213.5797576904297,13401594.0
2016-05-30,213.95227736233943,215.06980508750934,211.45426646808104,212.26502990722656,9633652.0
2016-05-31,212.33075895241925,213.20725757028876,209.59171905573427,209.8875274658203,23332727.0
2016-06-01,209.90944275505268,211.69530762215885,208.56184183162978,208.9562530517578,9042808.0
2016-06-02,209.15347092097073,209.73414650468828,207.09370939654212,209.53692626953125,10253825.0
2016-06-03,210.35865823742105,210.99411319495303,209.44929195850835,210.28196716308594,8643295.0
2016-06-06,210.5777491917165,211.0159984745846,208.7261638900718,209.2191925048828,8672842.0
2016-06-07,209.75609018721173,210.56683910355216,208.518033134168,209.27401733398438,18954268.0
2016-06-08,209.92039868721676,209.92039868721676,207.9811516783498,209.06582641601562,12135516.0
2016-06-09,210.3586483500551,213.96323106566854,209.52597318461522,212.8018798828125,15643495.0
2016-06-10,213.42638914293337,215.70528277589165,212.17739096240973,214.0180206298828,16316760.0
2016-06-13,212.52799008596244,215.49711817444103,211.02699223918893,214.982177734375,10214469.0
2016-06-14,214.94929916254821,215.92440065114968,212.3965088291743,213.91941833496094,10923848.0
2016-06-15,214.74114585982002,216.16543798239593,213.37161845099064,215.74911499023438,11129082.0
2016-06-16,214.9602549728195,215.54093059324074,211.90348009426714,213.9303741455078,9372207.0
2016-06-17,214.08374197652589,214.44530021688112,212.5717884400618,213.6235809326172,10534878.0
2016-06-20,213.0209959589808,217.50207728233312,212.11164435555278,216.97618103027344,10758608.0
2016-06-21,217.8307861924487,217.84174206054942,214.67540841547998,216.2969207763672,13933068.0
2016-06-22,215.8367347600652,216.03394036310115,214.1056492907808,214.85067749023438,12788710.0
2016-06-23,214.73017826231325,215.17936883458282,212.54988747003043,214.83973693847656,9837526.0
2016-06-24,211.4323694871628,211.4323694871628,204.52998241472275,208.4851531982422,24985097.0
2016-06-27,206.0857410364307,210.00804386284267,206.0857410364307,209.40545654296875,9163399.0
2016-06-28,209.5698073780646,210.698290938163,209.26302847352994,209.87657165527344,7604977.0
2016-06-29,210.79691638730924,212.31982595189274,210.3586670311757,211.87062072753906,7523987.0
2016-06-30,212.98814657103858,214.19333594609262,211.90348637261903,212.3636474609375,12758283.0
2016-07-01,213.15248028671834,214.03992015284405,212.54987833905426,213.3058624267578,6610193.0
2016-07-04,213.755070985688,217.72119734639324,213.755070985688,216.20924377441406,7803505.0
2016-07-05,216.07776803203262,219.75904175156415,214.8068581997706,217.61163330078125,11359882.0
2016-07-07,217.48018286074938,219.23316563138806,216.08874373589626,216.4722137451172,12029091.0
2016-07-08,216.27501659450948,216.71325133384525,213.94134347090778,214.3905487060547,7140617.0
2016-07-11,217.15148817014477,218.0170309850437,215.94631345185854,217.4801788330078,8266601.0
2016-07-12,218.08275693294104,220.2192095825254,217.15147895047446,219.86862182617188,9767494.0
2016-07-13,220.26302825016242,222.78295083064842,220.03295504007122,221.04092407226562,14915296.0
2016-07-14,220.89853151926718,222.21326503227579,218.7401522251646,220.19732666015625,10758372.0
2016-07-15,221.09570014439257,223.72518135753663,219.89052552133825,221.79689025878906,13992989.0
2016-07-18,225.2590521886203,227.61463678538598,219.50706097840077,220.4931182861328,32106850.0
2016-07-19,220.43834420441036,224.15248568416064,218.09371541901248,223.0240020751953,16649300.0
2016-07-20,223.4951295709444,225.32480341485555,222.75010128987566,224.1634521484375,12265316.0
2016-07-21,224.38253791163757,224.60166986881674,220.2191916258094,220.5150146484375,6711097.0
2016-07-22,220.43834691041494,223.02400481294032,220.24112666535078,222.37759399414062,6899519.0
2016-07-25,222.19133767772163,224.32779045669432,220.73416334514877,224.10867309570312,8241568.0
2016-07-26,224.16343569927,226.74909350254921,222.45427652916797,224.3935089111328,10516399.0
2016-07-27,224.17438614305985,224.82079692140954,221.0847438945503,221.99411010742188,11030767.0
2016-07-28,222.39951032823146,225.80687300244747,221.98317272151652,224.8975067138672,15610838.0
2016-07-29,224.38256159883497,224.57978184384848,221.75308022637645,222.3885498046875,9629597.0
2016-08-01,223.06781714764807,223.57180166181095,220.23015980345846,221.20526123046875,7978251.0
2016-08-02,220.87659794557266,223.50607933896524,220.50408381520506,221.9283905029297,7710138.0
2016-08-03,222.2789795462148,222.2789795462148,217.2610604481601,217.79791259765625,11872282.0
2016-08-04,218.90445425716396,219.12357158287915,215.4861215847334,217.58970642089844,10187608.0
2016-08-05,218.68536299131176,223.28695933339728,218.47720149315316,222.6843719482422,12109001.0
2016-08-08,223.48413821893917,226.5737802783533,223.21022693421494,225.53294372558594,13556347.0
2016-08-09,225.03992870803566,226.6833526336743,223.72518079112933,225.85067749023438,13290768.0
2016-08-10,225.97121519610445,226.69431706997543,219.56184262830763,219.92340087890625,13471958.0
2016-08-11,219.55089259836134,224.13057692751232,219.035952190865,222.21324157714844,14169454.0
2016-08-12,222.84869275222752,228.52400763349493,222.84869275222752,226.9682159423828,16365425.0
2016-08-16,227.06685879927304,228.9403562296622,222.52004164110957,224.57980346679688,13367575.0
2016-08-17,224.404474542693,225.43435536192445,220.70128886600855,222.03794860839844,15486572.0
2016-08-18,222.62954547682935,224.30583685754073,222.62954547682935,223.07875061035156,7749690.0
2016-08-19,223.06782822626903,223.94432689286407,220.67937594209448,222.3885498046875,8177802.0
2016-08-22,221.75308244702694,223.44034459121778,220.70128988751082,221.72021484375,6684236.0
2016-08-23,221.75306876922838,222.41045004887354,220.2192034955994,221.41343688964844,7320433.0
2016-08-24,221.68737018661406,223.9333964463188,221.53398802211217,223.61566162109375,8719596.0
2016-08-25,223.7690048931188,225.47817865267336,221.09570021122474,221.90646362304688,14960746.0
2016-08-26,223.04592002572252,225.87260706066425,222.3228034947576,225.23715209960938,9639663.0
2016-08-29,225.09473055510134,232.2162495724351,224.8427309625444,231.71226501464844,16193208.0
2016-08-30,232.70927052638626,234.1335625806446,230.73715583301112,233.6734161376953,18170724.0
2016-08-31,233.34471559525892,235.33874193954605,229.4223981100357,232.27101135253906,23295502.0
2016-09-01,230.73712654646098,235.06481075303986,224.7550480194815,225.52198791503906,42621045.0
2016-09-02,225.93833984566922,226.25607463645417,219.62758451940596,222.0489044189453,28124615.0
2016-09-06,223.48416137695312,224.60168910959345,222.4104571140378,223.48416137695312,11510431.0
2016-09-07,223.94432437296902,225.0508962477473,221.98316557651037,222.9911346435547,12927438.0
2016-09-08,224.17438357318355,227.00108498209235,223.54988453592594,226.4423065185547,12206479.0
2016-09-09,226.7929146937263,230.05785085989774,225.69729872692147,228.8855438232422,15269894.0
2016-09-12,225.78495913721363,231.394524338763,225.51106244283108,229.31285095214844,33684893.0
2016-09-14,229.64151237602044,232.05186148902146,228.08573546802026,228.92935180664062,18604842.0
2016-09-15,229.422408780474,234.50607768266,229.422408780474,233.36663818359375,31371009.0
2016-09-16,233.80490833034577,239.68837072815776,232.07382256487315,235.67840576171875,39324529.0
2016-09-19,235.02100275325975,238.40646805360544,234.68137087565125,237.1793670654297,16678060.0
2016-09-20,237.52999226973202,237.69433029082327,234.2540999520163,235.38258361816406,11531268.0
2016-09-21,235.33874647685846,237.727184087301,234.24313047856486,234.9552764892578,10943394.0
2016-09-22,237.31087697435294,240.11565236203208,236.4343782662475,238.61465454101562,18761415.0
2016-09-23,238.62559838918483,243.10667989017782,238.62559838918483,241.64950561523438,31085948.0
2016-09-26,241.78097228034986,247.51106648279213,241.09073800389322,242.6136474609375,38213411.0
2016-09-27,244.76105284756102,246.72221160461515,242.48217393863686,243.3367462158203,19374535.0
2016-09-28,242.7670132464464,242.7889249798629,238.03394718255126,238.9871368408203,24820234.0
2016-09-29,239.94034221374443,243.39152821682944,233.89252786678682,234.9990997314453,21260295.0
2016-09-30,234.02398877511715,239.84172966994748,233.65147467043676,237.4642333984375,11199883.0
2016-10-03,238.187344467522,242.7779845562196,235.831774466108,238.99810791015625,18125170.0
2016-10-04,239.5130431590022,242.85467040972992,239.2829553211116,240.23614501953125,13113580.0
2016-10-05,241.9124572620879,242.46026526161546,237.92440449385236,238.71324157714844,10789932.0
2016-10-06,239.2829735805642,246.7879625744269,239.2829735805642,243.4025115966797,21111045.0
2016-10-07,244.10368789232973,246.0867437705648,242.46026390295623,243.00807189941406,15280380.0
2016-10-10,244.10368314905867,245.85668040552162,239.7212046352273,240.23614501953125,11553662.0
2016-10-13,238.62559254856615,238.63654841591426,230.51801667374394,231.64651489257812,21938040.0
2016-10-14,232.92837768942866,237.09172424781565,232.63255464743412,236.13853454589844,15265659.0
2016-10-17,236.65349004812273,236.82879856200555,231.9971145405404,232.4134521484375,9826781.0
2016-10-18,233.58572669382943,237.25605895034775,232.72019862233856,236.89450073242188,11073137.0
2016-10-19,237.6285983604139,239.87462448294716,236.96027577142954,238.26405334472656,17073242.0
2016-10-20,239.71027223537345,240.59772681765529,237.54095181408667,238.30789184570312,10125508.0
2016-10-21,240.37858353052374,240.37858353052374,231.9204054950204,233.1913299560547,43608816.0
2016-10-24,234.46222482304515,235.33872338661297,232.41341930414973,232.9940948486328,10513017.0
2016-10-25,233.3666569993708,233.42143634246122,231.00011624122527,232.45729064941406,7658966.0
2016-10-26,231.4054887343722,232.15051702520236,230.53994589357248,230.9672393798828,10945927.0
2016-10-27,230.32080285751425,230.93434603448048,228.63355546402568,229.79490661621094,12842476.0
2016-10-28,230.07978383884708,231.83276651068758,228.7212123947254,231.16444396972656,8127969.0
2016-11-01,230.36463962448744,231.38356456504383,229.51005269778642,230.2989044189453,10223897.0
2016-11-02,228.1076497511826,228.51303143911701,223.7251715040749,224.3277587890625,7039997.0
2016-11-03,224.3496855555649,226.73813774988278,223.63753955782738,224.37159729003906,7311872.0
2016-11-04,223.56083420557877,225.01800833700344,219.1235766120815,220.3397216796875,11535892.0
2016-11-07,222.19132617234345,222.75009004126457,218.91543403119258,219.37559509277344,9506040.0
2016-11-08,220.37262153157016,220.37262153157016,218.75109453744625,219.8905487060547,13432073.0
2016-11-09,208.16743216884407,221.0957221835673,203.78495329186768,220.13157653808594,21640144.0
2016-11-10,223.19928716318674,225.46722478662258,220.65745286260037,221.40248107910156,9764091.0
2016-11-11,218.65249310311103,222.95828095548265,218.04990572424833,219.507080078125,14775330.0
2016-11-15,218.3566838289084,219.123609227993,214.64252750135094,215.92440795898438,14487470.0
2016-11-16,218.0279918199059,218.42241769886178,214.89452577911496,216.1763916015625,16550762.0
2016-11-17,216.05586996950544,218.71821896735528,213.51403551681352,214.24810791015625,12628378.0
2016-11-18,215.83674400938568,217.52399145630736,215.1793627164438,216.38455200195312,18163751.0
2016-11-21,216.3955046046057,217.71023791600237,215.4423149088138,217.26104736328125,13232434.0
2016-11-22,218.61959543986137,220.8327390232457,217.65544991531314,219.44131469726562,17646355.0
2016-11-23,220.21921969799195,221.4244090477947,219.02500084340545,221.09571838378906,13107911.0
2016-11-24,220.3397528310744,220.3397528310744,215.22321616157464,216.35169982910156,18913793.0
2016-11-25,216.93233903898923,218.22516051072526,215.6942968984857,217.7430877685547,10454964.0
2016-11-28,217.58972699570444,219.25506271058478,215.63952410313317,216.1982879638672,8312777.0
2016-11-29,216.71321904726835,220.06581669500127,216.50505757709638,218.61959838867188,9885281.0
2016-11-30,219.11263381166225,219.11263381166225,216.1982853750246,216.9433135986328,27596098.0
2016-12-01,219.123613421117,222.41047632569368,218.02799732870065,218.63058471679688,12627845.0
2016-12-02,218.22519052473288,220.21921696514627,217.32679474163294,217.97320556640625,12481430.0
2016-12-05,218.02797065963586,219.05785141581208,216.16541475395832,217.77598571777344,3987213.0
2016-12-06,218.247077797115,220.5588387705785,217.94031353440664,220.2630157470703,6726369.0
2016-12-07,220.00009582053,220.78893291250873,218.32380420116445,218.93734741210938,4930865.0
2016-12-08,220.23016619044338,223.90049879572112,220.076784046523,223.51702880859375,8750556.0
2016-12-09,223.94429956293024,226.10266373573887,223.5717854809896,225.4672088623047,8239158.0
2016-12-12,223.6156405764741,228.26106019587357,223.6156405764741,225.08377075195312,9023848.0
2016-12-13,225.25905347973972,228.10766674669884,225.16045067386656,227.84471130371094,10365823.0
2016-12-14,227.84472487894743,233.2461286897416,227.49413710384343,232.16146850585938,24139260.0
2016-12-15,230.60568174640076,233.9363532348296,229.78396242814503,230.7261962890625,19331986.0
2016-12-16,230.51801667374394,232.7092632799974,230.51801667374394,231.64651489257812,14942206.0
2016-12-19,231.17540828265783,233.7939338323073,231.03296737345144,232.8297882080078,15009634.0
2016-12-20,231.1096771283868,232.4901457546958,230.77003059216048,231.8108673095703,11688169.0
2016-12-21,232.29293525698972,233.87062410205024,231.6574802973112,232.98316955566406,20367894.0
2016-12-22,231.83276770494604,232.85169263645457,230.28794650644363,230.8138427734375,28892834.0
2016-12-23,230.51800132189487,234.23215712416223,230.51800132189487,231.6793670654297,10265033.0
2016-12-26,231.0329496210431,233.58573976751669,228.9074529147019,229.52099609375,15321770.0
2016-12-27,229.60867349698816,233.82679959968016,229.4224091178969,233.3009033203125,17442849.0
2016-12-28,234.0020909222067,234.36364918135376,229.44431834180284,230.0140380859375,9637310.0
2016-12-29,230.0797745544613,234.1992975630118,229.97020125719018,233.46522521972656,8772325.0
2016-12-30,233.32279948323998,237.74910140510195,232.95028537724681,237.1793670654297,15711974.0
2017-01-02,237.52996765259263,238.84471556704645,234.97717751957185,237.77101135253906,7097888.0
2017-01-03,238.811859011471,240.3785919379455,236.8945236994614,238.71324157714844,6434204.0
2017-01-04,239.48018603578305,239.50209777108125,233.21325421257254,233.83775329589844,10392483.0
2017-01-05,234.68137523395623,236.6315634816447,234.18834658159105,236.08375549316406,8734164.0
2017-01-06,235.38256750773473,237.74910798611037,235.1415237993049,235.54690551757812,7845839.0
2017-01-09,235.9961082155429,237.96822282216377,234.68137489601304,236.1494903564453,5228980.0
2017-01-10,236.65346498579555,239.80884237359842,236.65346498579555,238.8118438720703,11349916.0
2017-01-11,239.94033043518084,240.09371257161257,237.52996658319685,237.9791717529297,11475958.0
2017-01-12,238.18735101043043,238.92142340139324,236.6096621787704,237.37660217285156,4371992.0
2017-01-13,237.65050785358756,240.48816546075227,237.65050785358756,238.93238830566406,7234429.0
2017-01-16,238.833782703287,239.71026677001538,235.32780255439215,235.831787109375,12013154.0
2017-01-17,233.36665950876682,234.02402626024838,227.5598881781354,228.1624755859375,39234251.0
2017-01-18,228.4582763075089,229.64155397291037,225.42341300644165,226.25608825683594,15867619.0
2017-01-19,226.82579205961582,229.04990631766094,225.9164257947301,226.50807189941406,15284274.0
2017-01-20,226.56284239636582,227.32976772528664,224.36063995944215,224.7769775390625,8784907.0
2017-01-23,223.90048692617898,225.91641030709985,221.92837238530092,222.60765075683594,13708502.0
2017-01-24,222.84871556380412,225.4343736898057,222.84871556380412,225.10569763183594,9419288.0
2017-01-25,226.13555679209082,226.28893893772917,222.66244438885136,222.91444396972656,23856654.0
2017-01-27,223.5608478179369,225.4562713535853,223.2869365105033,224.62359619140625,21861796.0
2017-01-30,224.59074158438614,229.30189640075304,224.55787398087153,228.94033813476562,15678126.0
2017-01-31,229.38955816728205,230.912467777187,227.95429550574664,229.0279998779297,15125194.0
2017-02-01,229.22520104607534,230.2769935935583,226.8367487653081,230.00308227539062,11312284.0
2017-02-02,230.07980912460866,230.2551030228596,227.50510685740824,228.65550231933594,9099129.0
2017-02-03,229.2032885216931,230.17838999238342,225.71922023490347,226.4971160888672,13219481.0
2017-02-06,227.23116664395107,228.9622375512274,226.1465065316754,228.25009155273438,9991907.0
2017-02-07,228.32679175432503,228.40348282813298,225.0837671550574,225.89451599121094,9905562.0
2017-02-08,225.89450598478214,227.5050769727125,223.94431774093013,224.63455200195312,16230826.0
2017-02-09,225.25905956214984,226.57380755793764,224.99611873938824,226.29989624023438,9861688.0
2017-02-10,226.7929119266927,226.91342646355918,224.7221945566841,225.73016357421875,12518554.0
2017-02-13,226.35467826499502,226.57381024722392,223.94432885176462,225.66444396972656,8565757.0
2017-02-14,226.79292512592764,230.7152427544646,225.67539737347482,230.03594970703125,18244623.0
2017-02-15,230.71524167192365,231.72321074339212,229.03893542378324,230.36463928222656,15236663.0
2017-02-16,230.63853673918584,234.3417221479759,230.63853673918584,233.9144287109375,19655195.0
2017-02-17,233.69530430761958,236.25905022501794,231.9313512782147,235.6674041748047,14847356.0
2017-02-20,234.58275942983158,236.40149191079263,233.69531955127553,235.6455078125,11650581.0
2017-02-21,235.60168880830594,239.05288946422192,235.13057187818862,238.45030212402344,14186476.0
2017-02-22,239.5020836623709,265.50108742847794,239.28295169497082,264.59173583984375,127323130.0
2017-02-23,265.9283867599504,267.76903096665285,258.42339828626336,259.1684265136719,62249698.0
2017-02-27,260.8666571160054,275.3945481700876,260.8338041381545,271.4722595214844,83422197.0
2017-02-28,269.96027633993856,273.4662710516185,269.1933363399269,271.2859802246094,36111716.0
2017-03-01,271.7352042077973,272.67743815756904,269.5220602518181,270.50811767578125,24385665.0
2017-03-02,271.2530383917314,274.93432617917864,268.8755717215396,271.0010681152344,18063590.0
2017-03-03,272.052902055084,282.18735700396303,272.052902055084,275.7779846191406,84305639.0
2017-03-06,278.06782449397457,287.4901331355521,277.24611986522,286.032958984375,66724743.0
2017-03-07,288.9911620500106,290.77701239515955,284.0170517627637,285.9453430175781,42071555.0
2017-03-08,286.54795859991003,286.54795859991003,281.8149061943482,282.93243408203125,43336972.0
2017-03-09,282.669481241822,284.42244945434976,280.8069250897717,281.9573059082031,31094457.0
2017-03-10,282.72418919033964,283.98415769531164,276.35864072240764,280.8397216796875,24785585.0
2017-03-14,288.96921709436725,289.0240110547561,281.6285816812974,282.5598449707031,27765035.0
2017-03-15,282.8995239851457,288.4323981612016,282.7571123301341,285.9453430175781,24107889.0
2017-03-16,287.05187511281883,287.1395220391734,283.4582341136873,284.345703125,15924023.0
2017-03-17,286.6136851945283,289.2322109317713,284.43342345681197,285.01409912109375,22727289.0
2017-03-20,286.1754377491358,286.2302317171409,280.1166817695777,280.6535339355469,12869337.0
2017-03-21,280.9602820214286,281.33278151653013,275.94234843179726,276.92840576171875,22596181.0
2017-03-22,274.3427063226667,277.38852495331196,273.14850225480285,276.02996826171875,20291685.0
2017-03-23,276.7860171757905,279.9413953770479,275.6575479823499,279.0101318359375,11807911.0
2017-03-24,279.18539804442884,283.1077159812901,277.9473410234483,281.9573059082031,16282523.0
2017-03-27,278.527971515153,280.20429225842906,273.29092095445947,274.1455078125,32452615.0
2017-03-28,275.65749676752216,276.9722301267818,272.1734138717025,272.9732360839844,21707345.0
2017-03-29,274.2769586917031,276.0956909454394,270.25605350399246,275.36163330078125,18924345.0
2017-03-30,275.0000936652086,279.3277926458154,274.5618589984057,278.42938232421875,27862325.0
2017-03-31,277.4104746149594,293.11068679847307,277.4104746149594,289.44036865234375,45390562.0
2017-04-03,294.0638600486101,302.5001114946149,292.97918535693117,301.2182312011719,44886623.0
2017-04-05,305.721265165486,310.71728735471936,302.4125051940222,310.0599060058594,40323877.0
2017-04-06,308.74518208145594,317.4881992411718,307.25515470066495,315.2093200683594,50620850.0
2017-04-07,311.4403803174322,314.22322914804084,307.3317983939805,308.21923828125,31875272.0
2017-04-10,308.9642744530204,312.2292107880125,301.79893220247726,302.6864013671875,30768410.0
2017-04-11,304.11073213074,306.8716989035191,300.22129621512767,300.7143249511719,32249647.0
2017-04-12,303.0041460235815,303.8039683500523,296.068890726405,296.6933898925781,27448279.0
2017-04-13,296.6933508273416,300.944344498031,295.2361765465829,299.0599060058594,12713918.0
2017-04-17,299.10372095088104,305.79794605557015,299.10372095088104,304.9871826171875,11837502.0
2017-04-18,306.7621265491172,308.96430001861194,299.5419897353691,300.2431945800781,16016414.0
2017-04-19,299.9801637975447,302.94930597735765,297.4711972602732,299.93634033203125,11572557.0
2017-04-20,302.1714399938152,303.88058448922004,298.90647463069365,300.1007080078125,8393496.0
2017-04-21,302.50010377218473,311.3746189168726,302.0728103519453,307.3208312988281,30230907.0
2017-04-24,308.75605163079604,314.44233625590385,306.8168194614036,310.58575439453125,25512511.0
2017-04-25,319.9204641856001,321.6186675605162,312.49218110489363,313.9602966308594,36764315.0
2017-04-26,314.44241397727035,315.54897134719704,307.3428062520642,310.3776550292969,16763153.0
2017-04-27,310.49814442003,312.06487733084526,307.2551199250543,308.8547058105469,12571594.0
2017-04-28,308.90954319273345,311.22127540721726,304.800960718878,305.7212829589844,11848658.0
2017-05-02,307.2112234278975,307.2112234278975,299.3885304831029,300.3197937011719,18591411.0
2017-05-03,301.7112796740397,302.5548960977228,299.10372470326797,300.22125244140625,9500038.0
2017-05-04,301.2949829727436,302.30295212389257,296.7043424503725,297.5589294433594,14365934.0
2017-05-05,298.35871737261067,299.6186861036979,290.3387877741126,291.0509338378906,15598448.0
2017-05-08,291.43436383027375,293.5160370217857,288.881573741252,289.5498962402344,16066733.0
2017-05-09,290.11966925385366,292.234195700262,289.29793525616185,291.5111083984375,21106150.0
2017-05-10,292.48618454108714,298.79693992560635,291.57683288581313,297.8108825683594,22906024.0
2017-05-11,298.9064834103308,300.14454029152614,296.1783993285229,297.90948486328125,13783848.0
2017-05-12,298.01908211976763,298.88461037187903,294.51311638199337,295.9154968261719,7523427.0
2017-05-15,297.21924842162235,297.21924842162235,292.2013149847593,294.5240173339844,6738085.0
2017-05-16,294.95133111651575,301.7112917813672,293.8447445741302,297.1973571777344,12655992.0
2017-05-17,296.47421253380577,299.31185519395035,295.3238026287817,296.4961242675781,9844573.0
2017-05-18,293.6804002172352,295.81683819203516,290.14155273886877,290.85369873046875,9790379.0
2017-05-19,292.0917936161347,292.6834105188399,287.0519478012936,288.9911804199219,12813204.0
2017-05-22,290.6674367251093,292.22322838132334,288.1913522214276,290.1524963378906,8801430.0
2017-05-23,290.4921901205517,291.4015711307474,285.29896193435496,286.07684326171875,9223001.0
2017-05-24,286.504128746659,287.86271497568447,283.7870147979201,284.3567199707031,14326531.0
2017-05-25,284.86063941143317,287.57775259925165,284.08272906907774,285.3974914550781,25922008.0
2017-05-26,285.72618385305856,294.58972832932193,284.86065579047096,293.0339660644531,21430443.0
2017-05-29,292.9682143216796,299.20226277733525,292.6614208288198,297.3287658691406,24022633.0
2017-05-30,297.109722593088,299.03801393737086,295.4881955634599,297.8656921386719,9658309.0
2017-05-31,299.54195340901197,299.7501295143908,292.7052874525053,293.77899169921875,16423338.0
2017-06-01,292.0260499943976,293.625636014003,289.90055304398913,291.0509338378906,9534069.0
2017-06-02,292.5299919783309,293.3407554062333,288.58576276553174,290.2839660644531,11495005.0
2017-06-05,290.6126673947768,293.8447213133778,288.33378853750685,291.29193115234375,10835031.0
2017-06-06,292.29989918659226,292.29989918659226,287.27102457827993,287.6654357910156,9591064.0
2017-06-07,287.3148563728158,294.0638754355538,286.8327982099465,293.406494140625,11199223.0
2017-06-08,293.62561728896316,294.6774098288396,291.0070918068265,291.806884765625,7903123.0
2017-06-09,294.74311098093506,296.4632258702231,291.65346892359497,292.683349609375,13836547.0
2017-06-12,290.6784419887924,291.37964683015076,288.58579796058723,289.1226501464844,8432435.0
2017-06-13,289.37462376231554,290.7770040644326,287.2710386818134,288.0050964355469,6025338.0
2017-06-14,288.34472168536126,298.008059450785,288.34472168536126,297.46026611328125,52939271.0
2017-06-15,298.0080820438874,305.67742338758796,297.8108764274351,303.256103515625,28290813.0
2017-06-16,304.3846133818224,305.8527289483489,300.04594338092875,304.3188781738281,32710880.0
2017-06-19,304.62566881555745,310.23521998933904,304.62566881555745,308.7999572753906,15236956.0
2017-06-20,308.74509887015887,311.6156234270032,308.40545240856045,309.4791564941406,10142474.0
2017-06-21,308.4821960169735,312.90848329087913,307.70428558022826,311.59375,19992472.0
2017-06-22,313.22622444428765,316.7212484697732,312.84275446524657,313.92742919921875,22118609.0
2017-06-23,314.66145278197394,315.976185956977,313.4781899990063,314.6285705566406,31143289.0
2017-06-27,313.7849832186184,316.19533247111116,312.2511033272854,314.9134521484375,32591540.0
2017-06-28,315.5270294353656,315.5270294353656,305.79795563398994,306.4443664550781,15567803.0
2017-06-29,306.77298525508263,308.9642168937738,304.60366534768536,305.1733703613281,12898245.0
2017-06-30,305.01999981157064,305.1076467400709,301.30585882510167,302.3905334472656,7814271.0
2017-07-03,304.1873382673583,305.6116594281433,300.41843241024867,302.62060546875,9195278.0
2017-07-04,304.58177487950036,312.71126179426693,304.3626575512641,311.582763671875,18816782.0
2017-07-05,313.22624596003726,317.1704754386472,312.0320124721136,316.1186828613281,27209010.0
2017-07-06,317.44435762521533,317.7292394465279,315.09974337494833,316.0967712402344,13590313.0
2017-07-07,316.1953471853673,328.19235855302117,315.5379951339073,326.74615478515625,35845310.0
2017-07-10,327.6117115703255,328.88265082349596,326.29697809788433,327.1186828613281,3504540.0
2017-07-11,328.90450077645824,329.64949969325704,325.8367704139251,327.44732666015625,20995547.0
2017-07-12,328.5539150304726,334.16349470048914,328.1375920668011,331.11767578125,17104482.0
2017-07-13,333.23086844260513,336.81993408746405,332.6566049650539,336.1794128417969,23010262.0
2017-07-14,335.71561429862214,339.2494504545176,334.73274649033704,338.75250244140625,20530867.0
2017-07-17,339.4702812731022,344.461846909531,339.4702812731022,342.7280578613281,18749450.0
2017-07-18,341.6347724194457,342.7390980071215,333.72780592964097,335.6935119628906,19640167.0
2017-07-19,334.08115763520374,339.69115836182624,334.08115763520374,338.5757751464844,11790198.0
2017-07-20,340.07764097351,342.3415214996898,336.5327475955056,337.6812744140625,13626050.0
2017-07-21,342.3415004119774,351.5515939027162,341.22614677305853,350.0718078613281,97142371.0
2017-07-24,353.38484536428825,358.8843875143297,350.07186852073573,356.7530517578125,43429394.0
2017-07-25,358.84021896571454,358.8954485161936,352.8547569774608,353.8597106933594,20063064.0
2017-07-26,354.312473658256,359.98870302942044,353.6277805913232,358.4095153808594,21954323.0
2017-07-27,359.5690604090265,360.3420676547318,350.8117419699547,352.236328125,18409364.0
2017-07-28,351.45224810162387,354.69899661558736,348.52578969054815,352.1590270996094,14331863.0
2017-07-31,353.81551558707315,357.5370965308563,352.501359039085,356.7419738769531,16567422.0
2017-08-01,358.4095194605089,358.4095194605089,351.5074771130434,354.1799621582031,12311920.0
2017-08-02,355.5934612712648,361.26969023783977,355.1737992973622,359.8340759277344,20786240.0
2017-08-03,359.3150855170393,367.7190298688552,357.15060608629403,364.4501953125,19707381.0
2017-08-04,367.2993580115906,367.2993580115906,356.7199062943362,358.2770080566406,18579866.0
2017-08-07,360.3642099590051,360.3642099590051,356.1567380866926,356.99603271484375,9537088.0
2017-08-08,357.36043739728524,358.03407279367644,350.4694229976509,353.94805908203125,10961296.0
2017-08-09,353.71610031538785,357.80211354381385,350.07183498277584,353.1197509765625,10436651.0
2017-08-10,351.8497871785464,354.8535607450106,348.51472481375475,349.9282531738281,10188164.0
2017-08-11,342.55137345857304,348.96749581420147,338.58681786909625,341.5133056640625,16996281.0
2017-08-14,344.77106775114976,349.96140694888464,344.77106775114976,347.4324951171875,13440617.0
2017-08-16,347.2005902980852,348.0840566366835,342.3857120219696,345.8974914550781,13576650.0
2017-08-17,346.53801022271176,352.86581883158635,344.80422103571016,346.1183776855469,15828719.0
2017-08-18,345.4336535968152,348.4815991602277,343.03725744731616,347.9515075683594,7935890.0
2017-08-21,348.30494849574853,349.88413624643516,344.6054531285766,345.52203369140625,7573558.0
2017-08-22,347.2005900892563,348.9454073569074,343.67778244122997,344.5612487792969,9533641.0
2017-08-23,345.62142096255786,350.4141840834896,343.03727957403726,349.4202880859375,8320052.0
2017-08-24,351.1761774659957,351.8608410324256,345.5440905608026,346.3281555175781,12654347.0
2017-08-28,348.7576852584667,349.39817696337917,344.8152156926778,345.9968566894531,12316426.0
2017-08-29,344.95883571246384,346.20673464108273,337.9242772978111,338.3991394042969,15164812.0
2017-08-30,341.8004262707008,346.4938173172478,340.40898371851057,345.45574951171875,10334911.0
2017-08-31,347.86320246638684,352.82165446664675,347.6423432316171,352.17010498046875,25104625.0
2017-09-01,353.35168936859463,357.0511844708178,353.1639737771299,355.6155700683594,15431918.0
2017-09-04,356.8082666390844,361.3691425267271,352.4682499860751,356.3334045410156,21560532.0
2017-09-05,360.0107585638277,361.0819699176619,358.03402448744083,360.58502197265625,25216776.0
2017-09-06,359.2156360951094,364.98023815687617,358.4205429725565,363.4120788574219,48745984.0
2017-09-07,363.5446049515162,367.7410474955072,360.0107399751818,361.3800964355469,16205339.0
2017-09-08,362.21942372334445,363.6550675580082,358.72975975527726,360.8500671386719,13248413.0
2017-09-11,362.7937107772689,365.2453071341966,360.6954891781794,361.29180908203125,12690592.0
2017-09-12,363.43419811577184,364.42809409734394,360.8942581002054,363.8759460449219,6500191.0
2017-09-13,363.98637761859646,379.844512077877,363.1029112427437,375.0296630859375,29377106.0
2017-09-14,378.03344263665167,380.5512967814506,371.93755109036556,372.7547302246094,11867640.0
2017-09-15,371.9375258130909,376.7302886289489,368.7349787997664,371.84918212890625,28595395.0
2017-09-18,375.47138232534337,375.9352161800743,372.4234365914427,373.50567626953125,5061995.0
2017-09-19,374.8971112012486,374.91919712132307,369.7288584677731,370.43560791015625,7718697.0
2017-09-20,378.16596149847163,385.41035056814684,373.3069110592952,374.21246337890625,24942703.0
2017-09-21,374.14618824054907,376.2223238562813,369.39756763553936,371.650390625,12950541.0
2017-09-22,371.0098820444893,371.0098820444893,359.21564653725477,361.0709228515625,12294087.0
2017-09-25,360.01076969032425,365.7312000865037,355.6818112754915,362.90411376953125,14229631.0
2017-09-26,362.9703592493951,365.33361166354615,358.7739165010327,362.2635803222656,10564143.0
2017-09-27,364.69317622345005,364.7373480702568,351.3970670008224,353.0093688964844,18448855.0
2017-09-28,353.23024402227946,354.665858475459,344.6385547641164,347.3993835449219,29547622.0
2017-09-29,349.74057847023244,350.4694434603918,344.152692178252,344.94781494140625,16666208.0
2017-10-03,351.1761890653594,355.0854857612182,346.91345863943957,352.6559753417969,18345748.0
2017-10-04,353.03139399431524,364.4059669466363,351.441178296043,361.71142578125,18907611.0
2017-10-05,364.4281340566598,365.9521218228739,361.62316266836746,364.05267333984375,10631751.0
2017-10-06,363.98637399818506,370.7669584615433,363.3679386950757,369.7509765625,12997688.0
2017-10-09,370.6123265858795,370.9657308241419,365.75330581009024,366.92388916015625,8850408.0
2017-10-10,367.07844804976196,374.27866417800624,367.07844804976196,372.4675598144531,14732024.0
2017-10-11,373.39523973586347,379.1819281847069,369.2871403222968,371.1203308105469,15420644.0
2017-10-12,371.98169897022944,387.3097705386096,371.98169897022944,385.520751953125,18642942.0
2017-10-13,388.4140466503127,393.4497539746089,385.78573390938993,387.15509033203125,21509701.0
2017-10-16,388.2816245799893,394.02411215944676,380.4629717178184,387.309814453125,32009221.0
2017-10-17,387.83984082578587,390.4902398782278,383.06913432627505,386.2275390625,13898844.0
2017-10-18,387.57478800046744,405.46488476630276,386.5146343364713,403.9630126953125,36671941.0
2017-10-19,404.53719701192085,407.23176742575316,398.88305465976964,401.9309997558594,8014767.0
2017-10-23,403.2562652237301,417.3033244832035,401.57767617174875,415.1167297363281,27455320.0
2017-10-24,418.6284844323052,418.6284844323052,410.0147394376654,412.68719482421875,13857773.0
2017-10-25,415.271357603654,417.83338351959236,410.58899472275726,415.1830139160156,10011782.0
2017-10-26,415.22719720292406,423.08999202991583,411.2516132007852,418.4960021972656,16840049.0
2017-10-27,419.6444831175931,422.60408508004355,408.9104008373966,410.74359130859375,11498547.0
2017-10-30,412.5767877676922,417.6787831784575,411.0749155866277,416.3315124511719,7823263.0
2017-10-31,417.4137351173189,417.7671098544238,411.7816483214438,415.6026306152344,9504986.0
2017-11-01,418.65056667454996,423.0899546574313,417.76710036464516,420.7708740234375,17571371.0
2017-11-02,420.88132084905544,422.5157380123426,417.1045103286451,418.142578125,10277678.0
2017-11-03,422.27274790714154,422.27274790714154,415.29342005487695,417.5683288574219,4798537.0
2017-11-06,416.3315164424044,416.3315164424044,410.3681405304897,411.9141845703125,9757496.0
2017-11-07,412.2896358299867,413.0184711931569,398.9051849180429,400.5174865722656,20447574.0
2017-11-08,398.6622289490507,400.208272800916,390.53437467718555,392.16876220703125,17752793.0
2017-11-09,395.23883909702386,401.93107988691895,394.04616981942183,397.77880859375,15007224.0
2017-11-10,397.97754117206864,397.97754117206864,388.3699006809376,390.4239501953125,13923102.0
2017-11-13,390.9319334198506,393.97987886685445,385.8520243415109,386.62506103515625,9088619.0
2017-11-14,386.5146389856547,395.3492431294856,385.6311726738295,391.6828918457031,12481463.0
2017-11-15,390.7111017986682,393.4056432257304,387.81775758870765,390.35772705078125,15272059.0
2017-11-16,391.1528065457484,400.20829952837727,391.1528065457484,399.2585754394531,15160866.0
2017-11-17,405.9287481354101,408.55703182280365,401.3126430101847,402.8145446777344,12219276.0
2017-11-20,400.29662340621053,408.3140482193454,399.76656132915537,406.7679748535156,9231195.0
2017-11-21,409.39630888803543,415.07253802520114,408.8220454544086,411.9362487792969,13082246.0
2017-11-22,414.1007468415369,414.63083845723384,407.91651175260876,411.14117431640625,11058315.0
2017-11-23,411.2515739603883,419.60028777338545,409.33003991022065,418.31927490234375,16031638.0
2017-11-24,419.6445113024408,423.8409546462323,418.4960138124023,420.1304016113281,13987125.0
2017-11-27,418.42970871229033,422.9574403908958,416.99406489672486,420.24078369140625,10237135.0
2017-11-28,419.5782592401801,420.24083694312986,414.3879197976694,416.7070007324219,10153618.0
2017-11-29,416.0443425643491,419.6444655914432,415.6688819120161,417.8775329589844,8038351.0
2017-11-30,415.8676727067371,415.8676727067371,406.1716877151554,407.0772399902344,20637767.0
2017-12-01,408.35821450391904,411.36198802799754,400.9592250352116,402.0193786621094,11114967.0
2017-12-04,403.5212446543328,403.65376016981486,396.3872863270865,398.2646484375,10103208.0
2017-12-05,398.0217638036081,406.723853206849,395.5480814976589,403.6096496582031,18306627.0
2017-12-06,401.97525953106214,410.94237995272846,401.44516790450166,409.330078125,24078081.0
2017-12-07,410.8319302245619,413.46024333177405,407.71772684673874,411.4945373535156,12095301.0
2017-12-08,412.51054867691244,413.87990538815984,405.97293855501806,406.83428955078125,12224184.0
2017-12-11,407.4747785490257,409.04293793006826,403.5433666230206,404.6918640136719,10792248.0
2017-12-12,404.6035150207305,410.3681173067914,401.09176513118786,404.44891357421875,15782031.0
2017-12-13,405.0231622502856,408.5790838521436,402.2844196930765,404.0292663574219,9147866.0
2017-12-14,405.9508197175826,408.5570173909573,401.4230584401265,407.0551452636719,10983157.0
2017-12-15,411.25158414374175,412.11296454830597,405.3765522457077,406.2821044921875,24408414.0
2017-12-18,402.8366490318806,411.98045703846,381.05930975366454,406.83428955078125,18581421.0
2017-12-19,407.98280618301465,409.4846783940207,406.3925607951609,409.0208740234375,8891691.0
2017-12-20,408.99875301130504,409.66133062672145,405.0673412109932,405.5753173828125,10443493.0
2017-12-21,405.7078305292151,408.13737023314025,401.9752215226045,403.2783203125,9071450.0
2017-12-22,404.02924370315736,407.45264959230815,401.6659619205954,406.5691833496094,10658428.0
2017-12-26,408.5349010562319,414.7412213683618,405.5752993771338,410.7214660644531,11596338.0
2017-12-27,412.1351167665236,414.1228794596917,405.95088098026645,408.0491027832031,9520350.0
2017-12-28,408.7116070657433,412.7534484736515,405.9949798647367,408.247802734375,15511891.0
2017-12-29,409.26380769646346,411.8258335984762,405.72994226128617,406.8563537597656,11089700.0
2018-01-01,407.5852081610255,407.5852081610255,400.8709111867806,401.86480712890625,9453202.0
2018-01-02,403.3004544888271,406.19379886702285,400.3850241876042,402.4832458496094,9499419.0
2018-01-03,408.60119648615387,409.04294440475746,403.3225137949618,404.0955505371094,13507800.0
2018-01-04,405.57533083084263,407.18766205623797,404.4930912025674,406.5250549316406,9008932.0
2018-01-05,407.18769426834785,409.4405173881011,406.5030011683391,407.82818603515625,7441284.0
2018-01-08,409.08713287049676,411.25161224669074,407.9386354149987,410.16937255859375,8827020.0
2018-01-09,409.9926471118475,416.949918953857,408.15948609823374,415.6468200683594,14294571.0
2018-01-10,416.55234523885497,418.4959652231692,413.2393686921782,416.2652282714844,11727682.0
2018-01-11,416.02229612049877,416.3977862956731,413.0185221551711,414.2333068847656,7849171.0
2018-01-12,416.55235874310455,420.8813172634133,414.45413724679906,419.2027282714844,15071161.0
2018-01-15,419.6444415340331,423.3991363037455,417.5241342915199,419.2689514160156,11120925.0
2018-01-16,418.6285038363339,418.6285038363339,406.39254932082434,407.6956481933594,10825151.0
2018-01-17,409.04294771583506,410.3681325079495,400.65003206654507,408.3803405761719,13204016.0
2018-01-18,410.36813974974456,410.6331708154021,404.22807647207054,406.2600402832031,9381821.0
2018-01-19,407.71768321325516,412.753420187635,407.3201366707548,411.3840637207031,9973533.0
2018-01-22,418.76098533026095,430.37850360430576,415.22714967023234,429.14166259765625,45700733.0
2018-01-23,430.6877657381498,437.7333516251692,430.6877657381498,434.33203125,22526810.0
2018-01-24,433.6694626437357,433.6694626437357,425.23240397722265,426.8668212890625,14289485.0
2018-01-25,427.5514666866288,429.36257130907364,422.3611274544124,426.66802978515625,13669901.0
2018-01-29,426.8005419119207,431.70373462478835,423.75259616454235,426.0495910644531,9897064.0
2018-01-30,426.623837213525,426.623837213525,419.20273170398895,419.8211669921875,9182956.0
2018-01-31,419.6445118110791,426.0496064501861,415.9118728485194,424.6360778808594,12551686.0
2018-02-01,425.4974289045024,429.6275847106691,413.7252788299651,416.9278259277344,16524809.0
2018-02-02,413.0184839222284,416.97198169010886,397.999644973091,399.47943115234375,28965593.0
2018-02-05,394.9075357718175,403.0795625259468,389.51842355475804,398.50762939453125,19191099.0
2018-02-06,387.398082235088,396.6744337262016,384.7476834573947,394.0682067871094,24062503.0
2018-02-07,398.68432087885566,399.9432477962636,393.1405780787602,395.0841979980469,15532284.0
2018-02-08,396.6302930686932,402.26235036914375,394.17866737197033,399.5677795410156,13825894.0
2018-02-09,392.6988892789931,398.4413763031294,391.37367501501336,396.60821533203125,11580639.0
2018-02-12,398.88312679383546,405.5974238941796,398.4634647955566,404.4047546386719,11877059.0
2018-02-14,407.71770126099653,416.33147544800437,406.8342349735693,412.4221496582031,22247829.0
2018-02-15,414.18909986996863,417.76710752483655,409.9926274541938,413.3056335449219,13363743.0
2018-02-16,415.0504503430303,416.37566457278876,405.5532389615524,406.966796875,9628162.0
2018-02-19,406.8342203734586,411.693270036326,403.54332994911994,409.484619140625,8941900.0
2018-02-20,410.368111374123,410.61105650084346,405.862465620646,406.87841796875,8458450.0
2018-02-21,410.8098831184978,411.9142087796218,407.3423046707783,410.52276611328125,11917390.0
2018-02-22,407.27598865425296,411.25157226062186,406.39252235425874,408.3140563964844,11196908.0
2018-02-23,408.77786890060446,414.3436978557467,407.60728561303847,412.68719482421875,10610664.0
2018-02-26,414.78546964318235,417.39169709001646,413.725315823009,414.6529541015625,8435611.0
2018-02-27,414.7853865628141,422.20646181760696,414.49826961347975,419.86529541015625,14021366.0
2018-02-28,417.8554312227402,422.7807387941539,416.6406761416063,421.6543273925781,56650480.0
2018-03-01,419.53406300825355,424.01762315313385,417.8554739505857,418.9377136230469,8956590.0
2018-03-05,416.5523579250889,419.71073312398624,407.0993182496366,408.2036437988281,12325694.0
2018-03-06,410.36810239425415,413.5485633542669,399.81073770113363,402.3506774902344,16019726.0
2018-03-07,401.6438960610846,401.6438960610846,392.27920060030743,393.0301513671875,15853546.0
2018-03-08,396.5198315639016,403.96302280572274,394.5983269581754,402.61572265625,13283967.0
2018-03-09,404.1397271653191,406.1054331827107,402.4390522099005,403.3446044921875,10638527.0
2018-03-12,406.3925346228884,412.1792228445798,405.31029500734587,410.9423522949219,8315150.0
2018-03-13,411.6491305986856,413.46023509110705,406.9888833291356,411.6270446777344,11148731.0
2018-03-14,410.27979866009423,411.7154130953788,406.03918363386197,410.3902282714844,14724464.0
2018-03-15,408.60121571667827,410.5669218033103,401.9752620106834,402.7703552246094,12711836.0
2018-03-16,401.53351623740934,401.8427486428174,391.3958123202465,397.5800476074219,30814962.0
2018-03-19,397.99970103175,400.6058990249132,394.02411678312785,395.5701904296875,12630833.0
2018-03-20,394.5983195021315,399.3248244347961,391.8374909798561,393.05224609375,15192983.0
2018-03-21,395.2830158130466,398.5959926221546,394.5983522212361,396.1885681152344,14715126.0
2018-03-22,395.79102394517105,402.836639617899,395.68059433291023,401.1580505371094,22129723.0
2018-03-23,393.40564299413484,397.55791422821034,392.7430653422368,394.8633728027344,23469999.0
2018-03-26,394.88544805847977,399.4573516819354,394.2449268584004,398.0438232421875,13227705.0
2018-03-27,400.7384083677235,402.3065383113062,396.2327328598373,397.4695739746094,15179544.0
2018-03-28,395.702642645587,395.72472856594,388.72328540357233,389.91595458984375,19160609.0
2018-04-02,394.46575046992143,397.97752956204283,391.59452200728197,394.44366455078125,12494499.0
2018-04-03,393.5824103326989,398.3089161379339,391.0424405463658,397.35919189453125,13922126.0
2018-04-04,399.6340736114515,402.77036314525293,394.0461876454072,395.30511474609375,14214534.0
2018-04-05,399.8107885543741,401.97526797661175,399.10400953318157,401.1801452636719,8527915.0
2018-04-06,401.09177688805187,405.72993836820274,399.7665921061819,402.4169616699219,9664888.0
2018-04-09,403.10165228472334,405.95082461261825,403.10165228472334,404.6256103515625,7813897.0
2018-04-10,405.68573634213647,408.11527599655466,403.8084036604986,405.08941650390625,8455132.0
2018-04-11,407.187693763826,412.0246288422403,404.6477241610922,411.18536376953125,13140816.0
2018-04-12,410.7436024323613,413.7473763194558,408.2478342441375,410.2356262207031,10822592.0
2018-04-13,412.0025204080658,415.97810427358496,410.235617180111,414.71917724609375,12616816.0
2018-04-16,412.775544364944,415.22717006588465,410.1472607826156,413.9240417480469,8934275.0
2018-04-17,415.2272202173379,418.4076816978869,413.46028734351694,417.10455322265625,9599816.0
2018-04-18,417.546266621617,418.84936550176684,413.0405911150599,414.3437194824219,7360987.0
2018-04-19,414.8295756841201,417.4358027175167,413.01847126152325,416.2431335449219,9802587.0
2018-04-20,414.34373651211394,416.0443820566165,406.92266003344923,409.8822326660156,7326696.0
2018-04-23,410.80989726059335,417.148734440335,410.1473195334383,413.4602966308594,7674482.0
2018-04-24,413.3719204500571,430.996987890017,413.01851620279723,428.5011901855469,19921115.0
2018-04-25,430.09142425772006,433.6915179925618,425.6299500807275,428.6999816894531,14079382.0
2018-04-26,429.8043393316107,436.43029332556137,425.0557183282294,430.8424072265625,34096999.0
2018-04-27,437.22539081014816,446.59008724744325,435.32594251849457,440.0966491699219,25518647.0
2018-04-30,433.7798710455857,438.46220422459254,424.06177097879834,425.5195007324219,19406069.0
2018-05-02,427.1538999351803,432.54301221606227,426.2925195096566,429.6717834472656,13381914.0
2018-05-03,431.96880242584024,431.96880242584024,423.73051734951315,424.7685852050781,8634812.0
2018-05-04,425.3207259013143,426.1379345154058,419.64449642179534,421.38934326171875,8302649.0
2018-05-07,423.5537808475155,429.91470277960525,422.44945535182814,428.9208068847656,7683268.0
2018-05-08,431.79207805255453,433.7798699024677,426.3587646029462,427.19805908203125,10792648.0
2018-05-09,426.668043334819,434.7958694969725,425.0557119640028,431.438720703125,9831044.0
2018-05-10,432.89638175647445,434.92834534562013,430.3564125264377,433.40435791015625,8781584.0
2018-05-11,433.4485868223848,437.8879752205467,431.90254275083504,436.9824523925781,8774740.0
2018-05-14,438.17508005448985,438.17508005448985,431.43866788109705,435.8117980957031,5642499.0
2018-05-15,434.24369122395944,441.73102509162663,431.41660478439,432.4325866699219,10501479.0
2018-05-16,430.24596232889513,430.24596232889513,420.7266659981654,422.3610534667969,18840763.0
2018-05-17,423.7746893923712,424.06180638800646,415.88977907606545,417.5904541015625,10353948.0
2018-05-18,417.70086764500707,421.19053176549426,411.69331996725697,412.5105285644531,11440117.0
2018-05-21,411.1411274132582,413.32769241823775,407.32014539081456,411.4061584472656,14491208.0
2018-05-22,412.20129278122664,412.57675342343515,408.6011698512121,409.37420654296875,11310073.0
2018-05-23,409.0429521991626,409.0429521991626,401.5997605906833,402.9691467285156,9991028.0
2018-05-24,403.7421176445989,406.8342349064793,402.0414723172509,404.559326171875,11632489.0
2018-05-25,404.625603248716,407.8944080266636,403.94093969597446,406.74591064453125,17782410.0
2018-05-28,408.55697502387966,409.484613104353,405.55320159358695,406.5691833496094,11369679.0
2018-05-29,407.05513181193413,409.92636044455554,403.91884264673007,405.26611328125,17878384.0
2018-05-30,404.11762126862374,407.80605849373967,400.473326397776,404.6697692871094,13105124.0
2018-05-31,406.83423015856675,407.4084935591212,403.98508753716635,406.9888610839844,37080158.0
2018-06-01,406.3925489987045,413.34982076599186,405.707855936696,411.0528259277344,19174278.0
2018-06-04,412.3117399143121,416.9940731297958,411.052812926165,415.6026306152344,12250151.0
2018-06-05,416.46402142330567,421.85313373477703,415.66889875775433,418.6064147949219,17436812.0
2018-06-06,418.3193296553356,422.2948843112785,416.3977953536621,421.588134765625,9164022.0
2018-06-07,421.80899478048633,431.1295198159939,421.61022147040285,429.0754699707031,14999572.0
2018-06-08,426.86670491150755,435.78965146186687,424.32673594231073,434.81787109375,14289325.0
2018-06-11,436.0327226652633,441.7089521456387,432.4767712178357,434.0670166015625,15018718.0
2018-06-12,434.39824122632257,441.7309727735924,433.02888475573377,440.4720458984375,16285583.0
2018-06-13,441.7310016347373,444.33722871888426,437.0928403746388,442.8353271484375,12962502.0
2018-06-14,440.6045767284937,446.94341264998974,436.16518888890295,445.2427673339844,11997529.0
2018-06-15,444.3814214752195,452.1117004349542,441.39973360172974,448.00360107421875,24705890.0
2018-06-18,445.6182875453367,450.7644549954616,444.82316483706717,448.5999755859375,12363932.0
2018-06-19,447.8710554174293,448.2686314661442,438.92599239867627,439.9861755371094,13881382.0
2018-06-20,439.9640661141688,451.84664512729813,439.45608994533615,450.23431396484375,15735681.0
2018-06-21,452.08960529491947,457.63334841904106,451.13988119959373,455.8443298339844,22988909.0
2018-06-22,454.27615462354066,454.6295588363348,445.4636365066074,447.2526550292969,35370008.0
2018-06-25,446.7667477845637,449.01957069756395,442.74699221982524,443.69671630859375,11369371.0
2018-06-26,444.38142415757517,444.38142415757517,430.798198976717,432.4325866699219,17649122.0
2018-06-27,435.12316373157483,438.19148396923833,428.0971511995494,429.4979248046875,19595831.0
2018-06-28,427.78589223467634,430.67634407128054,418.13626009040524,420.20404052734375,18770484.0
2018-06-29,422.04943158143715,433.78910673648994,422.0049644642282,432.43280029296875,17425606.0
2018-07-02,432.38833426741104,432.38833426741104,425.5624536526587,427.1632995605469,14570004.0
2018-07-03,429.1199301915295,435.1009358294562,427.0521497802258,431.92144775390625,11084063.0
2018-07-04,432.1437740285319,441.12639907146564,431.7880370826304,440.281494140625,10938521.0
2018-07-05,443.3498434827821,448.41924371659167,426.27399400833025,428.8976135253906,40946479.0
2018-07-06,429.00877509721016,437.1242620655491,428.8976072959262,434.70074462890625,20039239.0
2018-07-09,438.9474564917528,444.68386323899347,437.34658084618684,443.394287109375,11309207.0
2018-07-10,445.9067429463483,457.3573526750429,444.68386748326304,456.11224365234375,22846197.0
2018-07-11,455.8009211844155,462.87140011542743,452.621433473813,461.93756103515625,18953870.0
2018-07-12,464.405578823077,488.7075411717945,463.62737458584877,481.3035583496094,52736376.0
2018-07-13,480.4809025934431,493.15438686680193,480.258537329094,489.06329345703125,39301408.0
2018-07-16,489.0633546727231,493.1099814730018,477.16804344052815,478.5688171386719,14427529.0
2018-07-17,479.50264917085065,487.351303800504,475.6338909149895,485.7504577636719,14150770.0
2018-07-18,488.44071053360994,491.19776070205023,479.0578821591465,485.8393249511719,10241565.0
2018-07-19,486.17282925633236,495.822460338135,483.0822757211457,491.3089294433594,11885426.0
2018-07-20,495.1110429932957,506.2725869379376,494.44400651008243,501.8924865722656,17538801.0
2018-07-23,502.40381631461236,502.40381631461236,494.97762936510736,498.1793212890625,12779803.0
2018-07-24,498.9353103502395,501.0475281307351,492.4429033591059,494.02154541015625,9775749.0
2018-07-25,493.59910512995145,499.38000886822505,491.0199527868808,495.88922119140625,13014255.0
2018-07-26,493.6435534065623,498.71298302734516,492.62077999556044,493.88812255859375,14053674.0
2018-07-27,497.8235911429957,505.78344299583443,494.5551688118055,502.42608642578125,14610585.0
2018-07-30,502.4927126149122,514.6325913491372,501.60337030558236,512.0089721679688,30344461.0
2018-07-31,511.8311132473274,529.351632016895,510.11909958563047,527.39501953125,30350826.0
2018-08-01,529.351672516729,534.910240584873,527.1282571632015,530.2188110351562,21227054.0
2018-08-02,529.840851084874,529.840851084874,518.4791758845154,519.54638671875,13668930.0
2018-08-03,522.5035889692016,526.2834131049905,520.0800417489592,523.3707275390625,14536058.0
2018-08-06,523.2594472476418,531.8418379748372,522.6591708754345,530.3299560546875,8785462.0
2018-08-07,531.3526430236857,534.2431239470335,523.392792759799,526.5945434570312,8879612.0
2018-08-08,526.9504127623593,543.6260583601007,526.9504127623593,541.4915771484375,17307566.0
2018-08-09,543.1814569468676,547.7172226834598,538.9569611023819,541.6028442382812,14976885.0
2018-08-10,538.512163946647,540.2909079972662,534.6434060260635,535.48828125,7833494.0
2018-08-13,532.5311008278853,533.5983709494287,525.9275858727119,528.1510009765625,10211072.0
2018-08-14,529.173766696257,541.2691786123656,526.6390816837095,538.3342895507812,11592139.0
2018-08-16,535.0658517360988,540.7355573527685,531.6195018821965,533.976318359375,13086024.0
2018-08-17,537.6228226346489,540.4688371828257,533.6429261586562,535.2882690429688,8379864.0
2018-08-20,537.1335387379648,549.984889738342,537.0223412786584,549.1400146484375,16639535.0
2018-08-21,550.1851734905159,556.5218868378826,545.6271450345823,554.6097412109375,15923396.0
2018-08-23,554.2095025896118,566.5272509074617,550.6965407791934,564.5039672851562,17429373.0
2018-08-24,562.6362479976997,569.173092197335,560.3238985823036,568.0836181640625,14550512.0
2018-08-27,568.9285652803909,576.2436146238632,568.639558672343,574.3092651367188,12188510.0
2018-08-28,576.3102909797232,588.3167689804493,575.8656198023589,586.5380249023438,19018790.0
2018-08-29,585.3373565772522,590.984858666815,573.731141940907,575.5098266601562,24230135.0
2018-08-30,575.2430167338491,576.8216884553461,564.9486118914537,566.7273559570312,21545859.0
2018-08-31,564.7485403277129,564.7485403277129,549.8961059459455,552.1417846679688,33479841.0
2018-09-03,553.6314372432969,559.3678738414986,545.2046508263741,546.5831909179688,26686176.0
2018-09-04,549.2512029558178,557.9892580276016,546.5164457567754,552.2750854492188,19333815.0
2018-09-05,552.5196563733415,557.0332171292616,537.4004211508131,545.6270751953125,22584608.0
2018-09-06,547.0278341212693,562.8363397708051,544.8933530973064,560.9241943359375,24487897.0
2018-09-07,562.480701658981,569.7957516157761,557.8560018559197,568.5728759765625,23389269.0
2018-09-10,566.9718986178387,567.8613003399703,555.8992894737322,558.4562377929688,15440786.0
2018-09-11,559.8570479349355,564.0370762282482,548.8511084806238,550.38525390625,23787332.0
2018-09-12,556.6552235458823,559.7235733645063,546.4497530077666,556.966552734375,17642490.0
2018-09-14,560.0348993863038,567.2387511887387,554.8098641786469,557.255615234375,17233514.0
2018-09-17,556.188282233426,556.188282233426,543.2257332409533,545.1378784179688,14773803.0
2018-09-18,545.182436718355,551.1412088051937,540.0018689028976,541.2469482421875,16660044.0
2018-09-19,544.2930427848416,544.2930427848416,534.0653677334085,538.4010009765625,24642640.0
2018-09-21,542.0695946487879,550.2517816901769,526.2833524583987,541.402587890625,41713856.0
2018-09-24,540.0462918745893,551.3634993287706,535.6216654482612,547.8727416992188,22098277.0
2018-09-25,549.406975730444,553.6314711353804,531.397256671615,547.22802734375,21250513.0
2018-09-26,550.9633751184218,557.6113582892539,545.693872731704,556.4774169921875,13992341.0
2018-09-27,558.078207492442,561.6356954516958,550.2962248448159,557.5223388671875,23642923.0
2018-09-28,560.2572753363884,565.5045741670033,554.6542395074927,559.39013671875,24220992.0
2018-10-01,559.2789711752496,559.2789711752496,535.399413912335,547.7171630859375,16039441.0
2018-10-03,546.7389461535384,551.2302447649365,533.6429912184756,535.8886108398438,16135428.0
2018-10-04,528.9514452869764,529.3516493467371,491.82033332907014,499.04644775390625,50774608.0
2018-10-05,488.9298941335185,495.95587659737083,461.648516874642,466.4066467285156,47998260.0
2018-10-08,466.9180653014089,496.7118653974098,456.0455284684863,493.332275390625,53983473.0
2018-10-09,498.77965656282095,499.51339370697957,480.7922023836776,484.7276611328125,24042005.0
2018-10-10,486.43966766497186,496.20049693497,482.17070558841056,490.0860900878906,20784941.0
2018-10-11,473.14361106112347,495.7112953465953,463.80524973062126,483.7270812988281,28926389.0
2018-10-12,491.3534231595213,502.0480617036656,489.99714639878323,500.9585876464844,19814528.0
2018-10-15,502.4483009152021,510.0079488528521,497.22329553432496,506.8284606933594,19406012.0
2018-10-16,509.6076872813694,519.1238874418267,506.9395416228051,517.5230712890625,16358598.0
2018-10-17,524.2823490804824,524.4379543290318,506.9396365276437,511.964599609375,27967162.0
2018-10-19,489.1522436351969,494.04377497684607,475.9228902961787,489.7303161621094,55606079.0
2018-10-22,493.5990465511795,495.7335274384508,470.1864574636531,472.54327392578125,28798142.0
2018-10-23,468.14097912297376,473.4549485591432,464.0943523327568,469.00811767578125,23128845.0
2018-10-24,477.99068917766,478.45762361338166,458.64695801624043,465.0281677246094,29869514.0
2018-10-25,460.69250621023355,462.7602866268105,451.97668366649805,458.380126953125,30833933.0
2018-10-26,459.3139440027393,470.03084576750143,454.4669094942622,464.650146484375,20085933.0
2018-10-29,465.13929286802943,486.4174011311959,465.13929286802943,483.7270812988281,16781215.0
2018-10-30,482.70430673781397,482.70430673781397,467.8518450664481,470.03082275390625,19263668.0
2018-10-31,470.92020599104325,473.9662926855967,465.5840033067991,471.9207458496094,35999348.0
2018-11-01,474.87789438563414,474.87789438563414,466.9180723860056,469.69732666015625,20552752.0
2018-11-02,474.47770064866603,480.70327547846847,472.76565718095645,477.9906921386719,36739798.0
2018-11-05,477.3459192459683,485.9060772219518,473.58832891195686,484.8388366699219,16585905.0
2018-11-06,486.4841364998654,494.4884552638269,485.4168959769588,490.9754638671875,18886485.0
2018-11-07,495.82251539264945,495.82251539264945,492.1316553971387,493.9103698730469,2808599.0
2018-11-09,491.9315630571014,495.28891972038474,482.4820327565795,486.2395935058594,23712291.0
2018-11-12,488.12952408927373,488.61866243522775,477.83508841978625,480.25860595703125,12690610.0
2018-11-13,477.59047617865275,490.4862967119038,475.8339656351982,488.9076843261719,14899604.0
2018-11-14,491.397885450904,494.77747538240635,482.7043266374612,488.2406311035156,17034346.0
2018-11-15,487.7959624783827,490.4862824288341,483.1490003245572,487.7514953613281,14943663.0
2018-11-16,488.2406861278763,502.4705806953958,487.86271559228567,501.3366394042969,24131016.0
2018-11-19,503.78235976463816,512.1424156344762,502.9374845012898,511.386474609375,15987574.0
2018-11-20,509.16306710824983,514.0101019045014,502.4927616626139,505.783447265625,12511640.0
2018-11-21,505.82790977537366,509.38539806480344,492.28728602135544,494.888671875,16422494.0
2018-11-22,495.6001846268527,500.42501559270096,489.1967412087544,490.41961669921875,12670591.0
2018-11-26,493.15444214921604,496.93423648634064,487.9961076927503,493.4879455566406,13969873.0
2018-11-27,492.66522986852226,502.4927298832469,491.5757558178303,501.69232177734375,14896607.0
2018-11-28,503.58222551007844,514.832762803635,500.8474680134141,512.5648803710938,17507771.0
2018-11-29,516.2780063151897,524.6825297903242,515.833335098231,519.6131591796875,27640198.0
2018-11-30,521.3029530031962,527.3951272863349,516.8561217278038,519.1907348632812,23443212.0
2018-12-03,522.4590910850749,522.4590910850749,510.71941526791136,514.2546997070312,12182825.0
2018-12-04,514.9438646549513,514.9438646549513,507.91788225758813,512.4091796875,11358720.0
2018-12-05,508.6072042536634,515.299713651556,506.6283283466079,513.6765747070312,12729759.0
2018-12-06,510.9417181505975,510.9417181505975,497.2677235013036,499.6690368652344,12831451.0
2018-12-07,502.2482372161183,505.58333067007663,492.86537781286086,504.1825866699219,15779984.0
2018-12-10,493.5991137501297,495.5112593228649,481.63713166676786,484.8166198730469,20521072.0
2018-12-11,474.0329833745023,490.08608789212525,469.1414816662142,488.0627746582031,29518062.0
2018-12-12,488.70757439065306,495.1555146289837,483.7049046160699,493.8214416503906,27572962.0
2018-12-13,501.6033901811685,501.6033901811685,486.9510594738557,492.2872619628906,20337275.0
2018-12-14,490.53079632057154,495.7780650549889,485.50586319262817,494.5774230957031,15795834.0
2018-12-17,496.24499148080645,503.826843329135,494.2661452465646,502.44830322265625,11077711.0
2018-12-18,499.5134048391006,506.4949207487541,498.26826611692326,505.3387756347656,12841994.0
2018-12-19,507.60661538435954,510.1857674825031,503.91572601692445,505.5166015625,16118419.0
2018-12-20,498.49060945378,503.60450641252686,496.33392442719014,501.8035583496094,12609700.0
2018-12-21,500.26932244943106,503.04860635781375,487.3735021084379,489.2411804199219,18115814.0
2018-12-24,489.5524579275047,490.57523133467276,483.1712483333816,484.3274230957031,9065704.0
2018-12-26,482.8377764410723,489.152285769515,473.87738434318686,488.4185485839844,15771193.0
2018-12-27,492.35398327412855,501.15874001330144,490.93100577885446,498.1348571777344,27294221.0
2018-12-28,500.4917138051331,504.82740668429824,498.57956816290175,500.51397705078125,16768547.0
2018-12-31,502.9152360598734,504.2048419210655,496.356157690136,498.601806640625,15799099.0
2019-01-01,500.3805422248043,501.29214786232393,493.64356580482286,498.4906005859375,9746670.0
2019-01-02,495.60015556027656,501.15872336812794,489.5969165762727,491.99822998046875,15628818.0
2019-01-03,492.4873615561272,495.64461591671386,484.74987540635277,485.92828369140625,16288287.0
2019-01-04,487.99610191217863,491.13112295781303,480.74775348639315,488.55194091796875,18516544.0
2019-01-07,492.2650051066426,497.3566382099471,489.5968891462382,491.26446533203125,12060290.0
2019-01-08,491.4201032399845,493.57681770532923,487.37347700167027,491.2200012207031,12304389.0
2019-01-09,494.4884553327521,496.7118706154236,488.5741504955051,493.9325866699219,12614237.0
2019-01-10,492.5985640405852,494.04380481379746,490.48631646526803,492.4873962402344,8925160.0
2019-01-11,492.5318235825745,495.2888738615876,484.08283396366215,488.28509521484375,14139060.0
2019-01-14,486.92887121313214,489.374622256868,483.10458003842365,487.72930908203125,8994060.0
2019-01-15,491.3756866044057,503.38216520660575,491.3756866044057,502.337158203125,22011407.0
2019-01-16,504.71622211303037,509.1631125969573,502.64847117295204,505.1164855957031,13961606.0
2019-01-17,508.9184799903657,510.45262534337485,502.49277323994625,504.4716491699219,16379077.0
2019-01-18,510.8527506017523,529.1292687610969,504.82730823724705,526.6612548828125,56181172.0
2019-01-21,530.9525868652364,551.385793856642,528.573506735167,550.38525390625,48206814.0
2019-01-22,548.2284770466869,554.4985184377442,542.3363764530338,549.251220703125,36207430.0
2019-01-23,548.4286761416661,553.2757709571296,543.4037721917615,545.31591796875,19313542.0
2019-01-24,544.7376911259244,557.2777732565327,542.5587432111155,554.7208251953125,28775487.0
2019-01-25,556.0549254924592,562.3916378569832,549.3624168361791,554.0760498046875,18703992.0
2019-01-28,556.0772380521597,558.5007853675066,543.5816199737301,546.7611083984375,18744303.0
2019-01-29,547.405769882575,547.6948357987028,534.2208851047477,538.3564453125,20405845.0
2019-01-30,540.290885129087,544.7377153830962,529.662888392258,531.7084350585938,17164298.0
2019-01-31,534.5100404424111,546.8277889012099,534.0653692421624,545.69384765625,22279301.0
2019-02-01,548.7398663456796,558.0781978668495,545.649312834436,555.83251953125,20187323.0
2019-02-04,554.5207606926173,576.7327691603633,552.3196086388238,574.0424194335938,25528059.0
2019-02-05,574.5314915581412,580.0455917322412,568.572720249511,574.3313598632812,20479210.0
2019-02-06,576.4214587816766,585.9377193107048,575.5321163811374,582.6470336914062,20586783.0
2019-02-07,582.6469989486654,587.5162967228948,571.9079229435836,573.820068359375,20150710.0
2019-02-08,571.3298323524249,578.311407759681,565.7490602967357,568.172607421875,14230054.0
2019-02-11,567.3721156501077,567.4165827641457,556.2994480427927,557.2999877929688,16457901.0
2019-02-12,556.5218574185877,565.7935190840021,556.5218574185877,558.7008056640625,13998153.0
2019-02-14,551.8527332372782,551.8527332372782,541.6249980277621,544.3820190429688,14496604.0
2019-02-15,546.8499357176113,555.810326626612,539.8461572542001,553.3867797851562,20994460.0
2019-02-18,555.8549257965359,556.9666633139243,540.2910161337148,542.5588989257812,21106139.0
2019-02-19,541.6249044942708,551.274565434073,538.6010812612611,540.780029296875,13658461.0
2019-02-20,544.2262812275901,551.4079276865402,542.0695372183914,548.8954467773438,13776558.0
2019-02-21,549.6292229791139,559.3233510379694,546.6720707342224,554.4762573242188,23142949.0
2019-02-22,553.4535964921212,553.764866348381,545.1824742654557,548.0062255859375,19152470.0
2019-02-25,549.6291681678757,552.7419846915055,542.8032588032829,547.9838256835938,17176522.0
2019-02-26,537.8451245393707,549.0956619235902,536.2887753653348,542.62548828125,22160532.0
2019-02-27,546.0939603512974,553.5868766118792,537.6227082452347,544.0706176757812,24308835.0
2019-02-28,548.6285887654983,551.341141723024,545.4268382511765,547.4279174804688,24688859.0
2019-03-01,550.0739489514001,552.453028929686,543.5149003151358,545.2046508789062,17329606.0
2019-03-05,544.0262644494293,551.319109914387,541.8917832299436,550.363037109375,15577500.0
2019-03-06,551.3191403320105,566.1271083197254,549.2291261191059,562.4362182617188,26332276.0
2019-03-07,562.0805177411507,569.1065019496672,559.4791017451325,564.8598022460938,17738092.0
2019-03-08,562.991988931222,566.7273454629021,561.1910410246052,563.4589233398438,13211934.0
2019-03-11,564.7707924193708,583.4252544303251,563.8591867487826,579.9122924804688,21258869.0
2019-03-12,585.6040796910597,593.2081933069102,584.4256715403995,592.02978515625,24561597.0
2019-03-13,594.5423874268889,604.7700627353223,590.5846949191043,599.1226196289062,24577591.0
2019-03-14,600.2120965053618,605.6594672762811,594.1421266687281,596.565673828125,22753310.0
2019-03-15,598.0997697695152,604.2364100965389,583.0694684590887,587.7164306640625,34764353.0
2019-03-18,591.874205781967,603.8584800704158,590.9848634151969,600.345458984375,22104063.0
2019-03-19,604.770062981689,613.6637840318997,597.2549414208606,612.129638671875,21448030.0
2019-03-20,612.6854489247503,617.2212140144412,606.5488081067413,611.6404418945312,21639437.0
2019-03-22,610.3285651498567,614.0639216497333,594.4089219621295,596.654541015625,25078643.0
2019-03-25,591.6964261280339,594.4757104943625,585.5153176451882,588.9616088867188,17394088.0
2019-03-26,591.5630330679768,609.9284902746037,591.4296316910613,607.994140625,20734876.0
2019-03-27,612.7521034470577,612.7521034470577,597.7662699100543,599.9896850585938,22079870.0
2019-03-28,600.4344470864746,609.1280366604836,597.12155742008,604.7700805664062,22930248.0
2019-04-01,609.2169554334296,625.5812716150122,605.9040658511692,618.9332885742188,22088854.0
2019-04-02,621.6680623919196,623.9359447841351,613.7082107757865,617.9771728515625,17526740.0
2019-04-03,619.3334843305834,623.8915126137143,610.1062896471476,611.529296875,17169813.0
2019-04-04,613.2191098091031,615.3091238561211,599.1003536850377,601.6795654296875,18320845.0
2019-04-05,605.1925161296278,606.504325853729,597.2104603007144,602.0574951171875,14717266.0
2019-04-08,602.9914107523164,603.6584176039115,588.6281143007074,591.0960693359375,19081843.0
2019-04-09,590.940372210303,596.1876106976699,587.4273512674519,593.4083862304688,20774977.0
2019-04-10,594.9647482369978,599.4338419665922,589.8731148625114,592.0520629882812,16651949.0
2019-04-11,592.7413646626808,601.6572893551589,590.9848837435666,598.9002685546875,12558520.0
2019-04-12,600.3232959288863,603.3916463436193,594.3867862183274,597.2550048828125,12948769.0
2019-04-15,598.0997389733817,599.8562790788998,593.6529087106474,595.9430541992188,9285737.0
2019-04-16,598.0998156752927,604.7700619248043,595.8764002587887,597.5440063476562,17360317.0
2019-04-18,611.4403334527134,617.9993818498127,606.9935028676342,616.3096313476562,39286534.0
2019-04-22,604.770013246378,607.8828302001219,596.4544248221322,598.2554321289062,23607922.0
2019-04-23,599.4338704514936,610.5509471960839,598.5445280593867,606.4821166992188,19807450.0
2019-04-24,609.3503203942593,620.2450612802776,607.5493130403371,617.8882446289062,16101112.0
2019-04-25,617.7103030089116,628.071437245519,605.926161778818,610.2840576171875,30469914.0
2019-04-26,611.4403267472761,620.7564551251317,609.528181305051,619.3556518554688,15069884.0
2019-04-30,620.9565274717629,620.9565274717629,607.7939043347865,619.3556518554688,22348580.0
2019-05-02,618.9998732533446,628.7384682810313,614.597510131298,624.8030395507812,18992003.0
2019-05-03,626.0926548076853,630.3394131790576,623.7358380847257,626.4928588867188,14240262.0
2019-05-06,621.668083175341,623.8025642845884,612.8188295325302,615.8427124023438,15832114.0
2019-05-07,620.2449593405163,620.3338935629833,595.9652041833085,597.4326782226562,19417647.0
2019-05-08,595.8763417992864,595.8763417992864,574.6204663806473,577.8444213867188,31958919.0
2019-05-09,573.1085830669476,573.1085830669476,556.633069435921,558.7230834960938,42670173.0
2019-05-10,562.5251167243712,568.1726192629694,553.6314549463908,556.3662719726562,24557430.0
2019-05-13,554.9209873160831,560.6573639690338,545.8493988853006,547.8727416992188,17603659.0
2019-05-14,549.8516289609847,564.4595235931789,547.6282135242501,560.5018310546875,28438234.0
2019-05-15,566.0824770867141,568.3058920280824,556.1215472776911,558.9230346679688,24419559.0
2019-05-16,560.2795021817708,565.593471669986,559.4568307423665,562.6807861328125,14451308.0
2019-05-17,563.4145387341147,567.8391065367374,556.7442327926992,563.5924072265625,17276949.0
2019-05-20,584.1366884815584,594.8535597325218,579.6453318893945,589.6062622070312,26979100.0
2019-05-21,592.4078542813324,607.8828266181661,591.4517815790188,595.7874145507812,30343560.0
2019-05-22,598.3889343980982,604.6367138649781,593.6975043019173,596.0543212890625,24689918.0
2019-05-23,610.1062655891104,618.9999268330204,589.2061260447321,593.163818359375,38766006.0
2019-05-24,599.4338177592781,602.012969838323,585.4262607343491,594.4755859375,22269265.0
2019-05-27,594.5868290372126,594.7646975136477,581.2018106049238,582.8248901367188,16076686.0
2019-05-28,586.893787642564,593.5640337021803,584.0255693695124,588.6502685546875,42594251.0
2019-05-29,587.427314438901,592.8969475346283,579.9343979837645,583.89208984375,15558515.0
2019-05-30,585.3151810856352,596.7657910486324,585.3151810856352,591.3184204101562,23494381.0
2019-05-31,594.9425676489825,596.7213117869429,587.071650070184,591.4962768554688,25724066.0
2019-06-03,593.6529389620333,607.9940296272227,587.516298638274,604.8590087890625,18556942.0
2019-06-04,603.6360367914572,611.1067495489239,599.4782725066448,601.056884765625,15442761.0
2019-06-06,605.6149325640446,605.6149325640446,587.4718148138544,590.2510986328125,16764835.0
2019-06-07,589.6286089339727,590.2066814942485,580.5792828507242,584.71484375,14722419.0
2019-06-10,587.3830017426037,590.0955557623815,582.5804334590428,586.6047973632812,11768468.0
2019-06-11,587.8054154783434,593.4306547533242,586.0934016212589,591.0515747070312,11492074.0
2019-06-12,593.5195001916372,595.1648428048112,589.2060713267981,592.3855590820312,10297599.0
2019-06-13,591.4294793282596,593.5194930635028,581.9354832912998,590.2066040039062,15686169.0
2019-06-14,587.8275376717066,589.206077611282,582.2690295355039,585.8931884765625,14942768.0
2019-06-17,586.9826557986509,586.9826557986509,568.5282688866099,570.2180786132812,14908257.0
2019-06-18,568.7061458574321,572.7305682182637,564.3482498157947,569.6400146484375,16797371.0
2019-06-19,572.2636649065373,578.97837779512,561.4578584462031,568.0169067382812,14492763.0
2019-06-20,569.1952881291243,578.0890081049911,568.3059458158605,576.6437377929688,10748848.0
2019-06-21,576.288009856738,576.3102730992397,567.2164806453644,568.9729614257812,23236832.0
2019-06-24,565.704529305375,567.6166746435115,559.0120799905429,561.368896484375,11267228.0
2019-06-25,559.8126044598255,577.1997252115926,557.7447941029602,576.24365234375,14966899.0
2019-06-26,574.0868659940008,580.1345720095973,572.0190560013318,575.4876098632812,11593027.0
2019-06-27,575.0429845151868,576.7105312192405,565.1931907910755,566.593994140625,24905533.0
2019-06-28,567.9058042132716,570.4627526979973,555.254522519952,557.2333984375,18942165.0
2019-07-01,559.4346159655151,565.9269944307913,554.2763106413568,564.2372436523438,13478857.0
2019-07-02,566.5050367269992,569.6400576488289,561.7691401630615,568.5283203125,10146746.0
2019-07-03,570.484949272235,572.085824960274,566.9941913005933,570.3292846679688,8806492.0
2019-07-04,569.8180368179243,574.0869997804111,569.1954376664265,570.9741821289062,9351405.0
2019-07-05,571.4632479644022,573.8645912734532,560.3017035746956,561.7913818359375,10926753.0
2019-07-08,559.4123009664904,563.9035985122777,555.0544047714505,556.7664184570312,14009219.0
2019-07-09,555.3879134410759,570.7517485679084,553.8537681265412,569.2398071289062,17535754.0
2019-07-10,569.2175653620112,573.3531259576268,564.1703991885711,568.6839599609375,12018196.0
2019-07-11,572.3081294799662,573.5532681405218,568.8840426899244,569.8845825195312,8608376.0
2019-07-12,570.5294637363561,578.0891122353905,568.3282520615583,569.4177856445312,15692436.0
2019-07-15,571.4188150775958,573.4198950425914,564.9042329367624,567.461181640625,10659498.0
2019-07-16,569.1732100610424,575.8212531123789,567.88360405312,574.976318359375,10070773.0
2019-07-17,575.5543101387531,576.7549817270252,569.1953339807314,570.0180053710938,9482233.0
2019-07-18,570.084720053663,572.0413326152861,559.4123148851044,561.1243286132812,11942908.0
2019-07-19,563.9480803959793,566.0602981891096,552.6086090736543,555.41015625,16336536.0
2019-07-22,556.2995685804034,571.196470591451,545.7605634266221,569.4177856445312,29092589.0
2019-07-23,571.4187839881948,575.3764765784953,560.4795751467659,566.3272094726562,20316348.0
2019-07-24,566.3049327715216,568.6617495471938,557.433474995596,559.9014892578125,15189179.0
2019-07-25,562.0803401577128,564.3260184263826,545.6270333311229,547.6281127929688,21805071.0
2019-07-26,547.6281187417748,552.5196199822482,538.0673924605115,539.7572021484375,20387504.0
2019-07-29,541.1358118566359,543.4036943148075,535.888513661204,538.4899291992188,17626045.0
2019-07-30,539.824026146295,542.5143760427064,522.9260450730362,525.127197265625,20853117.0
2019-07-31,522.8371050851758,526.950402820518,516.9005366560214,518.6126098632812,21229950.0
2019-08-01,517.3452186160949,528.3734210380151,511.54211079766753,524.8381958007812,22628222.0
2019-08-02,525.9529269855664,536.0407184639276,519.8689203633062,529.822509765625,23766807.0
2019-08-05,522.0610382541031,522.0610382541031,504.61428752999774,511.4811706542969,30399133.0
2019-08-06,507.6339087573893,514.2771215118842,501.9301703949488,504.74847412109375,29067994.0
2019-08-07,503.9432766269725,509.3338769283476,493.4751843934342,496.29351806640625,25349369.0
2019-08-08,495.8237534899631,518.0348268120429,489.9858131797809,515.50732421875,31198568.0
2019-08-09,519.7572133327016,525.8635582584843,515.4849637925847,519.8690185546875,21970009.0
2019-08-13,551.6535302947624,582.8116539527516,548.4549569719392,570.263427734375,104827144.0
2019-08-14,583.3484930514089,583.5497663510162,572.7685650438011,576.3026733398438,31688983.0
2019-08-16,577.6223570848148,577.8907613008839,569.4805236306593,571.71728515625,21977767.0
2019-08-19,573.0817265434819,580.1275465408661,572.6119892836517,578.2486572265625,16317602.0
2019-08-20,576.9960435256826,578.2485964535656,569.3015509257864,570.8001708984375,14969299.0
2019-08-21,570.6659748321008,572.0080555654605,566.5727211691215,568.5634155273438,10677848.0
2019-08-22,568.5634226883876,568.585759842969,554.2257765227104,557.7374877929688,14031953.0
2019-08-23,554.2704931165212,574.4013453869694,548.6785598455581,570.7554321289062,21307915.0
2019-08-26,578.8748646445653,578.8748646445653,563.2175351947169,566.7069091796875,19202504.0
2019-08-27,574.8486379698815,574.8486379698815,564.2016404304748,570.3080444335938,28401906.0
2019-08-28,569.8159686174208,573.0592753026816,561.8978065959892,565.14111328125,11605488.0
2019-08-29,562.0767529347145,563.7767057901501,552.6152368804542,555.5006713867188,18890222.0
2019-08-30,557.1783066454112,561.1597553095268,546.2181691725724,558.542724609375,24735240.0
2019-09-03,555.724365883025,556.0599009833398,536.8236700987924,539.686767578125,18730619.0
2019-09-04,537.0697915833224,539.1723510117648,530.5831771530227,537.3381958007812,32949395.0
2019-09-05,539.8656977046184,542.7287354271208,533.8264243161294,536.1973876953125,22995486.0
2019-09-06,538.1658445876508,549.7970532093376,534.6988669384035,546.8892211914062,23186819.0
2019-09-09,546.0615364682053,551.5863388996204,542.7064242418458,546.7549438476562,11747929.0
2019-09-11,546.8890571695634,554.7177506352324,546.8890571695634,552.2125854492188,12127900.0
2019-09-12,552.4811260640912,554.9191609506446,539.3736948324291,541.453857421875,11880005.0
2019-09-13,542.1919928188903,549.5732880390341,539.9104972253901,548.2760009765625,12947715.0
2019-09-16,531.9028303810459,545.3681328630463,530.6054836798681,541.6327514648438,20547730.0
2019-09-17,541.7445926965229,541.7445926965229,533.9158982485218,535.6829223632812,15640772.0
2019-09-18,539.0381831060973,544.1156458544061,535.571205489745,539.3737182617188,14933909.0
2019-09-19,540.3354831037566,541.1630927089793,524.5886828970018,527.4517211914062,13766222.0
2019-09-20,531.4330367203619,568.0936185993667,525.326692461689,561.1372680664062,48165560.0
2019-09-23,569.994978423035,573.0593493887246,552.4810961684015,554.3599853515625,21610844.0
2019-09-24,556.328390918286,581.0222372021885,555.9481217276539,572.0304565429688,34958974.0
2019-09-25,574.4014000766002,579.32232332458,567.6240441545225,572.4107055664062,18192270.0
2019-09-26,577.9802090632921,581.0221831301985,574.1776966858998,580.1275024414062,18350457.0
2019-09-27,578.203852549714,588.2693084591403,574.4013403478185,585.6075439453125,19058663.0
2019-09-30,586.0326139534781,597.5519570913995,584.0418596982262,595.9862060546875,25263770.0
2019-10-01,598.1111422538224,600.3479037772651,578.5617712854157,583.7510986328125,17920384.0
2019-10-03,575.296115069358,588.1351414776207,573.1935556971858,586.5023193359375,13524851.0
2019-10-04,590.4613512863376,594.3533316552545,583.2813298639416,585.1825561523438,14992253.0
2019-10-07,585.1825301515461,590.8639313350587,582.3194924065126,586.0772705078125,10061584.0
2019-10-09,585.4510800476256,594.9573319134045,578.2039269700573,592.6310424804688,17588647.0
2019-10-10,592.7428866972427,612.4264003120319,590.9534655095318,609.6304931640625,35006390.0
2019-10-11,610.0553182247747,610.9053244795671,597.9097011668562,605.0897216796875,16597126.0
2019-10-14,610.6145980694955,610.6145980694955,604.3069201919269,607.5054931640625,13394275.0
2019-10-15,609.5186334301526,612.8738056514717,605.8503229501799,610.2567749023438,9672791.0
2019-10-16,612.8290351255885,617.1906930560849,610.0554055497727,613.925048828125,19403660.0
2019-10-17,615.1105205456134,625.8469872240627,613.768439813928,624.7285766601562,16038940.0
2019-10-18,628.0837183177501,638.7754504466981,625.7127549286956,633.6085205078125,28121951.0
2019-10-22,637.4781832827847,642.7793159767306,627.7929955153656,632.6244506835938,27786502.0
2019-10-23,633.586201337099,637.9031250769546,618.756421570499,622.8944091796875,18446160.0
2019-10-24,626.7417382194742,644.8148273290326,620.2775203328073,642.6004028320312,22642488.0
2019-10-25,644.6804973751445,644.8370366166074,631.327001295776,640.251708984375,13539957.0
2019-10-27,644.635847926269,646.4252690742446,639.7149248380822,641.6162109375,3014841.0
2019-10-29,646.6489146143203,662.0825743744294,645.1278977377407,656.2893676757812,25768505.0
2019-10-30,662.0825379232862,664.1180259398081,653.2696948361131,661.679931640625,16341366.0
2019-10-31,663.8719882562208,666.3995507299683,653.8960001863959,655.0814819335938,19463741.0
2019-11-01,650.8987716125406,653.9407456609271,644.6358276540866,651.7487182617188,13904301.0
2019-11-04,655.7748757812135,658.0563711617599,646.4699581291821,652.084228515625,14063434.0
2019-11-05,654.5223792352792,657.1393502221374,644.6358585848789,647.4541625976562,12685356.0
2019-11-06,645.3962954434453,647.0738515591739,639.0438835228734,641.9069213867188,14625505.0
2019-11-07,641.9516862714436,654.4775136905121,640.6990736670325,652.5092163085938,14084039.0
2019-11-08,648.2146767187381,652.9789409956463,644.7700366012668,646.64892578125,12019353.0
2019-11-11,643.7858393788213,646.0897317907238,636.3821474784538,638.7307739257812,11357841.0
2019-11-13,639.7149054535805,660.248424410004,639.7149054535805,658.637939453125,25225749.0
2019-11-14,660.2931312586918,662.7982967967988,651.2566178185523,654.36572265625,14258133.0
2019-11-15,655.6631501873038,665.1246679644767,654.5447395149349,657.9893798828125,15691605.0
2019-11-18,658.7945257246133,664.7666684900898,651.0776959332642,652.7776489257812,14076051.0
2019-11-19,656.2669899955055,677.6952498210799,655.3723092919387,675.391357421875,30176255.0
2019-11-20,695.6565075554682,703.4180720863752,690.3553748079881,692.3460693359375,43538120.0
2019-11-21,691.1605356274156,696.0813988250823,683.8015779854442,687.85009765625,14897371.0
2019-11-22,689.8631857536991,702.1206693826493,687.8500945047838,691.83154296875,22352865.0
2019-11-25,693.9118107417911,700.0181560781981,693.8446798240759,698.5642700195312,15146156.0
2019-11-26,701.4944998672602,705.1851478113239,696.0815017692834,697.9827880859375,35330983.0
2019-11-27,697.8484331714806,704.8047840125307,696.1260833946722,702.2772216796875,9642739.0
2019-11-28,703.5298454170753,708.6744386628012,699.6379246125003,706.9521484375,13747479.0
2019-11-29,707.6902457553092,707.6902457553092,692.4355212735608,693.9118041992188,18559594.0
2019-12-02,715.7649818734178,722.2291992065935,705.4758552570175,709.7257080078125,31225364.0
2019-12-03,712.5216785466492,713.0808241214206,703.5075017351681,706.3258056640625,12990426.0
2019-12-04,703.6864730649567,705.6995644648412,686.1278557937455,694.605224609375,20987607.0
2019-12-05,704.1337858639256,706.7060824908307,690.7132168735769,693.777587890625,19942460.0
2019-12-06,694.7392868623745,701.4495702694635,689.4157583299145,695.5892333984375,13085234.0
2019-12-09,696.148489076925,705.6547395239869,691.8315057288436,703.5074462890625,12642677.0
2019-12-10,703.2614209575684,703.9548283487694,695.2537899519466,698.7431640625,10173333.0
2019-12-11,695.902424408401,704.357395282487,693.6656631029554,698.9444580078125,12364641.0
2019-12-12,702.4562010874308,704.0666860237436,696.3721933363692,701.5391235351562,10326606.0
2019-12-13,706.8178876216022,711.2914703427954,703.4180412015133,708.115234375,12668303.0
2019-12-16,712.1861071903043,713.0360538117269,699.8168186594121,700.8233642578125,11892718.0
2019-12-17,700.8903713025642,706.3704391201239,695.8800406479394,699.07861328125,20324601.0
2019-12-18,699.212892125798,706.8178569998239,698.7655517905632,704.9613647460938,14742077.0
2019-12-19,703.9995895600298,722.4305498496976,703.1496428791409,720.2161254882812,20507816.0
2019-12-20,722.4752563243196,723.6160040571339,714.0202849737523,715.3623657226562,21271510.0
2019-12-23,697.9155173301782,705.7218149032799,696.8866346005615,702.9706420898438,25107772.0
2019-12-24,701.8523253630461,703.2614774131188,690.0421810600255,691.8092651367188,18048449.0
2019-12-26,689.6619584729085,694.7170240868594,675.570318790412,677.9189453125,29761019.0
2019-12-27,683.1082139531873,691.6973879397483,680.5583141243674,689.97509765625,17677571.0
2019-12-30,691.5855488098815,692.3460274000547,683.5779176956529,690.8026733398438,17123749.0
2019-12-31,689.8184320015399,690.5789702805088,674.6308397260912,677.31494140625,22203005.0
2020-01-01,679.0819357370663,683.1528519736394,673.4900624593615,675.3241577148438,14004468.0
2020-01-02,676.397899264457,689.3487905881979,676.397899264457,686.8212280273438,17710316.0
2020-01-03,685.7923126356704,689.6619561224467,681.3187895160008,687.6488647460938,20984698.0
2020-01-06,679.9767186772816,683.5107670428088,670.13493269889,671.70068359375,24519177.0
2020-01-07,679.5293205694625,686.4633346701793,677.0688889990518,682.0345458984375,16683622.0
2020-01-08,677.7400241132464,686.4410035098094,675.5032624964547,676.9124145507812,16047902.0
2020-01-09,688.2974451452224,693.3972440896104,685.0094043047601,692.5025634765625,14982742.0
2020-01-10,694.2472957890357,696.9537946408119,688.7672268918529,692.3460693359375,12478359.0
2020-01-13,691.182918802657,697.2892636445985,688.2080160085029,690.5789794921875,18282382.0
2020-01-14,688.9238120878065,693.3973351908096,680.8043754201078,684.181884765625,15816535.0
2020-01-15,687.0672990416617,688.8790573291237,679.1938699492092,681.6990356445312,15817859.0
2020-01-16,684.0029251254354,690.4224084594933,683.55552505049,687.9843139648438,12847975.0
2020-01-17,694.9630411899628,709.0322829800654,694.8288390890643,707.2652587890625,29463471.0
2020-01-20,719.7911481994419,719.7911481994419,682.839761284159,685.5015258789062,32545850.0
2020-01-21,683.8240435553602,691.5408742450458,680.8714775601642,686.1950073242188,18922720.0
2020-01-22,690.7131763493682,691.9433921150559,684.9423069375898,685.9488525390625,10322817.0
2020-01-23,687.3580618125278,689.796156393504,680.2899048582964,683.0411376953125,11247739.0
2020-01-24,683.1082008428737,687.2909825261135,679.3280852091012,680.670166015625,14628445.0
2020-01-27,677.6952802850295,681.9674704241261,673.2664314282462,673.9598388671875,13387750.0
2020-01-28,674.8768456496997,675.5031818296184,654.7459935025485,658.3919067382812,24532236.0
2020-01-29,659.4207487202938,668.5243925324733,654.9472262974796,662.0154418945312,24746565.0
2020-01-30,661.6352224321117,661.9483606637074,644.1884717288344,645.8660278320312,22402689.0
2020-01-31,650.004074503463,650.115939458839,629.5153479649114,631.5060424804688,34750310.0
2020-02-03,612.8289902103342,626.2719547408867,609.7646194987522,619.8076782226562,30712290.0
2020-02-04,626.2943485822723,640.8333280510134,625.3101998110101,638.1044921875,25383901.0
2020-02-05,641.9069587229454,649.9145900708021,639.8491930659694,647.990966796875,18472100.0
2020-02-06,650.496207815146,656.267018049872,644.2332634474068,652.1513671875,15538577.0
2020-02-07,649.1094039600182,649.7133433335028,638.9544787429636,641.3478393554688,12209212.0
2020-02-10,638.8203083482963,646.6490042608419,630.969275278225,642.22021484375,15142476.0
2020-02-11,647.4989123607826,655.9091502920886,646.4476326193693,649.8922729492188,13999816.0
2020-02-12,651.4133311627777,659.7788355859949,650.8988598376147,657.7433471679688,13533565.0
2020-02-13,661.076061195236,661.076061195236,654.2986456938107,659.465576171875,13565659.0
2020-02-14,660.8523004641426,671.6782343336056,650.0487037471439,665.482421875,21227841.0
2020-02-17,666.108801931165,673.7808982963232,659.5327193324579,661.2997436523438,13149130.0
2020-02-18,660.248373884015,660.248373884015,651.9723392868693,656.4458618164062,11127161.0
2020-02-19,661.7916937337079,673.9149738050373,659.8904676603004,672.7294921875,14084409.0
2020-02-20,669.6876451612479,674.6085086758875,663.7825731086709,664.744384765625,16892268.0
2020-02-24,657.4971707893623,660.7404777544862,643.9871345353313,646.40283203125,21370214.0
2020-02-25,649.2883120922913,649.2883120922913,630.7678836964259,633.6309814453125,27745062.0
2020-02-26,630.7678804610105,631.8191601622372,620.6353526146177,622.7155151367188,29362748.0
2020-02-27,620.9261263497503,623.520820005058,612.4264202255112,620.143310546875,25054993.0
2020-02-28,606.1186214911856,607.0580958283585,592.7427884250544,594.3756103515625,39315769.0
2020-03-02,606.2081051825395,612.4263145698782,582.0510718430629,588.7837524414062,29500495.0
2020-03-03,594.8454135797672,605.6713484615526,591.4007735026032,600.7280883789062,27398798.0
2020-03-04,604.8213738082619,605.6265863851147,585.0930684252744,599.3189086914062,22105261.0
2020-03-05,604.9109502487335,607.4832471398267,584.2432264899035,586.547119140625,30510390.0
2020-03-06,568.1384140570675,576.2579099445863,555.2099199542964,568.5857543945312,33734039.0
2020-03-09,554.7401888514859,555.1651920392663,489.85165057435484,498.41845703125,88187018.0
2020-03-11,495.6672390040311,527.183262933386,495.6672390040311,516.044189453125,59578576.0
2020-03-12,485.37810154536595,492.5357258130127,469.1391701914128,475.53631591796875,55970485.0
2020-03-13,446.45836059532905,509.982477758339,421.5855519763993,494.4593505859375,73297403.0
2020-03-16,474.4403385952524,483.00714524632815,449.58986531183916,454.3765563964844,38482258.0
2020-03-17,468.49050072051966,474.19426900063905,448.78462201274766,450.9319152832031,45445979.0
2020-03-18,458.6711544738802,463.41311163950786,429.9063628131876,433.2615051269531,44730415.0
2020-03-19,411.60959642106957,432.5904563115507,399.128442171934,410.53594970703125,61404010.0
2020-03-20,420.2882223245293,462.9657149231966,416.03836966442924,455.3830871582031,63360475.0
2020-03-23,409.86489349215907,424.98544483853334,391.72473514239124,395.4825134277344,40670949.0
2020-03-24,416.03841857668414,433.93254185914833,400.7389591466198,422.032958984375,45734887.0
2020-03-25,431.15890365113535,515.1494078462537,430.912866475202,484.1478576660156,73130298.0
2020-03-26,490.209558827126,499.64870950698065,466.29852893357656,476.9678955078125,45744488.0
2020-03-27,489.8516573515531,495.3540929516579,468.0208212280606,476.699462890625,41657940.0
2020-03-30,465.5155983611795,480.81505447823497,456.3001195499544,460.9749450683594,30229866.0
2020-03-31,480.43484934010263,505.4194933506304,468.8260394087323,498.239501953125,44292810.0
2020-04-01,502.0419846435416,503.093264271414,467.5734569491014,483.3426513671875,41597459.0
2020-04-03,507.4997897099809,507.4997897099809,472.5391228402064,482.0006408691406,41367807.0
2020-04-07,493.02792725045947,543.0867222762461,492.0884825342907,539.5526733398438,54373624.0
2020-04-08,527.8766770166352,549.7970116946221,518.9296308909336,533.31201171875,49880330.0
2020-04-09,543.0865877041133,551.4968241624882,533.692202595293,545.7483520507812,33032857.0
2020-04-13,538.590786977077,543.534047096568,527.8766572382242,531.969970703125,23673784.0
2020-04-15,535.5039122780124,552.9283228822885,511.3244846445434,514.3888549804688,35321842.0
2020-04-16,514.3889290016788,531.2094028193618,512.2192985890305,522.53076171875,37455706.0
2020-04-17,543.9813981126731,550.2443422338717,533.5356723756136,547.5601806640625,33269335.0
2020-04-20,548.4548889228998,562.3227974116861,537.7184224485133,556.4177856445312,36030932.0
2020-04-21,541.2972622124873,560.0860954670951,520.719067459836,553.5324096679688,61371628.0
2020-04-22,590.506045286382,619.5392672425052,581.5590002828025,610.0106201171875,142683366.0
2020-04-23,611.6883400063555,619.964375961398,605.4029986108286,613.2764282226562,65464502.0
2020-04-24,603.9937273862114,668.7704533015283,602.6740436590786,633.8992919921875,134986308.0
2020-04-27,641.5043146604703,659.8458058753123,636.5834515375906,639.6030883789062,58482901.0
2020-04-28,648.662107872108,651.1001429639149,622.7827186460784,638.887451171875,78453401.0
2020-04-29,646.3804914740855,650.294808910519,635.2413590168171,638.3504638671875,37494672.0
2020-04-30,650.4291011653437,668.7705945819996,643.3162098274911,655.8197021484375,71345899.0
2020-05-04,644.1884308722197,655.372237059235,634.100578563775,642.0411376953125,53456868.0
2020-05-05,650.3171635725639,661.6351717003255,647.4093321949724,653.4262084960938,44903763.0
2020-05-06,654.9248941405343,664.2969422025669,646.6488596777011,653.4710083007812,40489094.0
2020-05-07,650.8987749292127,677.1360326646604,646.4252520396666,674.1387329101562,50026966.0
2020-05-08,691.1605902433332,706.7731874423821,687.6264818225529,698.6761474609375,84262770.0
2020-05-11,706.8179027396051,722.4752932861393,703.3733222103791,705.3864135742188,67085063.0
2020-05-12,700.0181429966896,701.6062908611085,655.372320874391,661.7470703125,100683202.0
2020-05-13,689.5834112989287,689.5834112989287,656.6170544616783,675.7872314453125,66430125.0
2020-05-14,663.390858072304,675.9000219142658,645.8013059494067,648.4656982421875,49266771.0
2020-05-15,652.101104371265,662.3523056062347,639.0500542508714,659.0556640625,62152260.0
2020-05-18,663.842565100716,669.2616544401022,644.875632962838,650.6334228515625,62796089.0
2020-05-19,657.9718098763932,660.0943173105137,633.6986696085636,636.2501220703125,42315854.0
2020-05-20,636.7469251931129,653.3881649537279,629.0698124523583,647.44970703125,55320985.0
2020-05-21,648.0367074472184,659.9813507786306,643.5207801115246,650.8591918945312,39167981.0
2020-05-22,655.6236168765307,658.4234659784153,644.1982807272651,646.4788208007812,37828973.0
2020-05-26,653.9752489639468,654.6752261523151,639.5919719683144,643.0918579101562,33216635.0
2020-05-27,646.2303793438942,656.61703698639,637.6501047337907,652.8010864257812,35667956.0
2020-05-28,657.0685886567666,668.2455271815335,654.359044090917,664.8585815429688,40126278.0
2020-05-29,662.9393134152917,664.7456963541632,656.007389810822,661.3135986328125,40022527.0
2020-06-01,668.3585186853417,694.7090163146383,666.5295595380629,686.580322265625,39943702.0
2020-06-02,689.1317954741431,695.4541060723005,686.7834677262479,693.51220703125,22153960.0
2020-06-03,697.712053268636,704.4859445214847,692.4509368094127,696.19921875,25381289.0
2020-06-04,697.2604674305974,717.8080227909754,695.9057249087699,713.4275512695312,34202350.0
2020-06-05,720.291708575871,730.6783659768879,710.6727564801458,714.2855224609375,33076685.0
2020-06-08,730.8590266524802,730.8590266524802,706.7439184964705,708.7760620117188,31414953.0
2020-06-09,704.6214390965813,714.8726404733965,692.29294201313,694.1670532226562,25857161.0
2020-06-10,696.8540015463917,713.3146329578219,695.4766830422209,709.9728393554688,22132647.0
2020-06-11,707.1954823716251,708.0760679196416,691.3897362648564,694.4154052734375,20385805.0
2020-06-12,677.3903578499011,719.3885695925972,676.0355556331963,717.4918823242188,38548899.0
2020-06-15,706.7439674657269,734.7201801016447,704.9827364804711,729.1204223632812,53107403.0
2020-06-16,741.9682427707079,744.474543171046,715.9112353938917,730.5429077148438,51187003.0
2020-06-17,726.2752912652263,738.5586354119855,723.4980185831051,729.4816284179688,41782053.0
2020-06-18,725.7107978465832,751.9031997400788,725.0785489207035,747.793701171875,40471557.0
2020-06-19,754.1612552518901,807.8105634275437,750.5485488531187,794.5337524414062,105804173.0
2020-06-22,800.8560305108304,814.7650899304879,783.5148135515716,788.5501098632812,60198705.0
2020-06-23,790.2887548472605,796.4981855618333,774.9797401799827,777.1473999023438,37962078.0
2020-06-24,783.9212919679801,800.539956785878,772.9927488541816,780.2859497070312,51586221.0
2020-06-25,779.9020403666149,789.8371168459703,773.6023058840819,775.7925415039062,39679374.0
2020-06-26,780.7150021666101,791.191964274281,775.3861571652835,786.5179443359375,30921913.0
2020-06-29,780.3762638421109,785.6598967514907,774.7313543352946,778.1634521484375,25621946.0
2020-06-30,784.4179786955026,786.2243018289918,765.6993848508981,769.560546875,30276420.0
2020-07-01,776.7408788298266,789.8370801059237,771.3443062214384,784.6889038085938,28464103.0
2020-07-02,790.3306639056832,801.485081567038,786.725864305351,798.1976928710938,28789533.0
2020-07-03,807.0169546549783,813.0023064997346,801.6664846343106,810.6897583007812,29434266.0
2020-07-06,818.4434059167284,842.4752438841282,812.5941218966552,839.6640014648438,47016185.0
2020-07-07,843.3822180562978,845.3546275122593,819.032966945957,826.8092651367188,35189589.0
2020-07-08,827.0813186844387,832.0237061429656,811.6420023700266,815.2694702148438,26204095.0
2020-07-09,820.257200151335,832.0463807901345,809.9416146203339,827.1719970703125,36418942.0
2020-07-10,829.0990778284718,854.5365672443328,827.1719444149811,851.5665893554688,43759967.0
2020-07-13,863.0383906975433,883.1480789947044,861.519399808991,877.3895263671875,69608392.0
2020-07-14,876.9360759259316,880.4274760561808,855.7608159923657,869.2277221679688,67331128.0
2020-07-15,878.7271275560773,897.2498214760561,815.2694681656544,836.1272583007812,139669773.0
2020-07-16,837.4874939607755,847.4629995747565,821.8214399496038,835.8551635742188,60961724.0
2020-07-17,836.5806561826539,870.5879989548259,833.4066071401047,866.8245239257812,49726765.0
2020-07-20,869.5904907729887,876.0292010321696,861.3607145700907,870.5426635742188,36592938.0
2020-07-21,879.2032442811862,896.4336259674744,878.0696681167741,893.96240234375,42173371.0
2020-07-22,899.1541819328522,911.3968402873401,889.0426683207968,908.67626953125,59771457.0
2020-07-23,908.6534892544267,943.0009104541319,902.9402730055884,933.07080078125,58333751.0
2020-07-24,933.161502678431,980.771759562493,933.0708309814001,973.1314697265625,120597372.0
2020-07-27,987.9361194684092,997.0047292904097,964.8564523008031,977.6885375976562,80304827.0
2020-07-28,977.688488793748,994.8281988813131,975.1719293046234,987.437255859375,55114422.0
2020-07-29,987.5279599955765,989.7497164572247,938.806733983119,950.6866455078125,72663399.0
2020-07-30,951.7522051350378,970.2068340349582,939.5095470108182,956.218505859375,72857444.0
2020-07-31,958.7803899595893,965.3551074174673,930.8036739652497,937.2877197265625,74958061.0
2020-08-03,930.1234808378756,932.7080438678015,908.2680646839153,910.943359375,46715383.0
2020-08-04,916.2032119273854,982.5855095976556,906.9758674005031,975.1492309570312,92041055.0
2020-08-05,983.4924363615606,995.7350350128565,960.5034420662862,964.1989135742188,74549993.0
2020-08-06,978.0513143571136,982.9030303554318,955.7424759421041,967.667724609375,49322975.0
2020-08-07,965.7178380803712,978.4139143017511,961.3649370691895,973.2674560546875,32984416.0
2020-08-10,979.0034370833714,981.6786719644749,955.8784359553779,961.2062377929688,26958997.0
2020-08-11,967.9850346750636,979.4115277857607,952.3643158271037,967.5316162109375,46828306.0
2020-08-12,961.7276301780031,972.6100326976989,955.2889203298892,964.7202758789062,30264617.0
2020-08-13,964.901699164418,969.8440862641454,956.7399270901238,962.2037963867188,24830322.0
2020-08-14,962.4304992398274,978.0512181796919,947.331262509623,958.4630126953125,33224635.0
2020-08-17,954.4728113825545,954.4728113825545,938.6480809006554,948.2835083007812,30979066.0
2020-08-18,945.4041850307872,967.7583570068861,944.2026051100721,960.6168212890625,30547672.0
2020-08-19,970.7963711289713,976.6909912734272,961.8864371354927,966.5114135742188,34087543.0
2020-08-20,961.2742374165047,963.0426353692126,946.7644269706007,950.8679809570312,22537845.0
2020-08-21,960.3673777103614,962.1811114690666,941.7766816436981,943.975830078125,25280895.0
2020-08-24,948.3060942515586,954.2459896740781,938.8293431473724,950.2785034179688,32717218.0
2020-08-25,954.926179130093,957.3293988551819,942.2301027513665,944.0891723632812,19388008.0
2020-08-26,945.404223995661,973.9477001185352,928.1738418761494,969.11865234375,59870421.0
2020-08-27,973.9703924276448,974.8772893855145,953.6793600760861,957.0120849609375,28085062.0
2020-08-28,961.2742345079785,967.1235185049004,955.0395957954092,959.528564453125,27166900.0
2020-08-31,985.7595929976718,985.7595929976718,934.2271229260566,943.4544677734375,62076132.0
2020-09-01,952.2057203430994,962.362570645799,935.1566809280985,946.4244995117188,38616258.0
2020-09-02,948.5782147606872,969.4360647157956,945.4042254030269,964.992431640625,26949439.0
2020-09-03,964.9016778588206,969.7760610777761,953.5659168770757,957.692138671875,18586429.0
2020-09-04,944.7467140146105,950.8226774812872,939.6002554209449,941.8900756835938,28475945.0
2020-09-07,944.950776960414,954.8128835439741,926.9268380792043,944.338623046875,21926473.0
2020-09-08,948.578195976428,961.7276915670202,943.3637335909106,955.425048828125,27397082.0
2020-09-09,945.4041824088742,982.948262646231,943.7944599093832,980.0236206054688,55310877.0
2020-09-10,989.8858259136236,1063.2737150092375,986.3716977544623,1049.239990234375,140304404.0
2020-09-11,1048.3331597240744,1060.0542764084548,1037.042733630043,1051.84716796875,59470807.0
2020-09-14,1054.2277957192978,1070.0978626809967,1034.7301409572988,1044.0482177734375,44063445.0
2020-09-15,1048.3103118747842,1054.5676178127158,1037.51858200073,1051.43896484375,27178393.0
2020-09-16,1051.9602968564543,1074.3371332294498,1047.6754600565869,1054.0234375,33952295.0
2020-09-17,1051.9605029718427,1058.17259404091,1039.1964218842008,1042.3251953125,25828669.0
2020-09-18,1049.3532551234189,1051.7110790333331,1032.2588818564082,1045.4764404296875,33074915.0
2020-09-21,1042.8918823662696,1059.2154272970997,1019.0187188937507,1022.8729858398438,33627381.0
2020-09-22,1032.4629482711289,1032.4629482711289,998.2515919553894,1002.6045532226562,34792254.0
2020-09-23,1024.7545693680095,1032.3495230627832,999.9519032941756,1011.5143432617188,42988708.0
2020-09-24,1001.1308828752752,1009.3379310241465,986.6890759494188,989.0242919921875,29826318.0
2020-09-25,992.5610883137335,1003.3527603033637,982.7216491326262,998.3196411132812,28374935.0
2020-09-28,1009.7914367963479,1014.7792199657465,1000.7454952765087,1004.9170532226562,19666849.0
2020-09-29,1008.8846136182149,1026.5683543037608,1004.9170669476492,1017.9758911132812,25842539.0
2020-09-30,1024.7546512095244,1027.928640481229,1008.8845849148897,1013.1242065429688,24465159.0
2020-10-01,1026.4777157574597,1026.4777157574597,1003.8968628083494,1008.9979858398438,20783227.0
2020-10-05,1017.4996446075226,1019.834800547557,1000.2693241023752,1003.08056640625,18922799.0
2020-10-06,1008.997819649436,1012.919969980946,998.2968209963519,1002.24169921875,18412175.0
2020-10-07,1013.4189695717491,1046.9728986337418,1006.617512051414,1023.6212158203125,53170865.0
2020-10-08,1024.3012173405473,1028.3821636698403,1007.5696492243518,1015.345947265625,21077808.0
2020-10-09,1013.4189511481339,1021.5807240113821,1005.3025141380299,1012.7161254882812,18545499.0
2020-10-12,1013.4188228288398,1022.8274503983472,1009.4513365004996,1014.3483276367188,14226473.0
2020-10-13,1011.423767661742,1036.4305673579886,1009.2699549272937,1034.1407470703125,23112012.0
2020-10-14,1033.3245163972065,1044.7056133384592,1028.608748631058,1037.2239990234375,26742011.0
2020-10-15,1038.3575863716283,1038.3575863716283,995.2816312959982,1000.49609375,20036197.0
2020-10-16,1004.3502763795697,1012.285249528179,985.1474254749343,986.5757446289062,21583600.0
2020-10-19,993.0370533155368,1010.5621766967382,977.2123240387696,986.7570190429688,31200385.0
2020-10-20,988.0267509433463,994.3747895538761,975.8974318290545,977.552490234375,18482288.0
2020-10-21,983.0389831777511,993.9213260213652,951.1853919731954,963.3600463867188,34082321.0
2020-10-22,964.6296137675083,966.9421018379,948.1247264007278,955.35693359375,30802210.0
2020-10-23,954.9262077062731,968.0757029274415,950.5733065108839,958.1229248046875,23422125.0
2020-10-26,953.0898169372152,953.0898169372152,915.2509933655792,920.057373046875,37324416.0
2020-10-27,922.6873248555474,934.0004191107241,909.129746090359,922.5059814453125,36478896.0
2020-10-28,925.8159723353803,933.0255722059666,910.2179804673768,912.0543823242188,29924017.0
2020-10-29,905.5022363151312,925.9066672658702,902.7816655110513,919.059814453125,30655304.0
2020-10-30,922.0523759951716,936.3808421846666,916.7472424236149,931.574462890625,34021563.0
2020-11-02,919.1052420515431,919.1052420515431,842.9968359392284,851.2946166992188,99366895.0
2020-11-03,856.9851117444604,865.6003029117848,832.0917710410919,839.0292358398438,88691623.0
2020-11-04,832.9532636853438,874.6689636295238,832.9532636853438,867.5046997070312,80180117.0
2020-11-05,886.4354619573483,889.1560327894556,876.0292050636682,886.4581298828125,37205373.0
2020-11-06,902.3282137896616,924.9997362683603,896.955016187128,920.0800170898438,66674086.0
2020-11-09,935.0205053076455,938.1491583754546,923.1859307154127,929.8513793945312,35838510.0
2020-11-10,941.776798653631,947.6714191097801,925.5439844404845,945.2001953125,36934242.0
2020-11-11,947.2179220787752,949.9384928452779,896.9323689240059,905.5928955078125,56724780.0
2020-11-12,898.247362719015,910.6940326424576,890.9924272689508,897.7938842773438,40046527.0
2020-11-13,898.7007816340105,923.4807818666762,898.5874420075651,905.2301635742188,45388670.0
2020-11-14,913.6186721505104,913.8000155522184,904.7540741586882,907.9053955078125,5226220.0
2020-11-17,945.4041769988106,945.4041769988106,900.0610116001939,903.8018188476562,46542562.0
2020-11-18,903.8018936710494,909.80991365708,888.7706596628595,901.0586547851562,30402290.0
2020-11-19,901.0586339089177,911.6008986042735,892.4434427638029,894.6879272460938,27796343.0
2020-11-20,895.5267495451352,899.5169641211087,859.2522514859126,861.292724609375,57471248.0
2020-11-23,884.644369365096,893.2595600473776,873.4219475565428,884.5083618164062,45327567.0
2020-11-24,890.5390386169317,895.0733434410346,876.0292271989675,890.5617065429688,30936268.0
2020-11-25,897.7939033535697,903.6658556142215,880.6542529167381,883.1934204101562,32637879.0
2020-11-26,885.5738832910803,890.9923565552566,875.1449593853476,885.3698120117188,25838637.0
2020-11-27,879.8832703592948,886.9568018403075,871.2227443709401,875.0315551757812,47336811.0
2020-12-01,879.8153351253683,891.5592393178523,875.1450229329691,886.4127807617188,19750687.0
2020-12-02,888.0451500921909,889.6322047606417,877.3895457117752,887.886474609375,22188887.0
2020-12-03,894.1665064634373,898.2927286508155,888.1131507545629,890.5617065429688,27785372.0
2020-12-04,892.8061306985533,892.8061306985533,879.6566356036066,882.71728515625,18464552.0
2020-12-07,879.9286890581647,890.9923750186222,879.9286890581647,887.9090576171875,18242188.0
2020-12-08,889.2467387240156,913.3239128258733,884.1909519390108,904.028564453125,43403061.0
2020-12-09,911.3742252800819,922.1885651259229,906.5225094998519,919.08251953125,29175254.0
2020-12-10,916.6566737897788,919.7853272816659,907.3159891974719,910.0365600585938,16065507.0
2020-12-11,912.7571538037538,924.0929759507371,895.1866924423914,909.4924926757812,26944202.0
2020-12-14,910.4672819578382,913.6639990942831,900.6731791916262,902.9176635742188,17312747.0
2020-12-15,902.1921882018914,902.1921882018914,889.2240359631435,895.2320556640625,18551265.0
2020-12-16,901.4213476389596,904.5727289498443,891.3098338764274,896.2295532226562,18561011.0
2020-12-17,899.8343755485606,909.1297243018021,896.5016507528353,900.3331298828125,20252358.0
2020-12-18,897.8392714360722,909.0843613071538,890.9924186751066,903.031005859375,18466344.0
2020-12-21,911.396891229463,916.8380330457733,841.228385961526,879.5206298828125,44135540.0
2020-12-22,883.7376098965668,888.2265790134423,856.2823129435187,878.160400390625,28140001.0
2020-12-23,875.1223093610237,884.8484079017386,870.8826879671385,881.40234375,19501410.0
2020-12-24,882.8306894509022,906.3184389463692,882.3319351071959,904.2100219726562,20776988.0
2020-12-28,909.900545527166,915.0243362502358,904.7314189530317,908.35888671875,17221499.0
2020-12-29,910.9434754302608,912.439798429375,898.9501635431251,902.3509521484375,18611939.0
2020-12-30,904.7087428928894,910.1272165991579,895.7761410801606,904.8220825195312,22043630.0
2020-12-31,903.9152218564029,912.2583374556028,897.1591008607796,900.1970825195312,18781189.0
2021-01-01,901.421320358103,905.5022064134912,898.7007496438623,901.1946411132812,10015175.0
2021-01-04,904.6407576146281,906.3637598470406,892.352762889534,902.7136840820312,24513534.0
2021-01-05,892.806069337439,899.4261822629604,886.9114498823324,891.4911499023438,24123091.0
2021-01-06,891.4005200596658,891.4458559107388,863.8546128646693,867.9808349609375,46401468.0
2021-01-07,870.814757093236,881.9238397966232,863.8546244352824,866.5751953125,32325918.0
2021-01-08,869.6811807226603,878.9311936650147,867.0059456976594,876.800048828125,27540187.0
2021-01-11,879.1125050229124,879.1125050229124,858.1186482532938,860.2724609375,33307825.0
2021-01-12,862.8796506283604,888.725221692781,861.4739994731104,887.3876342773438,41161546.0
2021-01-13,890.3349713085404,895.5040980209848,869.8852636562669,879.112548828125,26619458.0
2021-01-14,881.9238432057263,891.8540138996398,879.2259402439199,888.9973754882812,21553242.0
2021-01-15,888.9973558240713,894.9826476255291,870.6107298685408,878.5004272460938,20593268.0
2021-01-18,883.7828981720585,905.5022489944743,872.1070575050039,899.5849609375,35100458.0
2021-01-19,904.4366011613523,920.918820254768,904.4366011613523,914.2987670898438,32006615.0
2021-01-20,916.5659251576317,933.1614839760485,907.4972564349495,931.6651611328125,30924537.0
2021-01-21,944.0438358240183,961.2742166156673,940.869846715687,951.9335327148438,39087742.0
2021-01-22,957.1933717044934,959.165840987856,922.8006124178714,929.3527221679688,30532660.0
2021-01-25,922.7099125187834,922.7099125187834,876.0291603627637,880.1100463867188,54207104.0
2021-01-27,872.8551706594984,872.8551706594984,856.0782081201552,859.252197265625,42370131.0
2021-01-28,852.5187439949068,872.084340959147,847.9164357485394,850.8864135742188,34067814.0
2021-01-29,858.9347248586931,867.4592430478045,829.7790987970316,835.1976318359375,43712383.0
2021-02-01,843.110096652801,863.7865428347654,837.9409701152957,859.3883056640625,34180952.0
2021-02-02,867.9808262438378,879.6566667876373,841.0923491274965,873.2179565429688,41470034.0
2021-02-03,874.3515418529886,885.0978176672972,861.5193971120666,875.4171142578125,30301696.0
2021-02-04,872.4017742702679,879.6567100873364,863.7865829635437,872.537841796875,25626981.0
2021-02-05,875.1450294447208,881.7651430554548,870.5880568440388,872.2883911132812,20248046.0
2021-02-08,876.5052740367894,892.8061507159327,874.691600163488,884.8484497070312,21183400.0
2021-02-09,889.6095123241837,902.1468540671391,885.2338830875444,886.9795532226562,19604141.0
2021-02-10,885.8913333557456,899.9476653520371,873.8980223594517,895.2092895507812,21234156.0
2021-02-11,897.7938959649373,935.9728593397923,894.2798277886045,932.11865234375,42539278.0
2021-02-12,932.027983547643,942.2301692248576,913.8453687465834,925.7252807617188,30497029.0
2021-02-15,928.6498762091927,934.6578356915304,918.1982839074868,921.6443481445312,15791099.0
2021-02-16,924.8864053509033,942.8649480322981,922.7325927047402,933.8416748046875,21421660.0
2021-02-17,934.0683329596526,950.3692089797069,929.8061035808391,944.6106567382812,23742994.0
2021-02-18,945.4042372455169,956.0145057624479,933.6603325517267,937.5598754882812,18646877.0
2021-02-19,932.7081388605912,954.4501576444582,931.030412526974,943.2730712890625,23403483.0
2021-02-22,943.1370313830363,947.6260001116775,904.5727145749872,910.5352783203125,23804335.0
2021-02-23,928.6272954514131,930.8491120696507,913.0292432704871,917.4955444335938,25644108.0
2021-02-24,920.46551838717,936.4489852163127,918.7197882041789,934.5219116210938,10807663.0
2021-02-25,941.3232777095965,975.7840397521635,939.9629623775807,972.3153076171875,34855693.0
2021-02-26,959.9140321981981,967.57699044691,938.9201148180857,945.7669677734375,37481215.0
2021-03-01,956.8305872083303,957.6468123803251,935.2019094636117,952.9764404296875,17680764.0
2021-03-02,962.1812052733643,965.8086131763628,947.2633111177078,954.92626953125,17150760.0
2021-03-03,961.7504524591252,1006.5721385998736,955.4704174620584,998.5010375976562,31924461.0
2021-03-04,988.4801874020635,992.9918242849485,978.3686732860034,986.5984497070312,21435754.0
2021-03-05,977.5977682721734,1002.9672532884404,976.260120871694,987.890625,25511666.0
2021-03-08,983.2657240329895,1012.0132716669716,983.039044773577,993.5133056640625,19506841.0
2021-03-09,997.5487577867862,1003.8061245628406,973.3355758572837,993.4905395507812,15154484.0
2021-03-10,1000.7227465962088,1004.3955499162571,984.0591241137868,989.3642578125,11519358.0
2021-03-12,995.2816784252693,1000.4508052727284,963.0427293609322,969.2547607421875,16864952.0
2021-03-15,970.3655452396614,974.378367439583,943.3636702802955,956.2411499023438,16698099.0
2021-03-16,958.5537469717594,963.9949488326658,950.165294900262,952.477783203125,13873801.0
2021-03-17,951.321487384943,953.5659717866566,922.7779520359184,931.9599609375,19210236.0
2021-03-18,939.9176595322679,945.3135252330827,907.3159659802869,910.98876953125,20647480.0
2021-03-19,902.7816639429236,950.3239190123003,899.0635245309819,944.0438842773438,41787429.0
2021-03-22,939.0561589834671,940.4164143959771,921.9164490477823,935.1566162109375,18572478.0
2021-03-23,934.9525516306611,956.6038970524451,932.2546489163942,946.5377197265625,17421165.0
2021-03-24,943.0236364808284,943.0236364808284,925.1811610696235,928.309814453125,16822814.0
2021-03-25,931.3477251906348,931.3477251906348,900.0609538666973,902.985595703125,22001648.0
2021-03-26,912.3036747318539,913.0745041101142,894.937285828174,904.4366455078125,20180202.0
2021-03-30,910.4899757979094,929.035337372419,903.0310289019577,920.1480712890625,20441701.0
2021-03-31,915.0242469485529,929.4886608125947,906.4089968537622,908.26806640625,16250796.0
2021-04-01,915.0242884490825,920.465429845356,908.2907755247039,916.7699584960938,11723312.0
2021-04-05,918.1756272004715,918.1982951252521,889.677488179083,903.5071411132812,14875099.0
2021-04-06,908.6763154469585,909.107066008566,892.8061886370579,899.7437133789062,14009194.0
2021-04-07,906.8625944881165,928.1285275370888,903.8246126194147,908.1548461914062,24266353.0
2021-04-08,911.850225266319,916.8379481306634,903.6884533297169,909.288330078125,15369188.0
2021-04-09,906.1597285641935,909.7418004729616,897.7938848658578,898.7234497070312,14037885.0
2021-04-12,888.271878488836,889.3601188333347,861.632807894605,866.5751953125,20901482.0
2021-04-13,872.4017415275625,879.9287521472845,869.6131669055775,875.9385375976562,19411189.0
2021-04-15,873.4446120904353,889.1786704861084,867.4139846330557,881.6063842773438,19723716.0
2021-04-16,878.1149969863354,884.1456245317884,873.5126286216039,876.0745239257812,15656948.0
2021-04-19,863.3330655330114,868.9556101628922,856.9850274045621,862.2901611328125,18478808.0
2021-04-20,866.28045535031,870.1346024372397,857.189177823117,862.0408935546875,17203668.0
2021-04-22,858.0053442180699,868.0715224771913,850.9544798546892,864.42138671875,14490954.0
2021-04-23,864.2399827290652,870.0892067348701,859.4109352555885,863.4918212890625,11828857.0
2021-04-26,870.5880540621903,889.6321696188024,866.7338471259807,878.6817626953125,20846778.0
2021-04-27,879.6566357896455,905.592879224886,878.8631384956852,901.716064453125,19992524.0
2021-04-28,905.8876517747103,910.4899602170952,897.861946907099,905.6382446289062,17122437.0
2021-04-29,917.2460958998795,927.0402589004967,910.1726236848527,917.767578125,17412606.0
2021-04-30,910.7166908105166,923.1860285256435,901.2173310194296,904.36865234375,19828769.0
2021-05-03,891.4458158814281,897.3404357451366,881.0622873144365,888.2944946289062,23640186.0
2021-05-04,884.1910203527071,892.2621215061423,866.5072191354321,869.04638671875,21849830.0
2021-05-05,872.1070167804479,878.9764773257763,865.1694924935965,870.6333618164062,12393609.0
2021-05-06,871.4268548191382,877.3894784194164,864.5119984908221,875.5757446289062,14624666.0
2021-05-07,878.6363420246701,886.7527777675398,873.3085405592442,875.915771484375,12288548.0
2021-05-10,879.2031788665513,882.7399146478764,871.0187391792962,873.3992309570312,13941237.0
2021-05-11,868.320883202796,878.9991548596583,866.0536709526697,876.5506591796875,13478264.0
2021-05-12,875.1676804843173,876.4372641804301,864.6934200952072,867.4819946289062,13177961.0
2021-05-14,874.2381482108096,880.563518938135,864.2400338075389,878.4324340820312,13291616.0
2021-05-17,878.4323799585411,890.2895633789483,875.3036666921718,888.8839721679688,11873078.0
2021-05-18,898.2472994692848,908.0414016691675,894.3930927948095,901.3986206054688,12064918.0
2021-05-19,897.7938805270868,914.3214965481937,894.1664727852633,905.52490234375,16317002.0
2021-05-20,905.9102510089941,911.8048706158811,898.2472934944823,900.2423706054688,11422532.0
2021-05-21,903.235026290113,911.2153947907652,900.514455659808,908.0187377929688,10785605.0
2021-05-24,910.4898938764023,911.3061190300916,898.700714595752,900.355712890625,8551760.0
2021-05-25,905.2301950520241,905.5022701330101,888.7253062731775,890.1536254882812,14780102.0
2021-05-26,895.5267109206686,897.5671839561246,891.1284738713696,893.2822265625,7480204.0
2021-05-27,893.395613685115,903.6884705135559,889.7454781714291,896.0255126953125,26819294.0
2021-05-28,902.3282518740783,954.472815743996,902.3282518740783,949.8478393554688,56469931.0
2021-05-31,953.1124286476038,993.7852201877816,945.4268031702701,979.5474853515625,59124142.0
2021-06-01,982.1321639562733,998.4557094965295,973.2902334606247,983.4471435546875,28013832.0
2021-06-02,978.0511883191928,1001.8563467317178,978.0511883191928,998.1155395507812,24630162.0
2021-06-03,1007.0707759680465,1020.220331233519,995.7804103170117,1001.9243774414062,23974257.0
2021-06-04,1004.2595000884415,1005.0076615198449,990.4071796454298,993.2411499023438,14468646.0
2021-06-07,998.4556127916534,1016.5928305525485,990.747259262441,1009.9727172851562,16336573.0
2021-06-08,1009.6100858849402,1009.8594330639162,996.7099374722953,1004.1688842773438,9674735.0
2021-06-09,1006.1639031267835,1007.0707400246994,978.4819302316137,986.2129516601562,11409161.0
2021-06-10,994.5561020859403,1011.1517216348074,987.3692305170946,989.8404541015625,14155653.0
2021-06-11,993.2457554895082,1013.7668141971928,991.9716855769274,1007.0098266601562,13762778.0
2021-06-14,1007.8515792569079,1027.530819009634,998.7740423359074,1021.4564208984375,20332436.0
2021-06-15,1028.7821487449673,1035.106763332947,1019.36334735504,1023.7769775390625,15174215.0
2021-06-16,1021.456501659872,1022.434740881434,1003.6882448935254,1006.3045654296875,10797349.0
2021-06-17,1001.0264002407747,1016.9518526581879,991.8806822040291,1008.1473388671875,15745975.0
2021-06-18,1012.6292689125116,1016.9519117351164,993.9055193524756,1012.697509765625,29369026.0
2021-06-21,1002.6190479059233,1022.6394940703871,1001.0947614747922,1017.9756469726562,12186448.0
2021-06-22,1025.5970540271667,1028.7822288722177,1009.8308898725479,1012.7429809570312,12871913.0
2021-06-23,1023.7770302436452,1024.0499936427696,1001.7999261642769,1003.4607543945312,16653951.0
2021-06-24,1004.1432535343797,1007.669572262773,973.7257080355693,979.8683471679688,91461975.0
2021-06-25,979.8684182931346,979.8684182931346,946.9255377961272,957.550048828125,55355022.0
2021-06-28,965.535542609245,967.5830690553377,946.8800342020979,949.1550903320312,20277042.0
2021-06-29,950.7475767024226,959.6203313338768,948.2905450727716,949.9740600585938,27144063.0
2021-06-30,953.8188890996875,965.8312041148121,951.4528452867432,960.37109375,19762858.0
2021-07-01,963.7154392931002,966.0587361622839,953.2501575281797,954.5924682617188,12534407.0
2021-07-02,954.1601447164786,970.4951021153942,952.3173409366497,968.7432861328125,14086620.0
2021-07-05,972.1104477919255,979.8911687487861,969.8581385815543,978.3668823242188,11702287.0
2021-07-06,975.9780960314433,977.775345876362,964.7165499262375,966.8095703125,10070124.0
2021-07-07,968.1518891821571,968.1518891821571,954.6152867923088,960.09814453125,10454892.0
2021-07-08,963.2376503194929,963.2376503194929,946.8799465079013,952.1580810546875,11185460.0
2021-07-09,950.0651388442453,951.7487141684176,940.1004093189325,942.4209594726562,9037675.0
2021-07-12,946.3113035101971,956.2078524981569,943.9225124667875,948.2906494140625,8585292.0
2021-07-13,955.525214607773,956.9130192420056,950.0877909959721,955.3887329101562,6717133.0
2021-07-14,955.6844881859736,958.6420731903104,946.9937689554591,949.1550903320312,8532544.0
2021-07-15,953.2502049164673,953.2502049164673,945.7425076403309,947.4943237304688,9448356.0
2021-07-16,949.951367281346,962.2367066615387,949.8831264283724,961.1674194335938,8828185.0
2021-07-19,955.525231478772,966.4455126172754,951.9989126340373,955.0474853515625,8354449.0
2021-07-20,955.2977362314513,959.1653798198789,948.2450982877981,952.7041625976562,6741464.0
2021-07-22,964.1704530749702,966.4000152300578,954.683470529445,964.9439697265625,7972397.0
2021-07-23,971.2004383163171,971.2004383163171,956.4580071605648,958.1188354492188,9937030.0
2021-07-26,959.1653356602167,965.0804452589716,942.3753787545852,944.99169921875,12389668.0
2021-07-27,944.9689777697635,948.1085383406385,929.1345728588083,935.0496826171875,10824523.0
2021-07-28,936.414732655119,936.414732655119,917.4179602018662,927.0187377929688,12897848.0
2021-07-29,934.5946824013536,943.8769425785124,929.7715466212894,934.25341796875,13765738.0
2021-07-30,936.4147387774315,940.9421040230186,924.1748936428288,926.0859985351562,11350608.0
2021-08-02,934.7312372274596,946.1520117827725,928.7478263645152,943.012451171875,10925104.0
2021-08-03,950.9751482931742,951.430147484226,939.2358562430207,949.9513549804688,11817299.0
2021-08-04,952.9772263092809,961.8954756587327,949.6101358514545,957.2316284179688,13169800.0
2021-08-05,962.0318984025091,980.4598768953389,957.4590392491626,971.1094360351562,21252078.0
2021-08-06,969.1528622918455,976.8880893431025,945.8562535112904,950.5429077148438,16620987.0
2021-08-09,946.8799898333923,950.8841149123823,940.2822912594686,945.128173828125,7494143.0
2021-08-10,947.3349664779623,961.4403616289129,943.5811181110125,950.0877685546875,11919198.0
2021-08-11,954.1374592617027,964.6254885296094,947.9720727670094,963.39697265625,9184963.0
2021-08-12,966.8550623942889,967.4466034758628,957.8003316249841,960.3029174804688,8137612.0
2021-08-13,963.3969420853272,978.2303606065249,959.5975996548036,976.2965087890625,12780901.0
2021-08-16,977.9801660294819,1002.3915570002542,968.3338937913883,988.9686889648438,21935444.0
2021-08-17,986.8527849435737,994.2921805714811,977.2975018360073,984.7597045898438,12658169.0
2021-08-18,989.1961361505759,995.0202580244994,979.4588769168306,988.5818481445312,10075860.0
2021-08-20,975.09076320503,988.2861007519195,972.3607078932538,977.4796142578125,9426282.0
2021-08-23,989.1962069315948,989.1962069315948,970.2221801850279,983.8953247070312,9854395.0
2021-08-24,985.123805492856,997.3863978639248,980.8239096504693,993.6098022460938,11864472.0
2021-08-25,994.3833180171741,1010.1267354530132,991.9717199859176,1002.20947265625,13380559.0
2021-08-26,1004.666585861122,1021.4565439234876,1003.3015280719944,1014.881591796875,18589616.0
2021-08-27,1017.8618498448702,1020.4782304762028,1008.3293734966592,1013.4937133789062,10480636.0
2021-08-30,1023.7770080256,1035.5391065503322,1017.7708505413503,1032.990966796875,14027062.0
2021-08-31,1036.016904489164,1039.1337183154053,1020.2507393885751,1027.4854736328125,26485463.0
2021-09-01,1034.2423608926047,1043.2970916409213,1029.6922485674477,1031.5577392578125,11145486.0
2021-09-02,1026.0522484508817,1050.0768827059892,1026.0522484508817,1043.979736328125,9956770.0
2021-09-03,1051.0777738490863,1089.753849755498,1047.6652497127798,1086.7962646484375,30664428.0
2021-09-06,1097.9441730557705,1128.4300252290316,1097.4891136321319,1103.6773681640625,33641710.0
2021-09-07,1105.6792381399396,1118.4195769224002,1097.4890117544835,1110.638916015625,17349882.0
2021-09-08,1115.6895119598441,1116.5995103115172,1095.054658449374,1106.29345703125,14301651.0
2021-09-09,1104.723848377905,1109.2512142438177,1099.354724879374,1103.6773681640625,8963249.0
2021-09-13,1107.0441939852174,1107.0441939852174,1077.4912130774987,1079.083740234375,16311160.0
2021-09-14,1080.6535496243034,1089.2987144742633,1076.5583765209813,1077.6732177734375,8908356.0
2021-09-15,1077.6960268089388,1090.09504087413,1077.6960268089388,1082.1551513671875,9071075.0
2021-09-16,1083.633953919053,1108.7505599524602,1077.0135078740498,1104.8602294921875,13448882.0
2021-09-17,1112.9593400786748,1117.441211114052,1080.9264609621353,1087.7288818359375,34882133.0
2021-09-20,1079.3340516110384,1100.3783514488218,1078.3785593037167,1089.4581298828125,11779819.0
2021-09-21,1094.3039621775245,1099.5820973964808,1084.7486779581968,1094.16748046875,9915736.0
2021-09-22,1095.6689260415033,1111.1392587944545,1091.2325487612284,1105.90673828125,10995912.0
2021-09-23,1113.596411926489,1136.1649964932392,1112.731907489886,1132.9344482421875,15748397.0
2021-09-24,1139.1453680882425,1140.009872555042,1124.7897556991463,1129.6583251953125,15192163.0
2021-09-27,1131.6149158288965,1151.134928281977,1126.2912870102596,1148.655029296875,15373834.0
2021-09-28,1153.0003348281084,1167.0602357363134,1143.3540640558012,1159.393310546875,18035258.0
2021-09-29,1169.380959813766,1169.380959813766,1146.6531442405346,1150.2022705078125,9719875.0
2021-09-30,1148.9053210131074,1153.273457399079,1137.6892697076169,1146.2889404296875,13590654.0
2021-10-01,1138.4173546931033,1155.6395643825463,1135.2550471541776,1148.3138427734375,8958928.0
2021-10-04,1161.6455590320454,1171.5875396173383,1154.3880792936034,1163.078857421875,10918552.0
2021-10-05,1162.6012346483487,1188.4914771861918,1159.0748554855732,1187.2174072265625,13533634.0
2021-10-06,1192.1086164601513,1192.1086164601513,1160.7811333493105,1164.762451171875,10258881.0
2021-10-07,1180.7560859021983,1182.4624681330135,1168.334326130549,1170.472900390625,6336665.0
2021-10-08,1176.319912141792,1221.4344612360428,1174.6136499701672,1215.4510498046875,15772493.0
2021-10-11,1229.1695592932124,1237.632749168865,1203.666134554231,1206.9876708984375,14768666.0
2021-10-12,1203.5068077762007,1220.7972576970285,1201.800425485858,1213.8809814453125,6682011.0
2021-10-13,1218.977260003142,1237.405299921744,1214.5636292034492,1226.2347412109375,9959762.0
2021-10-14,1228.6917305879201,1236.47251177523,1222.7083196035724,1228.7144775390625,8623469.0
2021-10-18,1214.2450907648501,1249.0079672854492,1211.3784935963072,1231.9906005859375,13594479.0
2021-10-19,1239.3616754056989,1251.8972908980181,1232.1725560059263,1243.0245361328125,8833409.0
2021-10-20,1247.9842743668398,1247.9842743668398,1224.6649184645307,1228.7144775390625,12710570.0
2021-10-21,1240.999848015025,1241.2728114223185,1184.487275783306,1193.26904296875,20831669.0
2021-10-22,1192.1313848923699,1212.5615152599457,1188.2638017444342,1195.49853515625,11027475.0
2021-10-25,1219.4323525860245,1219.4323525860245,1169.3809932455636,1183.850341796875,17198417.0
2021-10-26,1190.8119938799573,1214.3815653473446,1184.464511564794,1210.8096923828125,9750178.0
2021-10-27,1206.6918395131022,1217.9761316670556,1192.1086379430944,1195.49853515625,9896298.0
2021-10-28,1192.1313011797695,1200.298779292571,1178.7085560280439,1182.39404296875,9886181.0
2021-10-29,1181.2794715076984,1181.2794715076984,1138.303621720808,1154.0242919921875,14233025.0
2021-11-01,1154.0244604038087,1163.0109514346836,1134.845649078283,1154.729736328125,15481114.0
2021-11-02,1158.005596587504,1159.3706543132414,1135.3687704240997,1137.89404296875,10569130.0
2021-11-03,1140.2828162204378,1146.6302984409235,1119.7845647630193,1130.06787109375,11989430.0
2021-11-04,1134.3220924997154,1139.7595760808606,1132.9799021702054,1137.0067138671875,1705656.0
2021-11-08,1146.3572476973713,1146.63033145871,1117.6915164906068,1138.4173583984375,20337183.0
2021-11-09,1139.805123815544,1150.6798507830363,1131.637644937905,1147.40380859375,15682497.0
2021-11-10,1145.1287260147478,1163.920714976533,1139.1908094185892,1160.235107421875,10253470.0
2021-11-11,1155.7533749476675,1169.6084350981216,1153.7057882040397,1162.35107421875,10722478.0
2021-11-12,1166.1502778119302,1182.462488249801,1163.4656563781518,1179.8916015625,8712341.0
2021-11-15,1183.031141558392,1184.0322480185664,1169.3808058406628,1172.929931640625,4803269.0
2021-11-16,1170.3136027722971,1171.6559135252794,1135.255016670807,1145.6748046875,11337581.0
2021-11-17,1137.0523041547756,1137.0523041547756,1119.7846004549367,1121.149658203125,10202029.0
2021-11-18,1119.3295736996563,1132.5249718442826,1114.8022082606076,1125.3812255859375,8505625.0
2021-11-22,1108.4549265855226,1114.3246032878988,1069.7333541956211,1075.5347900390625,24124307.0
2021-11-23,1061.5658216102945,1092.597718814344,1050.6228528101806,1085.5904541015625,25326999.0
2021-11-24,1082.9285842980569,1096.5334264323562,1066.3434103717225,1069.915283203125,16820296.0
2021-11-25,1079.7435455818988,1138.4400635861748,1072.5315589664726,1134.3221435546875,42401936.0
2021-11-26,1122.8785658449294,1127.33768989774,1092.7112978197426,1097.761962890625,15763138.0
2021-11-29,1109.8197692785918,1137.530005740277,1091.6192015688714,1110.9117431640625,24325354.0
2021-11-30,1122.9695939867834,1126.5642137673601,1086.9553960411952,1094.48583984375,32172299.0
2021-12-01,1107.044315866843,1125.699825172228,1103.4496957163708,1122.5147705078125,10104610.0
2021-12-02,1123.7431517479451,1135.800961053092,1120.0575440347766,1129.7265625,12720411.0
2021-12-03,1136.8020863205188,1136.8475802217874,1092.028866217897,1095.78271484375,19222481.0
2021-12-06,1099.3091917377637,1103.4042449873536,1072.5316957069635,1075.011474609375,10332254.0
2021-12-07,1081.1768723394634,1093.8488493527543,1073.8284038337267,1083.7703857421875,11235122.0
2021-12-08,1102.9945193384742,1106.498030573748,1094.8952823553839,1100.264404296875,8744178.0
2021-12-09,1107.9543482561612,1126.1093048249602,1103.404235637729,1117.71435546875,13213547.0
2021-12-10,1110.343003210938,1122.0596079618992,1105.8383850496557,1118.851806640625,8364414.0
2021-12-13,1125.4722255996962,1125.7451889893634,1093.8487910647625,1096.419677734375,12901733.0
2021-12-14,1082.9284632609044,1094.758801309074,1079.9253848550902,1082.9967041015625,12991523.0
2021-12-15,1084.7486582787296,1094.3039423247055,1074.3288697386265,1079.8345947265625,9366969.0
2021-12-16,1094.6222331236886,1099.0813569765323,1077.7640971670983,1093.80322265625,9761279.0
2021-12-17,1091.1415595298965,1095.6689246022736,1055.6277943848347,1064.932861328125,21049821.0
2021-12-20,1054.649722259051,1054.649722259051,1022.4576084103483,1036.2218017578125,14325846.0
2021-12-21,1051.6919782743073,1067.4581418231853,1042.9785726603923,1051.646484375,12836561.0
2021-12-22,1057.8573860824001,1079.2430094666254,1056.5379426212896,1076.6038818359375,17658543.0
2021-12-23,1080.1984810516549,1082.9285964305648,1072.9411209146308,1076.2171630859375,9072401.0
2021-12-24,1078.3785179602155,1088.3887407376528,1063.6133400712515,1079.652587890625,7886494.0
2021-12-27,1074.5336166000147,1082.0185663686743,1068.413724480792,1078.4921875,4017223.0
2021-12-28,1080.926608302519,1094.2357415301187,1079.7663934022717,1091.3009033203125,6374613.0
2021-12-29,1087.9338625439977,1100.674201497558,1083.8841830224792,1093.16650390625,15425312.0
2021-12-30,1092.02896140955,1094.2812707813944,1067.276305271878,1073.4189453125,29333171.0
2021-12-31,1079.7435583793856,1084.703115610681,1073.828388538488,1077.5367431640625,9477290.0
2022-01-03,1076.1034905748938,1095.6462506930534,1075.4437086416906,1093.7806396484375,5421611.0
2022-01-04,1099.2636517956478,1119.7846517979926,1093.848914455948,1118.465087890625,10847728.0
2022-01-05,1120.2396140596422,1127.0647821675334,1107.021469888781,1123.6976318359375,11643813.0
2022-01-06,1115.3255331004264,1116.5996031111947,1096.123976548564,1099.53662109375,14447422.0
2022-01-07,1106.111498715673,1118.4422714413886,1097.2842377517782,1108.4093017578125,13112115.0
2022-01-10,1115.6895654128748,1117.9646215781718,1099.3318598320666,1109.3193359375,9246731.0
2022-01-11,1108.409307707792,1126.1319502273575,1107.9542483452858,1117.3048095703125,16205164.0
2022-01-12,1124.4711644227355,1148.8826135216357,1121.6045672988503,1147.1307373046875,14800442.0
2022-01-13,1147.19918473575,1156.1856749337926,1141.3522552982324,1153.592041015625,11856712.0
2022-01-14,1153.4556377921065,1168.1524563628823,1149.292223210376,1155.275634765625,19930176.0
2022-01-17,1154.82047798332,1167.1057561240766,1154.3654186486065,1161.3043212890625,8036453.0
2022-01-18,1162.4419883292344,1165.9000062324892,1144.6964783846606,1147.4493408203125,6215029.0
2022-01-19,1151.1803655784236,1156.6404758295853,1141.6250823732196,1147.3582763671875,9755485.0
2022-01-20,1137.5528377304774,1142.0574560089742,1117.054465620327,1127.26953125,16494486.0
2022-01-21,1115.6895591579548,1138.5538554378697,1115.6895591579548,1127.4515380859375,13338594.0
2022-01-24,1126.1547030087693,1139.6914253053906,1071.5988501296624,1081.97314453125,21868937.0
2022-01-25,1069.0734401117095,1086.8644436444313,1048.802657948011,1079.8572998046875,24510205.0
2022-01-27,1062.9080331478985,1072.0537511885557,1051.5554999211186,1063.863525390625,20020431.0
2022-01-28,1076.103358864866,1081.0629157010064,1059.4499449788068,1062.8397216796875,14667727.0
2022-01-31,1073.91944662709,1094.9409997464795,1072.0993294430996,1085.9317626953125,12143683.0
2022-02-01,1095.668914786197,1101.4019884840088,1067.958677458383,1082.3370361328125,13200509.0
2022-02-02,1095.2139504085303,1095.2139504085303,1080.6991087798986,1084.5439453125,10017691.0
2022-02-03,1088.3886622160464,1092.6885576552872,1068.0041465713055,1070.5294189453125,9572839.0
2022-02-04,1065.183161923649,1068.5730594354839,1056.1284310635565,1060.76953125,11061241.0
2022-02-07,1065.638135750538,1072.3723159767667,1048.8026250078512,1054.308349609375,10714467.0
2022-02-08,1060.4737500675897,1073.8283759531457,1051.0776952115107,1072.031005859375,12060849.0
2022-02-09,1078.9017802245178,1086.2047554004216,1072.9184893348381,1084.521240234375,11486225.0
2022-02-10,1090.0723137940836,1090.0723137940836,1076.1490130370194,1083.406494140625,12464491.0
2022-02-11,1079.857228868873,1084.9761347999724,1066.593591416207,1081.29052734375,15943370.0
2022-02-14,1064.8418760134352,1071.5305623649283,1052.4427424947037,1064.068359375,10719633.0
2022-02-15,1069.824176996969,1102.903657466319,1062.77153947328,1100.1962890625,11212671.0
2022-02-16,1105.6791781831728,1107.0442358991004,1090.1860980638264,1097.9212646484375,10392840.0
2022-02-17,1101.1745201113265,1117.0089242641513,1096.5789142269996,1111.82177734375,12853252.0
2022-02-18,1112.2314504381943,1117.6915612787002,1101.1973736454247,1103.1312255859375,6775458.0
2022-02-21,1097.488880416598,1109.0917498883975,1085.0216268966433,1091.9832763671875,11107193.0
2022-02-22,1070.5977356852184,1090.1633625619224,1067.9814753307442,1087.023681640625,13494914.0
2022-02-23,1092.5294602510214,1095.0092390254035,1077.468571284383,1080.2213134765625,7310110.0
2022-02-24,1048.8025425531248,1064.6825598160908,1020.7738499237835,1026.3931884765625,24846650.0
2022-02-25,1037.4729771115954,1050.1450756675365,1035.7212210618118,1039.224853515625,14570089.0
2022-02-28,1020.5919703644313,1077.1726610969984,1020.5919703644313,1073.62353515625,21297446.0
2022-03-02,1062.2029733991815,1092.4841041671061,1059.8141821293812,1091.3692626953125,21471786.0
2022-03-03,1092.0288927878125,1098.785820478749,1078.4013026500006,1082.1551513671875,10186748.0
2022-03-04,1070.643199306108,1075.7848524224223,1055.787154408625,1058.1531982421875,10805667.0
2022-03-07,1036.835971312155,1052.033463439196,1011.0368344234095,1019.0223388671875,17983310.0
2022-03-08,1006.258979918272,1021.9569618832056,991.9261157388216,1017.1792602539062,21289374.0
2022-03-09,1017.406956117863,1077.01347494328,1016.565078233395,1071.143798828125,20414228.0
2022-03-10,1092.028820377732,1094.3038764083778,1073.8283721325647,1088.50244140625,17980493.0
2022-03-11,1081.1313132856126,1097.0340801861346,1081.1313132856126,1091.64208984375,12257423.0
2022-03-14,1086.06812572994,1103.1311056498985,1080.1984500463022,1100.605712890625,8340678.0
2022-03-15,1104.7464533796308,1104.7464533796308,1065.1148867530296,1075.398193359375,15925769.0
2022-03-16,1083.8385885222203,1095.6234340578644,1081.609026403429,1093.5531005859375,11149828.0
2022-03-17,1106.9306141386928,1136.3471174672695,1098.8996160284657,1129.2034912109375,21422098.0
2022-03-21,1112.0493977484434,1130.249846191458,1109.7743416930666,1122.6966552734375,11999466.0
2022-03-22,1119.3751418583722,1153.4328665457272,1116.417676927256,1151.703857421875,22557065.0
2022-03-23,1147.9953600851836,1167.0375661035232,1147.9953600851836,1155.366455078125,15462187.0
2022-03-24,1142.0802732954487,1175.8194185614975,1142.0802732954487,1173.3167724609375,13168266.0
2022-03-25,1175.0685459381182,1190.3114093068612,1172.5659000566366,1181.1429443359375,14222488.0
2022-03-28,1187.581436439095,1196.5679268909805,1176.88868384816,1193.0189208984375,9891424.0
2022-03-29,1200.321761515582,1200.321761515582,1186.3984604316122,1193.2918701171875,8684065.0
2022-03-30,1201.1863453712592,1223.0724028520565,1190.8120505919683,1216.2244873046875,15811550.0
2022-03-31,1212.584340487485,1214.7456618708436,1196.0446595036312,1198.8428955078125,13223718.0
2022-04-01,1199.4117414992725,1212.6753807326781,1193.041632181676,1208.4437255859375,7922880.0
2022-04-04,1208.2616544203254,1217.157156093152,1201.9825334062043,1212.0155029296875,7929162.0
2022-04-05,1206.2823045318924,1214.8366019261355,1192.4499926471442,1194.88427734375,13149870.0
2022-04-06,1177.1616311168914,1198.7291094168588,1177.1616311168914,1191.69921875,12257215.0
2022-04-07,1180.8016922079776,1185.7613700217532,1168.015859682402,1170.677734375,15496499.0
2022-04-08,1164.8308932448695,1194.40674604813,1164.8308932448695,1190.15234375,15152495.0
2022-04-11,1183.0311432189874,1200.5719293490686,1175.2959770389286,1187.67236328125,9254209.0
2022-04-12,1177.116066491659,1184.2143186613282,1162.737706900729,1165.30859375,13217742.0
2022-04-13,1171.4284128604863,1179.664132404293,1158.2330158892628,1161.0313720703125,10354235.0
2022-04-18,1152.545489452205,1164.7397805103374,1147.4493300930017,1157.4822998046875,9974224.0
2022-04-19,1163.920854944009,1213.9722131143637,1160.7585471967582,1201.5958251953125,26141820.0
2022-04-20,1209.0124078704498,1244.0028730390352,1205.3722941596611,1236.9273681640625,25072240.0
2022-04-21,1251.6926535659309,1269.0285988217172,1243.092861615674,1265.8890380859375,21708633.0
2022-04-22,1255.3326032722164,1274.943602182277,1248.6439171934,1255.287109375,15054154.0
2022-04-25,1247.825046254362,1255.1051538112451,1211.9928211860372,1226.2574462890625,17063215.0
2022-04-26,1233.0825422871724,1271.7586153913803,1232.0360622414871,1262.9541015625,12227666.0
2022-04-27,1253.9448053007873,1286.7739479010713,1253.580733766915,1264.1826171875,19338945.0
2022-04-28,1278.56117721433,1297.2394339221792,1267.7090756457555,1283.0657958984375,25614076.0
2022-04-29,1299.5825839676365,1299.5825839676365,1263.7048672221586,1269.5972900390625,18214862.0
2022-05-02,1256.7432351242765,1276.5362108883514,1254.9458650066724,1265.13818359375,9467006.0
2022-05-04,1267.2084828840266,1269.4835388914837,1217.7486714056079,1225.64306640625,19247660.0
2022-05-05,1239.2252151754037,1242.18280014838,1197.591676403661,1201.6412353515625,17210669.0
2022-05-06,1188.582409796725,1209.8769247815503,1180.0963532492094,1192.42724609375,19649948.0
2022-05-09,1171.6333233310518,1181.7119084475771,1140.7152797472104,1145.85693359375,18083752.0
2022-05-10,1135.2551800182744,1149.6335411588068,1118.419666517298,1125.99560546875,19511677.0
2022-05-11,1125.0854480941018,1130.6821606199796,1102.0163098457965,1114.4609375,16643899.0
2022-05-12,1104.5416911448524,1107.8859741719987,1078.378486557952,1091.755859375,20490321.0
2022-05-13,1103.8591166926499,1127.5196744148523,1099.0131741208802,1104.132080078125,19308778.0
2022-05-16,1107.7039403213957,1128.8847193240686,1099.6047027471154,1104.4051513671875,13437911.0
2022-05-17,1107.9997065605392,1155.6850157625827,1106.5891549718588,1150.7935791015625,16551828.0
2022-05-18,1155.5712773721964,1169.3808421611643,1141.2839062872033,1154.979736328125,17276788.0
2022-05-19,1130.2499303127915,1143.2177387581737,1122.0824507846328,1128.361572265625,14699118.0
2022-05-20,1143.2176453948912,1203.2337272058603,1138.4400638194588,1194.15625,21793091.0
2022-05-23,1197.364206197713,1207.397297299702,1179.8462844678352,1186.1710205078125,15252755.0
2022-05-24,1186.2163522132455,1200.3216273375488,1181.984697463416,1190.2431640625,13527818.0
2022-05-25,1198.9568604081787,1208.8306025401785,1183.7138745751004,1188.4915771484375,12714544.0
2022-05-26,1194.1336171006558,1198.911319486633,1159.3707382493358,1177.1617431640625,17882023.0
2022-05-27,1179.8688949887019,1185.3744993862058,1155.7760235250337,1171.701416015625,16521973.0
2022-05-30,1189.8564191042008,1216.7021540363792,1180.392243237482,1212.51611328125,13853398.0
2022-05-31,1201.8685245305114,1218.8860090470794,1190.1747884499268,1197.88720703125,70620653.0
2022-06-01,1198.638243225424,1208.1480337988985,1190.402522676765,1198.2742919921875,9776989.0
2022-06-02,1198.501741229144,1243.2977103658052,1198.501741229144,1239.58935546875,22126569.0
2022-06-03,1248.552949338414,1281.9280190654463,1247.6428306711036,1264.705810546875,23939791.0
2022-06-06,1264.933385678996,1280.4037178841604,1252.101940232276,1259.2684326171875,11093152.0
2022-06-07,1260.3378265980741,1269.9840987331656,1252.2159612910536,1261.6346435546875,12358255.0
2022-06-08,1261.6346065371608,1265.3884552322884,1235.949206752914,1239.4755859375,12479250.0
2022-06-09,1233.082627965682,1275.3986973973456,1233.082627965682,1273.4649658203125,17278305.0
2022-06-10,1261.24792684013,1269.4381532361936,1229.215044054509,1235.0164794921875,18093057.0
2022-06-13,1205.7819334162448,1216.156107684235,1190.4479609930536,1211.6514892578125,17620803.0
2022-06-14,1205.804612494347,1215.7238471836963,1189.151077141205,1195.8170166015625,14714312.0
2022-06-15,1191.0167974504632,1200.0032876716657,1175.933161306616,1181.3477783203125,11195535.0
2022-06-16,1193.4964174203167,1209.8996152953227,1162.1005732041187,1164.8306884765625,17111475.0
2022-06-17,1164.830742811065,1194.3382305909047,1163.0562400137392,1178.4810791015625,24457187.0
2022-06-20,1185.3062092078612,1190.81193373047,1147.1306905067754,1157.1182861328125,12066797.0
2022-06-21,1164.83067428948,1180.0280429847405,1150.406822198094,1175.7965087890625,11720049.0
2022-06-22,1163.966274425617,1164.057262227865,1137.985044485591,1140.078125,10617206.0
2022-06-23,1144.3779613702993,1148.905326422505,1112.5043100555831,1121.581787109375,19446323.0
2022-06-24,1128.4297638955586,1142.5350381564465,1122.9695334934358,1137.552734375,14240234.0
2022-06-27,1157.9828298757552,1157.9828298757552,1129.1350035879693,1134.1856689453125,15474529.0
2022-06-28,1129.3854414043199,1152.9777615415514,1129.3854414043199,1150.1339111328125,13572847.0
2022-06-29,1140.806051842701,1181.6661910990751,1137.9849487932977,1173.9991455078125,19205146.0
2022-06-30,1173.9310028878358,1190.2659611777156,1167.5608938992502,1181.052001953125,23112959.0
2022-07-01,1171.610445710058,1179.3911062938287,1076.103462886294,1095.9874267578125,81997149.0
2022-07-04,1082.45079365179,1111.139270756361,1076.6038647303487,1098.262451171875,41857728.0
2022-07-05,1102.4941121326237,1121.5590649917854,1099.8094906293034,1107.157958984375,17647327.0
2022-07-06,1101.1746251311279,1111.1166075291421,1086.5687955560873,1097.4207763671875,23943726.0
2022-07-07,1103.813720771296,1107.1580039571165,1080.6535938667357,1086.6142578125,23301033.0
2022-07-08,1100.2191487523794,1100.2191487523794,1084.0889121323955,1088.1158447265625,19010108.0
2022-07-11,1081.3359679020425,1105.1330060215998,1078.378383303484,1102.903564453125,13847467.0
2022-07-12,1093.8487904297283,1110.0927598985188,1093.8487904297283,1101.333740234375,10778989.0
2022-07-13,1104.4506658974965,1107.4992384747932,1079.7435076394818,1081.813720703125,14224132.0
2022-07-14,1086.5686402982146,1107.4764556314449,1081.5407222618398,1090.73193359375,16970315.0
2022-07-15,1098.8539355804724,1098.8539355804724,1084.3390956531612,1092.8477783203125,9603210.0
2022-07-18,1101.584159976362,1103.4041567519191,1088.5252438187727,1102.1529541015625,15160908.0
2022-07-19,1092.1653876854057,1113.4145306244031,1092.1653876854057,1108.909912109375,16439888.0
2022-07-20,1155.730654624441,1156.8681226053911,1131.273708960185,1138.8951416015625,23924246.0
2022-07-21,1134.7998965175696,1137.5300117770723,1122.651100250388,1131.2962646484375,16523230.0
2022-07-22,1137.5300002449842,1144.9467089844488,1135.254944336538,1138.9405517578125,10969995.0
2022-07-25,1122.7194053701078,1122.7194053701078,1093.3938930172108,1101.31103515625,23110452.0
2022-07-26,1101.629669898458,1112.003964591019,1097.193292295004,1101.8116455078125,11303288.0
2022-07-27,1101.1063409773997,1104.3141424256505,1092.938861823789,1100.76513671875,8655086.0
2022-07-28,1108.409232735442,1122.9468197968529,1101.5840648849116,1118.010009765625,12496073.0
2022-07-29,1126.018296934473,1145.3108414909532,1121.1497270683567,1141.8299560546875,15130683.0
2022-08-01,1146.2434528105707,1177.4573222630406,1140.9880650198957,1171.587646484375,15700044.0
2022-08-02,1170.5184018297261,1186.580275301345,1165.535977507085,1176.0467529296875,13917913.0
2022-08-03,1183.0311881851292,1187.5813002703721,1168.220637135406,1185.9205322265625,14250977.0
2022-08-04,1187.5814291745087,1191.1078085473182,1153.4555848310504,1170.2454833984375,14467127.0
2022-08-05,1172.1109326876474,1173.384882192994,1149.7925649671015,1153.0003662109375,13942438.0
2022-08-08,1151.6354129424305,1175.546309977684,1151.6354129424305,1168.0841064453125,10165178.0
2022-08-10,1172.5204636099309,1178.4356336498447,1163.4884798945134,1175.068603515625,10724688.0
2022-08-11,1184.4418001629217,1187.5358669102814,1174.0220116644236,1178.981689453125,8198226.0
2022-08-12,1178.6176057306407,1201.845973401522,1174.9321182963517,1198.046630859375,12650587.0
2022-08-16,1204.052862906299,1209.1035287580976,1195.4531911057852,1206.3734130859375,6607378.0
2022-08-17,1212.6071741819499,1218.0217913259337,1208.3072780583839,1212.6754150390625,6595965.0
2022-08-18,1214.2810405952932,1218.3894546289891,1205.24240897424,1214.87451171875,7410035.0
2022-08-19,1209.7159828214287,1215.0569809988342,1189.1507309375147,1193.213623046875,9460724.0
2022-08-22,1194.6517009933089,1201.1795211355932,1180.500282384016,1189.904052734375,9471680.0
2022-08-23,1184.1522321085429,1211.1768414672938,1182.9424687305054,1208.2552490234375,9678484.0
2022-08-24,1205.1968562417935,1218.846089361482,1203.0284828486285,1205.0369873046875,10369622.0
2022-08-25,1209.2367351350583,1215.6048071686444,1197.2080472965745,1201.52197265625,7871946.0
2022-08-26,1201.9554689456972,1209.715993824914,1190.0866510806784,1195.1080322265625,10742038.0
2022-08-29,1180.0436382797463,1211.9984634718257,1176.8710131510943,1185.818359375,19838975.0
2022-08-30,1193.282179919688,1207.5477042577893,1176.2091689010513,1204.2152099609375,23139054.0
2022-09-01,1178.9710757031155,1189.150886984996,1164.385933490136,1168.81396484375,19909939.0
2022-09-02,1168.8139049237643,1175.638520959865,1152.9734784565321,1155.1646728515625,12999345.0
2022-09-05,1155.3928563937116,1178.445978943139,1155.3928563937116,1173.10498046875,11327815.0
2022-09-06,1174.5658588505653,1189.6302455363334,1174.1093147173583,1185.4532470703125,10899618.0
2022-09-07,1175.478839783805,1184.563114237557,1173.1963605855797,1178.5601806640625,7488501.0
2022-09-08,1181.5272442598816,1185.978096162653,1173.6527344300007,1180.2261962890625,7057077.0
2022-09-09,1191.4561604892992,1191.4561604892992,1170.4573041604863,1172.8768310546875,8314850.0
2022-09-12,1173.447281793324,1192.3691689901582,1173.447281793324,1186.0009765625,7435419.0
2022-09-13,1195.1081207827935,1200.4491194045427,1187.3477160754526,1195.906982421875,8888657.0
2022-09-14,1175.4787801044877,1191.4561336808906,1174.451706778856,1181.572998046875,8678219.0
2022-09-15,1179.1307346574977,1188.5116835520153,1167.1476896556205,1169.8638916015625,10365600.0
2022-09-16,1161.213264147553,1165.4359048168926,1137.133067391258,1140.8763427734375,20217708.0
2022-09-19,1140.876367867208,1151.6040077939597,1132.7278822878002,1142.3599853515625,7580254.0
2022-09-20,1151.4898271317024,1158.4514907194557,1138.8220264150539,1142.54248046875,8411448.0
2022-09-21,1139.7579133773165,1156.3059159956042,1138.9590517800352,1145.6923828125,9207309.0
2022-09-22,1134.8505978968233,1142.6110027498532,1128.5053470017444,1134.896240234375,10308170.0
2022-09-23,1134.394179751921,1139.3927402184245,1112.0714541784876,1113.62353515625,9528051.0
2022-09-26,1092.8757978119418,1103.7176650883043,1084.2480670791438,1085.2523193359375,12479523.0
2022-09-27,1092.8528108642224,1107.4607728213189,1077.3776445528867,1093.8800048828125,16154822.0
2022-09-28,1077.491757249726,1085.5489575446488,1062.3132660155625,1064.7554931640625,16997059.0
2022-09-29,1077.3320028920632,1080.7556609643932,1055.8766040342564,1061.4915771484375,14671827.0
2022-09-30,1054.96372509037,1096.5048940159172,1054.96372509037,1085.4349365234375,18613024.0
2022-10-03,1091.7117072217247,1103.3294933419215,1078.7015883112226,1081.6688232421875,11852723.0
2022-10-04,1094.587668996287,1103.808870249341,1091.095426399377,1101.61767578125,8948850.0
2022-10-06,1108.8302224863316,1118.4165611455717,1103.8771842481965,1105.6802978515625,13352162.0
2022-10-07,1102.2795971833257,1115.6321543527151,1102.2795971833257,1110.359619140625,7714340.0
2022-10-10,1097.8743645838504,1103.6262649687026,1090.1139598954956,1098.2396240234375,6329527.0
2022-10-11,1101.9828714622417,1101.9828714622417,1073.269250949044,1076.3734130859375,9215177.0
2022-10-12,1073.6800455545388,1087.2379927529598,1069.6171531804475,1084.2935791015625,7417103.0
2022-10-13,1082.5360411069073,1092.8527780894253,1077.3776122421918,1087.7401123046875,7328492.0
2022-10-14,1102.4392445024225,1103.0555367494892,1081.4860325836341,1082.2164306640625,9106089.0
2022-10-17,1075.0496814411536,1101.982888862092,1069.845609321564,1099.5863037109375,16729355.0
2022-10-18,1105.634748048647,1124.3511243615108,1104.7902440911478,1118.9873046875,12415820.0
2022-10-19,1120.4709308445554,1153.9550179585947,1114.6277458530562,1138.4569091796875,19247142.0
2022-10-20,1134.3942113183082,1149.9150215278255,1134.3942113183082,1141.5155029296875,8717053.0
2022-10-21,1144.7565172867282,1148.9106943491454,1126.177188586748,1128.2769775390625,8243452.0
2022-10-24,1122.9817591091366,1142.3828937322883,1120.8363275575412,1132.043212890625,3370033.0
2022-10-25,1140.785075413764,1140.785075413764,1112.9387816840604,1114.559326171875,12233241.0
2022-10-27,1122.0686333408069,1126.8391025996318,1110.5649536618178,1118.941650390625,12513059.0
2022-10-28,1125.2641978503823,1157.2190279737692,1122.7306857391648,1153.1790771484375,17609592.0
2022-10-31,1159.957944449031,1169.065039404331,1155.9406944170403,1163.8837890625,12419943.0
2022-11-01,1186.8910882247426,1186.8910882247426,1144.8935003477782,1154.867919921875,13963166.0
2022-11-02,1155.986348539346,1164.1576549471247,1148.0890168960855,1162.08056640625,8981896.0
2022-11-03,1154.8680356681098,1168.4259835133787,1152.676841200972,1166.4173583984375,6693449.0
2022-11-04,1165.8467186255812,1186.8912175642852,1164.568612402097,1183.5816650390625,12575815.0
2022-11-07,1182.7827614663586,1191.5931814379082,1175.0223567357784,1189.904052734375,11789748.0
2022-11-09,1191.5931131291466,1196.9112902936065,1182.3489707407007,1188.7171630859375,11254205.0
2022-11-10,1182.3262632089597,1185.3163193750859,1170.0008998356418,1174.337646484375,5966242.0
2022-11-11,1186.8911590644095,1203.325056528256,1181.413233492101,1201.4078369140625,12310132.0
2022-11-14,1200.9285232071268,1206.0641314784764,1189.242152687652,1195.5875244140625,9043112.0
2022-11-15,1197.0710698465111,1198.9426470922247,1182.3261805701843,1190.2236328125,7086433.0
2022-11-16,1191.4561277313167,1194.1723297469184,1178.3775455967132,1183.3990478515625,9716161.0
2022-11-17,1180.020863607493,1192.825591205946,1177.7612057960014,1186.45751953125,6661451.0
2022-11-18,1189.972415409292,1190.9996093948082,1173.698388022442,1185.818359375,5303197.0
2022-11-21,1181.413258441568,1181.413258441568,1160.9165888885639,1164.477294921875,6390268.0
2022-11-22,1161.783907991267,1172.5115476255721,1157.9037056180239,1170.9366455078125,6611488.0
2022-11-23,1175.4787957552544,1176.80266503484,1165.0934735308952,1167.28466796875,6413408.0
2022-11-24,1171.3703518394527,1184.1522586948402,1163.2446877659072,1177.3504638671875,9389439.0
2022-11-25,1181.8697762735126,1198.2579106358316,1178.7198513447252,1194.925537109375,7349922.0
2022-11-28,1190.9541361505962,1242.1502306285356,1142.154626734269,1235.987548828125,31527484.0
2022-11-29,1234.3440108402901,1246.9889910362924,1229.8018737736188,1238.110107421875,11058913.0
2022-11-30,1238.247142030381,1253.288707028199,1231.7192011093234,1246.85205078125,26164986.0
2022-12-01,1251.6224067137045,1257.6481612150444,1239.8448724818554,1243.17724609375,9485801.0
2022-12-02,1246.235748845341,1254.4526976676975,1232.8147284105949,1242.6522216796875,11589592.0
2022-12-05,1238.0189040182454,1240.1872774344642,1222.4980932976318,1224.5294189453125,14828536.0
2022-12-06,1216.6091015367565,1231.1713003979203,1214.737403586102,1228.067138671875,8594245.0
2022-12-07,1225.693478313524,1230.258436618436,1206.132596960368,1209.9443359375,8462111.0
2022-12-08,1214.281053698547,1216.5635327967686,1205.1967796428094,1209.3736572265625,7757008.0
2022-12-09,1207.8899658959556,1214.2809794282305,1187.7356151104486,1191.0452880859375,12655763.0
2022-12-12,1180.272120443367,1197.3906539089487,1180.0437880026634,1192.871337890625,9479842.0
2022-12-13,1192.8713067918438,1201.9555809304147,1189.9497141999723,1198.3037109375,8333348.0
2022-12-14,1204.0782660411908,1204.6717371538757,1191.9126515922892,1193.9669189453125,7268947.0
2022-12-15,1188.0324923462415,1193.7386297598832,1173.6528618480468,1177.008056640625,8688551.0
2022-12-16,1173.6529134607251,1195.4734533972091,1167.78690686101,1171.187744140625,15837349.0
2022-12-19,1178.2177795852808,1188.7172073020977,1171.6898388274747,1186.5716552734375,7729933.0
2022-12-20,1179.541792973625,1198.7602374146065,1171.3704856304953,1196.843017578125,7467588.0
2022-12-21,1196.477661489117,1201.9555872542346,1175.9809916475376,1179.8155517578125,8527550.0
2022-12-22,1185.9781586267084,1189.013856887232,1171.7126347696108,1176.7569580078125,7451122.0
2022-12-23,1170.137785137051,1182.554553491853,1137.703712598857,1142.245849609375,10257115.0
2022-12-26,1147.9748739735228,1160.414342154975,1137.7721216907048,1152.22021484375,5990242.0
2022-12-27,1154.9364624540497,1163.518549950611,1148.2031310835503,1161.64697265625,5763271.0
2022-12-28,1158.5884232916014,1163.9750640999512,1151.0562304776126,1161.5328369140625,7459393.0
2022-12-29,1153.566904464591,1163.5641454874342,1152.882148696241,1161.0078125,6930648.0
2022-12-30,1161.829476176333,1176.3916749175478,1160.0035413220228,1162.7880859375,7289476.0
2023-01-02,1164.066351583663,1177.3048023328713,1163.244668797144,1175.8896484375,5316175.0
2023-01-03,1170.9366586985077,1174.565828259546,1163.0621480210023,1167.28466796875,7658932.0
2023-01-04,1167.2618507099899,1169.1107276232437,1147.6325061253483,1149.7095947265625,9264891.0
2023-01-05,1151.969321148222,1157.858149023016,1143.0676158255733,1147.6553955078125,13637099.0
2023-01-06,1153.4072395784428,1163.1306272948216,1149.5955006159752,1158.0863037109375,6349597.0
2023-01-09,1161.9207528429104,1187.8041821914996,1161.0306065888913,1185.4302978515625,10722753.0
2023-01-10,1189.6302560157692,1189.6302560157692,1162.240505708343,1167.9010009765625,8047142.0
2023-01-11,1165.2077656913489,1167.7184566325625,1150.873655990327,1153.1790771484375,11509553.0
2023-01-12,1152.5855061360771,1156.077627831873,1125.2641003718309,1128.2769775390625,17688773.0
2023-01-13,1122.2513519945564,1128.8705782042637,1111.3867843100481,1126.451171875,20618583.0
2023-01-16,1128.7791493112115,1131.951774613395,1107.917221092014,1115.723388671875,13623855.0
2023-01-17,1122.0686670526488,1133.481062404078,1118.6906511572718,1131.5638427734375,10751000.0
2023-01-18,1129.1444306357287,1137.178689301756,1123.1414974309203,1129.692138671875,13448286.0
2023-01-19,1128.8705038207283,1132.6366004638107,1121.4524163802744,1128.4825439453125,11940054.0
2023-01-20,1129.8291140692525,1129.8291140692525,1112.596474928504,1115.0615234375,14930286.0
2023-01-23,1117.960272105855,1125.811961602633,1107.004299933337,1109.4237060546875,10954118.0
2023-01-24,1113.851719292168,1115.51790607312,1089.8171651533376,1102.873046875,16488755.0
2023-01-25,1101.2753294802073,1102.302402806859,1086.461976225218,1087.6259765625,12385018.0
2023-01-27,1088.470529311336,1089.817098907081,1055.260297818003,1066.9923095703125,25830975.0
2023-01-30,1064.4132886312711,1082.764407064242,1050.3987961919847,1077.218017578125,21772103.0
2023-01-31,1087.3749062182637,1089.9541811505658,1068.6585300710096,1074.5245361328125,22691594.0
2023-02-01,1086.43914786492,1086.43914786492,1052.2246622437708,1068.156494140625,19347800.0
2023-02-02,1058.1590377354637,1071.85391093282,1054.9635914721293,1062.2447509765625,13662663.0
2023-02-03,1072.3105805967245,1072.3105805967245,1046.7467660021255,1063.1806640625,24699575.0
2023-02-06,1056.7896118119152,1059.528634971871,1052.5899131464937,1055.1690673828125,14837879.0
2023-02-07,1055.4202857843334,1062.4502927137798,1046.7467924098464,1052.6356201171875,15135435.0
2023-02-08,1055.8766387784026,1077.2863960062462,1053.137736379797,1073.6572265625,21160332.0
2023-02-09,1074.341987106508,1082.284961068636,1065.463103759131,1075.52880859375,13172763.0
2023-02-10,1075.0039060071294,1075.0039060071294,1059.6655455942528,1066.6728515625,10790445.0
2023-02-13,1068.293381324993,1072.7670546240697,1056.127767130611,1060.6014404296875,10352493.0
2023-02-14,1063.6143185684562,1087.329254712915,1060.738368480938,1085.5946044921875,14321920.0
2023-02-15,1084.6358877756606,1112.5735854842064,1083.2664969637603,1110.1768798828125,33503591.0
2023-02-16,1118.1656324865594,1124.7163944448255,1107.0270912647763,1109.3095703125,17264487.0
2023-02-17,1104.7217922905263,1117.2754874405753,1100.4306882070916,1113.9429931640625,11809520.0
2023-02-20,1116.13425652598,1118.3026298698114,1100.2025445254703,1102.16552734375,8836937.0
2023-02-21,1106.547846833629,1116.9558691842672,1101.22954869757,1111.158447265625,13311592.0
2023-02-22,1107.4380609994967,1109.2868172204335,1084.2023673241313,1085.9598388671875,11024335.0
2023-02-23,1085.5490279902117,1093.1953270218976,1077.9483712962124,1080.7557373046875,9851910.0
2023-02-24,1082.8100022510873,1093.8344379808216,1080.9840672539892,1088.1510009765625,9434053.0
2023-02-27,1087.3750050988056,1090.8672478016565,1073.543202799622,1080.91552734375,11199715.0
2023-02-28,1075.5516247048565,1080.5274845520237,1056.1734344203933,1060.2362060546875,21994038.0
2023-03-01,1070.0280642112666,1070.712820002187,1060.5557097259696,1069.982421875,11551145.0
2023-03-02,1066.8325430044117,1073.5202315216086,1059.8024162422653,1061.8338623046875,9333535.0
2023-03-03,1072.3789987479975,1092.6018137297042,1068.909698230002,1088.927001953125,14643807.0
2023-03-06,1095.5918675399987,1106.8216933590497,1095.5918675399987,1099.5633544921875,10171916.0
2023-03-08,1099.5632986303585,1104.265304210858,1088.7443751303776,1103.5120849609375,15782657.0
2023-03-09,1102.8958764013148,1103.3066574341256,1075.095225544964,1076.9896240234375,16235128.0
2023-03-10,1068.8868957671646,1070.0280749321848,1056.8124450060086,1060.3046875,13334091.0
2023-03-13,1063.1805534779228,1070.027990166369,1038.5297089513685,1042.866455078125,12771592.0
2023-03-14,1040.812257084253,1052.2018311560978,1035.8136967949142,1038.9635009765625,16027522.0
2023-03-15,1042.6839083296516,1049.1660857467195,1016.8004787547293,1021.2056884765625,21728555.0
2023-03-16,1023.9218900002587,1028.9432712307178,1005.2967990221152,1016.11572265625,18363159.0
2023-03-17,1024.7208434439497,1028.007574780085,1010.0901194945558,1014.8377075195312,34014213.0
2023-03-20,1011.1400066065017,1013.4224856028961,995.1625932582816,1004.8631591796875,19524589.0
2023-03-21,1012.9430039303461,1038.0732119172073,1012.0528577510236,1036.1102294921875,21400360.0
2023-03-22,1043.0948141638403,1046.0392280531037,1036.2473765076484,1039.26025390625,10920094.0
2023-03-23,1035.3343603002547,1036.2016854580306,1023.9447859117854,1026.1131591796875,16249370.0
2023-03-24,1024.9489888672188,1027.117362031003,1003.3795441878093,1005.7989501953125,12375945.0
2023-03-27,1012.2812223607901,1028.9432703448797,1004.3838307288752,1021.4338989257812,14054323.0
2023-03-28,1024.8349561252708,1030.0846702786253,1021.1829653124684,1026.2044677734375,12576424.0
2023-03-29,1022.095796356596,1024.7435346224438,1009.3595932977563,1020.1329345703125,18804065.0
2023-03-31,1029.3999027039445,1069.7770709600845,1029.2629756900762,1064.116455078125,28171201.0
2023-04-03,1070.4846960590223,1072.3106311531849,1056.7896998650788,1064.299072265625,10293043.0
2023-04-05,1071.8540232011114,1071.8540232011114,1053.8453439607506,1061.74267578125,16262928.0
2023-04-06,1058.2275373074351,1074.592970502133,1058.2275373074351,1068.8638916015625,18435046.0
2023-04-10,1072.7671126043012,1072.9496819536614,1059.779694186431,1061.2861328125,12961408.0
2023-04-11,1065.4630510078462,1068.6584973689567,1060.920914302666,1066.5357666015625,10542367.0
2023-04-12,1066.5357872569193,1080.8925957399235,1063.6599579243734,1071.23779296875,18179087.0
2023-04-13,1074.1365320735108,1079.9797173840186,1069.1151503508545,1075.27783203125,12378208.0
2023-04-17,1106.9814803229494,1106.9814803229494,1072.333391852291,1080.73291015625,17929479.0
2023-04-18,1085.0923881243807,1085.0923881243807,1061.8110548039576,1068.36181640625,10405576.0
2023-04-19,1067.768405195298,1076.3733137885806,1064.64142217666,1073.6800537109375,12273475.0
2023-04-20,1074.638679040759,1076.8755157885284,1064.595795217696,1070.9638671875,7007330.0
2023-04-21,1073.0637661728558,1077.7884724738815,1066.5586465106753,1072.310546875,7647317.0
2023-04-24,1084.1794719407253,1086.8727319946267,1071.8539885727766,1076.4190673828125,12936186.0
2023-04-25,1080.0709122812248,1086.7357798786459,1072.9952636709509,1084.65869140625,9236126.0
2023-04-26,1086.0054116702795,1089.2466212621475,1074.6158376300252,1078.2906494140625,8617834.0
2023-04-27,1084.1794457664448,1088.2878596252956,1079.1579437194785,1085.115234375,9167125.0
2023-04-28,1087.374995527852,1106.5022750107378,1087.2608896802224,1104.9500732421875,15565210.0
2023-05-02,1112.1170391794083,1116.4994278601828,1108.4194062766874,1114.3310546875,12981805.0
2023-05-03,1116.1342091904096,1116.1342091904096,1101.549188303151,1104.7674560546875,7061872.0
2023-05-04,1105.2467632974385,1119.717677582049,1102.2567073883076,1117.503662109375,8635233.0
2023-05-05,1114.3083172243437,1123.5979821409157,1112.0258380416835,1114.650634765625,8746585.0
2023-05-08,1118.4167001177036,1133.7778823916174,1115.746261129747,1128.4140625,9153782.0
2023-05-09,1129.8290394334551,1135.2158009724574,1124.4652198090143,1131.9061279296875,6464721.0
2023-05-10,1136.6766978121202,1141.173192717246,1132.659447469911,1139.6895751953125,10872255.0
2023-05-11,1140.7622816578707,1145.578272899187,1130.536707274967,1132.2486572265625,10557860.0
2023-05-12,1127.4553650769165,1135.4897449397138,1121.3839680276494,1134.097412109375,6955341.0
2023-05-15,1136.6310244600713,1143.318592964205,1128.9846046154787,1136.334228515625,6833343.0
2023-05-16,1138.5024831085086,1141.058816015231,1118.4850597805391,1120.1513671875,8717229.0
2023-05-17,1124.3510275803587,1125.2639949628326,1108.8302198375738,1113.5321044921875,8798967.0
2023-05-18,1118.2112689036005,1121.6122266625744,1107.9856952056505,1111.1356201171875,10525531.0
2023-05-19,1111.1355938507186,1116.5678769225615,1104.1967514891073,1114.7418212890625,8050447.0
2023-05-22,1111.5691808774143,1125.720598669704,1110.3595382742935,1120.6990966796875,7434906.0
2023-05-23,1123.2784399572938,1126.6336347127256,1119.0786204739588,1120.4937744140625,6092034.0
2023-05-24,1116.545095308795,1124.8076864197674,1110.861658447196,1113.9658203125,8112254.0
2023-05-25,1111.0672556833676,1117.9603357408223,1102.9187697829475,1113.8289794921875,11487863.0
2023-05-26,1122.0687058844728,1145.3500415058625,1118.7591533794464,1144.2088623046875,12626260.0
2023-05-29,1150.8278330032474,1154.9363674405995,1144.5282250956022,1150.645263671875,10010304.0
2023-05-30,1150.6454300892005,1158.451598350407,1147.7923008862115,1150.3487548828125,11342504.0
2023-05-31,1141.2414908293927,1145.7379850828543,1123.438083146388,1127.5008544921875,27107927.0
2023-06-01,1132.1802156805027,1134.34858906371,1122.068746948841,1124.46533203125,14592692.0
2023-06-02,1128.0032245554776,1133.4126870908076,1118.8733075639293,1120.79052734375,15800644.0
2023-06-05,1126.268543700321,1133.8235582589482,1122.274114564264,1130.8563232421875,10908682.0
2023-06-06,1133.6865172838243,1135.6265579862757,1123.8946668621782,1131.8148193359375,7493309.0
2023-06-07,1135.3070073943356,1141.241476547739,1128.7334248440704,1140.39697265625,10312545.0
2023-06-08,1143.9804362633743,1148.9334747780272,1137.1329993758209,1141.0816650390625,12071109.0
2023-06-09,1144.4370477074842,1145.1446246797914,1131.1985964976163,1133.0018310546875,5877018.0
2023-06-12,1130.0574375493186,1136.311403822295,1125.2641468372988,1134.006103515625,6391969.0
2023-06-13,1138.9590448637286,1151.946341592658,1134.9646161546627,1150.7593994140625,11248016.0
2023-06-14,1150.827933567815,1166.3488637759137,1149.0019986007082,1164.910888671875,13277380.0
2023-06-15,1164.888030487722,1169.7954267696327,1157.4471223513988,1165.23046875,11813494.0
2023-06-16,1168.72265257123,1178.856942021871,1168.72265257123,1176.574462890625,24171579.0
2023-06-19,1179.5873088461865,1179.5873088461865,1160.7111839901809,1164.8880615234375,6798554.0
2023-06-20,1162.9480481347903,1170.457299404325,1157.2189687814275,1167.3074951171875,6921096.0
2023-06-21,1167.2617442064677,1173.127750027222,1163.1533304634168,1170.59423828125,6961603.0
2023-06-22,1166.8053921892115,1174.702723824018,1155.8494202932393,1157.4471435546875,7619166.0
2023-06-23,1154.4343325060674,1156.4885999942844,1146.7195697742059,1147.9749755859375,6628570.0
2023-06-26,1144.436975506937,1148.2715353178476,1136.0831001245695,1139.2100830078125,12641159.0
2023-06-27,1139.666736088607,1145.578264166708,1135.1474200849475,1139.62109375,9689466.0
2023-06-28,1147.1760589375283,1158.519990797568,1140.2600374666351,1154.708251953125,11354006.0
2023-06-30,1162.4229485666156,1167.1020122895738,1156.5113003301233,1164.180419921875,11151555.0
2023-07-03,1167.741194264735,1196.9341777415286,1166.5086096788432,1194.0582275390625,12154387.0
2023-07-04,1198.3036177471888,1198.3036177471888,1174.6798459927943,1181.755615234375,8061643.0
2023-07-05,1190.9997357239995,1190.9997357239995,1175.8440646341217,1179.8155517578125,10248062.0
2023-07-06,1175.958111582341,1207.1824197013011,1175.958111582341,1204.5804443359375,19117987.0
2023-07-07,1202.8686056265724,1216.5406584496827,1199.6730384312104,1202.2294921875,13375267.0
2023-07-10,1227.4738168988026,1258.1047776229054,1221.128565671655,1248.5411376953125,33240016.0
2023-07-11,1256.6895309307056,1264.4955779542368,1249.705166712445,1262.076171875,20069348.0
2023-07-12,1262.806571231475,1279.103541836806,1260.683840337917,1263.468505859375,18733835.0
2023-07-13,1270.8408996155135,1277.7339788902639,1249.545369524751,1252.170166015625,14682934.0
2023-07-14,1255.3657025022662,1260.341562579208,1243.9989491216202,1251.120361328125,15124144.0
2023-07-17,1253.9962192785829,1285.0607786645128,1245.3227267228626,1276.68408203125,22220040.0
2023-07-18,1285.9509768018002,1295.286283587151,1274.995004828538,1287.52587890625,25867313.0
2023-07-19,1291.8854597114334,1303.7543992835303,1276.8210735612868,1297.294921875,39122156.0
2023-07-20,1276.0147195399904,1301.2135132047797,1276.0147195399904,1295.7237548828125,38717624.0
2023-07-21,1290.3576048302098,1293.2755748788927,1248.1205739980844,1255.6134033203125,30249238.0
2023-07-24,1227.0515368964086,1243.8424839995957,1221.2649818512405,1230.216796875,23727866.0
2023-07-25,1233.4810641733905,1239.0203294862108,1226.5569523456327,1229.425537109375,12026020.0
2023-07-26,1229.029726310642,1259.6936470475673,1229.029726310642,1249.4063720703125,12911012.0
2023-07-27,1253.2889256301971,1255.06933898356,1231.6758304667376,1237.7838134765625,17226898.0
2023-07-28,1242.4082771327046,1257.6413476752305,1236.7206137066948,1250.22265625,20827852.0
2023-07-31,1250.222567835286,1263.1062644351005,1245.3261593927457,1260.8065185546875,8551174.0
2023-08-01,1263.6503718598296,1265.6286894674379,1239.0697997346808,1242.9769287109375,9536632.0
2023-08-02,1240.9986995264646,1242.383546099848,1218.4459496409647,1229.6976318359375,12748214.0
2023-08-03,1224.23249959185,1236.8936606795558,1215.7010043381908,1224.5291748046875,10168350.0
2023-08-04,1235.8549028515122,1244.3616435147105,1222.4023686926273,1241.171630859375,22885610.0
2023-08-07,1246.8346631113916,1250.4945023600335,1238.92139273861,1248.2442626953125,5982870.0
2023-08-08,1250.2967221809695,1253.4867351589849,1236.2259624118224,1240.7265625,9844072.0
2023-08-09,1238.8472469851743,1250.7912910864598,1227.1009863432985,1248.911865234375,11486586.0
2023-08-10,1248.7882887892447,1261.1775274732204,1240.627728317359,1254.4759521484375,15470598.0
2023-08-11,1252.4975295128647,1265.5544976220099,1242.5565564009414,1259.767822265625,22179330.0
2023-08-14,1255.7371227128601,1277.1524353275731,1248.8130109688743,1274.65478515625,9575812.0
2023-08-16,1261.6721656259772,1277.3998161442023,1261.6721656259772,1273.6162109375,10203112.0
2023-08-17,1269.6347394983914,1275.0751125275667,1252.6953962030047,1255.242431640625,13673744.0
2023-08-18,1251.9041214413387,1274.827925208279,1240.6771930744892,1264.5406494140625,18639978.0
2023-08-21,1260.6443643964944,1268.3374245054665,1248.5836072167706,1250.74267578125,9221746.0
2023-08-22,1249.204008079304,1259.6517042081298,1240.319812990251,1250.44482421875,7713044.0
2023-08-23,1252.8272476636503,1262.0838090060652,1249.2288807667073,1251.8345947265625,9517952.0
2023-08-24,1260.6195534341234,1260.6195534341234,1226.4227081001463,1230.7904052734375,14140020.0
2023-08-25,1218.9778633049934,1243.2978613921046,1212.3271367872899,1225.1075439453125,22222400.0
2023-08-28,1226.9189266304347,1232.87484375,1206.6192242506277,1212.897705078125,12580826.0
2023-08-29,1217.0173382536789,1217.7121468384466,1195.2285336373561,1201.2838134765625,16876644.0
2023-08-30,1207.066064519438,1212.525656094156,1198.628513903965,1200.142333984375,12168946.0
2023-08-31,1202.5990605910981,1203.5917135507277,1191.133870437995,1194.6578369140625,21638600.0
2023-09-01,1194.4343955405523,1203.9141576589248,1192.0023233270636,1197.4619140625,18112842.0
2023-09-04,1197.4619529612135,1202.921543874001,1193.8140262826475,1196.494140625,9347626.0
2023-09-05,1201.1101487589585,1208.033879307401,1197.362859390741,1202.89697265625,8675876.0
2023-09-06,1201.6560920331103,1209.125708635972,1199.745186611218,1205.4281005859375,8200370.0
2023-09-07,1201.9537313347682,1210.1679582595825,1196.6430625915527,1207.06591796875,13652572.0
2023-09-08,1211.0365924741222,1218.9778160313297,1202.5742018862823,1215.1064453125,23109288.0
2023-09-11,1216.9924464989115,1229.326207160582,1216.9924464989115,1228.20947265625,13271074.0
2023-09-12,1232.3785847782628,1232.3785847782628,1209.026400892418,1210.4658203125,16255666.0
2023-09-13,1211.0365644667,1222.2783103355039,1204.2120756300537,1216.52099609375,12803338.0
2023-09-14,1220.9630582690309,1223.8417758931353,1213.5181615722684,1217.6376953125,9209636.0
2023-09-15,1224.9336610195687,1224.9336610195687,1215.7516218263509,1219.89599609375,25468592.0
2023-09-18,1211.061482045193,1216.4962329024152,1207.0908701058952,1209.274658203125,7516300.0
2023-09-20,1202.623922773179,1204.882232531632,1168.8488809798134,1182.3240966796875,57081884.0
2023-09-21,1178.7504333612094,1186.269851496792,1171.3303774506073,1173.7127685546875,12226182.0
2023-09-22,1179.2716708437545,1182.4729522811776,1166.367182863141,1168.823974609375,19176786.0
2023-09-25,1166.5657437194718,1171.6779308453931,1158.9720452955405,1161.6273193359375,14254884.0
2023-09-26,1160.684310036077,1166.4664650387544,1159.2201711598175,1162.644775390625,10087782.0
2023-09-27,1163.1411580463555,1177.1872222950064,1160.6595255350553,1175.747802734375,11722778.0
2023-09-28,1182.7460248832851,1182.7460248832851,1153.959088482433,1158.4757080078125,14518346.0
2023-09-29,1162.2973995824232,1175.847137006539,1158.475709840611,1163.8856201171875,12342014.0
2023-10-03,1156.4158809171215,1159.2201982891547,1149.4921506176527,1150.5592041015625,8859056.0
2023-10-04,1146.0178196869251,1150.981084388904,1139.1189302205564,1148.5738525390625,10286386.0
2023-10-05,1151.1052273242312,1156.1428927957072,1146.017880733707,1148.5491943359375,10953682.0
2023-10-06,1150.0132553057874,1153.8597853939605,1147.5316229908371,1150.4847412109375,5431026.0
2023-10-09,1145.5711149238573,1147.4818990309532,1139.0691900320726,1140.6822509765625,7576878.0
2023-10-10,1144.8018394410437,1150.435072150941,1143.4121010954177,1145.719970703125,10236032.0
2023-10-11,1148.7227620999727,1166.2182699823193,1148.0031129607796,1163.910400390625,9814118.0
2023-10-12,1163.3148210249558,1171.0078811502246,1160.485663265934,1166.0693359375,12554450.0
2023-10-13,1161.4039150831682,1170.0896281233202,1156.0187245288932,1166.019775390625,10150316.0
2023-10-16,1163.885548402189,1168.6254903286665,1159.4186102633319,1163.4140625,5929036.0
2023-10-17,1169.3451452373686,1171.18152891328,1162.0491704758838,1168.972900390625,7928180.0
2023-10-18,1168.9729714451066,1174.8048077319042,1151.9737890772074,1153.4627685546875,8918320.0
2023-10-19,1147.5068298823098,1152.37085365543,1142.0472385636656,1144.603271484375,12032556.0
2023-10-20,1141.5508934053469,1148.846868358942,1139.7145096810816,1141.104248046875,8913312.0
2023-10-23,1136.5875839948083,1144.6528889030683,1119.340239652529,1123.2860107421875,7853962.0
2023-10-25,1116.7594889591046,1132.2200112886635,1113.2603628260954,1120.680419921875,11620688.0
2023-10-26,1117.2307983645155,1120.7050833883056,1101.993601137725,1105.07080078125,15222534.0
2023-10-27,1111.7712909465938,1128.3982276638756,1109.761144511754,1124.5765380859375,11771084.0
2023-10-30,1128.6464350717906,1153.9590859902871,1126.6362885582769,1147.7550048828125,16813304.0
2023-10-31,1155.4480281047179,1155.4480281047179,1133.0636557231696,1135.5452880859375,12808438.0
2023-11-01,1136.1656826268284,1150.236586425296,1129.2419526519689,1140.2603759765625,10309190.0
2023-11-02,1148.4746196953226,1153.6116471680004,1145.4966608528325,1151.57666015625,10562104.0
2023-11-03,1155.0509397455937,1158.897469898072,1149.3680258840427,1151.3284912109375,8850156.0
2023-11-06,1157.5822297180116,1161.4039192346488,1154.256866662586,1160.9075927734375,10647304.0
2023-11-07,1158.4507493206686,1160.9572220726066,1151.2540159543112,1153.3634033203125,6960204.0
2023-11-08,1157.4333936812945,1161.9003321646271,1152.3460470752768,1159.3690185546875,7884494.0
2023-11-09,1159.344192861405,1159.3689122452765,1143.6353879313751,1146.787109375,14513610.0
2023-11-10,1144.3055869187945,1149.6659373563402,1140.5831381668131,1148.9461669921875,7734954.0
2023-11-13,1152.9167762849927,1153.7606282722284,1147.3579437297892,1148.79736328125,3854810.0
2023-11-15,1161.4039352802765,1172.2982770196893,1154.9516911953863,1169.5684814453125,12220648.0
2023-11-16,1166.9131951067154,1178.3534231349859,1164.8533675821152,1171.6778564453125,13134910.0
2023-11-17,1167.8064883385834,1177.9067803474445,1167.3846835483773,1169.121826171875,7758634.0
2023-11-20,1165.6474702823514,1170.5362129509904,1159.61703140789,1166.0445556640625,4490186.0
2023-11-21,1174.3083747965666,1185.227556641674,1171.4296571663483,1180.7109375,8214450.0
2023-11-22,1178.7752974396924,1188.4288224829827,1177.3855591701267,1185.3267822265625,8534814.0
2023-11-23,1185.3268657327444,1191.1835423841578,1185.3268657327444,1188.9500732421875,8531542.0
2023-11-24,1187.0144298509326,1192.474021001291,1186.7414260587238,1188.1558837890625,6749486.0
2023-11-28,1188.1558894990753,1191.034607263244,1178.899449291774,1188.404052734375,13792174.0
2023-11-29,1195.1540911072586,1197.1145563492605,1190.2156671664848,1191.5308837890625,12531306.0
2023-11-30,1188.5529645510346,1191.530923348677,1176.2440439527552,1179.9913330078125,28439984.0
2023-12-01,1180.2643464861462,1189.3967050711567,1180.0658643673892,1188.3544921875,14342842.0
2023-12-04,1215.9999042684663,1215.9999042684663,1190.4887710727894,1201.2093505859375,15590990.0
2023-12-05,1210.5403299982054,1211.4585824899339,1201.929016778731,1209.919921875,12693624.0
2023-12-06,1214.560584514323,1227.3905513904704,1208.5549856031337,1221.5091552734375,16422442.0
2023-12-07,1220.9630401277734,1221.4345260102064,1212.0291642243994,1219.4989013671875,8142096.0
2023-12-08,1222.8739302715144,1229.2516522307412,1213.5181285411948,1218.8536376953125,10204894.0
2023-12-11,1218.9777608532804,1224.7351961410227,1217.1909371644088,1220.6405029296875,7066138.0
2023-12-12,1220.9630282642331,1223.4198198791,1201.1843713898427,1203.1201171875,9197124.0
2023-12-13,1202.102614795848,1210.2176004047437,1194.3103140708777,1208.03369140625,10031182.0
2023-12-14,1217.9851619285064,1228.3831772791464,1212.3518080035872,1223.0228271484375,16972354.0
2023-12-15,1229.8969303201395,1240.8161121066785,1225.9511593183302,1238.63232421875,15932152.0
2023-12-18,1238.6323699765335,1258.1379030406688,1236.3243792186838,1251.239013671875,14165188.0
2023-12-19,1268.1140495332209,1277.4945707453207,1253.3234974409622,1269.6527099609375,16820604.0
2023-12-20,1276.080186427869,1289.8780864366483,1250.7426960684581,1254.2913818359375,17736722.0
2023-12-21,1254.2170195322976,1277.2962009364337,1249.8741628164655,1271.8614501953125,13765454.0
2023-12-22,1270.3973397701047,1280.9689971307214,1264.4661412408368,1273.102294921875,16541784.0
2023-12-26,1274.5663382448713,1286.453332624264,1271.935783794956,1279.554443359375,7465664.0
2023-12-27,1281.5150092423955,1290.3992050276352,1277.0977519092014,1283.9222412109375,9204156.0
2023-12-28,1285.38634910855,1296.4047727896045,1283.922210219302,1293.2034912109375,12302636.0
2023-12-29,1295.958012986606,1297.3973111899322,1280.1748079960485,1282.97900390625,10864584.0
2024-01-01,1280.7952766903763,1293.848686885263,1277.1223881648045,1285.609619140625,4030540.0
