Date,Open,High,Low,Close,Volume
2010-01-04,260.3455488265958,261.7597331159318,258.3622593062421,259.2590637207031,1963682.0
2010-01-05,260.4144783253547,261.98385938163636,257.4999014766965,259.3279724121094,2014488.0
2010-01-06,259.32794636371125,259.4486809265203,252.82621647551426,253.4643096923828,3349176.0
2010-01-07,253.68872462243894,255.033921386001,245.23818246982202,246.41091918945312,6474892.0
2010-01-08,246.96264548943822,247.82494522927564,240.2367075187063,241.37493896484375,6048178.0
2010-01-11,242.8236848876802,248.37688857855952,241.58198128358498,246.3418731689453,4318408.0
2010-01-12,252.48141322612042,260.069652421441,250.7568134090021,258.70721435546875,9027690.0
2010-01-13,256.96537308460637,274.69426764852244,256.8446595181488,271.98663330078125,10910272.0
2010-01-14,275.4013953929451,275.4013953929451,265.36421013537006,268.9858703613281,10327614.0
2010-01-15,274.55641170671845,275.7981157005712,266.3645589704941,272.96978759765625,7945008.0
2010-01-18,275.9360264531324,285.9387074120584,273.52158622166746,276.6948547363281,7261084.0
2010-01-19,276.6947701429341,276.6947701429341,268.571910058057,269.27899169921875,5154850.0
2010-01-20,273.24553671750164,273.24553671750164,265.89874738793395,268.83056640625,4347054.0
2010-01-21,266.3644551009676,273.1593829313441,264.86406160579014,265.8125915527344,5089504.0
2010-01-22,262.48399736836467,263.86367672378316,256.8618082054817,261.3974914550781,7574990.0
2010-01-25,261.2767912611411,264.0361501127439,255.6373600290728,260.8283996582031,3008286.0
2010-01-27,259.37599537272547,262.7305958011605,255.96953241005934,257.05889892578125,4844398.0
2010-01-28,259.20304543006927,262.1253521652044,251.66385500141573,256.5228271484375,6537196.0
2010-01-29,253.8425837685121,255.8484201270857,246.2861065777583,254.60342407226562,5473326.0
2010-02-01,253.9636895419192,263.80269043770494,249.00097031293944,258.0445556640625,3378012.0
2010-02-02,261.1051188978691,263.7507619895319,254.18842700653482,255.36427307128906,4739188.0
2010-02-03,257.3009853090055,261.76226083622123,254.36139071878165,260.3962097167969,2977676.0
2010-02-04,260.39626939085935,260.7248166125555,253.32394479908513,255.46812438964844,2716612.0
2010-02-05,254.18843214645332,254.18843214645332,247.82506703452543,250.21133422851562,4607118.0
2010-02-08,252.11340066571853,254.1019494364015,244.90275834916446,250.4361114501953,4170344.0
2010-02-09,250.73003594610677,256.59193549087354,249.36398532175295,254.24026489257812,3005894.0
2010-02-10,255.88304018817746,257.1972075041102,251.80217484302398,253.2546844482422,2337374.0
2010-02-11,255.20866493099098,258.6670111700231,254.1884485688624,256.85137939453125,2413156.0
2010-02-15,259.37601074264524,259.37601074264524,255.41619942369277,258.0445556640625,1956482.0
2010-02-16,258.424883257135,264.5461593872814,256.6784228946754,262.1944885253906,1660490.0
2010-02-17,264.52889792281536,265.5836892469104,260.25782788436567,262.367431640625,2528290.0
2010-02-18,262.83437843036205,265.2379338757811,261.2781222422875,262.41937255859375,1814806.0
2010-02-19,261.0705860209832,262.6614169695384,257.92347803761106,259.5661926269531,2215880.0
2010-02-22,261.7967505922566,264.11384626561096,260.6900758265283,261.8832092285156,2143460.0
2010-02-23,262.48849842458657,264.56350631727105,259.80827989653574,263.5605773925781,1853052.0
2010-02-24,261.45093398505554,266.53470636748943,260.1021707236519,264.6844787597656,4076058.0
2010-02-25,266.22352796352754,266.22352796352754,263.26664572088794,264.9958190917969,2672984.0
2010-02-26,265.2897676792051,269.24957888374485,258.04454820825913,263.45684814453125,3015934.0
2010-03-02,263.52594278002175,265.94678477406393,261.1051007859796,263.9409484863281,4053352.0
2010-03-03,265.946718630907,267.67589105373474,264.2694298239888,265.8602600097656,2754742.0
2010-03-04,265.60101913287093,266.2926884535294,261.7968378692491,264.18310546875,2053606.0
2010-03-05,264.56344034841743,265.2378219669973,262.88615116329134,263.7334289550781,1287312.0
2010-03-08,265.4627355043296,266.29274731581756,262.9381461474964,263.7681579589844,3015740.0
2010-03-09,263.8718473341405,269.2322845997751,263.8718473341405,265.8431091308594,3457732.0
2010-03-10,264.113832911916,271.2898993585885,262.83424093836635,269.7682189941406,4587874.0
2010-03-11,269.76827932995076,274.9039358775443,266.9670274734955,273.7626647949219,3214030.0
2010-03-12,276.6677370826536,276.6677370826536,273.9010597118271,275.6129455566406,2510976.0
2010-03-15,275.61297535071776,283.58446116552375,273.6071382616499,282.8927917480469,6054434.0
2010-03-16,284.10320025215105,287.71717701501365,282.13193828076464,286.69696044921875,3088856.0
2010-03-17,288.4260982026392,292.5415389823325,287.04275960214693,290.7431945800781,4174794.0
2010-03-18,292.23025486585124,292.23025486585124,283.75730664784726,285.6075134277344,3724554.0
2010-03-19,278.4833399177791,288.5817154844404,278.4833399177791,283.8956604003906,4716624.0
2010-03-22,281.8206550198685,288.3569170148595,278.79460193661214,286.2127380371094,3310110.0
2010-03-23,287.0427961282212,288.08030021061234,284.3106936013613,286.575927734375,1694964.0
2010-03-25,285.00231016455814,289.3944141875543,282.892727364603,286.97357177734375,5517582.0
2010-03-26,287.04275730807325,289.117765192228,284.3798263017936,285.33087158203125,1997806.0
2010-03-29,284.96771785649076,286.8006370628373,279.62456892506765,280.8004150390625,3443266.0
2010-03-30,279.6418942056969,282.23565412390974,275.682104283683,276.667724609375,3097160.0
2010-03-31,276.66769089073875,279.1749918394361,268.8172409401001,269.9757995605469,7083046.0
2010-04-01,271.94698756810584,280.05681191620937,270.4771907434754,279.3651428222656,5781432.0
2010-04-05,282.5469770141298,282.5469770141298,276.408410500053,277.8263244628906,3001836.0
2010-04-06,279.74562312411325,279.74562312411325,273.95289343452885,275.3016357421875,3702366.0
2010-04-07,273.2093521569873,279.7802099936743,270.14872418681114,275.9933166503906,3024558.0
2010-04-08,275.2844659670127,279.2615656637723,273.20945742957286,276.47760009765625,4494438.0
2010-04-09,277.35935312910044,279.39978574123296,272.60412731173744,273.7626647949219,3018012.0
2010-04-12,273.55514210309366,276.6676532016118,273.24388255001514,276.01055908203125,2869882.0
2010-04-13,276.66759413437893,284.89845083826424,272.25820435286226,283.87823486328125,8404916.0
2010-04-15,284.2761399932688,288.7374163269046,283.25592334710353,284.1723937988281,4290952.0
2010-04-16,283.2385645378468,286.3510762360649,280.76583846770075,281.8898010253906,3810958.0
2010-04-19,280.1260333298028,285.3135524655399,276.9270631960983,280.8004150390625,6947704.0
2010-04-20,285.313694804737,287.9593393270674,272.17197310464,273.03656005859375,12016986.0
2010-04-21,274.9385405133484,276.32187908196903,269.8374795415599,271.4801940917969,7107490.0
2010-04-22,272.8980208966711,274.4715849045226,270.0967696292733,271.80865478515625,4751116.0
2010-04-23,272.53489143737323,273.90094202387786,268.8863414438953,269.8200988769531,4306068.0
2010-04-26,271.82596902545407,273.5551418564048,269.82013276316457,271.51470947265625,2512548.0
2010-04-27,271.80876639870223,273.17481758335464,270.11416805195773,272.275634765625,2621234.0
2010-04-28,269.75102362448047,271.1170746965008,264.5635039393943,266.39642333984375,2400382.0
2010-04-29,268.05635470177396,268.1082383281661,261.3125808902303,262.747802734375,4622964.0
2010-04-30,264.5635619650353,267.2610685712989,263.71626267568894,264.701904296875,3690224.0
2010-05-03,263.26665685498125,266.7768873896107,260.79393038677534,265.18603515625,2416560.0
2010-05-04,267.96988415134075,267.96988415134075,261.7275749428293,263.1800842285156,2896028.0
2010-05-05,259.3759206086251,265.60094270323214,255.96945862785842,264.82281494140625,4371230.0
2010-05-06,265.5836754330696,266.60389168681263,262.55762279539755,265.2897033691406,2580872.0
2010-05-07,261.79680603548275,263.7334714546044,254.18844443339472,256.40179443359375,4267152.0
2010-05-10,262.8343450787082,291.5386222386198,257.6468251100495,266.379150390625,2327814.0
2010-05-11,268.02186088390494,269.4051995207251,260.7247580179076,261.55474853515625,1351288.0
2010-05-12,261.7968658092143,265.58375996558607,259.75643265227984,262.6441650390625,2740076.0
2010-05-13,264.59807877103776,267.399352063819,263.3357949800814,264.77099609375,1321452.0
2010-05-14,264.90926316896366,268.7134431883613,261.105083149566,264.16571044921875,2026996.0
2010-05-17,268.0044697791243,268.0044697791243,253.87711674648864,257.9060974121094,3722050.0
2010-05-18,257.9925508627703,257.9925508627703,251.17960662507633,254.2229461669922,3199180.0
2010-05-19,252.45932448843823,253.4968285616784,247.72138499902664,249.5197296142578,3929266.0
2010-05-20,252.11343966967436,253.25468970170905,247.66947321611875,252.4592742919922,2398092.0
2010-05-21,245.54258040704428,251.04135931290895,236.9831735548269,248.5513458251953,2675092.0
2010-05-24,250.7300828992857,252.45925588479798,246.4763215765391,248.1708984375,2885428.0
2010-05-25,244.85092632880708,246.9259341790512,239.1619422511068,241.92861938476562,2297366.0
2010-05-26,244.85091344321646,257.57762336667355,243.50214996830962,255.2259521484375,3689464.0
2010-05-27,254.1884751042209,259.35870749292127,251.49096897779063,256.55743408203125,6883872.0
2010-05-28,259.30678380161044,260.5863760676173,254.36135314894833,259.6526184082031,2479374.0
2010-05-31,258.85730724845985,260.37898857331186,255.22604241731915,256.9725036621094,3327660.0
2010-06-01,256.9725075946567,260.05044532281465,254.0847958660746,255.64105224609375,3136912.0
2010-06-02,255.15684009936817,262.6614573892474,254.6380880439582,260.8458251953125,2769330.0
2010-06-03,262.8342526947127,265.9467635818869,257.6813095604981,264.71905517578125,1684434.0
2010-06-04,264.71907488148213,266.18887179872615,261.1742705516583,264.6844787597656,1368210.0
2010-06-07,259.34140138015016,262.07348233339223,254.53429150763358,260.49993896484375,1734922.0
2010-06-08,260.75920467824454,263.5258805899501,258.33836325550226,259.4450378417969,2242222.0
2010-06-09,260.06770160689695,262.3329147330547,252.8051727056405,253.51412963867188,4867400.0
2010-06-10,252.45924957905666,260.4134451137393,252.45924957905666,259.5488586425781,1796036.0
2010-06-11,263.45682905471216,263.97558102362063,259.7218191001853,262.5230712890625,3237024.0
2010-06-14,263.9928429235064,272.2064149677324,262.14263619045596,270.0968322753906,3550492.0
2010-06-15,266.45213404853297,273.8648268234727,266.45213404853297,269.7799072265625,2642976.0
2010-06-16,273.65353152842897,274.65716376475683,270.2024938849658,272.8435974121094,2328816.0
2010-06-17,273.6182771285844,276.3650200134442,268.93472533226094,273.0196228027344,1528920.0
2010-06-18,273.01960440613385,277.8088171968755,271.94556019900017,275.80157470703125,2225672.0
2010-06-21,279.2173686746135,279.6047217825148,276.2945313403954,277.3861999511719,1907428.0
2010-06-22,276.43552778222397,276.96374853594796,272.3154016045053,274.19940185546875,1468324.0
2010-06-23,271.15316665190534,277.82635602596866,271.10033600911555,276.8931579589844,2959524.0
2010-06-24,276.89340057837893,277.6681288891712,270.343469800533,272.3683166503906,3777510.0
2010-06-25,273.1958732895072,273.1958732895072,266.25856712374565,267.1037292480469,2037322.0
2010-06-28,267.08604241589507,270.14972728892224,266.78670440629327,269.3045654296875,1153124.0
2010-06-29,269.39260018757506,269.39260018757506,263.75824515097213,265.44854736328125,2614662.0
2010-06-30,265.87117445294297,267.5967045798501,261.029149752641,264.46258544921875,3316516.0
2010-07-01,264.11034630947427,264.11034630947427,255.57077844546794,257.7716979980469,3407744.0
2010-07-02,258.75770828285107,262.701760459738,257.36672281284496,261.9270324707031,2943550.0
2010-07-05,263.68770052837675,263.7229281285569,259.5675758417842,260.2366638183594,2165596.0
2010-07-06,259.3563483193403,268.30089357290905,259.1274440989063,267.3324890136719,2760904.0
2010-07-07,268.1247944913382,270.2376769648922,263.7405590600434,269.25164794921875,2152934.0
2010-07-08,271.8574891937207,274.322518240814,271.02995232524984,273.54779052734375,2187564.0
2010-07-09,274.67468762681176,276.08327576848774,271.4173275491861,272.72027587890625,1836666.0
2010-07-12,274.6042717316441,279.60476425759106,274.6042717316441,278.7948303222656,2725776.0
2010-07-13,278.90054653901956,278.90054653901956,270.9948386168621,272.7908020019531,5545886.0
2010-07-14,273.9704863729258,276.3298766082277,271.24134592383814,272.7908020019531,2833842.0
2010-07-15,271.50536112039356,276.40021345258856,269.4805156905074,275.4141845703125,3795536.0
2010-07-16,279.9570659987955,295.2754714968428,279.9570659987955,293.56756591796875,19135452.0
2010-07-19,292.79272443886197,293.93720256798053,289.90511378364585,291.1200256347656,3027924.0
2010-07-20,291.1199525835026,293.8842981582157,290.52129833674496,291.3136291503906,2342062.0
2010-07-21,292.9864277505931,297.4939069557771,292.14126599627775,296.86004638671875,2943720.0
2010-07-22,296.85996859188924,297.9164097612554,293.1624244991077,297.1064758300781,1362882.0
2010-07-23,299.3250462817823,299.3250462817823,294.07804569667763,295.55706787109375,1894472.0
2010-07-26,296.6488352274593,299.8885725496234,295.9445407672738,299.06103515625,2766490.0
2010-07-27,301.0858397650914,302.7761419352764,297.9869488708592,299.0257873535156,2106602.0
2010-07-28,299.677208460789,302.124635319745,298.268619936884,300.8921203613281,4359228.0
2010-07-29,301.7921490837546,301.7921490837546,299.6743094410616,300.02728271484375,5331904.0
2010-07-30,299.6742683830255,300.0272416084472,294.7326432271216,296.4269104003906,1283426.0
2010-08-02,297.55650084126296,299.4802096928245,295.43866097762407,295.89752197265625,2827762.0
2010-08-03,296.85045964707217,298.08586584060936,292.45593902130656,293.69134521484375,1281552.0
2010-08-04,295.08571709179,307.79275754071875,295.0327624724061,306.6632385253906,5583934.0
2010-08-05,307.792719778367,311.46365074185974,305.5513479250161,309.85760498046875,2912950.0
2010-08-06,310.6165835347663,311.85199040109774,303.78655704841964,305.2160949707031,2437734.0
2010-08-09,303.96307384913945,311.922620281801,298.6508065627405,310.56365966796875,4259986.0
2010-08-10,312.3814001133016,312.3814001133016,304.0512380611266,305.14544677734375,1545194.0
2010-08-11,304.2630220065107,308.145728783856,301.7216096253099,302.9040832519531,4020248.0
2010-08-12,302.4627876605224,302.4627876605224,298.68596956280646,301.2450256347656,2278092.0
2010-08-13,302.49816644509514,304.5807178654396,295.7916726732669,301.5804443359375,2589906.0
2010-08-16,302.49817973592735,304.4571776413295,299.6037937774217,301.47454833984375,1319098.0
2010-08-17,300.06255962079035,303.9099767711771,297.9094313529309,300.0978698730469,1733196.0
2010-08-18,301.08616866667575,309.1339540948492,300.0272489644483,307.4749755859375,2888916.0
2010-08-19,308.4987271889806,310.93425207377595,306.1338012873561,307.8104248046875,2148534.0
2010-08-20,306.7337698429227,310.5811870810185,304.61593023526154,306.71612548828125,1746396.0
2010-08-23,303.5569750966191,309.0104157603078,302.51569976863715,307.2279052734375,1049830.0
2010-08-24,307.086746188317,311.28713673645035,305.3218798309129,307.3338317871094,2650474.0
2010-08-25,307.79271979223944,311.14596616612283,305.7807676591533,307.5103454589844,2379968.0
2010-08-26,308.4987006788586,310.2635673875477,303.6453172299635,309.3811340332031,4204428.0
2010-08-27,307.82796667082573,308.145651217427,300.38023961744597,302.1627502441406,1276514.0
2010-08-30,304.54533040842125,304.54533040842125,296.5328329400922,298.4918518066406,1558570.0
2010-08-31,296.49757812499996,299.215476899902,293.0384440222978,297.82122802734375,2447874.0
2010-09-01,297.20347857718696,303.90997037405936,296.497532072253,302.99224853515625,2745484.0
2010-09-02,306.2043472781183,306.2043472781183,297.02704119254935,297.94476318359375,2758800.0
2010-09-03,300.02729014326314,300.55675006704536,294.7679796161812,295.5445251464844,2777970.0
2010-09-06,295.7917218672056,302.6747034619675,295.7917218672056,301.9158020019531,2287978.0
2010-09-07,302.851078207237,308.81633533489133,302.1451316379893,307.5632629394531,2484236.0
2010-09-08,304.9689748655689,311.6401798082666,303.1688193953342,310.2812194824219,4189478.0
2010-09-09,311.3225204511731,311.49900714077125,307.5633453452179,308.7458190917969,2938158.0
2010-09-13,307.5632447269863,313.79323144919766,307.3338250318337,310.5282287597656,2349410.0
2010-09-14,311.6753655940176,317.32293733751055,310.72233355354786,316.0345764160156,3071038.0
2010-09-15,317.67596296337564,324.52365344920935,317.32298967119414,322.89996337890625,5560394.0
2010-09-16,320.4997312244645,322.42343986711154,305.1453938805612,316.0522766113281,2334264.0
2010-09-17,317.7112585539691,324.2942192131968,317.7112585539691,322.5469970703125,3007978.0
2010-09-20,323.6765317030886,325.4061095739765,320.04091084658666,321.9999084472656,2419108.0
2010-09-21,321.9117258709914,338.14850151799317,321.3116668100625,336.7189636230469,4997184.0
2010-09-22,337.44241988063015,338.854312850842,328.2651155742532,330.11822509765625,4031066.0
2010-09-23,331.7948963113361,333.6656504605057,327.4886178164117,328.7416687011719,3327236.0
2010-09-24,329.35939760430733,331.0536867821736,326.50032231827623,328.9534912109375,2738784.0
2010-09-27,330.03010238720105,332.3067849423724,325.4414485572186,327.4180908203125,3423290.0
2010-09-28,326.5884577355862,328.37096811104055,322.6527978846239,324.61181640625,2521714.0
2010-09-29,326.5003434574701,330.8242669248798,322.9353212977721,324.8590087890625,3370194.0
2010-09-30,326.5002659485332,328.26513225095766,323.02348795026813,327.1885681152344,7560924.0
2010-10-01,327.20623101299446,340.9721889520525,325.44136461055115,339.4190979003906,3326156.0
2010-10-04,341.23682581231583,344.1488545818546,336.3834445297512,337.37176513671875,2140956.0
2010-10-05,335.324690010133,340.95461937748104,333.96575119971084,335.4129333496094,2211664.0
2010-10-06,335.32460379779667,341.64283389739285,335.32460379779667,338.7308044433594,1838960.0
2010-10-07,338.8543363941616,340.9721759966251,331.2301224428043,334.9010314941406,1972940.0
2010-10-08,333.2244315482531,336.9836057204255,306.7337903286276,332.7126159667969,2695996.0
2010-10-11,332.71261670759475,336.7188765015054,327.9298329056408,332.1125793457031,3065370.0
2010-10-12,332.73022507050064,337.3718101353841,331.47715286448494,335.5716552734375,2608902.0
2010-10-13,337.4247636260762,352.1613959828921,335.00688407360235,350.449462890625,5350604.0
2010-10-14,351.8790587648828,354.38516034503044,346.74328049099523,348.0492858886719,2949086.0
2010-10-15,352.6204111635955,356.8560917781732,333.5598483979957,335.43060302734375,5717798.0
2010-10-18,342.3841221511744,347.3257486564491,328.26518927896103,346.3550720214844,4480734.0
2010-10-19,346.61974325059333,348.5258074827209,340.301513243891,341.5898742675781,2200912.0
2010-10-20,340.4427119397882,346.0902841440771,337.513038167569,340.0014953613281,2206638.0
2010-10-21,343.81366043643544,350.8025279124486,342.38412278921624,348.102294921875,3752354.0
2010-10-22,360.73859448737863,370.41006835826784,360.73859448737863,367.1626892089844,9610404.0
2010-10-25,368.15116480219444,378.7226982726591,366.1039023554219,376.6048583984375,5156316.0
2010-10-26,375.38714262754917,376.8872793047162,367.63939514167765,375.0694580078125,3507024.0
2010-10-27,374.15167417543137,376.5519096976179,368.345280995185,369.986572265625,2141382.0
2010-10-28,370.6219986024926,376.81669781416025,367.0922652824689,371.6456298828125,5255690.0
2010-10-29,374.1517319225163,374.1517319225163,363.9155052944475,371.6456298828125,2212398.0
2010-11-01,372.0523119121096,377.1271100156574,371.00903305737404,372.52972412109375,1147948.0
2010-11-02,373.0955906437687,374.8638161918434,369.09938363729214,371.1328430175781,1565778.0
2010-11-03,371.64578392935874,381.58320634102375,370.7616708470116,372.3177185058594,2217878.0
2010-11-04,375.57112960392544,381.44163015214406,375.3943070381986,378.0997009277344,1717440.0
2010-11-08,381.93668777645524,382.7854446054272,375.6064321877287,377.7460021972656,2248586.0
2010-11-09,379.7795038081034,388.54987690097886,377.8698115221355,385.8621826171875,3504086.0
2010-11-10,386.26892156812346,391.83883277407256,384.09399522521886,386.28662109375,1540224.0
2010-11-11,385.4731169013413,385.4731169013413,374.24488620260956,376.5435791015625,1926096.0
2010-11-12,374.8638157081679,378.36491092275236,370.6907861522683,373.41387939453125,1802330.0
2010-11-15,376.6321031237633,381.88372522354564,372.388361116735,376.9857482910156,1389396.0
2010-11-16,376.98558403061054,377.1270506697868,368.5688154495339,370.9382629394531,2178076.0
2010-11-18,379.10751622043733,379.10751622043733,367.7908739452004,368.7810974121094,2765160.0
2010-11-19,369.52374673178724,370.9736829023544,355.7669447090263,359.0912170410156,2172652.0
2010-11-22,359.3033129561704,368.851727768982,357.71191048736847,367.4725036621094,2221236.0
2010-11-23,365.66903665131184,369.55913278590026,358.0303110573064,364.27215576171875,1684448.0
2010-11-24,362.4861095283244,365.8457368849284,353.27366198848677,355.3247985839844,3008608.0
2010-11-25,357.19940436239807,368.4630192799473,356.15614648808645,361.354736328125,5855006.0
2010-11-26,362.48622447159784,372.7419322859162,362.48622447159784,370.3548278808594,3617826.0
2010-11-29,373.09552331961044,381.406181895924,371.41570935205766,378.8599548339844,4518892.0
2010-11-30,375.0405961501111,384.0762449423454,372.4236140022795,380.5220947265625,4808408.0
2010-12-01,376.27829661201014,386.6047138000806,376.27829661201014,382.6085510253906,3776032.0
2010-12-02,385.82683912541603,388.7267119408398,380.18621653618663,387.52435302734375,4095716.0
2010-12-03,386.5516790832685,393.60687946625677,385.8797449588041,388.07232666015625,2030112.0
2010-12-06,389.00959942276705,392.5460503266104,387.3474847657873,389.61077880859375,1930954.0
2010-12-07,389.0096140894397,389.0096140894397,382.67935809897966,384.58905029296875,2158324.0
2010-12-08,385.8090637171689,386.5163538422617,378.8422732528302,381.6360778808594,1984132.0
2010-12-09,383.2450613813789,388.05466781849833,377.7282081283031,379.3196105957031,2579902.0
2010-12-10,377.3394339907838,383.298347065157,373.80298193838655,380.13323974609375,2245624.0
2010-12-13,378.753944058876,382.18428464106665,370.7615725473838,380.5575256347656,2115066.0
2010-12-14,379.5320157814401,385.3318057627361,376.3315525860063,382.27276611328125,2615340.0
2010-12-15,383.74034131350874,391.98029052657364,382.4672274151124,390.30047607421875,2572034.0
2010-12-16,392.1924215382251,404.57000021616733,390.4772514124811,403.4029541015625,4515704.0
2010-12-20,401.31644354654026,416.24024826405275,394.2611984834866,412.5976867675781,4514046.0
2010-12-21,413.41110288756005,414.5604494097025,408.1064266315178,410.51123046875,2810642.0
2010-12-22,412.7038945287019,413.41118483637746,402.35977377894653,406.603515625,3186836.0
2010-12-23,406.6918771308765,410.06920520444316,400.36162101814296,403.1554260253906,2850924.0
2010-12-24,401.03359222952,406.2675576146305,398.11601979927883,403.5444641113281,1624640.0
2010-12-27,404.92364160402883,410.0337960577546,402.51883764370604,403.57977294921875,1664936.0
2010-12-28,403.57984182766216,407.01022580268665,403.1731844267997,405.401123046875,1012876.0
2010-12-29,406.33810616018553,410.9354911733121,405.64851567603887,409.1495666503906,1042370.0
2010-12-30,407.57597871926936,415.4622817358512,407.57597871926936,413.8354797363281,3845552.0
2010-12-31,414.64883946023696,417.30117745251994,410.86485452573874,412.22637939453125,1532980.0
2011-01-03,412.7037716884166,416.2225226539251,408.3009081014677,409.5386657714844,1405042.0
2011-01-04,411.60742390554435,412.4031251551029,402.4833656427843,404.8351135253906,2502868.0
2011-01-05,405.01207375187454,412.3148541150846,403.7743158316549,409.85699462890625,3069674.0
2011-01-06,413.05743628787883,418.00846720228833,407.78811618077316,414.36590576171875,2846720.0
2011-01-07,415.8867402467943,419.72378189491747,402.5012785419845,404.0926818847656,2532724.0
2011-01-10,405.80769400776074,406.3381615816271,396.4361002027885,399.93719482421875,3952426.0
2011-01-11,397.14349295781534,401.5817567408899,384.69520127451796,388.47918701171875,3768730.0
2011-01-12,392.5105364318127,407.2575134960702,391.8386023966811,401.72296142578125,3160874.0
2011-01-13,399.2476556287399,408.7960742196495,394.7386801830326,397.5855407714844,5589198.0
2011-01-14,399.5835371682216,406.69179379985485,396.08244265724994,396.135498046875,3151692.0
2011-01-17,396.50697540548117,405.4719156352836,396.0826184392709,402.2360534667969,3000212.0
2011-01-18,415.17929530041243,427.52151637553817,411.7666118797461,425.27587890625,8481370.0
2011-01-19,425.5941024207872,427.5568496435506,419.0693687573263,421.8985290527344,2952040.0
2011-01-20,417.30124299847876,431.0049914444034,417.30124299847876,428.6885986328125,4545208.0
2011-01-21,427.9106479886785,431.4470996249485,425.7887770069164,428.4941711425781,2597404.0
2011-01-24,424.3742281010878,431.4471319027726,423.75534901844037,427.62774658203125,2016678.0
2011-01-25,429.6081673493476,431.1995706053295,417.301298235257,420.3249816894531,2467094.0
2011-01-27,420.6790822031414,428.6140491282891,418.57132147925864,424.8768310546875,4714118.0
2011-01-28,423.31825033616224,426.3647161252608,412.779574229467,418.48284912109375,3014578.0
2011-01-31,414.1079672171464,414.1079672171464,399.77892782123706,410.74267578125,5940816.0
2011-02-01,412.6908917389237,412.6908917389237,401.3551762576829,407.430419921875,4212708.0
2011-02-02,414.4620608508842,424.6996366434425,411.75210795839536,418.8723449707031,3937618.0
2011-02-03,419.66957937446466,423.5662330111536,414.69251590209706,419.3153381347656,1883412.0
2011-02-04,416.5875504862942,419.10265374977905,403.9234306479566,406.95220947265625,3457600.0
2011-02-07,415.7019310451405,415.7019310451405,399.05259933732486,400.6998291015625,2578382.0
2011-02-08,401.0007592641236,407.34168097868667,396.21850639304085,398.5564880371094,5288638.0
2011-02-09,397.6357609121385,400.150864871668,383.89118457432147,389.0631408691406,6012732.0
2011-02-10,389.665311349523,394.80180863549396,379.74655796971695,386.3885803222656,4551822.0
2011-02-11,384.03281385338676,391.15305216764364,374.0432309339609,385.98114013671875,2945056.0
2011-02-14,386.47713683946444,396.75013131090753,385.0601720847826,394.0224914550781,2462548.0
2011-02-15,396.3958170926914,396.3958170926914,381.3582987009843,388.8504638671875,3625426.0
2011-02-16,391.4364032597505,393.1013190807597,382.9346171256021,388.42535400390625,2464592.0
2011-02-17,391.43655108541554,394.7841133430122,386.97312032784106,392.9243469238281,1477760.0
2011-02-18,393.29627520297817,401.1427260903511,383.3243772080008,386.0166015625,4076928.0
2011-02-21,386.1228477548593,406.6688341491546,374.85796205553896,403.3389587402344,5657800.0
2011-02-22,397.688966686564,406.5626844714881,396.7502186813941,403.3922424316406,3305400.0
2011-02-23,399.6372355520124,405.5884620216085,397.848300118427,398.7162170410156,1879344.0
2011-02-24,396.3958866709282,403.39215008625507,386.58342312712404,393.8453674316406,5378830.0
2011-02-25,391.54281815644595,395.68742292597045,385.50298836095556,393.2254638671875,3070474.0
2011-02-28,390.09045552335675,406.75752398828695,389.6653833112264,393.2963562011719,3229396.0
2011-03-01,394.2702529520498,401.0008322926509,388.8149326275214,398.3440246582031,3167804.0
2011-03-03,396.7147292361746,409.1485867298888,392.14500909955575,407.4482116699219,3452600.0
2011-03-04,412.1065164894375,412.1065164894375,401.1781834518221,402.2586364746094,2061198.0
2011-03-07,398.16709781838625,398.5213390086161,387.6992533501601,392.5877990722656,4184588.0
2011-03-08,391.4896325717909,399.8674447815713,391.4896325717909,395.9353332519531,3947902.0
2011-03-09,397.6534079877119,403.12641628979475,396.21871407744766,399.12347412109375,2424486.0
2011-03-10,397.45861854578925,397.45861854578925,389.66531229979336,392.694091796875,1871324.0
2011-03-11,389.6652788094652,390.5154662480608,376.664645440663,381.53546142578125,5012882.0
2011-03-14,379.3923930306869,390.37387219404013,374.92896176114715,388.7975158691406,3248618.0
2011-03-15,380.8092460192736,388.0534604256854,377.49709983026946,386.0520324707031,3411868.0
2011-03-16,386.8313488307211,397.9722160765789,386.530252491544,394.9257507324219,2677874.0
2011-03-17,391.4365058996204,396.36046697524034,387.0616359527381,388.9568176269531,2056102.0
2011-03-18,387.36274985941196,392.8534884262349,381.19894436818913,383.5546569824219,2211348.0
2011-03-21,386.65412285393717,386.65412285393717,377.798096219628,379.32135009765625,2619090.0
2011-03-22,380.8446426230747,382.5804328650947,376.5583334588849,378.86090087890625,2657774.0
2011-03-23,379.3923337754633,379.3923337754633,374.5215171653675,377.03662109375,4352248.0
2011-03-24,379.39229022835764,388.0889281836521,379.0380490610109,387.3273010253906,3094834.0
2011-03-25,395.6342365911845,399.76115481304157,390.9936859768672,396.6261291503906,4146434.0
2011-03-28,398.11389584816715,399.12347444694603,392.4991824373971,396.71466064453125,2248642.0
2011-03-29,396.750037252512,408.05033714057924,396.44894096199016,403.37432861328125,3159588.0
2011-03-30,406.66878861356645,412.3366462945918,405.5706498363323,408.0680236816406,2294770.0
2011-03-31,408.08571791808413,424.38080734884096,408.08571791808413,419.3860168457031,7394126.0
2011-04-01,419.7758616266863,424.64667858648966,415.36557556729053,418.05780029296875,1799624.0
2011-04-04,419.77600557084173,430.7574875731169,419.4217642159296,429.7655944824219,2311616.0
2011-04-05,430.4207770136997,440.65831285381927,426.4178342529589,439.2059326171875,2891014.0
2011-04-06,438.9047730157517,441.720972785387,430.1018893240706,432.82952880859375,2422352.0
2011-04-07,432.17432663337763,432.17432663337763,423.37144018607563,424.80609130859375,2149016.0
2011-04-08,423.9912194660382,430.04873417372687,419.68718106451644,423.6723937988281,1983768.0
2011-04-11,418.0576661001559,423.31813807971093,416.3396053179207,417.437744140625,2256232.0
2011-04-13,416.2335279218822,432.67033290701136,415.9855763085694,428.6673889160156,3757530.0
2011-04-15,431.0760568890864,432.1387803213502,418.0045500237757,422.04290771484375,7566770.0
2011-04-18,424.38093473056176,429.51743185376137,403.8526755937414,405.4644470214844,7765454.0
2011-04-19,405.464387206699,414.2495844942005,403.8348866633645,412.5846252441406,3120224.0
2011-04-20,417.9338557358147,433.59130212679,417.84529542083783,431.71380615234375,5338548.0
2011-04-21,439.6132320186924,441.3136066997396,414.7632086835947,422.29083251953125,17333968.0
2011-04-25,424.0267844395277,426.5064732374197,415.40101848390026,424.327880859375,4191552.0
2011-04-26,425.08946347376997,425.79794591289294,418.1286148609197,421.19281005859375,3155246.0
2011-04-27,423.30054667986246,423.30054667986246,416.6054219288555,418.2171936035156,1774478.0
2011-04-28,418.05786867291573,419.24456835057634,409.36122767255006,410.4416809082031,2846194.0
2011-04-29,415.17062625896625,415.17062625896625,407.4658812750648,412.92120361328125,1866696.0
2011-05-02,414.4621693184694,417.1189780961519,408.2629488372103,410.37066650390625,1543070.0
2011-05-03,411.62813072916657,411.62813072916657,400.64665736203733,403.2857360839844,2120156.0
2011-05-04,405.96026571508264,405.96026571508264,395.0319373676385,402.7898254394531,2722934.0
2011-05-05,405.6061163247968,405.6061163247968,392.5346092550343,394.9788818359375,1885596.0
2011-05-06,396.7500173710753,408.61709378351367,396.6614570993407,407.0052795410156,2405348.0
2011-05-09,407.37740482966484,408.0681579148327,398.344253679094,402.2586364746094,1012232.0
2011-05-10,401.35516623847286,410.9019465850806,399.58396073874434,403.7994384765625,1529158.0
2011-05-11,403.48059951859176,407.97944404245914,398.9108808316818,403.92340087890625,1460670.0
2011-05-12,401.6741498521145,401.6741498521145,392.6232688919343,393.82769775390625,2540458.0
2011-05-13,393.91616495380856,404.64968926342016,393.91616495380856,399.26519775390625,2365488.0
2011-05-16,397.104453408067,406.45643134286263,396.75021214722125,400.6822814941406,2227368.0
2011-05-17,397.4763592591748,407.0939733300503,397.4763592591748,404.4371643066406,1391414.0
2011-05-18,404.6319557247439,411.4510978982622,404.6319557247439,409.166259765625,2225180.0
2011-05-19,412.6909316851614,414.46213740054833,409.50276139746484,412.6377868652344,2050922.0
2011-05-20,415.7905664646879,419.20900234756,412.07103424072267,416.2333679199219,2050600.0
2011-05-23,412.33665809368364,414.63922534248854,407.377282480873,413.239990234375,2017284.0
2011-05-24,411.8584320279809,415.45398791534114,403.53376600689234,407.34185791015625,1681994.0
2011-05-25,407.05842048472107,407.34183064850697,396.7500136012246,399.7964782714844,1867470.0
2011-05-26,403.4806905348029,404.8976552074448,396.75010833975347,402.32940673828125,2060218.0
2011-05-27,406.8636808763685,407.3418977695271,402.5242268875582,405.44671630859375,1286704.0
2011-05-30,407.7315119287587,410.9019525221533,404.6496316116302,408.0680236816406,1140868.0
2011-05-31,409.14865097090285,417.1899101908838,407.41286016680056,409.9102783203125,2644154.0
2011-06-01,409.85704519332836,416.94186879217585,409.85704519332836,416.3750915527344,982386.0
2011-06-02,410.53004430365866,415.17059434626555,409.733001780383,413.6650695800781,1697654.0
2011-06-03,413.04520728590575,416.23337783957055,407.377348523835,408.1212463378906,1367808.0
2011-06-06,403.8348698491511,413.7536210384285,403.8348698491511,412.46063232421875,1357074.0
2011-06-07,411.982534231545,419.1205033828201,410.21132815144375,417.7566833496094,1837442.0
2011-06-08,417.97055011116055,422.64279508771875,414.97459247642263,421.35882568359375,2127670.0
2011-06-09,419.07620895503345,425.78144571338254,419.07620895503345,423.1242980957031,2693966.0
2011-06-10,423.1956618068964,427.10107804914554,422.67847780273064,424.1407775878906,3774550.0
2011-06-13,424.1408060095501,424.60448224605625,418.202441318987,419.1832580566406,3229400.0
2011-06-14,420.1462507438187,426.1738245087146,420.1462507438187,424.8006896972656,2125782.0
2011-06-15,422.9996751491747,429.77622981008057,421.30553648394823,422.3755187988281,2812382.0
2011-06-16,421.9297055710571,422.9640305475358,409.5357433828963,410.570068359375,2337520.0
2011-06-17,411.9430461958896,412.6563674880037,393.7533532469802,395.60797119140625,3788146.0
2011-06-20,397.6765374602755,399.1031797471285,377.34688487262014,381.3771667480469,5310408.0
2011-06-21,383.4101564705924,396.1429228564539,379.20154384961376,394.734130859375,3425946.0
2011-06-22,398.03327376467325,398.35427704782506,385.1934907400063,386.4418029785156,3570834.0
2011-06-23,385.8355799522404,392.6834482838049,381.66262345277147,391.2568054199219,2428236.0
2011-06-24,392.32673955157526,406.8606619485995,391.9700788792556,405.7906799316406,4151588.0
2011-06-27,400.17320304083034,411.8359875325665,400.17320304083034,410.3736877441406,3125218.0
2011-06-28,413.72620580927753,414.4395268537763,405.04153080003744,411.58624267578125,2133332.0
2011-06-29,411.83596327072354,420.46717561710295,411.83596327072354,417.2393798828125,2958704.0
2011-06-30,417.2216651767481,425.139514559684,416.22299789526113,422.3575439453125,5172916.0
2011-07-01,427.27950332060124,427.27950332060124,420.75259532892846,425.1038818359375,1920840.0
2011-07-04,425.49600373366127,427.9926273934564,420.8594169368988,422.8923645019531,1603734.0
2011-07-05,424.35489449917884,424.78286990012685,418.5056506393655,420.6634216308594,2061136.0
2011-07-06,420.23542243235926,425.46050980625097,417.89927769547006,421.8582458496094,1490178.0
2011-07-07,421.9651830594203,427.9927564198684,421.9651830594203,426.53045654296875,2602634.0
2011-07-08,426.5663038227026,429.77625092504735,417.0256277129557,417.8816223144531,3412060.0
2011-07-11,417.2929353410987,420.07490565844245,408.94706792674185,412.5315246582031,1822504.0
2011-07-12,405.0594068507653,409.7316953199621,396.6422257963253,408.5011901855469,4079404.0
2011-07-13,410.15970249924095,416.57959349488124,403.38315089273175,409.8208923339844,3952600.0
2011-07-14,410.159764430467,413.22703743954173,399.138941183017,400.7795715332031,6937844.0
2011-07-15,416.5796297191802,420.11057878135574,406.9854497449961,408.7509460449219,7279700.0
2011-07-18,409.4464223054313,410.87306489186136,400.2802611026887,401.2610778808594,3125208.0
2011-07-19,400.0306073243036,409.4999657305004,399.54912411703674,406.61102294921875,2195292.0
2011-07-20,410.15958636546395,410.80159269831734,401.2430736183886,403.9001770019531,2807746.0
2011-07-21,403.7398101116472,403.9181404164668,399.47773324152683,400.369384765625,1850624.0
2011-07-22,401.86745538116924,407.056886131762,401.77829020358297,404.2392578125,2090442.0
2011-07-25,404.80972762975097,408.0196726065508,400.58330878449766,406.557373046875,4740714.0
2011-07-26,406.52176122834334,410.8551526022179,402.04565337209567,408.2515563964844,3968722.0
2011-07-27,409.7852125217014,411.8182042308325,405.9333038487822,409.14324951171875,2024290.0
2011-07-28,407.6592836222077,409.41151208042527,400.61466258526116,403.92242431640625,4093814.0
2011-07-29,405.15613380774346,408.37449674178555,401.097429282403,406.5865173339844,1719138.0
2011-08-01,408.5174510269419,411.1994195294142,402.33102622050677,405.96063232421875,1982346.0
2011-08-02,404.26199521770275,405.51358034221573,401.31183028135064,404.3156433105469,2025292.0
2011-08-03,400.5073270223451,402.5456057794929,391.69258113920966,397.0565185546875,3064246.0
2011-08-04,396.9492861277125,400.3285494101002,390.1728186580742,391.87139892578125,3049294.0
2011-08-05,383.75396411674905,384.0579118342959,367.6085040648568,378.3184814453125,5269388.0
2011-08-08,361.60089025071727,369.52162440829704,356.37997828854486,359.5089416503906,6549306.0
2011-08-09,345.07991585271174,352.3033547258994,338.89351343628624,345.0083923339844,8159270.0
2011-08-10,357.23811963585445,361.88686393542014,348.226703243822,351.8920593261719,5949080.0
2011-08-11,350.4438931341047,351.65972761616086,344.3647643756559,349.8538513183594,2900464.0
2011-08-12,354.21644960639134,354.69921694237195,335.24600030119655,338.6968078613281,4169084.0
2011-08-16,345.79511950064517,349.85382287610395,341.87944134173733,348.1552429199219,2983568.0
2011-08-17,348.477146045851,360.9572495909952,346.8679647660087,357.5600891113281,4557892.0
2011-08-18,359.70563944010456,360.9214521169109,342.5767911521314,344.13232421875,3619896.0
2011-08-19,337.212783913342,338.6252914561041,323.6241457492836,332.1885681152344,5443614.0
2011-08-22,332.2065110461302,332.56410685995803,322.5514240727765,328.29083251953125,3528922.0
2011-08-23,329.29213455843256,353.3047049675132,329.11333663081746,351.0160827636719,4874670.0
2011-08-24,349.7286322735095,349.7286322735095,341.50393028752717,344.2216491699219,3194790.0
2011-08-25,346.7606957957426,347.94075772087643,335.42490312660027,339.8591003417969,4445488.0
2011-08-26,340.1093589449083,346.689130439679,336.1400542684871,339.1617431640625,3584910.0
2011-08-29,344.7580503348586,366.17804427215935,344.7580503348586,364.6046142578125,5590444.0
2011-08-30,368.3236768504736,375.58288910738537,366.23175013465027,372.75787353515625,5966682.0
2011-09-02,383.7002921160204,384.3260847639263,361.8869483890146,365.4986572265625,4413506.0
2011-09-05,363.2457528865214,369.46790574507895,357.0414754500059,367.5011291503906,3789658.0
2011-09-06,364.03254055127513,372.61484013205177,359.3837949450211,369.71832275390625,4763292.0
2011-09-07,369.7899045055817,375.4756879390269,366.5357906071453,368.6813659667969,4432156.0
2011-09-08,369.3965282865432,377.2457400570657,367.9661448275439,370.4872131347656,4892662.0
2011-09-09,371.8995350683485,376.04763653682386,361.4041098042355,363.3351135253906,5062650.0
2011-09-12,357.5958241724356,358.97255936513267,349.96116205672087,352.4822082519531,3297170.0
2011-09-13,356.8090678820164,366.1780817610063,353.5728304113232,355.3608093261719,3798204.0
2011-09-14,357.95333122326815,367.966011816926,355.36076214098176,362.99542236328125,4745632.0
2011-09-15,367.6084789388724,373.9737015796746,361.1717545994758,372.5254211425781,3852238.0
2011-09-16,374.76041935888475,383.48576609722545,365.2126065997298,367.51910400390625,4656504.0
2011-09-19,365.2841249658043,369.21767893019376,362.0657626313038,364.0504150390625,2240234.0
2011-09-20,365.49867999014896,380.48195362354824,365.49867999014896,378.3184814453125,3487986.0
2011-09-21,381.89444561823166,381.89444561823166,370.7911213916143,373.1512451171875,2740760.0
2011-09-22,365.82042977489294,369.7539827832251,352.6609113485639,355.59320068359375,3141570.0
2011-09-23,353.30460931613567,362.95969479339846,351.2484337052371,354.1270751953125,4564232.0
2011-09-26,356.16540658768264,360.4565560646427,346.5103202645226,356.505126953125,3388478.0
2011-09-27,362.53066381826517,373.68765856352735,359.7414205884292,372.09637451171875,3964578.0
2011-09-28,374.93918863782744,380.7322230187099,370.82683702186654,374.7246398925781,4425190.0
2011-09-29,373.0617518671946,381.9122463399605,370.3618865976013,379.5699768066406,5380350.0
2011-09-30,375.4398723318329,380.48196482708806,369.4322449001449,370.9341735839844,2691018.0
2011-10-03,364.74762288757995,375.43974330847203,363.0669186914454,373.0796203613281,3949264.0
2011-10-04,371.3274911069346,378.6939559291081,368.00183267345346,374.0273132324219,4718224.0
2011-10-05,377.0848159505435,380.1243806120699,372.25727207635447,373.1691589355469,3415262.0
2011-10-07,384.451140681107,385.41667529319346,371.00555065984673,374.9570007324219,5085808.0
2011-10-10,374.76049636196745,384.05798959232163,374.76049636196745,380.7323303222656,3854814.0
2011-10-11,384.4153305703077,385.4881175393411,369.9327064883566,372.20343017578125,4476374.0
2011-10-12,381.1971871281638,389.56493899061314,379.76680368678234,385.86383056640625,5871662.0
2011-10-13,392.10374041199276,395.125407042901,386.2391613735961,390.76275634765625,5408918.0
2011-10-14,389.5648941031953,407.92743068574833,389.3860961936245,405.6030578613281,6710132.0
2011-10-17,411.771485273978,412.66547460370873,397.39615431263684,400.59661865234375,4358690.0
2011-10-18,379.7666908748268,380.57128132159545,364.92646707887076,369.5931091308594,12006778.0
2011-10-19,372.9724201029722,377.04902096102194,370.1831553969826,375.10009765625,3827420.0
2011-10-20,370.46924415825987,374.40279790897495,368.43096558453055,373.65185546875,2245412.0
2011-10-21,377.22781225767903,379.05154207882424,372.9724135737865,375.42193603515625,2461130.0
2011-10-24,379.05152752101907,390.6018886977212,378.8727296306789,386.1140441894531,3271720.0
2011-10-25,390.506831809635,396.96149018665375,384.21352238266024,393.9672546386719,4158746.0
2011-10-28,404.85045129552356,408.47222248599354,398.395793967517,402.1610107421875,3259116.0
2011-10-31,401.62319594023785,405.92630161102613,398.754458826379,400.11712646484375,1778740.0
2011-11-01,397.3200353463749,402.69891669131675,393.10657829283707,397.48138427734375,1458210.0
2011-11-02,394.89939500419916,402.2863806078205,394.4511550552727,396.9075012207031,1550844.0
2011-11-03,393.6623868168142,397.822046019828,389.78957500198845,396.2442321777344,1891268.0
2011-11-04,401.98171204105154,403.41608032665744,389.86128251830326,394.37957763671875,2716008.0
2011-11-08,393.0170371610637,399.75858778963396,393.0170371610637,396.3340148925781,1692104.0
2011-11-09,398.03737001867336,410.9466901273871,396.7105962946638,402.6811218261719,3921980.0
2011-11-11,398.03731336517734,409.1536707654661,397.0511848861195,405.5677490234375,3629590.0
2011-11-14,408.79506684063455,414.5325414629593,403.23688830025753,404.6354064941406,2329150.0
2011-11-15,403.4341434728287,408.4185396801332,401.6232354820306,403.2010498046875,1468478.0
2011-11-16,403.7747663155208,406.21321047760813,396.31603198610026,400.6370849609375,1871602.0
2011-11-17,399.83020511402515,402.8782380678092,397.17661472898175,399.8840026855469,1391988.0
2011-11-18,396.513382159119,397.96569828731197,385.9528578601535,389.6463317871094,2789442.0
2011-11-21,389.0724717592287,390.25584333018236,380.1435187217684,382.68951416015625,2871704.0
2011-11-22,383.2991508633362,392.6583970520783,379.0318956018692,387.9429016113281,3723582.0
2011-11-23,387.97879652409335,387.97879652409335,373.29446407768376,380.9324951171875,2355750.0
2011-11-24,380.82477270303104,393.16034848312904,374.72870760326504,391.5108337402344,3766844.0
2011-11-25,389.07238726911885,390.1123130036055,379.0676599846525,381.506103515625,2140604.0
2011-11-28,386.54435035031923,393.0169554935117,385.12792901462734,390.3275146484375,1504486.0
2011-11-29,391.94117194863867,396.56701887179855,389.5027281178946,392.04876708984375,2554696.0
2011-11-30,387.69191744138527,402.68104326823664,387.69191744138527,400.0274963378906,3481698.0
2011-12-01,408.7949591030048,411.86093880565573,403.8463710360637,406.9302978515625,2481448.0
2011-12-02,406.9481915708802,424.93159218028774,405.06558325109415,422.42144775390625,3968866.0
2011-12-05,420.44931434354913,424.53727378780695,416.8813398037055,423.4794006347656,1530476.0
2011-12-07,423.13876596134855,427.76461376765167,420.8437672895783,422.9774169921875,2637422.0
2011-12-08,419.55281510669903,426.36606595031213,418.53083623484827,422.2781066894531,3326444.0
2011-12-09,416.32549281826965,424.1428193228618,416.32549281826965,420.4134521484375,2763230.0
2011-12-12,421.7044149565429,426.7247056107875,414.20982943944284,423.2642822265625,3172170.0
2011-12-13,421.3458033732709,429.19898071849417,418.35156748271424,422.6725769042969,3274558.0
2011-12-14,423.31782249089724,426.3658542496203,419.5526067889451,424.0170593261719,3346176.0
2011-12-15,423.0311417559867,426.6888079492852,414.03048754758487,424.03521728515625,3669372.0
2011-12-16,421.9014864689309,424.05303873084694,406.0337885373001,411.0540771484375,3550896.0
2011-12-19,408.4364501368961,415.0345543108311,399.61509218977176,410.1039123535156,3667724.0
2011-12-20,410.71344446626586,412.7753489985228,404.58152843806977,406.41033935546875,1809396.0
2011-12-21,412.3809374562135,418.11841136864774,402.5017070538599,415.50067138671875,3116976.0
2011-12-22,413.09801259729215,417.3473193367689,406.7330041566655,412.99041748046875,2086268.0
2011-12-23,412.7395349354857,416.6840483015069,408.4722799030087,414.94488525390625,1578590.0
2011-12-26,414.9448158642883,426.79625732261854,413.6359460752043,426.15081787109375,2229352.0
2011-12-27,425.0750553648615,426.7245701586847,419.5527286434127,422.94140625,983902.0
2011-12-28,422.672463352142,424.41166994312175,418.0825110338503,419.2658386230469,1197910.0
2011-12-29,417.2220399335498,422.457477490013,415.78767108117836,418.01092529296875,1585728.0
2011-12-30,422.4214537268176,424.03511802373674,414.7117243082042,416.19989013671875,1545410.0
2012-01-02,416.3252648783942,425.2721167563734,413.45652920309084,422.636474609375,2248542.0
2012-01-03,424.30410225723057,433.86059047539413,423.13867793241667,429.44989013671875,2708884.0
2012-01-04,432.06773100955644,432.103581473244,419.3018580211385,420.6286315917969,2386770.0
2012-01-05,420.55684969728054,424.93165598794457,418.6024964077798,420.26995849609375,2547312.0
2012-01-06,418.11854620043897,426.13307390164607,414.81951514632283,419.3377685546875,2119728.0
2012-01-09,419.9114582741705,423.03119284590076,417.849553163089,420.0369567871094,1509028.0
2012-01-10,421.3457348241958,425.11095202900776,415.42896493091985,417.90325927734375,3591790.0
2012-01-11,420.0548158986272,421.3457387691018,406.3386673812501,407.71923828125,5675380.0
2012-01-12,394.8099362153206,399.8302260491212,383.209489532622,390.6861267089844,9528684.0
2012-01-13,393.42938996866883,395.65264381099456,384.7693807069206,389.3414306640625,4019828.0
2012-01-16,388.71386428893277,399.4716280607667,386.88505320241154,397.8221130371094,3047202.0
2012-01-17,401.5872452383824,403.308460812982,392.2997023958933,395.86767578125,3704218.0
2012-01-18,387.2795579674315,393.12462806465726,374.8364267161952,385.89898681640625,11665532.0
2012-01-19,389.789546642536,390.47088027176056,382.04396734986585,385.6836853027344,4163292.0
2012-01-20,387.2614770912017,391.2059897451268,384.7692797874179,387.1001281738281,2572694.0
2012-01-23,389.4311055377584,391.38541539962773,385.18179698064324,386.45477294921875,2130496.0
2012-01-24,390.1482644755977,392.65840955953996,386.5623429271088,390.3992614746094,2641310.0
2012-01-25,393.7075058694298,399.11920465033614,392.3231198507987,394.82220458984375,5845238.0
2012-01-27,397.3391859190037,402.9307187175267,395.5772205690789,398.6876220703125,5209718.0
2012-01-30,396.44024529187953,402.35536790196346,395.81097506125747,399.7663879394531,2595558.0
2012-01-31,400.21579392970784,408.4502516582646,400.21579392970784,407.19171142578125,3538120.0
2012-02-01,406.1130931065768,408.12674934649607,398.50790305132534,405.8613586425781,2288804.0
2012-02-02,408.4862736824913,414.47333920152556,406.436668212094,412.80126953125,3386140.0
2012-02-03,411.72252425620525,422.8695969653252,410.28419229373816,421.26947021484375,2777558.0
2012-02-06,425.63834056045835,431.5175571875419,421.9166656301871,429.2881164550781,3427196.0
2012-02-07,434.98759112098503,434.98759112098503,428.58703926925506,430.7804870605469,3407656.0
2012-02-08,437.39657184383395,441.1541949339151,435.45481574454277,438.5652160644531,3627184.0
2012-02-09,435.49089828175346,443.0061906520528,427.18454098590803,441.7835998535156,3038062.0
2012-02-10,441.5677955877531,445.16362454205074,435.8144692608768,443.5095520019531,2324302.0
2012-02-13,439.4823651468716,445.1457979136839,436.5338018355663,440.74090576171875,1631770.0
2012-02-14,440.48919927878455,442.1253195767276,436.89336908059045,438.6912841796875,1826646.0
2012-02-15,441.262325230984,449.0473066303189,438.51150626519797,446.4582824707031,2167166.0
2012-02-16,445.16387781631664,446.6022102163694,437.97221581605305,440.6151428222656,1886660.0
2012-02-17,444.0309715040945,450.9169933796414,439.0507567117561,441.8375244140625,4096568.0
2012-02-21,439.96762239558143,445.882742837565,433.20744712383583,444.8219909667969,2489504.0
2012-02-22,444.0849746243658,455.53768361211297,441.9274767719398,450.32373046875,3141826.0
2012-02-23,449.1372590292214,458.43247277308467,447.3213469360624,453.0027770996094,4086880.0
2012-02-24,452.7149063951387,460.5717845938073,452.0856362710788,456.6703186035156,2346400.0
2012-02-27,459.90659379041836,460.24818003570704,447.89651446220233,450.2158508300781,1861370.0
2012-02-28,451.3666161507113,453.21847760689053,438.36768032634086,441.0466003417969,3973490.0
2012-02-29,445.88294715777306,445.88294715777306,435.90451830000836,439.3924560546875,3060216.0
2012-03-01,439.7699235048714,441.1902585209821,435.1133421179153,438.5473327636719,1568594.0
2012-03-02,440.84871298930415,441.2082959525907,434.0166366868598,437.7023620605469,2309232.0
2012-03-05,436.53376129223653,439.5722200795465,431.85918229981553,434.12457275390625,1540878.0
2012-03-06,432.5782719007546,439.15865718568375,427.5441107980027,432.21868896484375,1717722.0
2012-03-07,429.70151768957845,433.6569291494825,426.66306008040897,428.92840576171875,1945666.0
2012-03-09,441.20813828311907,441.20813828311907,432.5601535487465,434.5738525390625,2225758.0
2012-03-12,437.2170210530544,438.2777734485819,425.4586294714311,427.5622253417969,2240278.0
2012-03-13,427.90372614274946,436.87530351545956,427.90372614274946,430.4208068847656,2492464.0
2012-03-14,435.13145972358336,436.53384246094924,413.88010928546345,415.1566467285156,8065314.0
2012-03-15,416.7567241737412,421.05372374615433,411.7225618454993,418.4467468261719,4284236.0
2012-03-16,420.6940910456185,424.3079175622803,416.3970919806107,420.55029296875,2054724.0
2012-03-19,420.5503067852541,420.5503067852541,399.7843889511405,403.4521179199219,5132864.0
2012-03-20,405.96911107941526,411.7224377200447,402.7328648440612,408.0726623535156,3683204.0
2012-03-21,408.82788577158095,424.2360528697492,408.68408768307063,422.77972412109375,4553242.0
2012-03-22,422.4019764350559,427.79571944168924,417.1161258463124,419.90289306640625,3421694.0
2012-03-23,422.5100565161886,428.5870184483678,418.8423272003663,425.98004150390625,3158436.0
2012-03-26,423.2292070620872,426.1058711712603,414.95879774821464,417.6916198730469,3053384.0
2012-03-27,421.7907433502723,424.1819784235075,414.2215057178986,422.4200134277344,1588246.0
2012-03-28,422.1504931793696,422.3842309365886,415.1206271193409,418.9501953125,2051096.0
2012-03-29,413.88010220126625,418.5546819828618,407.19186606186673,410.3561706542969,2681214.0
2012-03-30,411.90233795762003,422.7797240101892,411.90233795762003,420.2806396484375,2543342.0
2012-04-02,420.71205910564294,431.13996484415884,420.71205910564294,429.43194580078125,2326988.0
2012-04-03,431.5713763370262,434.1424028349088,422.6177972982525,423.5886535644531,2269154.0
2012-04-04,420.352598498922,427.83194372886794,419.63343237659706,423.7506408691406,2165054.0
2012-04-09,420.7120327082591,427.18452551915533,416.4869332344795,418.5904846191406,1576628.0
2012-04-10,419.38170161503524,422.7437941359345,414.32954253192975,415.7498779296875,1532992.0
2012-04-11,413.412609624733,415.318417322594,408.19865546786934,409.241455078125,1781586.0
2012-04-12,410.01458572466123,412.80135445026184,406.00522581152666,406.92218017578125,2114686.0
2012-04-13,392.430807477159,397.231230637637,381.6073704601834,384.160400390625,8994680.0
2012-04-16,383.04581681956023,386.3000607488032,378.7488172348762,384.6639404296875,5016110.0
2012-04-17,390.1474861974993,393.72531885878493,386.12017486547927,392.25103759765625,2473664.0
2012-04-18,395.5412695623353,400.82712169781513,393.32982550362834,394.6603088378906,2882264.0
2012-04-19,395.86493197070376,397.98648044150286,392.3410010263657,396.60205078125,1767416.0
2012-04-20,393.1140466646861,398.39989829144037,387.4146658806711,391.3880310058594,2450024.0
2012-04-23,393.3658160973049,396.4043188674127,376.71714907664074,382.68621826171875,2843868.0
2012-04-24,403.4521550695776,433.2975462200009,401.7621324055716,429.4140319824219,18113782.0
2012-04-25,427.5440645352218,427.9036474322237,419.8130322496816,421.0895690917969,5417898.0
2012-04-26,420.7118973107338,432.1825979906474,418.7341918105551,429.57562255859375,5476292.0
2012-04-27,427.90379546409434,435.8146219348591,427.90379546409434,432.9379577636719,3711146.0
2012-04-30,432.9379962901043,449.4788167463708,432.9379962901043,448.2562255859375,4604822.0
2012-05-02,446.6377887003819,458.25233073972356,446.6377887003819,455.6813049316406,3981448.0
2012-05-03,454.0454743555417,461.74055997527705,452.5532398967945,460.08648681640625,3358922.0
2012-05-04,460.2664016201086,465.75004429566064,454.17148518767465,459.1157531738281,3571718.0
2012-05-07,453.07451518935306,459.72679973776815,448.9033617649031,457.8389892578125,2627762.0
2012-05-08,440.48913488266834,443.9770721072425,429.9353835727279,431.7512512207031,9631578.0
2012-05-09,429.7017025448753,443.9411811473965,429.3780690527794,440.6869812011719,9271544.0
2012-05-10,440.68711126954673,446.5303369827501,440.4893229953303,443.2041931152344,2992620.0
2012-05-11,440.1294864745201,444.768114841244,439.1226367581588,442.5566711425781,2745190.0
2012-05-14,441.3159772547837,443.72516439838284,438.6910053209296,440.83050537109375,2573752.0
2012-05-15,440.1294847125927,443.36573092371475,438.61925403849517,440.95654296875,1875510.0
2012-05-16,438.69131876944266,446.5661963032853,433.92684338116794,439.9139099121094,4567936.0
2012-05-17,439.4104309082031,444.085009960418,431.1580185237875,439.4104309082031,4137524.0
2012-05-18,433.22564122144695,440.45325116404535,432.4525289474808,435.3291931152344,2656670.0
2012-05-21,435.4550673314916,440.4892299596013,432.9559827274458,434.80780029296875,2227088.0
2012-05-22,439.0505937819686,445.8826669038829,436.1739314148468,440.1473388671875,2360916.0
2012-05-23,443.36580839659206,444.2827625410628,436.5696813868142,440.5430908203125,2162806.0
2012-05-24,440.48900007975124,441.909334807966,434.0524581568504,439.21246337890625,1205674.0
2012-05-25,435.850574742286,440.48920453216016,434.77182566996237,438.9789733886719,915046.0
2012-05-28,440.1295655763898,442.28706344686225,436.9113154773642,440.3812561035156,790194.0
2012-05-29,441.5680079819332,448.7596693497171,438.1160193042804,446.00885009765625,1575032.0
2012-05-30,442.7365188779214,451.9957800849114,442.7365188779214,446.0806579589844,1581514.0
2012-05-31,439.05071436644147,451.6001661685712,439.05071436644147,447.8065490722656,4411602.0
2012-06-01,445.88280033648584,447.68071485397166,438.15176791129676,440.34521484375,1479528.0
2012-06-04,435.09536299832257,437.2528606660828,430.13310080471297,436.2640075683594,1204430.0
2012-06-05,436.53359556139804,442.61055472329764,436.53359556139804,441.02838134765625,2063398.0
2012-06-06,442.28708382649125,454.4230099070962,441.96345035212676,449.89227294921875,3291908.0
2012-06-07,454.2084847729041,455.26479246730327,448.58097963129006,451.73162841796875,2149728.0
2012-06-08,448.4535144241896,452.6058708372498,445.88564197750463,448.3442687988281,2400244.0
2012-06-11,449.10900641963843,453.8623677034397,446.9599763284371,449.3093566894531,1545048.0
2012-06-12,444.7747444213934,456.3940429960188,444.7747444213934,454.6092529296875,1092142.0
2012-06-13,454.9370141508425,458.9436651962062,452.6058628318465,455.44696044921875,1450858.0
2012-06-14,454.9369738516435,459.4899859998785,453.4800099642083,456.7581787109375,1471124.0
2012-06-15,456.7764255115278,466.2284612971524,454.936990750112,463.4784240722656,1986040.0
2012-06-18,464.77166739508476,468.541554080488,455.30139831023195,457.9057312011719,1495388.0
2012-06-19,457.8146788758696,465.95545912649413,457.1590270657003,464.02496337890625,1769058.0
2012-06-20,464.04293468400573,464.04293468400573,452.8607561624574,456.321044921875,1753740.0
2012-06-21,453.4980563380922,456.0295122832219,440.36715682940513,445.8489990234375,4155980.0
2012-06-22,442.27981165696565,451.62260594714326,442.27981165696565,449.2732238769531,1919560.0
2012-06-25,450.5661580211356,451.1125195708783,441.0958911589291,443.1902770996094,1588758.0
2012-06-26,443.4633610288617,450.56605962439585,443.2994703849368,449.8739929199219,1109714.0
2012-06-27,450.29285166155455,458.5065024538083,450.29285166155455,454.0991516113281,2305862.0
2012-06-28,454.19018250475824,460.364092573966,450.2928225738495,458.524658203125,1894228.0
2012-06-29,460.16365157810014,468.7779562479037,459.99976098698676,465.2994384765625,1990150.0
2012-07-02,465.86412212885904,465.86412212885904,457.65047185420906,458.7431945800781,2111100.0
2012-07-03,460.76480609740906,462.51318045910796,448.1256627983588,451.44024658203125,2227292.0
2012-07-04,452.93384002435045,455.11928677959463,448.58117635536706,454.5182800292969,1301806.0
2012-07-05,454.5183118238755,454.5183118238755,449.9106523666473,451.8775634765625,1520876.0
2012-07-06,451.6587914887422,456.32109357318404,446.923658997328,454.4816589355469,1929928.0
2012-07-09,453.4801695114038,460.6011008017928,452.8791628037837,458.7252502441406,1912768.0
2012-07-10,460.76475694394054,462.6770217454865,455.1372525988775,459.562744140625,2517598.0
2012-07-11,456.48499768116864,464.22511832806657,456.48499768116864,458.3244323730469,2034538.0
2012-07-12,446.19534378298664,455.30137120712925,444.11918731549196,450.2019958496094,7859080.0
2012-07-13,463.970191701689,467.6854320213267,452.75155140382327,455.08270263671875,7217154.0
2012-07-16,454.93709850180136,458.67056948630375,438.14559399093645,439.7664489746094,3620626.0
2012-07-17,443.64540118969916,445.8308465157568,428.05587341195513,431.9532775878906,6383816.0
2012-07-18,435.26778516279484,438.6916578047908,429.25781156012863,435.3770751953125,2975286.0
2012-07-19,438.1819427261543,440.7316298409366,435.3590748490739,437.4534606933594,1335352.0
2012-07-20,437.4533633885492,447.2878686437456,437.19841251898674,445.4848937988281,3378226.0
2012-07-23,441.0849923033123,448.09559686860234,438.52903622208447,443.3670959472656,2903198.0
2012-07-24,441.1216850310373,444.9738954525838,437.10518090604717,441.5050964355469,1648092.0
2012-07-25,439.6244454562606,444.37122103012393,437.0319846342334,442.9654541015625,1666030.0
2012-07-26,442.9107788156536,445.83187216315997,434.58564494632157,437.5980224609375,2945746.0
2012-07-27,443.64099150419355,449.19105027679103,439.3506362365604,447.40191650390625,1842976.0
2012-07-30,450.90734902169834,453.8101681462367,443.4768256087077,449.4833068847656,2625712.0
2012-07-31,450.9436715184294,456.14686772825746,447.74872647730695,454.10211181640625,1979964.0
2012-08-01,452.0757745373942,454.5222173611942,446.233586882738,447.1647033691406,1295750.0
2012-08-02,449.0996755310583,451.56434720891514,446.1968578282932,450.1403503417969,951058.0
2012-08-03,448.3876963509672,452.8606192176605,444.77283548709113,451.6374206542969,977736.0
2012-08-06,454.5951835519669,455.690593632815,447.36545918942926,448.71649169921875,1015540.0
2012-08-07,452.40421432998505,462.33591129505857,450.8158791505576,461.5509033203125,2099154.0
2012-08-08,461.89774600364336,462.50023023898444,455.1062149373451,456.1285705566406,1643000.0
2012-08-09,456.5120488157536,462.938444267738,456.5120488157536,459.3966369628906,1129474.0
2012-08-10,458.6116042368186,469.2005664365541,458.5203200799243,467.3931579589844,3082356.0
2012-08-13,467.0462809791352,467.0462809791352,459.06805407609556,462.37255859375,1428038.0
2012-08-14,460.07221675313957,464.9102777626468,459.79836424316744,463.1393737792969,1136930.0
2012-08-16,463.7782090237412,464.28940912047227,457.18747630918597,461.3683166503906,1788292.0
2012-08-17,461.9161034725855,469.01799297203024,461.53269218890324,466.8636779785156,1287576.0
2012-08-21,467.3385309707383,476.5034543975532,466.31613025113415,474.1848449707031,2051576.0
2012-08-22,473.18040068630364,477.96367993621135,470.3323181488149,471.6285705566406,1134096.0
2012-08-23,471.6651188738632,484.1710451919819,471.6651188738632,483.23992919921875,2337314.0
2012-08-24,481.98042648619,485.0475835692084,479.4244696790663,483.02105712890625,1578938.0
2012-08-27,480.59285303620635,485.96038867014556,480.154706874081,482.1446838378906,967200.0
2012-08-28,484.51816274398715,494.6324768395006,480.1547966791526,493.2632141113281,2266204.0
2012-08-29,492.9344039528497,495.8554967170148,487.4573550200403,490.4880065917969,2139290.0
2012-08-30,489.24653051331853,507.10171884877565,483.2217767209601,499.1965026855469,3333432.0
2012-08-31,495.49024997728924,496.22052300599563,487.32945779596093,490.6521911621094,1773848.0
2012-09-03,492.9343428043936,494.723520814965,486.7270214505605,488.4979248046875,1223826.0
2012-09-04,486.69068709775456,491.8391053439003,482.72896305529673,489.593505859375,1508018.0
2012-09-05,489.10043703989913,500.602239030759,486.36191275636105,498.2288513183594,2028960.0
2012-09-06,498.0828200291352,503.85199605564316,494.2671604425872,502.2818908691406,2291684.0
2012-09-07,507.53996026882754,510.02290739980066,503.4869522343875,506.3349914550781,2636656.0
2012-09-10,505.05714153795213,505.31276400979135,498.7585325160616,500.76678466796875,1476024.0
2012-09-11,499.8721376061492,509.58476482047644,498.06472878706137,508.50762939453125,1274180.0
2012-09-12,510.07748604674964,518.8590379092632,507.5033001108669,516.6317138671875,2114466.0
2012-09-13,515.9379896653963,519.9362174039323,514.6782862881415,517.6541137695312,1881210.0
2012-09-14,521.4149695299329,525.7235984516195,511.9761990590008,515.9744262695312,2814840.0
2012-09-17,517.8549002144985,519.0598686309213,487.63985139182984,490.04974365234375,5094390.0
2012-09-18,491.10880384903703,491.10880384903703,471.95740401114864,474.6046447753906,7220206.0
2012-09-20,472.8519132674732,488.15114624827885,471.6104398702952,482.7106018066406,4042506.0
2012-09-21,483.7693987913314,486.471418034946,474.05677598210167,476.15631103515625,4247758.0
2012-09-24,478.3291395181032,479.4245497612744,466.27962684321966,470.8255615234375,4937020.0
2012-09-25,471.0627874378448,478.23773158859245,468.21474828593534,472.1947021484375,3823694.0
2012-09-26,472.92476551192806,476.50312095415387,468.10498165764386,469.4194641113281,3292812.0
2012-09-27,467.4113196766636,474.49497812996987,460.47372476749126,464.2894287109375,5605398.0
2012-09-28,466.93680521795267,476.50336842560387,466.0969730232056,473.1806335449219,2912996.0
2012-10-01,472.8519119915127,478.25595167178034,472.13991342787466,475.7547302246094,1795618.0
2012-10-03,475.0427206400207,483.8059991145484,475.0427206400207,482.94793701171875,2318230.0
2012-10-04,481.9802359442129,482.5827201536095,477.8359451026438,480.9396057128906,1319284.0
2012-10-05,478.4202876178765,481.74302216253585,385.2191592725508,476.13818359375,3836110.0
2012-10-08,478.32881160717136,480.2457782185742,469.364692766824,472.0119323730469,1685408.0
2012-10-09,473.910864782126,474.2394966800921,469.20059310419856,472.79718017578125,1291154.0
2012-10-10,469.56565022667763,475.31655146390176,469.20051364018724,470.7888488769531,1163978.0
2012-10-11,471.11768875055924,475.2437518287803,469.5841322390623,470.8255615234375,1635526.0
2012-10-12,466.93688455009874,479.66189112298457,464.8920831324088,474.1117858886719,2469542.0
2012-10-15,472.48680388501623,475.55396052176775,470.113415766583,472.7241516113281,814528.0
2012-10-16,473.58227497931665,478.40206133675105,470.2230353450258,473.1806335449219,1282744.0
2012-10-17,475.15226243761134,476.4667452472591,464.4537425207379,468.5250244140625,1597480.0
2012-10-18,469.657014780653,478.6941468434877,467.44792022524433,477.36138916015625,1447128.0
2012-10-19,477.96390364537535,478.8402405726401,468.1052135014295,470.916748046875,2825616.0
2012-10-22,483.8425034246849,487.4208599608304,475.7729934177919,481.57867431640625,5397342.0
2012-10-23,483.44080699379515,483.44080699379515,479.0226635180619,480.0085144042969,1136696.0
2012-10-25,480.1546207746256,483.4043453734234,476.22940239186727,480.28240966796875,2254470.0
2012-10-29,478.6941278293718,481.90734804190816,474.96975198641,477.7447814941406,815628.0
2012-10-30,476.2842173720282,482.7106129874994,476.2842173720282,478.8766784667969,805268.0
2012-10-31,479.0962963247596,481.91432141112494,477.2298388653316,481.43853759765625,999536.0
2012-11-01,481.219055530268,483.2135952723936,479.49895151891064,481.3471374511719,1579768.0
2012-11-02,484.87871793493423,489.6729659914224,482.49988813004313,487.184326171875,1673974.0
2012-11-05,488.9043157029498,491.6308021264406,485.0250030930232,486.5986633300781,1223826.0
2012-11-06,484.9150025799722,489.4530839918491,482.8838313031351,483.28643798828125,1297466.0
2012-11-07,484.9152682824015,487.9711404721421,483.6343600265612,487.2940979003906,1058390.0
2012-11-08,484.5493325655032,488.4652345283548,481.84111739118117,487.184326171875,1239044.0
2012-11-09,486.74512759823807,487.9345423837225,483.41477513378845,484.8969421386719,711382.0
2012-11-12,483.0853182298497,493.3325825559374,483.0853182298497,488.3919372558594,1466782.0
2012-11-15,483.1218776779395,483.8172366503903,472.47205182727225,473.6248779296875,1735402.0
2012-11-16,475.6927483638458,478.25456488443217,468.4830379226174,470.9350891113281,1598890.0
2012-11-19,472.14277206639366,473.9360525514954,460.57800937147255,461.98699951171875,1676286.0
2012-11-20,466.61658687851605,469.5077887831018,459.68140135903775,465.81146240234375,1256040.0
2012-11-21,467.074212561009,473.82641347414716,467.074212561009,469.2517395019531,941744.0
2012-11-22,469.2150695608623,469.94701726930276,465.15276871392615,467.1473083496094,611624.0
2012-11-23,469.17842334716505,472.61858608820614,465.2442048986611,471.5938415527344,749676.0
2012-11-26,471.37438533155813,474.1923665044817,470.2764636265933,473.4604187011719,456334.0
2012-11-27,475.72922797374633,475.72922797374633,471.48394193146027,474.0091247558594,1338160.0
2012-11-29,479.4256227763027,480.1575702919917,472.96617701544096,475.0705261230469,3470578.0
2012-11-30,473.93611507328677,484.9153300942896,472.5088081856484,480.8896179199219,3579294.0
2012-12-03,481.255627373525,483.81744440136885,477.66906566472613,481.9143981933594,1319512.0
2012-12-04,481.2919807060514,483.74403118242014,473.167382827986,475.5644836425781,1595120.0
2012-12-05,475.7658503534057,478.528969892577,471.59374088463187,474.997314453125,1790058.0
2012-12-06,473.93604916992757,473.93604916992757,464.4207308082147,468.7026062011719,2370092.0
2012-12-07,467.2202391786371,468.7024055611659,460.0471650345621,462.64556884765625,1957214.0
2012-12-10,461.89559486620243,463.61569879466265,450.58699377738026,452.7828369140625,3029430.0
2012-12-11,451.9776828847947,454.90547354315777,442.9564189838056,446.3782653808594,4926914.0
2012-12-12,448.2813019117116,454.17347096433554,446.89058364732523,448.6106872558594,2487948.0
2012-12-13,450.18437060135426,451.8312527311918,445.4267111151569,447.4212951660156,2297162.0
2012-12-14,445.3901650556771,455.63743261653076,445.0790962253451,454.868896484375,2196814.0
2012-12-17,453.4963291390049,457.06457279150055,439.93698538971154,441.1813049316406,4482898.0
2012-12-18,444.54829848200325,448.31784599569755,438.07058094436735,443.0661315917969,4688482.0
2012-12-19,445.0607906852886,452.5449827331955,445.0607906852886,451.11767578125,6642060.0
2012-12-20,449.10474253026825,459.29710358324445,449.10474253026825,458.2174987792969,2314030.0
2012-12-21,457.46719972418526,462.73723079991413,452.9657046090868,460.6511535644531,2457968.0
2012-12-24,461.8589544583816,465.1893072394576,461.16359527508183,463.3960266113281,1254818.0
2012-12-26,463.68888234576167,464.4757350825989,459.4070060376427,461.93218994140625,1435258.0
2012-12-27,462.920210528285,462.920210528285,456.60716326961966,457.8148498535156,1994158.0
2012-12-28,458.93117950258875,465.5187083949704,457.7417645636865,463.871826171875,1501622.0
2012-12-31,461.4928668789609,463.1763370777932,458.19910335643067,459.60809326171875,704170.0
2013-01-01,463.670268197087,464.01796994695053,461.1267693628676,462.64556884765625,509580.0
2013-01-02,463.688648944618,465.66491573611336,459.498268211099,462.3345642089844,1880246.0
2013-01-03,462.9569842979599,469.91048840994506,461.10879822995497,468.6661682128906,2635130.0
2013-01-04,470.2765155294828,476.1320986022235,468.77603130200373,475.47332763671875,5228760.0
2013-01-07,475.7659998278562,477.22989521194194,472.1977548291473,473.8812255859375,1820752.0
2013-01-08,473.93624183788273,477.3398172745703,473.68007795535885,475.85760498046875,2341870.0
2013-01-09,476.1321047796658,478.47434697406146,465.9397392963493,467.20233154296875,3135898.0
2013-01-10,468.4096313278978,469.2147553982947,459.40668947690483,460.54119873046875,4522838.0
2013-01-11,472.1060607745426,484.00020571653687,472.1060607745426,478.0897216796875,7805006.0
2013-01-14,482.71934450391797,493.49725286279585,478.4557416619082,488.3919372558594,5790224.0
2013-01-15,508.7035905530928,512.3633286146259,485.6472407654346,489.4716491699219,8262978.0
2013-01-16,489.2701920621101,495.8943063335811,479.05951807428613,493.2409973144531,4109492.0
2013-01-17,493.9546521598864,502.04270613144826,491.5026464028155,498.4561462402344,3028544.0
2013-01-18,498.639209388716,499.9384340059252,489.6911695194048,494.4305114746094,1440470.0
2013-01-21,494.97958913243804,495.85793523105576,485.68384521493226,486.74517822265625,1260038.0
2013-01-22,485.2810027091734,487.36703439852545,478.7300662113039,482.17022705078125,1386630.0
2013-01-23,482.6290609117809,485.56353363630626,476.2649321457666,481.23516845703125,1877654.0
2013-01-24,478.68590700108655,490.387127016414,478.68590700108655,487.32427978515625,3498470.0
2013-01-25,485.56334754861325,493.3580377358903,485.56334754861325,491.7073974609375,1521100.0
2013-01-28,491.63424372773744,495.17391564296577,490.77220654067105,493.3765869140625,2428154.0
2013-01-29,491.9641575667916,497.59471090481304,491.6340653251027,493.3396911621094,1731804.0
2013-01-30,491.89101446807257,495.1372661227963,489.98362501459155,493.78009033203125,2279144.0
2013-01-31,494.7703713193958,496.09087492590055,486.53552617096796,493.04638671875,4313168.0
2013-02-01,492.99142248000766,495.9258952328649,492.3128346112096,494.4953308105469,1484540.0
2013-02-04,494.82535554829764,501.72138286164255,493.4131498120754,497.5213928222656,2487304.0
2013-02-05,493.39471926425654,500.6942264662035,493.39471926425654,498.8785400390625,2161994.0
2013-02-06,499.77724178328907,504.69249113484057,499.59383729089154,502.7300720214844,3573706.0
2013-02-07,499.22705783931815,509.8645190276651,499.22705783931815,508.8191223144531,2612782.0
2013-02-08,508.3972489473302,527.1045070254787,508.0671119083007,521.8224487304688,6973618.0
2013-02-11,522.3359628454783,524.13333571787,518.0259575340777,518.9246215820312,2312126.0
2013-02-12,516.8524291465593,519.0349255873667,514.2113765108827,517.21923828125,2225502.0
2013-02-13,517.1272179719581,528.8100727717729,515.4031892332606,526.5175170898438,3822666.0
2013-02-14,524.5734683361843,534.0004851792722,524.1699874480988,531.029296875,2946958.0
2013-02-15,529.6721178680411,532.5332455565917,524.7752273956795,528.9935302734375,1820790.0
2013-02-18,528.2416709423966,528.9019451017373,520.8688184533901,522.8312377929688,952086.0
2013-02-19,521.455656830396,531.4695602755647,518.1910478290287,529.5071411132812,744294.0
2013-02-20,528.7551867697565,534.440726412442,528.7551867697565,532.900146484375,2261518.0
2013-02-21,528.4616094156249,534.385582611442,528.4616094156249,532.2581176757812,3849146.0
2013-02-22,531.8729358007123,537.0266190547525,529.0485250177418,533.74365234375,1310694.0
2013-02-25,532.9734176706661,541.0432147723554,532.4232042319145,540.5663452148438,1730030.0
2013-02-26,538.1088714785786,550.1952116560647,537.7420624318993,548.89306640625,2853670.0
2013-02-27,548.4711527501129,551.3322808372346,541.8869491647281,544.0510864257812,2556682.0
2013-02-28,545.1698426942568,559.3836905693803,544.8030337168342,556.44921875,4599424.0
2013-03-01,555.7521859654378,556.0823229488695,549.4797623861522,550.8919677734375,2537326.0
2013-03-04,546.912337306131,557.5131286545544,546.912337306131,555.0554809570312,3136076.0
2013-03-05,556.449160012171,565.9861924184441,553.3679559717709,564.9407958984375,3440054.0
2013-03-06,563.4737522983935,574.2395893653704,563.4737522983935,572.6622924804688,2299510.0
2013-03-07,572.5887872826369,586.0139862802833,571.9835435425762,583.1895751953125,3908702.0
2013-03-08,583.2264394045415,585.2989196696751,577.6876312309051,580.7138061523438,4341502.0
2013-03-11,577.724152806908,583.0612414624811,570.9932168707727,574.4962158203125,2221330.0
2013-03-12,571.4883121489256,575.1380430867813,567.8202228540031,572.4053344726562,1809452.0
2013-03-13,570.773206363738,571.7452144674825,567.820375775497,569.1775512695312,1794496.0
2013-03-14,571.1217306264667,578.4579121374039,566.2798687398475,575.0465698242188,3051218.0
2013-03-15,576.623910559873,579.7051159838139,572.4422778257034,575.9819946289062,4212398.0
2013-03-18,572.1669665213415,577.2289482499809,570.1678755327803,574.7713012695312,1694988.0
2013-03-19,573.8727995775542,573.8727995775542,565.0510233864561,567.3619384765625,3739910.0
2013-03-20,564.8857379103841,576.8620581272216,564.8673795537562,571.3599243164062,4168136.0
2013-03-21,573.3224596626839,577.5040911644656,569.9111180957461,572.2036743164062,1664604.0
2013-03-22,572.7353872608562,572.9921355631614,561.951197363981,565.67431640625,2714456.0
2013-03-25,568.0038829211738,569.2877147521226,560.6310290758827,566.1148071289062,1857316.0
2013-03-26,564.9224720576651,575.8900689502957,563.4735945718553,570.8831176757812,1781536.0
2013-03-28,570.7547900057513,580.8053653146205,565.491089940109,577.999267578125,3065662.0
2013-04-01,574.0559689862914,577.2471887307669,569.0123462555812,571.0664672851562,968812.0
2013-04-02,570.7548781201102,576.3303577335646,565.3444446674935,574.9181518554688,1130332.0
2013-04-03,575.8901677244802,577.7242128446218,561.5846157873752,566.133056640625,959932.0
2013-04-04,564.9226748986307,564.9226748986307,550.5804483246219,553.0747680664062,1126338.0
2013-04-05,552.0475652620155,553.6431755152819,544.3812479253378,549.6082763671875,1865248.0
2013-04-08,549.809996821224,549.809996821224,541.0432531204494,543.1524047851562,896416.0
2013-04-09,542.8772805336986,554.9819766537066,541.9969300424008,549.259765625,1672354.0
2013-04-10,553.8450348959898,564.4824981400986,550.5804251519808,561.3829345703125,2046284.0
2013-04-11,564.8860617531692,568.5908250210546,557.8066276141021,563.7489624023438,2244658.0
2013-04-12,543.5741991529154,559.200251674384,542.2720094525915,554.5234375,5032060.0
2013-04-15,555.1655007001146,555.3489052262793,531.2678819855737,540.1079711914062,5391496.0
2013-04-16,539.2090471042509,547.8106973260386,534.7889822429088,544.0325927734375,3071582.0
2013-04-17,548.3796204385582,549.846856881203,524.9038373562386,534.3125,5279004.0
2013-04-18,545.7934963094698,548.3428460180893,523.6015492613068,532.8818359375,8554458.0
2013-04-22,530.4057943185962,535.4677762413604,522.7028056044257,522.8128662109375,2962484.0
2013-04-23,522.500955127703,531.139323219103,522.3359090221013,524.738525390625,3384170.0
2013-04-25,524.7386983160284,524.7386983160284,513.0374808011312,514.3763427734375,7929194.0
2013-04-26,510.96499021859626,511.1300363751906,500.73100909739736,502.2899475097656,4754076.0
2013-04-29,500.69428453127136,507.9204039139109,500.69428453127136,502.8034362792969,3968916.0
2013-04-30,501.79467479783875,506.93000041711485,500.69424787942245,505.6094970703125,4020570.0
2013-05-02,503.81201887301154,527.7646577027195,503.81201887301154,525.96728515625,5630326.0
2013-05-03,523.0693644220072,530.8640516548036,516.4301338990126,520.3182983398438,3641790.0
2013-05-06,520.8687625953653,540.0895625084073,520.8687625953653,538.18212890625,3727118.0
2013-05-07,538.1455019951538,542.4555079618008,534.5874724269014,539.796142578125,2260180.0
2013-05-08,539.9427967669058,545.7383963275793,539.2091788365159,542.9139404296875,1768130.0
2013-05-09,544.0509396951774,551.4788198809357,543.9775958261556,549.644775390625,1949700.0
2013-05-10,549.6449308152224,554.2117297533484,546.9488936073952,548.7095947265625,1139714.0
2013-05-13,542.8773459915551,543.244155009117,530.2957787785867,532.4599609375,1862498.0
2013-05-14,533.7437269188491,539.4109524097531,529.580454036354,534.7891235351562,2250100.0
2013-05-15,534.8441028850134,541.8501446369045,531.8729594461622,539.7777099609375,3565926.0
2013-05-16,538.8423575365077,538.8423575365077,530.9376066069136,533.3585815429688,2415652.0
2013-05-17,533.7070014420166,542.3270114309427,533.3768644445912,540.60302734375,2900200.0
2013-05-20,539.6679432516484,542.1439049284189,535.9081495943301,540.0897827148438,1385504.0
2013-05-21,537.3753181567705,550.9472545197743,537.3753181567705,547.5909423828125,1898432.0
2013-05-22,549.479854366144,553.5697834657554,547.3890610818876,549.6265869140625,1846944.0
2013-05-23,548.3793840678733,560.0255683114552,542.2720060525564,547.5357055664062,3063962.0
2013-05-24,550.2135057084098,551.2955743590405,536.8616490145878,539.044189453125,1586612.0
2013-05-27,539.0259220953459,550.213598600217,535.5412359708779,549.47998046875,2023864.0
2013-05-28,549.4799424872336,556.2659097342389,546.6555307869156,555.3855590820312,1400254.0
2013-05-29,556.082390186243,560.3006932780252,544.7479842278094,549.2413940429688,1452038.0
2013-05-30,550.2134846416841,554.6151925188175,545.4449677747895,549.993408203125,2408346.0
2013-05-31,546.9120670106528,553.6063294002868,541.6850402132673,549.644775390625,1929868.0
2013-06-03,551.680905184499,552.7813325219681,534.4775488534318,538.9893188476562,3097612.0
2013-06-04,535.5412425389326,540.639897570459,531.9281821524455,537.503662109375,1305320.0
2013-06-05,535.9445747257373,540.1812362209704,532.8633704361574,538.4022216796875,1728676.0
2013-06-06,537.9952982555901,547.173471272164,537.3846910234699,544.3052978515625,2540452.0
2013-06-07,544.0645208523175,569.5635069023031,543.2873477144775,562.1432495117188,3550844.0
2013-06-10,564.4007568359375,571.672924567801,562.1987137989234,564.4007568359375,3360430.0
2013-06-11,566.3067459926649,570.6737878614693,552.1694497336655,555.7037963867188,2205468.0
2013-06-12,552.9468446461789,553.3169315571497,541.0855862555389,543.3245849609375,4805954.0
2013-06-13,540.3267277531894,541.8070749525133,531.1115574020764,535.0159912109375,3151342.0
2013-06-14,535.8854277476171,539.3087289953143,529.5939551842818,536.8846435546875,3105996.0
2013-06-17,537.7361585985425,542.1772005140157,528.4839879413067,537.5325927734375,2584162.0
2013-06-18,538.4761910901696,540.3266247365275,532.9804121958069,534.3312377929688,2291528.0
2013-06-19,538.4393132234025,538.4393132234025,526.837100672158,528.3729248046875,2139788.0
2013-06-20,525.8932969014218,530.3898601642959,517.7883876534746,519.786865234375,4172878.0
2013-06-21,521.3783075876952,529.9087813146128,521.0822200738266,526.35595703125,2848224.0
2013-06-24,523.6728121792377,530.7414608913526,518.1585099273285,522.0814208984375,1889164.0
2013-06-25,523.1174864905527,528.1506559598478,510.9786261440821,515.2716674804688,1860548.0
2013-06-26,516.9743359844114,535.7932434967012,511.1084683770669,532.0738525390625,2326488.0
2013-06-27,535.811747670058,554.0200022173774,533.6652259168058,552.132568359375,3820678.0
2013-06-28,553.2797714985946,564.1233329170045,539.6605590526,561.8472900390625,4817096.0
2013-07-01,559.5711638400629,561.3105534877068,548.9866918662399,552.2989501953125,1354652.0
2013-07-02,552.5764451311454,558.2757893711827,550.1894039764328,555.3336181640625,1657242.0
2013-07-03,554.2789349736667,562.1618012113951,542.1771157173757,551.3552856445312,1530906.0
2013-07-04,551.7438598042859,570.3037206169871,551.4292950806689,569.3045043945312,1917060.0
2013-07-05,570.6738046929185,576.5951930684611,563.2720692234901,566.3067626953125,1293012.0
2013-07-08,565.4927768550834,568.0833851260164,555.1303437713516,557.5914306640625,1658796.0
2013-07-09,553.3909007592864,563.1796801521008,553.3909007592864,556.9437255859375,1097326.0
2013-07-10,558.8309002967408,565.0483747415423,554.389860029482,559.5525512695312,1322624.0
2013-07-11,562.5317844696575,581.0361194851068,562.5317844696575,579.0191650390625,2335274.0
2013-07-12,590.2885211138006,601.3171272278274,584.4781756850826,595.7843017578125,3251536.0
2013-07-15,592.545988831765,609.6440267437158,591.8798596725646,607.5900268554688,2060570.0
2013-07-16,601.3911647321999,616.694247796369,598.6525128544031,610.4027709960938,2224986.0
2013-07-17,608.8112290179602,623.5776542710396,608.8112290179602,621.1906127929688,2999250.0
2013-07-18,621.745756891433,626.2978421107449,608.4226335294736,614.4920654296875,3445532.0
2013-07-19,636.179040013818,650.9825080769668,629.1473926838223,644.9871215820312,8550804.0
2013-07-22,644.3212117594564,650.9087758205219,639.6211267919961,646.356689453125,2974772.0
2013-07-23,646.911584624415,658.9208805818422,645.283194025967,647.5777587890625,1646502.0
2013-07-24,647.0967161902287,663.1954906564997,645.8014124975402,659.7907104492188,2181644.0
2013-07-25,658.7545068977969,669.8571109466362,653.8323343655003,664.5833740234375,4088808.0
2013-07-26,664.3058349059044,665.7676597588681,647.6889278275315,656.7190551757812,2379064.0
2013-07-29,652.0824367765367,665.6582054147847,651.8042446106765,659.9459838867188,1774262.0
2013-07-30,660.2426844652438,669.4971916219829,658.554967356969,664.8050537109375,2617484.0
2013-07-31,663.9520487237718,679.3453504120604,663.7480229995642,673.4105834960938,2826750.0
2013-08-01,671.3891672769021,680.5695111579244,663.9521433143374,673.3735961914062,2141178.0
2013-08-02,674.9682664985608,686.1701633119786,673.8554979906584,684.6679077148438,1846854.0
2013-08-05,682.4983149301698,696.3708440828572,682.4983149301698,692.58740234375,2355184.0
2013-08-06,694.738710552101,698.0584529635547,691.6415128629842,693.6630249023438,2305290.0
2013-08-07,695.109477591019,701.3780833230011,672.6500790803314,676.0811157226562,2694980.0
2013-08-08,669.5528883082969,688.4885196325706,661.6151295414161,684.5010986328125,2158628.0
2013-08-12,682.8691679461394,682.8691679461394,670.684357791104,672.854248046875,2077574.0
2013-08-13,675.1536429513804,684.296898763073,671.3516843611739,675.0053100585938,2168296.0
2013-08-14,676.748912735339,689.1748313851795,668.4031464779836,680.0872192382812,3302068.0
2013-08-16,676.63753346202,678.7889043852023,651.1737126980499,660.5765991210938,2779930.0
2013-08-19,666.9194202681571,670.2577265987541,651.1737601869788,659.2969360351562,2121352.0
2013-08-20,663.8778492952044,663.8778492952044,641.6966409363391,644.070556640625,2724844.0
2013-08-21,645.4428785366838,646.7781918160641,630.9954508279551,637.1713256835938,3623994.0
2013-08-22,632.4235412804829,666.6040953972127,628.7884787675184,659.853271484375,4260988.0
2013-08-23,665.4355212908592,681.7561249345592,661.8375881445089,678.584716796875,4032884.0
2013-08-26,676.2295986909974,696.8158217341346,672.854209013534,683.2400512695312,2663238.0
2013-08-27,682.1269618513687,696.9082249162337,678.7886569809705,682.0527954101562,1945284.0
2013-08-28,678.0471464345316,721.8531373754685,678.0471464345316,707.6838989257812,4444684.0
2013-08-29,705.1244616909801,730.7181428359972,696.7045296286551,722.2239990234375,5905182.0
2013-08-30,719.2195405384279,760.3919845816282,715.8812342646548,754.1604614257812,5282942.0
2013-09-02,749.2641353717771,767.4393544971322,748.3368282735448,762.9326782226562,2154034.0
2013-09-03,760.4290510207691,766.6976116224165,736.708505100177,742.2537841796875,2355064.0
2013-09-04,741.8458734206847,771.0746189449312,739.6017715421157,767.4766845703125,2626516.0
2013-09-05,767.4393227919852,767.4393227919852,734.8166785353724,738.4146118164062,3927492.0
2013-09-06,745.1839682978103,751.1187336003314,732.572592029953,737.6913452148438,2759596.0
2013-09-10,736.6529644037225,748.0402806362559,734.7983496897152,737.3577270507812,4300972.0
2013-09-11,744.8130455678952,748.5222738824763,735.7254361971713,739.5459594726562,3008494.0
2013-09-12,739.9912727388443,741.3080673005533,721.7418820188619,729.9392700195312,1905568.0
2013-09-13,728.8633726270094,738.1364435255718,722.0198644153369,724.6904907226562,2096320.0
2013-09-16,723.2996758565068,736.2819777308544,702.5465571145558,705.6994018554688,2460506.0
2013-09-17,704.7536059462776,724.2456251064219,703.6779203340972,722.3538818359375,3327816.0
2013-09-18,720.3505964371349,728.7890896051322,718.8112578584497,724.9685668945312,2109818.0
2013-09-19,722.5577355997947,738.1364958129319,714.5828940621172,729.3456420898438,3907240.0
2013-09-20,723.2994716483054,738.0993006623802,719.961166394544,723.4107666015625,3591858.0
2013-09-23,723.2994648723644,733.3885469888627,719.5902368473779,725.191162109375,2988758.0
2013-09-24,725.1542117184479,733.6483545073546,714.3974484755655,719.4049072265625,4940300.0
2013-09-25,720.1467794138008,731.0704402380704,712.2461038717297,726.656494140625,4333858.0
2013-09-26,725.0800680127112,732.2388524697631,717.7728600684185,720.6660766601562,4919704.0
2013-09-27,720.7399907312206,727.7318755543345,718.6442681255967,722.5946044921875,1784666.0
2013-09-30,724.783161832506,727.6948967994884,712.1717864474982,715.0650024414062,1987350.0
2013-10-01,716.6230728385935,725.0986524031284,710.9479341192398,722.9473266601562,1591994.0
2013-10-03,731.3857579521721,755.5328285513873,727.1572280352023,750.970458984375,4672354.0
2013-10-04,753.7154312639866,767.439580356884,751.8422522628083,754.3088989257812,1934032.0
2013-10-07,754.8280801965882,778.0849272587436,751.230146279602,775.1361083984375,1993878.0
2013-10-08,772.6325068255039,778.1963510897298,762.8216128843911,764.6390991210938,1828106.0
2013-10-09,762.431908577435,778.0662702851936,758.5743019302613,775.5440673828125,1775858.0
2013-10-10,774.4870978722206,778.1963272681603,766.7904468756456,771.5197143554688,1164320.0
2013-10-11,780.050783647612,793.0330838985233,772.409736419854,787.1168823242188,2284448.0
2013-10-14,789.1382904104453,825.3032649415937,788.2109833711851,820.7594604492188,4374460.0
2013-10-15,829.0126787497584,837.8592261083495,816.4013001915965,821.7425537109375,4665092.0
2013-10-17,827.1582789605303,827.1582789605303,777.3433026138994,782.0725708007812,6687214.0
2013-10-18,780.7185822861566,791.4753469958989,764.6761659517992,786.59765625,5346166.0
2013-10-21,788.2111355423938,789.3053399485011,760.3919189938387,768.42236328125,3685372.0
2013-10-22,774.4868278464843,781.7754248453848,770.35107473489,774.9876098632812,2044614.0
2013-10-23,774.6724876428344,780.0508697691553,758.9639116606598,764.5277099609375,2455496.0
2013-10-24,757.4243795452765,772.3911511818467,742.5318196380537,745.0726318359375,3617758.0
2013-10-25,741.4677403186774,770.0857934537843,741.4677403186774,768.5062255859375,2527402.0
2013-10-28,768.5989419843223,776.701212034856,762.8567678429237,767.0936889648438,1803942.0
2013-10-29,767.4842486070551,775.2148587018945,761.1288191088603,769.2682495117188,1829076.0
2013-10-30,769.4352371520548,780.4922101288806,769.4352371520548,777.5003051757812,2114874.0
2013-10-31,776.4039148790127,791.2704331150877,772.8359142071442,784.9707641601562,3523076.0
2013-11-01,784.2087424942707,796.0833543574221,777.1843497690305,779.6001586914062,1346480.0
2013-11-05,780.4923689914147,782.3506841556799,755.107765699942,758.9359130859375,2261286.0
2013-11-06,766.7406828208183,781.8116339244993,765.2726322834299,777.1844482421875,1667750.0
2013-11-07,780.4924652307132,798.3880061739949,773.170720728303,788.6504516601562,1956948.0
2013-11-08,791.6421838105529,792.2925940554677,769.7883814338093,777.0916137695312,1609346.0
2013-11-11,776.7758313066469,795.3589851656575,761.9093082194382,778.5040283203125,1961138.0
2013-11-12,779.3216958429939,788.5574681115472,772.6874741635421,775.7164916992188,1000682.0
2013-11-13,780.1019614870269,782.796517980679,759.5490267637512,761.5374145507812,1208338.0
2013-11-14,770.0857832242782,770.0857832242782,751.4468735574732,753.0635986328125,2129704.0
2013-11-18,760.4224641505052,765.5885433253272,755.3120981279884,759.6791381835938,2831602.0
2013-11-19,761.8905981505069,763.7675145699296,751.2052862070103,754.4387817382812,2077864.0
2013-11-20,760.738208444447,761.871753083917,749.6440797978879,752.0970458984375,1658696.0
2013-11-21,751.9487462637486,756.2228718028601,735.8929189079149,738.3458862304688,2302882.0
2013-11-22,739.9810959856355,747.4143566183391,737.7882750251835,743.6419677734375,1494494.0
2013-11-25,746.2992576524276,753.305095693539,740.7614702225383,748.25048828125,1950998.0
2013-11-26,744.4781383069533,749.4398302303706,738.4943731444082,740.9844970703125,2047412.0
2013-11-27,746.6709354354988,748.4177333140478,734.0343939696915,738.2899169921875,2120978.0
2013-11-28,740.7613687578084,742.0436330739504,732.1759642407668,737.6022338867188,2805722.0
2013-11-29,740.352719899072,748.7894521238078,736.5617753243052,744.9427490234375,1924812.0
2013-12-02,741.4675657504614,751.1308021963321,741.4675657504614,748.4920043945312,1253260.0
2013-12-03,749.2911195162208,758.9357550629761,748.919456560754,751.0565185546875,1449184.0
2013-12-04,750.7221060000892,755.0705449711695,740.9659522081614,743.3446044921875,1519036.0
2013-12-05,749.2725779088581,755.7952814445107,737.026300698282,738.5501098632812,1397190.0
2013-12-06,739.9809552802686,747.0425515385936,739.9809552802686,743.4374389648438,1446962.0
2013-12-09,754.1041485944942,754.4572102601784,743.3259227151249,745.1284790039062,1826340.0
2013-12-10,743.3258851540932,776.4038870434503,743.3258851540932,774.0809936523438,3653334.0
2013-12-11,772.6874454389223,775.6050365425557,759.3075762538327,764.901123046875,1556062.0
2013-12-12,760.0508429253099,767.1124399989435,752.6547400743844,754.0670776367188,1655964.0
2013-12-13,757.4304517005173,760.0506935103452,741.4675469697501,743.994873046875,3463350.0
2013-12-16,748.4176470523724,758.118086119454,745.2399561243728,750.4432373046875,2858500.0
2013-12-17,755.0705419515995,767.800045074418,754.4758902252256,760.180908203125,2995474.0
2013-12-18,758.1925257438434,769.7140788311273,757.4491997382121,764.0648193359375,1587990.0
2013-12-19,771.5537074922858,784.2088494906768,766.610571952156,773.616455078125,2161986.0
2013-12-20,776.0696185966437,791.6422634462126,775.2333767690598,788.1300659179688,1965812.0
2013-12-23,791.6238632353285,796.6413154753668,779.730643110793,783.8561401367188,1321224.0
2013-12-24,787.8509794882036,791.2702597858961,782.0716036423071,784.4688110351562,870156.0
2013-12-26,786.0671873171023,786.8105132625558,777.314506161781,780.603759765625,2297194.0
2013-12-27,783.0938275351181,806.4713905526559,782.3505016428207,803.0335083007812,2479946.0
2013-12-30,806.5085935278645,808.459823996077,797.8488287308592,801.3239135742188,1668776.0
2013-12-31,802.8294573192926,812.0652304365011,799.4100843846865,807.2708129882812,1245776.0
2014-01-01,810.2624036876682,811.8976843121086,799.4841785354361,800.3018188476562,529952.0
2014-01-02,805.0218917642478,813.5701389990483,801.3609756750063,805.3935546875,1726948.0
2014-01-03,804.5388033107978,828.4739527330214,798.0533027101017,825.909423828125,2618174.0
2014-01-06,828.4368008727841,834.0117456969616,816.543585247872,832.37646484375,2311810.0
2014-01-07,832.5252894131395,838.6391288596561,817.2871033122741,819.9444580078125,2897486.0
2014-01-08,822.1185305437962,834.0117461755328,821.3752045668126,829.7933349609375,2550020.0
2014-01-09,828.3439442816623,838.2859299281163,825.8724215283208,833.2498779296875,2582206.0
2014-01-10,839.9584145297983,858.4672508382844,830.6668391478316,847.7261352539062,3369334.0
2014-01-13,849.2501101531581,886.0447538753299,849.2501101531581,880.3768920898438,3814316.0
2014-01-14,881.5847823504821,886.3420876878422,862.2583031421242,864.7670288085938,2974964.0
2014-01-15,870.6018752673199,883.888825976869,864.8597007306585,874.7459716796875,3048854.0
2014-01-16,884.5574711049713,884.5946736804655,864.1160169407808,873.5191040039062,2997962.0
2014-01-17,854.081604943951,854.081604943951,819.907209003397,822.5088500976562,7564756.0
2014-01-20,824.7015296660866,873.4079800636235,823.4193105663651,869.0223388671875,6010558.0
2014-01-21,867.4612717581775,869.4125021252429,845.5703616495477,847.5029907226562,3132282.0
2014-01-22,850.0305183474641,853.6542327456143,841.4822689979815,845.1802978515625,2384030.0
2014-01-23,842.9688014852413,846.1650485197114,831.5215640933992,837.1522216796875,2290762.0
2014-01-24,834.0117470217981,848.5995193349022,830.666780121978,835.758544921875,1850266.0
2014-01-27,828.7961891244423,841.2690877478335,826.5995060252931,830.1365966796875,2532948.0
2014-01-28,831.0298994039365,836.9312905602161,817.6634602312942,823.7137451171875,2852166.0
2014-01-29,834.0086093320316,834.0086093320316,820.9772248112187,822.764404296875,1698076.0
2014-01-30,818.389601681628,829.1684003813596,815.392364991099,825.6685791015625,2225250.0
2014-01-31,828.4609664582473,845.1038872812228,826.9343965432812,834.3995361328125,2174246.0
2014-02-03,827.3066503998958,835.5908866606508,815.6901215535213,817.049072265625,1362480.0
2014-02-04,809.4352686074446,809.8075939379909,786.3697325600552,801.0021362304688,2694166.0
2014-02-05,805.6374191146301,819.1155754026752,796.776059709875,817.030517578125,1853650.0
2014-02-06,811.6690576603983,815.3550413330045,798.6376737071349,809.9005126953125,1922652.0
2014-02-07,815.3923760357818,817.2540024650873,793.4251841699777,798.414306640625,1990912.0
2014-02-10,798.2654211030648,798.2654211030648,776.3354979000037,779.4816284179688,4019270.0
2014-02-11,781.8831784120067,791.7497994729201,780.3938771197934,782.51611328125,3568786.0
2014-02-12,788.5848090248486,790.6698665983965,780.0213290401596,783.912109375,3074348.0
2014-02-13,784.4895758675217,796.1805564427139,780.5801593764875,794.4492797851562,2094350.0
2014-02-14,795.9942421887046,813.4377192848353,792.345526878286,807.1640014648438,1910062.0
2014-02-17,804.2223905397815,813.9028452407233,799.4566100455312,806.23291015625,1670394.0
2014-02-18,806.0842787019653,815.7647365524277,802.6775385490993,806.4566040039062,1526916.0
2014-02-19,807.945942502574,824.7005818632264,805.0604212793505,818.3524169921875,1072918.0
2014-02-20,821.3495086967741,827.3067127489719,812.7115810010313,815.1503295898438,1587924.0
2014-02-21,818.3708458763898,823.9557242604416,815.6714879907647,821.2377319335938,1717860.0
2014-02-24,820.6047480920172,821.0701545961529,807.9829600597409,810.8870239257812,2450424.0
2014-02-25,815.0198738608573,818.929288513913,811.6689470153809,814.9826049804688,3305374.0
2014-02-26,816.8816342223604,817.2539594886422,810.6079171256221,812.4695434570312,3859712.0
2014-02-28,804.5949480672152,848.901657377719,804.2784352122487,847.3192749023438,3988192.0
2014-03-03,845.8485487532424,855.9757777040286,829.5406840907245,834.0272216796875,1606078.0
2014-03-04,831.4767443364243,839.2211278487796,828.051370157802,834.2505493164062,2030332.0
2014-03-05,839.5376412111306,851.228617908576,834.9580223749697,838.439208984375,2302006.0
2014-03-06,838.7928297919619,841.4549185061154,831.0856257389795,834.2876586914062,1314562.0
2014-03-07,836.0563972923342,837.7504954578859,801.5418627984873,829.7268676757812,4698472.0
2014-03-10,829.5780889695727,829.7269827389556,794.9145650202694,797.7628173828125,3829768.0
2014-03-11,802.3609735012127,810.7941046818338,790.0742393362289,801.1136474609375,2550254.0
2014-03-12,801.6163091866979,815.2992629083008,801.6163091866979,811.4642944335938,1669788.0
2014-03-13,799.7732992149813,819.8602289700664,795.6032744501189,800.331787109375,2019884.0
2014-03-14,797.1484961026848,804.4088397150166,790.9306815479681,796.608642578125,2161246.0
2014-03-18,795.1005484448863,801.169468024807,783.4653847179359,790.0741577148438,2565842.0
2014-03-19,772.5747129979982,772.5747129979982,749.509187336865,759.3199462890625,8652662.0
2014-03-20,758.798881078082,790.4092593421036,748.8950382364169,784.9360961914062,5728956.0
2014-03-21,791.19114053042,798.637645382471,776.2981308263179,791.935791015625,4680776.0
2014-03-24,795.6405834328368,803.4594152416618,791.619451751208,801.467529296875,2183014.0
2014-03-25,798.2650227837298,808.6901256932189,793.0524713289853,799.2516479492188,2249968.0
2014-03-26,799.7734385414158,803.6642200368841,777.24775621006,779.4630737304688,3192350.0
2014-03-27,782.236626138789,787.4678134815754,768.8701875558884,779.7420654296875,5012476.0
2014-03-28,780.766082810833,790.3907272969312,774.4551877320063,782.6649780273438,2971162.0
2014-03-31,783.3722808502592,798.6189807790703,775.1811258223573,794.2255249023438,2683268.0
2014-04-01,798.6376761865473,813.5306864650844,798.6004073009626,810.4403686523438,2755932.0
2014-04-02,815.3925274930048,819.8604317532404,804.6137266451352,808.7837524414062,3763016.0
2014-04-03,809.0070632417869,812.4138033717437,799.6058494310001,806.6427612304688,1581194.0
2014-04-04,808.6905700780643,814.2754497056752,793.0529071207537,796.3480224609375,1694656.0
2014-04-07,793.0901542162884,806.4379616196223,789.5902418726612,801.9142456054688,2594986.0
2014-04-09,801.244120104783,804.9673734509947,783.7448293775874,796.9251098632812,3350500.0
2014-04-10,796.9251430754034,799.9968272140417,787.5425624318755,791.6195068359375,2152886.0
2014-04-11,788.5848546291049,809.7701243260627,781.8830003404723,805.7490844726562,2340742.0
2014-04-15,812.0414587411827,840.7105061153555,809.4538161516415,838.7557983398438,3597244.0
2014-04-16,842.9445035012608,842.9445035012608,813.232925524759,817.7380981445312,3475910.0
2014-04-17,826.5621387286412,829.1684157426504,797.7813758082793,827.641845703125,7681438.0
2014-04-21,826.5621148473542,835.0883273298082,823.3229031177625,827.2136840820312,1842594.0
2014-04-22,831.7560236161312,837.6945935275255,826.524835361997,826.9530639648438,1486274.0
2014-04-23,830.8064893604873,835.4605547774921,819.5251075094396,824.2349853515625,1938992.0
2014-04-24,824.2349853515625,824.2349853515625,824.2349853515625,824.2349853515625,0.0
2014-04-25,829.1683255922037,832.1469275700832,816.5837140557192,821.0702514648438,3160448.0
2014-04-28,821.0702430195404,827.5673003370193,811.7062995077841,815.8949584960938,2550766.0
2014-04-29,813.9029263273328,821.4797808714632,810.5147304845669,816.974609375,1846180.0
2014-04-30,813.5679423973054,821.2006100435308,812.0413725081725,815.0944213867188,2397378.0
2014-05-02,812.1345499383638,826.5248862341131,812.1345499383638,822.2617797851562,1917778.0
2014-05-05,823.1367846979286,829.9130869226448,820.6607669333098,824.2164916992188,1314478.0
2014-05-06,824.2164257866206,827.1578499372131,815.3923351342901,818.7059936523438,961232.0
2014-05-07,815.7832957890408,820.2325645571021,796.8133415839721,806.2890014648438,4716182.0
2014-05-08,806.1214500572154,812.3392636673711,799.6243016046695,804.98583984375,2606900.0
2014-05-09,801.2439695036143,813.4189874773723,801.2439695036143,804.185302734375,1799440.0
2014-05-12,801.616410758174,806.7172494418528,790.5024636406708,803.980712890625,2886064.0
2014-05-13,806.3821755463309,833.6363700911137,806.3821755463309,823.192626953125,2547484.0
2014-05-14,824.4770817122427,833.1522791060074,819.525228099674,825.110107421875,1389228.0
2014-05-15,825.1101237992312,828.4237825696176,808.374029045063,816.565185546875,2520196.0
2014-05-16,819.1343567071518,838.997858432133,781.9762707628283,804.501953125,5241798.0
2014-05-19,800.4994816791437,804.2227350823026,744.4645179616037,758.3150024414062,6516606.0
2014-05-20,755.0756334264197,804.2225681464826,755.0756334264197,770.0430908203125,4702114.0
2014-05-21,767.4367844893628,777.7874445838257,765.4262645061424,775.4976806640625,4116946.0
2014-05-22,780.6729499013184,790.8188127294147,772.612144784938,786.332275390625,4216842.0
2014-05-23,788.9573371724571,800.127096547244,780.3938549851202,792.27099609375,3094780.0
2014-05-26,800.1271428610289,807.7970811022358,794.3933690766439,801.98876953125,2650850.0
2014-05-27,804.2782443560828,813.3816682151237,788.5847735372151,793.592529296875,1795094.0
2014-05-28,796.7760519116827,803.7571504973575,790.2417254555469,800.7041015625,1887488.0
2014-05-29,798.6377346728976,811.6691196209403,794.9889287075002,804.2039794921875,2820710.0
2014-05-30,803.7758668261049,806.8289160719966,793.1086925606263,797.27880859375,2585648.0
2014-06-02,798.2651911434679,803.3846624019673,787.8587204743133,792.996826171875,1095158.0
2014-06-03,792.9969006623886,796.0313148244026,783.8190295133843,792.531494140625,2484628.0
2014-06-04,793.0529953136218,794.8773531682956,773.3197517682594,777.8807373046875,2141062.0
2014-06-05,775.590727171779,787.9890846781298,769.9685798084561,783.4281005859375,4348470.0
2014-06-06,789.4426879620571,792.3183646921747,772.8468166194374,783.4659423828125,3361586.0
2014-06-09,784.4996993864145,796.1525459034144,781.8684114632209,794.5737915039062,2666196.0
2014-06-10,795.0247786087937,812.2972844043043,795.0247786087937,811.2447509765625,2628068.0
2014-06-11,813.819530216102,832.238540368799,803.7454410026733,829.5884399414062,3544562.0
2014-06-12,845.3949850810536,847.2744759327234,820.8864427296829,841.0158081054688,2734338.0
2014-06-13,841.2600887026053,841.6359868655645,821.3562993283201,832.0693969726562,1904022.0
2014-06-16,830.7351475159021,855.9015174538885,830.7351475159021,853.195068359375,2439906.0
2014-06-17,858.8898508757776,863.4382562833399,853.6649020546212,856.9916381835938,1918144.0
2014-06-18,861.9346976051406,861.9346976051406,834.9828111107519,837.1442260742188,1948824.0
2014-06-19,838.2529800108359,860.4309736523783,830.7726425930902,855.5631103515625,1896354.0
2014-06-20,858.8893220679297,864.1895206913555,850.2812943905377,861.7085571289062,1155674.0
2014-06-23,861.9344711353773,864.5281317012499,847.2932563233063,852.8565673828125,1262734.0
2014-06-24,852.9135117012089,871.8963818382344,847.6509338414394,867.96826171875,1479100.0
2014-06-25,868.3246707818342,872.0836520406301,861.9344026418813,868.5314331054688,1028422.0
2014-06-26,863.0621076679615,881.1615659435728,861.2389650261503,867.4412841796875,2036182.0
2014-06-27,870.9562744052865,904.749491502702,870.2044778801202,901.9866943359375,3058836.0
2014-06-30,902.3622944300586,915.3119669426695,893.3595523703831,911.7033081054688,2146470.0
2014-07-01,909.2600861023775,909.2977126298135,895.5022675474605,898.6785888671875,1092790.0
2014-07-02,902.1556672929445,906.5724710807328,895.9533470803055,902.7571411132812,907740.0
2014-07-03,901.7799587488255,919.0712793417583,899.1486708325097,908.8843994140625,1526762.0
2014-07-04,906.8164645438618,911.7407659543695,902.5312632679618,906.102294921875,536136.0
2014-07-07,909.6922629789754,938.9935030566262,906.0647910604914,935.4412841796875,2204902.0
2014-07-08,934.0881597427201,934.5392192022433,914.6542422804586,920.7437744140625,2500588.0
2014-07-09,928.4687152531117,929.464808947301,895.2393453107626,901.4603881835938,1554242.0
2014-07-10,901.9866160667631,909.5233939319658,877.7223669681209,884.0374755859375,1990562.0
2014-07-11,891.2545423901524,905.9145707128922,887.5331872939543,900.0693359375,1329446.0
2014-07-14,909.2225870106222,916.8157123170644,896.611184011594,912.0230102539062,1587924.0
2014-07-15,912.004079652697,913.4325109872436,899.806202952969,901.8924560546875,1389656.0
2014-07-16,905.7831902853409,911.177366934547,897.2127835189308,902.8512573242188,1407240.0
2014-07-17,905.9148759996831,913.3576804722634,892.758435891804,895.3709106445312,1790220.0
2014-07-18,921.7023579492467,934.106998166345,915.3120887464991,917.6426391601562,3507488.0
2014-07-21,927.7167078893962,928.41215623094,918.3380666563439,926.119140625,981072.0
2014-07-22,926.5889992827332,954.781362344074,925.4236782340585,951.9244995117188,2399016.0
2014-07-23,954.7813642572787,975.9444498588018,951.8869666649176,972.1290283203125,2065858.0
2014-07-24,975.4182790712697,978.0871932096694,964.9307551764879,975.5310668945312,1481418.0
2014-07-25,975.0798396293803,982.7294039929495,964.9305891783421,979.4966430664062,1806914.0
2014-07-28,985.7697585252018,994.3760951401756,977.2973356114637,990.417236328125,1314922.0
2014-07-30,988.6957913247822,998.3348679243508,984.0292638757948,992.616455078125,1899252.0
2014-07-31,984.9858967051315,993.7451992522629,982.7482113852487,986.8792724609375,2407210.0
2014-08-01,984.947604212367,989.9010113507769,960.0848491545792,962.5328369140625,2381882.0
2014-08-04,968.499633844643,972.2863841586317,951.6694664318608,966.2237548828125,1828636.0
2014-08-05,973.4342603366931,973.4725480854111,952.4731186849353,965.3251953125,1404656.0
2014-08-06,962.4368253727325,969.5897205931834,952.5300150646649,958.8030395507812,1837562.0
2014-08-07,952.4344436765969,954.3469626398029,940.5959699712946,944.7078857421875,1672656.0
2014-08-08,942.8718990559705,959.2047931943166,942.8718990559705,948.1121826171875,1464790.0
2014-08-11,952.7790069275976,954.5577062423641,939.0471531217936,944.1726684570312,1290896.0
2014-08-12,952.3958343138429,952.3958343138429,933.3854209164451,945.4534301757812,984552.0
2014-08-13,944.784609048354,967.7348424665327,944.784609048354,956.2788696289062,2768378.0
2014-08-14,961.6148654904554,968.4999361264252,952.4539151823227,956.1641845703125,1578056.0
2014-08-18,952.836098910347,958.1720081831663,944.7843753342997,951.5164794921875,1373260.0
2014-08-19,956.259643980194,958.1338755285028,931.3968932367089,932.7356567382812,3234156.0
2014-08-20,935.030574262114,939.0660081808111,929.5034128212067,931.8557739257812,2056758.0
2014-08-21,935.9871429087608,940.9596941379451,929.4845759167506,930.4216918945312,2265450.0
2014-08-22,934.8392987550334,944.0958721525054,931.702786233208,942.5658569335938,3096238.0
2014-08-25,944.7845037088407,967.1609787966817,943.5987044272175,964.69384765625,3143512.0
2014-08-26,967.3520125847368,975.3845915741713,956.2594035040894,969.1880493164062,1815490.0
2014-08-27,969.2649259258018,982.0405194029698,961.6339914566499,975.3658447265625,1435460.0
2014-08-28,974.2372143772094,975.1169918264611,961.232084699618,964.8085327148438,1766288.0
2014-09-01,965.9749412501932,979.2096084685329,965.0761134607426,970.4693603515625,810148.0
2014-09-02,973.7779387784311,977.220472080699,961.6525901573818,970.756103515625,1407940.0
2014-09-03,971.177642145133,1000.6304497249578,971.177642145133,996.9583740234375,3061690.0
2014-09-04,1002.9253348119831,1005.0099626166215,985.884765537827,988.6770629882812,1701598.0
2014-09-05,994.4714843775071,1002.848372719542,988.0263520775592,993.9743041992188,1467060.0
2014-09-08,999.1000461083695,1013.6351922615542,994.1466399778483,1010.8428955078125,1697342.0
2014-09-09,1014.4002117354513,1020.137769494136,1004.1108955087684,1006.4632568359375,1418098.0
2014-09-10,1009.0450675451217,1010.861960672809,991.1438702627523,994.5672607421875,1258768.0
2014-09-11,998.3351613225115,1003.8431800310847,991.2588392978117,993.8790283203125,1075622.0
2014-09-12,998.334780721917,1003.8237468510321,991.9086990886052,997.4168090820312,1196210.0
2014-09-15,999.8649526753882,1001.6245075435476,976.9147242283632,978.5595092773438,1151544.0
2014-09-16,981.5052251652472,984.947761029038,973.090137498203,975.7103271484375,1535608.0
2014-09-17,979.5923840551069,996.3269279061068,979.5923840551069,991.1439819335938,1657700.0
2014-09-18,991.3349697794382,1014.3234829624015,987.2421982505366,1010.689697265625,1483078.0
2014-09-19,1010.9577589127927,1048.060635422267,1010.5752550312517,1038.1920166015625,3587864.0
2014-09-22,1038.1153285919452,1045.7654047053713,1023.675809927853,1041.098876953125,999584.0
2014-09-23,1041.9404826159466,1064.2978138688475,1026.3725946693721,1028.246826171875,2055990.0
2014-09-24,1030.0823981306382,1035.4183057269734,1007.0365516815589,1010.9572143554688,2442132.0
2014-09-25,1017.8234430325679,1042.3228295001472,1017.4600831084006,1036.0498046875,2473158.0
2014-09-26,1036.5852349134918,1042.284503832748,1021.3233715762146,1026.64013671875,1612712.0
2014-09-29,1031.0009119804533,1061.6203659895273,1023.3126400890492,1058.7515869140625,2089534.0
2014-09-30,1060.6642152223583,1062.0794610346454,1035.8779427879758,1046.76025390625,2788954.0
2014-10-01,1052.6507271002945,1071.7759219967388,1046.9131686313613,1061.6778564453125,2142022.0
2014-10-07,1047.9074875242104,1086.1960633235906,1042.5524341213836,1044.7518310546875,3457674.0
2014-10-08,1047.2954564748266,1048.04132024497,1013.3482425368643,1026.334228515625,1962442.0
2014-10-09,1035.8209374411595,1041.6732679138493,1027.5971006040158,1035.0750732421875,1685176.0
2014-10-10,1035.0554775731518,1043.2601669501387,1020.7115823739674,1024.53662109375,2344362.0
2014-10-13,1025.1101659217961,1042.2463545365363,1021.2851279892521,1039.0906982421875,2209532.0
2014-10-14,1044.235976498751,1046.4162307397612,1024.6517893160947,1032.454833984375,2369406.0
2014-10-15,1032.454833984375,1032.454833984375,1032.454833984375,1032.454833984375,0.0
2014-10-16,1044.235456353609,1055.1751032502507,1019.085829520184,1024.383544921875,3848014.0
2014-10-17,946.6971844543676,960.601239042575,929.4845083733792,933.7493896484375,9892812.0
2014-10-20,952.434619871352,953.8116711334926,924.8751978362806,926.921630859375,3399242.0
2014-10-21,927.8969608071626,934.7437420652287,923.7467568644613,930.7847900390625,1950732.0
2014-10-22,950.5223147668902,952.0523305653078,935.2604445315767,937.8423461914062,2067664.0
2014-10-27,963.5268494337416,963.7945833548985,935.20243091537,939.8689575195312,2797208.0
2014-10-28,950.4834291276626,950.4834291276626,938.4537061567104,948.07373046875,2289958.0
2014-10-29,948.610402038777,963.5582023133275,947.8438481785437,960.5111694335938,2425016.0
2014-10-30,966.5480212841779,986.8999751870487,961.6420566447871,980.499267578125,4111292.0
2014-10-31,981.5722464681362,1004.1855860002017,981.5722464681362,999.52880859375,3170070.0
2014-11-03,1015.3014389909061,1015.3014389909061,989.0469472691707,992.822265625,2541632.0
2014-11-05,1011.0850882437578,1011.0850882437578,992.6877856525142,996.3289184570312,2310642.0
2014-11-07,998.3600627214048,1002.5377450707502,980.039401307258,986.1143798828125,2126740.0
2014-11-10,986.9768744578699,989.6214489563514,977.7398591354192,984.887939453125,1541964.0
2014-11-11,988.0882175728465,994.2206502653079,979.426118965346,989.123046875,1249940.0
2014-11-12,988.8543458020341,1000.7359290267872,986.9379614109449,993.3578491210938,1320582.0
2014-11-13,994.6039281745803,998.3983334769458,983.1630709933468,992.0934448242188,1645540.0
2014-11-14,990.8477944636023,1000.7938150309612,986.9383873333309,998.992431640625,1457174.0
2014-11-17,994.6419905911823,1006.1019332779899,993.5496139199503,1003.5339965820312,1570552.0
2014-11-18,1004.1859203700427,1006.7346754484508,988.7590183490908,991.0970458984375,1467026.0
2014-11-19,995.7536962345191,995.7536962345191,980.2117943857526,986.459228515625,1865746.0
2014-11-20,991.9213290800543,1000.4492462253523,981.4003893391003,998.6094970703125,1795386.0
2014-11-21,999.5864334099356,1011.8512976235544,991.4034318880166,1005.009765625,2001594.0
2014-11-24,1004.9522838590221,1021.4331946927132,1004.9522838590221,1018.63525390625,1942766.0
2014-11-25,1019.5171938535838,1026.9527329507769,1002.6529996695396,1010.3185424804688,2371684.0
2014-11-26,1008.0377764861864,1018.1179811400842,1002.2694384412616,1006.9837646484375,1584800.0
2014-11-27,1006.9834090874748,1022.582760063405,1006.2168552943239,1016.9486083984375,1732418.0
2014-11-28,1018.8842537714661,1031.7431197813796,1010.0688844725146,1013.0009155273438,1989768.0
2014-12-01,1015.8756624352704,1034.8478734484927,1013.8634582368984,1032.145751953125,1896354.0
2014-12-02,1032.1649648654516,1039.0447683265193,1015.4349611821924,1018.4819946289062,1436572.0
2014-12-03,1024.0776676969926,1024.65258313458,1003.6107155482745,1010.0689697265625,3094670.0
2014-12-04,1021.0502445941214,1022.2000759506464,1007.9804574122155,1011.0658569335938,1285308.0
2014-12-05,1012.196263626354,1015.6074853122713,985.8459680083515,988.4522705078125,2359676.0
2014-12-08,994.6034847556393,994.6034847556393,958.8245512561459,963.09814453125,3232574.0
2014-12-09,964.3251916885112,980.8061071267488,961.6806171057334,963.8844604492188,2487940.0
2014-12-10,963.9417022118972,970.4190463997497,956.736075544283,961.2203979492188,2087970.0
2014-12-11,958.4225424955971,966.9695450834083,953.2099376548197,955.1837768554688,1938822.0
2014-12-12,958.192635594084,965.8581766788367,928.5461180194031,939.2970581054688,2380786.0
2014-12-15,914.0774414858905,914.1158066220682,901.5634826527296,904.0164184570312,3487788.0
2014-12-16,900.7010429877563,942.5740595606977,898.78465778991,936.364990234375,3339140.0
2014-12-17,940.3314900831585,946.6939239243418,921.876745149402,936.76708984375,2287076.0
2014-12-18,940.9831610558025,946.1190341215477,933.2026212178905,943.1294555664062,1481444.0
2014-12-19,947.1926420878623,967.2955057006501,945.9278090417848,962.2362670898438,1903130.0
2014-12-22,968.1576967438008,969.3075277375583,948.3805662217777,963.328369140625,1643954.0
2014-12-23,958.1923722811381,972.23943502939,956.1227141864003,964.5930786132812,1266476.0
2014-12-24,963.9418321327627,966.1840404241826,945.027071277615,950.48876953125,3288972.0
2014-12-26,952.8265025612836,962.0251494082148,944.777686570219,960.1087646484375,626206.0
2014-12-29,961.2590567379002,972.3549111063551,960.8757796020399,966.9698486328125,778920.0
2014-12-30,967.7742716092746,974.4624354845138,964.3247791560138,969.7098388671875,701342.0
2014-12-31,970.725806930577,983.6422253478881,967.7745922352926,980.5185546875,1573792.0
2015-01-01,983.8720910744115,983.8720910744115,973.9068887495441,975.6508178710938,366830.0
2015-01-02,977.739647697154,993.0515454565847,977.5863743233041,988.6438598632812,925740.0
2015-01-05,989.2381703403331,996.482069919621,967.6404688664983,973.61962890625,1754242.0
2015-01-06,969.3459397967,969.3459397967,935.195920199368,937.7255859375,2423784.0
2015-01-07,946.6941475925382,950.2010945560489,922.7201536017636,926.6487426757812,2636332.0
2015-01-08,936.1157608104292,938.6454265842341,927.741214026445,936.6524047851562,1565408.0
2015-01-09,940.9448301768418,965.8194646327821,939.0284455939969,962.9066162109375,3197642.0
2015-01-12,964.7079743137248,968.9240202880795,950.6225479903122,961.9100341796875,1596006.0
2015-01-13,965.8580323040898,969.8440756429346,950.5653175553359,957.3875732421875,1468432.0
2015-01-14,964.3249282883186,970.3807235797071,958.3841348111847,966.6054077148438,1787096.0
2015-01-15,970.840196597089,989.5249417941312,967.1032475576804,973.17822265625,5009920.0
2015-01-16,974.9418836095691,975.4401625251671,952.1752626287571,970.5150146484375,5293830.0
2015-01-19,971.9905562011525,977.7397116991876,959.342414105475,962.4086303710938,1135074.0
2015-01-20,965.8580130548769,969.6907829479518,951.7725836978266,958.3649291992188,2058566.0
2015-01-21,966.6248481405133,966.6248481405133,953.6892459895449,963.4819946289062,2310480.0
2015-01-22,964.5167570524251,966.3373231545506,956.4679384956594,963.3861083984375,2113214.0
2015-01-23,963.5583087089626,970.4764767761633,956.6976883317154,959.572265625,3150380.0
2015-01-27,964.8532560881505,965.8709354741039,956.097031638657,960.8975830078125,2738736.0
2015-01-28,961.2620682620852,977.3534732908238,961.2236263603373,975.318115234375,3121980.0
2015-01-29,974.7031652749537,986.4932911933985,965.0636283820232,977.2570190429688,3734392.0
2015-01-30,983.4212019371865,988.9130484926096,948.5884387482507,953.2161865234375,5817402.0
2015-02-02,953.1974583719445,968.3479793993131,945.5357973116402,965.5636596679688,3181802.0
2015-02-03,964.5842821793415,985.0730714823137,962.8369566128073,982.4807739257812,2345054.0
2015-02-04,986.2251991610876,987.646143507415,960.9167317492258,965.60205078125,2245418.0
2015-02-05,967.7905970847366,995.3265250829809,967.4065531970045,980.2335815429688,4530168.0
2015-02-06,980.4642932902583,996.5173506086155,979.6386362271529,989.2012939453125,2136416.0
2015-02-09,983.7284753364427,986.6472465563493,960.1097748745292,965.0639038085938,2076432.0
2015-02-10,963.9506273158681,970.1913435285704,934.3792335695248,937.5091552734375,3799054.0
2015-02-11,942.8472207284277,955.213418511029,939.851658840533,944.7097778320312,2937522.0
2015-02-12,952.3522236034071,952.3522236034071,939.755563057922,945.5737915039062,3107980.0
2015-02-13,948.588496228382,978.4479114436681,944.8440679537963,974.9915161132812,4158326.0
2015-02-16,983.1526310524994,996.5941709301703,981.232411069975,992.6769409179688,2364392.0
2015-02-18,992.7728159946297,1015.028143792919,985.1687271527754,1012.2053833007812,2660014.0
2015-02-19,1012.3399135333974,1032.0413881141724,1011.9558695601297,1029.64111328125,2618002.0
2015-02-20,1036.457830426202,1036.457830426202,1014.7401263138338,1027.52880859375,1801588.0
2015-02-23,1025.7815111758857,1045.3677549310223,1025.7815111758857,1035.6322021484375,1614892.0
2015-02-24,1034.6143256907696,1048.4399068804014,1028.8536668617564,1038.7427978515625,2199922.0
2015-02-25,1040.758943242557,1045.3674699285018,1024.5715307624616,1026.2420654296875,1767994.0
2015-02-26,1028.8538139454392,1034.1344186269434,1008.2498920924465,1020.193603515625,1991994.0
2015-02-27,1021.3460547297385,1027.6059922612462,1004.774589453115,1022.4598388671875,2877376.0
2015-03-02,1029.1227865887256,1040.3560746643388,1018.6960284946365,1025.1671142578125,2176038.0
2015-03-03,1030.0058273623242,1071.4825720883239,1027.7591328520423,1066.10595703125,3424308.0
2015-03-04,1070.7151828440801,1079.9706851642277,1042.929548683105,1054.5853271484375,3862994.0
2015-03-05,1056.1209947722243,1064.070686780725,1029.6411798554473,1035.555419921875,2173514.0
2015-03-09,1013.8760920860639,1029.161061014357,1002.3547728578131,1016.4876098632812,2883174.0
2015-03-10,1017.2940176893927,1028.5657455254973,996.6900965462696,1014.9129638671875,3037052.0
2015-03-11,1014.6442482781463,1021.5378193278875,997.6695222256413,1001.0299072265625,2240200.0
2015-03-12,1007.692756863415,1008.0768007653807,994.7121479855502,1005.8302001953125,1827636.0
2015-03-13,1013.1082202783961,1013.8570874358517,988.9134447372517,991.7362060546875,1586838.0
2015-03-16,992.8307660337407,1002.3550782497224,980.0805209552841,984.0361938476562,1556296.0
2015-03-17,991.7936825293034,1001.0875290693938,982.2885930258764,992.2545166015625,1267318.0
2015-03-18,995.0388106520977,998.3031847426575,979.9650832339242,982.903076171875,1255170.0
2015-03-19,989.2975095540444,1000.7612623767435,986.2635989506313,997.0744018554688,2448964.0
2015-03-20,996.9780444082637,1005.4270108862999,990.3917284989939,1002.719482421875,1963908.0
2015-03-23,1004.6592779411197,1010.4199389384885,1000.8188372762072,1005.1008911132812,1566608.0
2015-03-24,1010.0357015497979,1012.724009500691,991.6400317901263,995.1732177734375,2394878.0
2015-03-25,995.2113821538807,1003.890812297004,977.4685717062848,988.4330444335938,2224858.0
2015-03-26,980.5796649187513,993.4066983352058,960.4941428984721,965.14111328125,3091642.0
2015-03-27,972.014886990794,987.7222413782277,961.6841459648266,965.7933959960938,2751776.0
2015-03-30,969.7109934123971,986.9545296127445,967.7907736234616,984.7462768554688,1339006.0
2015-03-31,986.7817832378958,986.7817832378958,968.1748712046931,980.8291015625,2427028.0
2015-04-01,982.38443102601,984.5351146654648,968.6548597167138,976.4893188476562,2075758.0
2015-04-06,982.3844591791191,984.2662370970218,960.148351184401,978.2752075195312,1568542.0
2015-04-07,984.0929678149334,998.129786761817,977.007378808027,992.753173828125,1886922.0
2015-04-08,996.210289528572,1020.2130432276992,995.0005882464387,1014.4139404296875,1652134.0
2015-04-09,1021.1725540835314,1032.0985824031009,1012.0130711430371,1023.3040161132812,2544450.0
2015-04-10,1017.1405073341085,1025.7047070617334,1009.2676055405087,1019.15673828125,1815544.0
2015-04-13,1023.0931090101911,1023.4771529700298,1009.2675264559994,1019.8287353515625,1308642.0
2015-04-15,1019.5214746860894,1042.2568582059675,1002.1242646683568,1009.1715087890625,2913934.0
2015-04-16,1008.864317743633,1008.8835386948422,987.5115286436107,991.9088134765625,3217570.0
2015-04-17,982.0386594625286,983.1523492288536,948.5883994512768,950.4510498046875,9668742.0
2015-04-20,952.4484935040329,953.9270068843982,931.2492800607431,932.7662353515625,2890722.0
2015-04-21,932.7657657341201,941.6755647232421,922.0893274471877,932.0936889648438,2546032.0
2015-04-22,933.8027224059998,949.7405439070686,924.604889954514,939.0257568359375,4186812.0
2015-04-23,949.3567877899583,952.3523498045511,933.8797955151819,943.692138671875,4342990.0
2015-04-24,942.9434372256566,965.4868057029244,939.9670956408524,957.4411010742188,3625158.0
2015-04-27,959.9180165546329,967.7909188708442,954.7334223463963,960.1868286132812,2733052.0
2015-04-28,963.9505409745271,963.9505409745271,942.8665606702616,958.1898803710938,3088298.0
2015-04-29,953.9654239637863,958.1899085304536,941.311191218511,955.2327880859375,2019620.0
2015-04-30,952.4292483189753,956.2696888363905,932.1133554861507,946.1693115234375,3738054.0
2015-05-04,956.653794940178,961.9536219501281,943.6730863971877,953.0245971679688,1890630.0
2015-05-05,960.4940917699543,974.108433494912,960.1100477508539,966.9652709960938,3255070.0
2015-05-06,965.8706219254443,965.8706219254443,943.1352367738201,945.9195556640625,3394406.0
2015-05-07,946.6298263160317,980.7521663074139,942.3285531395837,977.48779296875,3205028.0
2015-05-08,983.1528217430013,993.9060557308153,966.3701145927433,970.5753784179688,3003664.0
2015-05-11,973.5512284829582,984.323677988137,969.7107897118224,981.6161499023438,2573082.0
2015-05-12,983.1528582230851,985.073078649302,965.1027862166457,968.90478515625,2467386.0
2015-05-13,978.1601205484419,978.1601205484419,952.6019722232659,966.0242919921875,1863774.0
2015-05-14,967.7907503110308,967.7907503110308,954.3492121122665,959.8218383789062,1309050.0
2015-05-15,965.8706356756536,972.5529636030699,960.4940198110575,964.3920288085938,1461454.0
2015-05-18,965.5253602346115,969.8074146711338,958.9966101902954,967.9447631835938,4507752.0
2015-05-19,967.5603806410655,971.6312843961908,958.8618218641066,964.9873046875,1957722.0
2015-05-20,967.7910460672025,986.9548074512934,966.6004719586102,982.0198974609375,1897814.0
2015-05-21,982.0004434035123,990.8334548224724,978.601616722792,981.4243774414062,1579578.0
2015-05-22,979.3122427122917,1009.5557090313476,975.18376953223,1005.3887939453125,2691632.0
2015-05-25,1006.1951504904965,1012.6854557508187,993.0224242338375,998.8983154296875,982978.0
2015-05-26,1000.4348449117291,1007.4436494874062,994.2516976173742,1001.9134521484375,1961740.0
2015-05-27,1001.5867138209779,1011.2453825485067,995.4420100552051,1004.3710327148438,1620690.0
2015-05-28,1000.0124014581979,1007.3476813236492,991.6978841395322,1002.1630859375,2763608.0
2015-05-29,1005.0432300665492,1017.1790589617941,997.4583604472086,1002.4701538085938,4423532.0
2015-06-01,1002.1442012354474,1016.6035228093435,1001.7218088372346,1005.331787109375,882264.0
2015-06-02,1004.6589751896623,1010.0355905003104,994.8658544452677,998.475830078125,3935820.0
2015-06-03,1000.050755985976,1008.3461453832509,994.8661610528691,1002.7006225585938,1804684.0
2015-06-04,1005.0817054861562,1007.270737785741,994.0980083187619,1000.684326171875,4131468.0
2015-06-05,1004.696150637466,1011.2855929834678,996.1686370132281,998.4362182617188,2308534.0
2015-06-08,1003.9210359057083,1003.9210359057083,992.9321326597274,999.0564575195312,1570320.0
2015-06-09,1001.9825294795777,1003.9206001362113,988.8036490144691,992.9317016601562,2578914.0
2015-06-10,994.6182937013361,1011.6733228996443,993.7655611679003,1008.087890625,2763350.0
2015-06-11,1009.9288730488713,1012.8359797646135,991.0326793965464,996.6724853515625,1847336.0
2015-06-12,996.9051840945208,1003.5140268610426,960.0431208042813,971.283935546875,2571456.0
2015-06-15,971.0895589902192,976.9618743612338,961.6705180609769,970.895751953125,2525176.0
2015-06-16,969.0358836180085,976.5168595660216,966.8846050298945,973.687255859375,1267396.0
2015-06-17,977.1755694275496,980.3345878581457,969.7333944099541,974.384765625,1975720.0
2015-06-18,974.8497975023846,986.9821419405208,972.1364978671892,980.6834106445312,2165046.0
2015-06-19,982.6022583929054,990.3545444551768,979.5401432512674,988.2420654296875,1999610.0
2015-06-22,987.2529454909304,1007.7964893115112,987.2529454909304,1004.5017700195312,1102002.0
2015-06-23,1007.7972705485017,1010.8981852271125,995.0835014397164,997.951904296875,898318.0
2015-06-24,1000.0448126220977,1003.1069274899613,991.846808697163,996.2849731445312,1170246.0
2015-06-25,993.0676303998163,997.3313868144915,986.1486787285057,988.416259765625,1930992.0
2015-06-26,988.4937609914142,1006.3822139527914,988.4937609914142,1005.0061645507812,1290102.0
2015-06-29,996.943822137489,1009.3474777783908,985.85801705548,1005.044921875,1372756.0
2015-06-30,1001.9827681046363,1003.4363214432794,984.5401280409192,988.7844848632812,1549952.0
2015-07-01,993.8039656421865,1010.8977889602986,991.0325620875167,1005.1223754882812,1279708.0
2015-07-02,1007.7968395781811,1008.9402824504601,996.5754283101202,999.1724243164062,1445880.0
2015-07-03,997.3506919551828,1011.6730170828124,996.1684497711984,1009.3085327148438,963470.0
2015-07-06,1000.1611548835905,1025.2397801056313,1000.1611548835905,1020.7047119140625,1182338.0
2015-07-07,1020.4915220155821,1025.9762263662212,1008.9599968878778,1014.0958862304688,1642836.0
2015-07-08,1007.0024099332659,1016.2082482617244,1000.2385602773595,1005.8977661132812,2667850.0
2015-07-09,1005.8591798568741,1007.1189264212421,971.613416169479,977.7571411132812,3934122.0
2015-07-10,991.9049562266686,991.9049562266686,951.5930705496176,959.0934448242188,8263654.0
2015-07-13,959.4998607959443,976.244864845373,959.4998607959443,972.7369384765625,2280308.0
2015-07-14,973.2992993374065,974.8497562061241,965.1594007766397,968.8417358398438,1703274.0
2015-07-15,969.4233640827928,988.397065137062,969.0357497828795,986.7691040039062,2003660.0
2015-07-16,985.9743867436167,991.8467996365468,979.3462395929645,984.6177368164062,1456608.0
2015-07-17,987.1761527704614,996.2075852035242,985.819502672906,993.9981079101562,1070526.0
2015-07-20,995.9791952025132,1003.7092610063106,991.2789434374805,1001.8641357421875,853786.0
2015-07-21,1000.6404860928292,1010.0992180629992,992.5219734994508,994.9691162109375,1274500.0
2015-07-22,994.8139118144437,997.9214913905919,979.2954552732141,982.0145874023438,1320628.0
2015-07-23,977.916215124416,985.8211567241825,964.5147813918271,966.6901245117188,1496780.0
2015-07-24,970.1473120215057,977.5278120929406,968.0497341460432,973.118896484375,1574972.0
2015-07-27,966.4568840361142,973.0604881472933,963.7959820923028,969.9723510742188,2003738.0
2015-07-28,970.9242351267227,978.4989591055069,968.0691089234815,971.914794921875,1891188.0
2015-07-29,975.3911353408297,976.9643658165966,964.708834973696,973.740234375,2413318.0
2015-07-30,977.3532701101391,977.6446057109249,960.5529171314885,963.6021728515625,2770574.0
2015-07-31,967.1950242261328,978.4988801085022,966.0685648391604,975.294189453125,1963776.0
2015-08-03,972.4388411376824,980.8293399603593,971.4677229793059,974.8472900390625,1179324.0
2015-08-04,975.1584157891139,980.052891469178,965.6803361840573,974.5757446289062,2342692.0
2015-08-05,978.8869242066088,990.5403399709732,975.3908994772995,989.4332275390625,988994.0
2015-08-06,996.3674208653941,1003.3594729416426,990.5795934699211,999.591552734375,2211366.0
2015-08-07,999.4750503362751,999.4750503362751,989.375419046441,991.3370971679688,1188506.0
2015-08-10,999.0864835455433,1005.6900878302533,993.1044328925254,999.1253662109375,1431182.0
2015-08-11,1001.4170004358382,1013.8473123109145,987.4717822352883,1011.5942993164062,2200306.0
2015-08-12,1011.1672677226641,1045.4670905864466,1010.739937731666,1037.814697265625,3479784.0
2015-08-13,1037.154297313916,1042.5925595470226,992.871304844333,1023.791748046875,1406426.0
2015-08-14,1024.724153963578,1056.3243851977154,1024.3745892676532,1050.0509033203125,2293964.0
2015-08-17,1044.9625091075852,1047.5650880203775,1031.3279658618703,1042.88427734375,773644.0
2015-08-18,1051.4878613784617,1068.1910937366756,1044.9231405487228,1064.695068359375,1916926.0
2015-08-19,1068.2299943751916,1069.3371070309388,1057.3145881347268,1061.8594970703125,1690070.0
2015-08-20,1066.2880051934799,1066.2880051934799,1037.9313478604656,1043.6998291015625,2349298.0
2015-08-21,1053.4692103551426,1060.4223799670542,1031.3665941341415,1039.5433349609375,3536080.0
2015-08-24,1025.1124497616488,1027.4431336186287,997.9600207621409,1001.6696166992188,4692344.0
2015-08-25,1005.2626120745518,1018.5087013884676,984.908013871266,997.2023315429688,3925800.0
2015-08-26,993.6675128675437,1025.112298978963,975.7600565994296,1000.9314575195312,3216158.0
2015-08-27,1015.7512831290293,1015.7512831290293,988.9096190142333,1000.1162719726562,5264798.0
2015-08-28,1013.4591208221836,1013.4591208221836,993.5317531014144,998.639892578125,2744152.0
2015-08-31,1006.0783558992374,1006.0783558992374,983.1794099705346,995.9981689453125,3692044.0
2015-09-01,992.8713986754789,1014.3136728252588,982.7717678595311,985.646240234375,2987602.0
2015-09-02,994.3088153546342,1017.9069954870907,989.7639996296161,1006.7780151367188,3765950.0
2015-09-03,1008.4483604397046,1015.7899785646114,1000.7376414061492,1012.1386108398438,2265074.0
2015-09-04,1014.39110939584,1015.750674769071,986.3257956198566,989.5499267578125,2426396.0
2015-09-07,991.7060703803662,994.4057604571369,983.8205703208796,986.5591430664062,1759184.0
2015-09-08,988.5987553278118,996.0181395201923,980.2471351943941,986.7730712890625,1787746.0
2015-09-09,995.5711507790637,999.8635131105838,988.210092211859,990.4436645507812,2045076.0
2015-09-10,987.4331012075821,1001.6114285852677,981.6063913263415,988.7537841796875,2665818.0
2015-09-11,989.1809229357489,997.6878797834196,986.8891220931723,991.3173828125,1592672.0
2015-09-14,996.3677574434357,996.3677574434357,987.8219131300807,991.1819458007812,1589318.0
2015-09-15,991.1818005975825,993.9980443337361,985.1026365359272,985.5881958007812,1379900.0
2015-09-16,992.4832446793745,996.367719218237,987.0644216648221,990.677001953125,1756816.0
2015-09-18,996.367457238907,1004.5248516256584,986.2678260934055,991.0263061523438,2455294.0
2015-09-21,990.5407197231609,993.2987337790537,984.0147854260648,990.9486083984375,1108840.0
2015-09-22,993.4541235831935,999.2419513151135,967.2339267730799,981.52880859375,2081246.0
2015-09-23,984.4420814178595,993.5511522839798,976.0127933751178,983.8010864257812,1228352.0
2015-09-24,984.9079996221137,1006.078374687941,982.7326570938923,1002.3492431640625,2354254.0
2015-09-28,1007.6319950168466,1017.3431746141563,1001.9995108504071,1007.5154418945312,2366812.0
2015-09-29,1003.4957543228094,1023.1705796610131,998.2517137664603,1005.3991088867188,3325952.0
2015-09-30,1026.9384731285627,1026.9384731285627,998.6789220070422,1005.3214111328125,3368336.0
2015-10-01,1009.5747256672232,1029.3661004179367,1006.9332645551885,1027.2879638671875,2834408.0
2015-10-05,1030.4341794981626,1075.9990687785757,1030.4341794981626,1053.3331298828125,4807306.0
2015-10-06,1058.5192916304977,1058.9077390769676,1042.5929463252314,1048.80810546875,3979590.0
2015-10-07,1046.4575695062852,1055.4112986070015,1028.2005466742908,1030.919677734375,2065530.0
2015-10-08,1037.154550245202,1040.3981239452662,1017.732180390423,1023.0927734375,2357550.0
2015-10-09,1029.5798794750297,1029.6187621510749,1013.0708642410403,1021.480712890625,2249724.0
2015-10-12,1031.327761907811,1033.405993260658,1004.9133408871968,1007.0886840820312,2455912.0
2015-10-13,1011.051048157211,1014.6247457524248,997.3777167987648,1009.400146484375,6179712.0
2015-10-14,989.7640540103516,989.7640540103516,963.3496287070926,964.786865234375,8337128.0
2015-10-15,967.234142211877,972.4781827419414,957.5229560450911,958.5911865234375,3215710.0
2015-10-16,963.6988421594633,968.0106450053095,959.464804640094,960.24169921875,2333828.0
2015-10-19,967.2339112431723,969.1567066778854,953.968472041358,966.7483520507812,3130642.0
2015-10-20,969.6618148397595,982.771914489571,969.4093619660052,981.5094604492188,2695084.0
2015-10-21,984.714087444803,987.4332190472147,979.7613834546961,982.7718505859375,1929688.0
2015-10-23,991.9201016419483,991.9201016419483,983.8617430585929,987.6962280273438,2335398.0
2015-10-26,992.3095165369887,992.3095165369887,979.1124997832117,987.4628295898438,1414630.0
2015-10-27,984.9323481763604,990.7133014424802,981.1562190482683,985.3411254882812,1530420.0
2015-10-28,977.1463166234241,986.2947152584917,977.1463166234241,984.5623779296875,1255342.0
2015-10-29,986.2948247183938,987.0149608569287,969.3605530251643,971.423828125,3130316.0
2015-10-30,973.2337400941398,977.8662946800449,967.3943376535749,971.3651123046875,1516696.0
2015-11-02,973.2341811215252,982.1100958618335,968.3874939080201,979.9884643554688,1319294.0
2015-11-03,984.1342971678458,991.8423300544581,980.4360076808622,990.1488647460938,1364906.0
2015-11-04,990.7523428365231,991.6087698611444,981.020001551292,986.3922729492188,991434.0
2015-11-05,985.2242805485754,986.8398110022204,965.4481462855399,966.479736328125,1596098.0
2015-11-06,970.1199287537103,980.3388886773799,966.7914485129473,975.4727172851562,908024.0
2015-11-09,971.2876897353954,974.304715625355,961.0103750433308,962.0809326171875,2021556.0
2015-11-10,962.7036422431763,964.2803004186687,953.7693726385702,956.9420776367188,1361920.0
2015-11-13,949.1176333940331,949.1176333940331,929.0690055394543,933.2927856445312,2743232.0
2015-11-16,930.411955158568,930.411955158568,917.1759691856009,924.4168701171875,2043528.0
2015-11-17,926.7136170552938,933.7014196919055,924.5725017879953,930.6260375976562,1985028.0
2015-11-18,929.9833832851901,929.9833832851901,913.2827269349166,915.4043579101562,1520352.0
2015-11-19,920.8156881005806,927.1417093295145,915.618580335548,919.7256469726562,1866906.0
2015-11-20,921.2635551051229,943.4727800374362,919.4922497346179,933.66259765625,2012126.0
2015-11-23,936.3679294907942,939.5211506738643,927.3946928642998,930.8204956054688,1088082.0
2015-11-24,926.5381266600627,931.3653286317199,920.873886535927,921.82763671875,998640.0
2015-11-26,925.7010719196608,927.452892851876,910.1099416568393,913.1074829101562,2915292.0
2015-11-27,914.0614670824359,918.5188602537248,908.0274156600433,916.1442260742188,1737206.0
2015-11-30,920.6795765836071,930.8985359431503,914.8985272718179,924.008056640625,4100048.0
2015-12-01,919.8618888484573,925.7597444231369,917.5845781172527,919.4725952148438,1721994.0
2015-12-02,925.740117862987,925.7790852372909,913.4773702966775,920.7571411132812,1640296.0
2015-12-03,918.7329851925582,923.7938024838732,913.6721679012433,915.1320190429688,2283358.0
2015-12-04,910.947057321042,913.7889197134696,903.589446028865,906.4312133789062,1246092.0
2015-12-07,907.9105769764728,912.4652933993576,901.3120690138741,903.0833740234375,1382604.0
2015-12-08,902.9275991263411,914.4507284856446,902.1101395362703,906.6648559570312,1139964.0
2015-12-09,910.1296941805641,923.7161012011718,903.1613750366832,921.711181640625,5282806.0
2015-12-10,922.2364441574724,930.878742185847,915.618453633759,928.2899780273438,1723988.0
2015-12-11,927.6865504761254,931.1707088183689,919.998002691021,928.8544311523438,1652378.0
2015-12-14,909.0785158829117,929.2439460370631,907.287822111629,925.9154663085938,2718532.0
2015-12-15,925.9154878395525,928.4653803243946,919.9204034846056,924.9033813476562,1135868.0
2015-12-16,928.076343315824,939.9498032449903,928.076343315824,937.5750732421875,1435934.0
2015-12-17,940.1439757981815,951.8227829509539,931.7158079865477,949.7789916992188,1618844.0
2015-12-18,942.0908747998452,947.6188270401869,934.5580027219779,940.8451538085938,3024970.0
2015-12-21,942.0710014338114,953.7692927885304,936.9713124447375,952.3677978515625,1610104.0
2015-12-22,949.8767942820512,949.8767942820512,934.305043556116,936.27099609375,1560858.0
2015-12-23,940.1440597481279,947.9299318785472,938.4117222075865,944.3484497070312,849834.0
2015-12-24,942.4796778818071,949.175507885959,935.8616875786305,947.6378173828125,843160.0
2015-12-28,945.2052101773542,960.1540519259597,942.1686999664887,958.7136840820312,3704198.0
2015-12-29,957.0200615442473,959.7256333440404,952.114923644668,956.02734375,1708524.0
2015-12-30,954.956539412029,957.272816971665,939.092827622035,941.4285888671875,1605762.0
2015-12-31,940.4361950334213,953.1855628849559,937.2245222158592,948.6503295898438,1240318.0
2016-01-01,949.4872225506978,949.4872225506978,939.0736173013205,940.6891479492188,712262.0
2016-01-04,938.2558711961431,939.7546894759281,921.0880815745564,922.4700927734375,1870184.0
2016-01-05,928.4650812224004,929.0879888955131,911.3361656778362,914.4310302734375,2678020.0
2016-01-06,914.9179071668682,928.9129947220878,914.9179071668682,927.1417846679688,2653228.0
2016-01-07,922.6260537814642,927.6479044116669,918.7331168456774,923.1126708984375,3199580.0
2016-01-08,928.465224014492,937.1659738791277,923.5990540773091,933.370361328125,1907544.0
2016-01-11,927.4921787365394,928.0761192478111,914.3924846173048,919.64794921875,2930228.0
2016-01-12,919.7839796566997,920.6793739548576,895.9981974649453,905.9057006835938,3482594.0
2016-01-13,901.9933332372854,905.8862695050336,877.8960957568789,887.2780151367188,4746092.0
2016-01-14,884.8645751028636,894.9472438589604,875.9108200534286,887.1224975585938,2742052.0
2016-01-15,891.034585533508,892.144015132557,877.8569607662545,880.231689453125,3269408.0
2016-01-18,880.5820928983176,892.2219331208262,879.8035057251095,886.6744995117188,2213922.0
2016-01-19,886.4215612435415,895.3753143874158,883.0347258019447,887.3169555664062,967910.0
2016-01-20,885.1758491625898,889.535918683326,873.1855866987747,887.62841796875,1615954.0
2016-01-21,891.6868335811017,893.5989466689596,876.3701122602885,879.78466796875,2675536.0
2016-01-22,887.004112186326,898.3404574435897,881.9310574311908,895.8819580078125,1343178.0
2016-01-25,898.2818343072554,912.7595897221205,894.2234287508504,899.35498046875,1397560.0
2016-01-27,898.3208274080754,909.2278748723387,890.4770670442415,905.2474975585938,1626986.0
2016-01-28,903.58890732092,916.6227148196955,900.6816763820348,909.715576171875,3106660.0
2016-01-29,920.4474874145692,936.5642156805192,911.2184656481129,933.169189453125,2235744.0
2016-02-01,933.0909459128007,941.6175234931098,920.5643643132589,937.6176147460938,1495274.0
2016-02-02,940.0760327847423,949.4416719656613,928.6421292302621,935.822509765625,1475588.0
2016-02-03,931.6859578601549,948.2318818929564,921.0715861067233,942.9247436523438,1308692.0
2016-02-04,945.1100611443327,952.1733524001199,937.3444231414296,944.38818359375,1250046.0
2016-02-05,939.7247590298145,952.1536842016693,939.7247590298145,945.1294555664062,1402996.0
2016-02-08,936.5637517573487,941.266101315402,915.8813022393739,922.1055297851562,1063658.0
2016-02-09,910.6524480211641,910.6524480211641,880.2141175561497,890.2821044921875,2489610.0
2016-02-10,887.7845500459754,893.5990129461842,881.1896172116602,885.3651123046875,1890732.0
2016-02-11,889.7355268131491,893.24764073478,847.4535394366405,857.7167358398438,1962408.0
2016-02-12,858.5170491638628,875.4532110248429,844.4685883593633,868.8973388671875,2172568.0
2016-02-15,878.0287468699022,900.2136446497017,874.1263968838138,885.501708984375,2479712.0
2016-02-16,884.2720831928384,890.5158401791956,875.2966825249499,884.0964965820312,1588702.0
2016-02-17,883.8822693002303,889.5991739044778,876.6238602381499,887.999267578125,1585178.0
2016-02-18,891.6869208796126,905.2475863065564,888.9552760454081,903.7257080078125,1529140.0
2016-02-19,900.4083786969235,908.0764550451381,899.6668753520167,905.2081909179688,879012.0
2016-02-22,905.4423716448453,914.3202140992878,899.4912904391201,903.7448120117188,1324884.0
2016-02-23,901.5401232891285,905.3058517378732,880.6625573997363,883.4917602539062,1306852.0
2016-02-24,882.8870162962882,882.8870162962882,858.9851263472364,862.7899169921875,1659328.0
2016-02-25,866.2435469092094,869.443454392479,852.9169664211554,863.5314331054688,1830556.0
2016-02-26,870.1068105020489,880.7211816184554,858.3607961895427,862.6143188476562,1537536.0
2016-02-29,872.95556437162,872.95556437162,825.3469014957426,849.4634399414062,2191718.0
2016-03-01,855.7851710662703,891.7258449504354,843.6878886663368,888.4282836914062,1999760.0
2016-03-02,899.4916307468617,909.2475052668927,880.4676754328012,904.8964233398438,1527486.0
2016-03-03,911.5886886392381,933.051607250179,897.9304677050029,926.0858764648438,2648284.0
2016-03-04,928.7592301578467,928.7592301578467,916.8765943558573,919.9984741210938,1512966.0
2016-03-08,913.9695591051617,923.6863738517443,899.1795933786715,918.7304077148438,1268152.0
2016-03-09,913.5402720952314,924.6229096495191,895.6479565512402,919.881591796875,2017784.0
2016-03-10,919.413237418959,920.8961495485864,903.3745399969057,916.388916015625,1661666.0
2016-03-11,913.1499833196808,932.9934729891718,911.1988081416473,923.00341796875,1530528.0
2016-03-14,921.7347568649649,935.7832120923733,913.1495897815486,919.0031127929688,1636742.0
2016-03-15,916.6814920335679,922.3203683983583,905.3842085006894,909.2084350585938,1623356.0
2016-03-16,903.3939629948685,910.0279575395392,900.2330216029354,908.0963134765625,1918246.0
2016-03-17,910.8084126453434,921.6569637784229,910.0279427116285,917.8521728515625,2221088.0
2016-03-18,920.9541234840154,948.2705593500667,920.9541234840154,946.651123046875,3204070.0
2016-03-21,946.7098648780818,958.0071461485488,944.368455484319,954.6121215820312,2336982.0
2016-03-22,952.9536223651797,969.7337230046976,950.8073304229158,965.0899658203125,1951984.0
2016-03-23,970.8653529770007,970.8653529770007,958.924222404784,965.3630981445312,2278434.0
2016-03-28,972.0754499584742,982.2800577815054,960.5830474949433,965.207275390625,3320882.0
2016-03-29,967.0021154933303,970.4946989141395,958.0267124843123,963.6460571289062,1838796.0
2016-03-30,964.2317631786835,977.5388167167338,959.9782391709241,971.4901733398438,2136504.0
2016-03-31,967.1192274931631,995.0990523821753,964.7192255564521,983.5090942382812,4363964.0
2016-04-01,977.5385788267122,983.7238410770736,949.8709581576256,957.5975341796875,3041400.0
2016-04-04,958.4170808042488,970.9045997723824,954.9049660944613,964.3681640625,1752352.0
2016-04-05,964.1924354731401,969.6946905453354,952.9731818014396,961.051025390625,1491794.0
2016-04-06,963.8802294876715,971.2946927914229,959.7242657973416,968.5239868164062,1763150.0
2016-04-07,967.7827697866003,969.6168551748982,958.8073650668052,964.192626953125,2390942.0
2016-04-08,962.3195040353145,965.3242944622467,947.1003391296465,949.071044921875,1399500.0
2016-04-11,949.4415486180412,982.2212814926469,941.6368503145637,978.1823120117188,2400648.0
2016-04-12,974.8067877233468,985.343130104664,970.9435002924077,982.6699829101562,1303628.0
2016-04-13,987.2945575736314,993.1480826185343,980.4654450212446,985.8116455078125,1601468.0
2016-04-18,957.2461934264235,996.4648002096911,952.1731398126675,983.2943725585938,7121504.0
2016-04-20,989.2063807736898,989.2063807736898,952.1731279630203,956.2120971679688,6405024.0
2016-04-21,956.46573562119,962.8655498436831,941.3246025144864,946.08544921875,2525724.0
2016-04-22,943.9784684952492,950.3782844100589,938.202971419421,943.217529296875,1964126.0
2016-04-25,937.4614338923145,958.8267972783918,937.4614338923145,956.5634155273438,2267654.0
2016-04-26,955.6854496975502,973.0509060109601,952.9538048842048,971.6070556640625,2554368.0
2016-04-27,967.7826011966789,981.2847675319308,966.1825999164668,979.9189453125,1848670.0
2016-04-28,976.0946865991863,991.1967599103082,974.8459538301179,986.4163818359375,4992744.0
2016-04-29,982.2216910977403,991.977568045473,979.490045552375,989.4410400390625,2372178.0
2016-05-02,986.9045177466478,987.2947528268165,975.5877004217555,986.0069580078125,1116692.0
2016-05-03,985.3436138032598,987.2947892761375,964.6611537907557,967.0416259765625,2153118.0
2016-05-04,965.4018912055229,973.2651800579355,958.8069608009467,967.0018920898438,1364892.0
2016-05-05,967.0019817462315,971.665269262363,961.3631070814456,963.9971923828125,1246566.0
2016-05-06,961.9293392804652,969.4608943382011,948.6613483938381,965.207275390625,885598.0
2016-05-09,965.2069873361415,982.6115024139075,958.5729938726639,980.4847412109375,1821276.0
2016-05-10,981.4408029119594,988.8357354341333,974.0263395897616,984.5236206054688,1158534.0
2016-05-11,975.5873800540322,985.5774329346676,971.6850305338161,982.7286987304688,1598716.0
2016-05-12,983.6070709745269,1002.8651154208547,983.6070709745269,1001.4212646484375,1513082.0
2016-05-13,1000.9524985908265,1001.3427334830646,979.5480766426884,984.7186889648438,1621730.0
2016-05-16,990.4165429766564,1000.8748612240784,984.3678997866886,995.548095703125,1111526.0
2016-05-17,1000.640523697287,1011.1963990349501,995.8796759622547,1002.98193359375,1756698.0
2016-05-18,1001.2845308062972,1001.2845308062972,985.7531584734635,995.528564453125,1500740.0
2016-05-19,997.0504011546731,999.001576108009,985.772648033277,997.8113403320312,1038792.0
2016-05-20,992.0943557386714,1001.2648772790401,984.4847740349612,987.0213012695312,1230918.0
2016-05-23,992.7574087119631,993.4988167809831,967.8604074736353,972.2505493164062,1533016.0
2016-05-24,969.3436369642586,971.0021355379696,959.8219420852475,962.9827880859375,1339158.0
2016-05-25,968.1730782350675,988.4457683359283,968.1730782350675,985.9092407226562,1548678.0
2016-05-26,987.2946647221244,1000.9138296957638,977.5778502019322,994.592041015625,1943248.0
2016-05-27,996.327860979911,1006.7472055154702,995.3328385380711,1003.9374389648438,1104676.0
2016-05-30,1007.976681346837,1030.9810081558903,1007.5864464721383,1028.815185546875,1349464.0
2016-05-31,1030.2201788590971,1032.9518232727387,999.7818553928057,1002.6695556640625,3722608.0
2016-06-01,1003.3724179510986,1032.171785889728,1003.2943899895995,1027.70361328125,1911942.0
2016-06-02,1014.6111465171763,1035.8009291315773,1014.6111465171763,1034.181396484375,1408756.0
2016-06-03,1034.6690335811168,1037.2446226718068,1022.6108102751955,1026.1424560546875,1554922.0
2016-06-06,1033.219452143765,1040.513693649073,1026.398331375875,1030.065185546875,1322026.0
2016-06-07,1030.6569008247975,1040.513986716389,1030.262617389134,1037.4188232421875,1202194.0
2016-06-08,1031.937995047863,1036.3934157113983,1027.305166146607,1030.3017578125,938266.0
2016-06-09,1033.9686646237963,1033.9686646237963,1007.4728415748904,1016.1668090820312,1562138.0
2016-06-10,1011.7315306649987,1026.4185920513085,1006.6846822653628,1007.6901245117188,1396832.0
2016-06-13,1001.479884231142,1006.7436063788805,992.805649013392,1004.2398681640625,1029978.0
2016-06-14,1008.9519445575908,1008.9519445575908,992.904622155112,999.4497680664062,977570.0
2016-06-15,997.5370479099402,1011.2975006990033,994.3827805647704,1008.1235961914062,1270844.0
2016-06-16,1003.6680166031011,1011.2185043699171,992.1943324337207,1008.6951293945312,1145070.0
2016-06-17,1008.9710730048545,1029.0795234633333,1008.9710730048545,1026.161865234375,1878988.0
2016-06-20,1026.1619736461735,1051.948068454118,1021.9036938470894,1048.517822265625,1872838.0
2016-06-21,1050.1738015933786,1050.7652266740583,1041.4601002337959,1045.3240966796875,1027690.0
2016-06-22,1044.851358974636,1055.772993550283,1037.65568452132,1051.8104248046875,1761712.0
2016-06-23,1046.8223742389957,1048.5966494495704,1035.1121771013218,1043.017578125,1397014.0
2016-06-24,1011.3958270577461,1022.4554935152933,991.2873775933245,1014.8655395507812,3766586.0
2016-06-27,1004.240072241011,1004.240072241011,978.8678905688364,984.072509765625,4272566.0
2016-06-28,984.0725134367191,986.8521351073398,969.3065193313537,971.4948120117188,4499524.0
2016-06-29,975.8515805591912,990.6372105676638,972.0270501824554,986.85205078125,2531264.0
2016-06-30,994.3825257246045,1010.5086748897385,985.8463304136334,1006.644775390625,5121812.0
2016-07-01,1010.1542181652685,1011.1793936590634,983.48098076831,986.0438232421875,2197296.0
2016-07-04,992.0172744520662,995.9010053861043,978.6116356081194,983.421875,1883484.0
2016-07-05,983.4215590635037,984.5453051686528,976.6990083743395,979.9124755859375,1559748.0
2016-07-07,980.8587545727678,982.4950883718021,956.1372056619966,958.02978515625,3316800.0
2016-07-08,960.0803756964486,962.8600937775922,947.6604447582811,956.7684326171875,2456356.0
2016-07-11,958.1085047910674,974.589567458931,956.9256547851525,971.5732421875,1543632.0
2016-07-12,974.5500231415621,975.8511772967388,960.4150244510012,971.8886108398438,1465536.0
2016-07-13,977.0345009341211,985.4130252056506,966.4874174393722,982.9882202148438,2102300.0
2016-07-14,980.1884059191641,997.1425899314424,974.2741556823228,994.3431396484375,2699988.0
2016-07-15,992.4111283133227,996.6694074723845,956.7482208447627,964.1607666015625,8336366.0
2016-07-18,964.8113083728564,973.4855416316234,958.345100266007,959.46875,2598850.0
2016-07-19,957.1229052730001,974.9839616451459,957.1229052730001,972.3816528320312,2362896.0
2016-07-20,965.9944465455856,986.6943275429909,965.2649836633387,983.7174682617188,2815252.0
2016-07-21,981.5684629560046,993.396964216772,971.6916451511461,988.0938720703125,2527148.0
2016-07-22,985.2747632692291,995.1713152492028,982.5542462761543,991.6622314453125,1517216.0
2016-07-25,993.0062438826502,1013.2458422903568,990.5553719776186,1011.5657958984375,1688796.0
2016-07-26,1011.5658542986055,1015.1433843593533,1001.3077073918387,1009.0557250976562,2311290.0
2016-07-27,1010.0040676684999,1020.044774003361,1006.0510184799735,1018.918212890625,1750510.0
2016-07-28,1020.0846398985202,1039.47437111179,1018.7208568336763,1035.4027099609375,4632080.0
2016-07-29,1033.327105741979,1041.588940324671,1027.397531684546,1035.4222412109375,2488084.0
2016-08-01,1040.4429492061295,1077.2063208916043,1040.4429492061295,1070.5849609375,3961704.0
2016-08-02,1068.4701780120008,1073.5301028867952,1063.2917388083758,1067.007568359375,2578162.0
2016-08-03,1061.7894922935734,1066.928458563051,1047.1829882373347,1050.0489501953125,2294702.0
2016-08-04,1055.4644899670354,1060.5836710938972,1042.1229444477892,1048.3489990234375,1415416.0
2016-08-05,1057.0062478716973,1061.1174787383163,1040.443003105602,1047.2027587890625,1868484.0
2016-08-08,1043.6053198421873,1054.6738611132407,1039.2767488971188,1047.3607177734375,2058244.0
2016-08-09,1050.7206050840614,1051.4321733285567,1019.4322554666915,1047.63720703125,2261914.0
2016-08-10,1047.9539581279741,1060.2084178420318,1046.768042671775,1057.599365234375,2062078.0
2016-08-11,1053.7049801817464,1073.2527879006284,1053.7049801817464,1071.2366943359375,2233138.0
2016-08-12,1069.300016377379,1085.033174552512,1068.1338859387845,1082.52294921875,2327358.0
2016-08-16,1082.3452459786909,1083.1358560926271,1056.9864651781959,1064.0426025390625,3183754.0
2016-08-17,1066.9283675112838,1066.9283675112838,1034.9086573340278,1037.4979248046875,1848566.0
2016-08-18,1041.6288742420659,1050.54302299916,1039.69191797557,1043.0322265625,1292064.0
2016-08-19,1043.6050216355386,1046.1547191477632,1027.7928243380304,1029.1763916015625,2416244.0
2016-08-22,1023.0494850555225,1025.5991833650355,1002.6122329597797,1007.5139770507812,2265274.0
2016-08-23,1006.0313604714742,1029.7496585859394,1004.1536618707456,1028.2080078125,1503374.0
2016-08-24,1023.7609265705215,1028.5836283545784,1015.5583476741505,1016.7442626953125,1116878.0
2016-08-25,1019.8866849884981,1023.7211233781237,998.5402194887389,1008.442626953125,1939690.0
2016-08-26,1011.9024031963423,1016.9425451584693,995.0623608600307,998.1259765625,1250314.0
2016-08-29,1002.078620086466,1002.078620086466,975.1188322103056,988.4801635742188,1488728.0
2016-08-30,992.2157028062427,1007.948863531231,988.7567835235516,1005.71533203125,1444026.0
2016-08-31,1008.0279007435629,1008.0279007435629,988.5986956920643,992.7296142578125,3231668.0
2016-09-01,998.1055633693725,1002.0783979511212,983.1433269133477,991.227294921875,1345736.0
2016-09-02,993.0065296063218,995.931749091112,986.7014318115074,994.1134033203125,1742330.0
2016-09-06,996.1291475346266,996.2279737961983,980.3565147917833,981.95751953125,2239066.0
2016-09-07,988.1437228183628,988.1437228183628,957.8238537255015,964.761474609375,3854040.0
2016-09-08,932.9198264973049,932.9198264973049,903.1731244024227,917.9378051757812,7021516.0
2016-09-09,920.9422945958313,935.5487990945388,917.1276388919462,929.9354858398438,2742438.0
2016-09-12,923.8279376019193,934.4813898097009,918.6889717530426,932.54443359375,2024454.0
2016-09-14,933.7107490554747,939.8775478988091,913.1548815910866,920.4482421875,2069858.0
2016-09-15,924.9938842603252,925.8438478876731,915.8228278715442,919.8549194335938,2818964.0
2016-09-16,923.7092926777159,939.2448004723822,917.1077176329658,933.5919189453125,4358004.0
2016-09-19,934.8967006314175,959.4056204788374,928.9671232489773,953.2586059570312,2802546.0
2016-09-20,953.0803862301643,955.412647202583,942.9605392945573,951.301513671875,1184552.0
2016-09-21,951.776077090146,958.2195695703696,949.0089413694395,954.029296875,1678020.0
2016-09-22,958.7133770903387,959.8004657562487,937.3076516001464,940.0352172851562,2857574.0
2016-09-23,941.6163260650063,950.2537772317736,937.327229048833,947.9807739257812,1800726.0
2016-09-26,949.1669921875,956.2824830727204,946.7555927834999,949.1669921875,1753476.0
2016-09-27,949.1669484283192,967.7067157760678,949.1669484283192,963.0026245117188,2038792.0
2016-09-28,960.9860378729554,963.5555192576425,954.7402022820302,957.8433837890625,1731328.0
2016-09-29,962.5673824055513,971.0664373220684,956.4797258600381,963.6742553710938,3603958.0
2016-09-30,963.378249484889,968.4183891762502,957.8637630069347,960.9075927734375,2175364.0
2016-10-03,968.4975665910094,971.5216122255322,949.1671843761278,953.3573608398438,1818880.0
2016-10-04,956.6384474273648,958.6347577043772,947.9417342689342,950.7681274414062,1780718.0
2016-10-05,951.8946199750575,954.8198389241257,939.2844266948476,943.3363037109375,1176354.0
2016-10-06,946.7554462139424,949.6806645209973,937.9599102313703,944.2847900390625,2267572.0
2016-10-07,943.9886230966017,943.9886230966017,932.2085112618139,936.0034790039062,1816512.0
2016-10-10,936.8334714063897,943.5536577729775,930.9632488686525,940.9447021484375,1202142.0
2016-10-13,934.2242816857253,936.8332366565185,917.463292571213,920.625732421875,5173334.0
2016-10-14,915.1311296327729,943.5930913319346,905.6438090663855,935.3707275390625,7741214.0
2016-10-17,936.4381260913192,939.1657889348149,926.753152037946,933.888427734375,2728346.0
2016-10-18,939.2447339439799,954.9383240433135,930.8642867646646,948.8110961914062,2128632.0
2016-10-19,949.1270600988956,952.684804180899,936.9912190322813,946.7947998046875,1985058.0
2016-10-20,947.5065991102633,952.4282240005102,943.1978128358504,949.1866455078125,1265854.0
2016-10-21,948.7320449347842,961.3422364280366,948.0402611520193,960.0574951171875,1259660.0
2016-10-24,962.4554460897472,965.1110776784038,952.2887017116748,962.2572631835938,1253190.0
2016-10-25,953.2596672696427,957.0648173309952,943.746888885247,950.6634521484375,1772466.0
2016-10-26,950.7230022003579,952.3678814859644,940.377816595755,949.79150390625,1437130.0
2016-10-27,943.231824350064,962.9708636712788,937.6034484521136,958.4523315429688,2941602.0
2016-10-28,955.2417098597213,957.2632144263634,946.5216610560225,950.7627563476562,1752102.0
2016-11-01,951.1589548867688,951.1589548867688,925.1771583268744,931.4595947265625,2934776.0
2016-11-02,927.8924640862002,929.0815616480364,909.6596348047115,913.2467651367188,2325076.0
2016-11-03,909.2631565900919,925.5141545936636,905.4976814429227,919.3506469726562,1463310.0
2016-11-04,919.5685052472083,925.9697731601957,909.2629961366794,923.7501831054688,1183752.0
2016-11-07,926.663726955999,929.4382880405815,895.806702098157,902.544921875,2048052.0
2016-11-08,903.8924158687897,914.4159477552738,895.7867541945899,904.982421875,1933634.0
2016-11-09,864.0776405070105,901.7324000703894,849.3526863958851,860.0545654296875,4500226.0
2016-11-10,873.9074963014879,878.9413235356915,848.5400804249223,854.3468017578125,2172426.0
2016-11-11,851.0174102725014,851.0174102725014,826.8985069658388,832.8241577148438,2398424.0
2016-11-15,839.0667843425288,855.1791133458671,813.3030054685818,840.8108520507812,6290324.0
2016-11-16,850.2443505830732,875.5324122278977,847.4301145819604,867.8826293945312,4019958.0
2016-11-17,866.0593432397708,875.4136155860253,844.3186386389428,847.113037109375,2504688.0
2016-11-18,849.0156215642415,852.1865482554246,834.0329735946013,842.3170776367188,2140534.0
2016-11-21,842.7531203813132,848.2229889159762,834.3501830224906,845.4087524414062,1793366.0
2016-11-22,845.0518694196429,863.0666753309114,841.1080491389547,846.240966796875,1318860.0
2016-11-23,851.7901636699384,857.3194476121809,843.1493692728601,854.7034912109375,1275808.0
2016-11-24,854.1287854213364,875.0173444512826,847.0338749656818,867.4268798828125,3026234.0
2016-11-25,876.7611925154904,914.5150368134563,868.9131299375466,911.7801513671875,4276148.0
2016-11-28,909.2635284340496,919.351022941902,892.5764825132388,904.7449951171875,1924296.0
2016-11-29,901.7322595492865,908.4704786316328,892.8338660561059,895.7273559570312,1442296.0
2016-11-30,897.7686973442568,909.5605820003237,888.7712114310768,902.1485595703125,3445832.0
2016-12-01,902.525012293591,907.6777681828385,893.4284356736815,897.1542358398438,1123052.0
2016-12-02,894.9943006019977,900.0678040336182,874.0661594272062,880.6657104492188,1998032.0
2016-12-05,883.4996055610007,887.0074825410246,860.1140170782286,866.4558715820312,2249526.0
2016-12-06,868.0411931840429,873.5704773210718,860.0742010595465,865.009033203125,1593444.0
2016-12-07,864.9496518203794,865.8414750997039,850.4624587513266,853.9901733398438,2065706.0
2016-12-08,856.3483562745281,871.6084403830998,856.1501733640271,870.3202514648438,3239546.0
2016-12-09,873.98688230003,879.8926959943559,861.4221015772316,870.122314453125,1588718.0
2016-12-12,869.943984137056,878.9811469194465,857.3395278960135,875.2552490234375,1311758.0
2016-12-13,879.1396199071305,879.1396199071305,865.266812559633,872.1239624023438,2147534.0
2016-12-14,877.5539756345986,881.7950707971889,867.644829568264,875.0172729492188,1870366.0
2016-12-15,872.7974974965132,900.5827789718248,872.7974974965132,895.50927734375,4295410.0
2016-12-16,902.5249761116198,907.6777317942949,892.615830568014,904.764404296875,1987230.0
2016-12-19,903.7142644731376,910.7299216461646,896.30224139464,907.2418823242188,1334210.0
2016-12-20,908.4703249596918,929.4777103099813,906.5083337949239,927.2184448242188,2922760.0
2016-12-21,929.0022106044565,929.0022106044565,913.8610559221714,917.031982421875,2034902.0
2016-12-22,914.0196178427371,921.5505687269574,906.171554935907,914.6934204101562,1868300.0
2016-12-23,911.6415812834279,918.6770760955064,903.238643453228,906.9248657226562,1118954.0
2016-12-26,898.1651227282764,912.2757873710674,898.1651227282764,908.9066772460938,897408.0
2016-12-27,904.3088112135305,923.5325575838378,904.3088112135305,920.91650390625,1294692.0
2016-12-28,922.2247511087205,931.4204229375872,912.890312472498,916.9530639648438,1350418.0
2016-12-29,912.830667030156,935.3838480159988,912.830667030156,932.1336669921875,1963516.0
2016-12-30,933.4019364932698,942.7958849060831,929.7355522431495,937.623291015625,1405748.0
2017-01-02,938.0394778825903,941.4085876742693,932.4110052859907,935.9585571289062,823132.0
2017-01-03,935.9186160525412,940.0606187369659,928.8038702784843,938.6931762695312,1475324.0
2017-01-04,939.2682437936745,946.8587087586062,934.7497112897859,943.1526489257812,1420066.0
2017-01-05,944.9360266613621,947.2943837163876,919.72712415525,925.2762451171875,2216404.0
2017-01-06,919.9652319774792,923.2749258712175,894.6374902786398,904.2691040039062,3009896.0
2017-01-09,901.7323511504665,916.1204515358123,894.5977655149902,913.1080322265625,1854578.0
2017-01-10,913.227159853871,923.4534208414576,908.2725854188999,917.7259521484375,1533914.0
2017-01-11,917.5873085837218,923.3742910085416,903.7937521505548,921.3131103515625,1931296.0
2017-01-12,921.3128816717361,935.4235467627142,913.2270558225821,929.220458984375,2570374.0
2017-01-13,930.6669412023032,934.6107617398847,887.0072850319497,891.545654296875,10235580.0
2017-01-16,891.8232714529563,901.2963777176716,883.1032216876386,895.2122192382812,3364808.0
2017-01-17,893.7655058371387,906.80600312669,892.9331954371844,903.2188720703125,3009956.0
2017-01-18,902.9212640401331,910.848579791144,897.9468540525755,909.6991577148438,3136574.0
2017-01-19,909.6596822484723,909.71909842206,904.8834541055221,908.07421875,2251676.0
2017-01-20,906.4887428085696,911.6414991078749,897.7686936866681,905.8347778320312,2037246.0
2017-01-23,900.329446967018,919.608024529005,898.2624848642234,916.905029296875,2318546.0
2017-01-24,915.8315941028408,923.3840247833764,910.2666451803409,921.5357055664062,2282638.0
2017-01-25,923.2252898533017,938.0916182051503,921.4166616041117,935.3091430664062,4111648.0
2017-01-27,932.1488404530367,945.5444481177367,932.1488404530367,937.2169189453125,2871658.0
2017-01-30,930.539034428968,934.8916004223557,921.4562032415888,927.3192749023438,2577956.0
2017-01-31,922.1916815910549,926.9815327945304,874.5120060833151,886.3375244140625,4666804.0
2017-02-01,882.4421485006618,890.3721835342621,856.8235208507194,861.7325439453125,4864152.0
2017-02-02,862.587151373342,882.0445823040311,855.8098178010721,877.532958984375,6009482.0
2017-02-03,878.3479527437283,891.584604941208,870.9147879742251,887.4307861328125,2153372.0
2017-02-06,897.5468149113892,897.7455630989249,880.4345765555595,890.6900024414062,2408910.0
2017-02-07,891.9820443638497,895.4005526923482,884.827108179113,892.2205810546875,1814638.0
2017-02-08,892.3396570594928,907.3253494376293,892.0018433360872,902.6944580078125,2212584.0
2017-02-09,904.3043513406136,925.3716615037137,902.3963491243846,921.1184692382812,4033202.0
2017-02-10,918.6141608030459,963.7101070120025,918.6141608030459,953.1764526367188,5782160.0
2017-02-13,952.40139125521,965.5187726873561,946.9756041171945,959.6557006835938,3819812.0
2017-02-14,961.8022436748852,961.8022436748852,953.1964843750001,956.475830078125,2033328.0
2017-02-15,952.7989626779507,965.1213522661928,944.0938294965266,959.4371337890625,1924972.0
2017-02-16,977.8415619853373,984.9965002437666,968.1426844974909,972.9722290039062,4175680.0
2017-02-17,982.611025840845,984.0420515896859,954.7862799634747,957.1314697265625,2723324.0
2017-02-20,963.9290122725013,1015.6035572603054,957.2113602421042,994.61572265625,3973948.0
2017-02-21,999.3059341811121,1004.0361024501196,975.9132325840443,979.9677734375,5501112.0
2017-02-22,980.1864510305363,981.8162252832294,954.0510596085231,958.5626831054688,4505496.0
2017-02-23,959.9539908600236,991.0580901497946,959.9539908600236,986.5067749023438,4853352.0
2017-02-27,985.4336385838061,994.5362698616434,981.8362757526353,989.7067260742188,2139892.0
2017-02-28,989.567538268084,989.7662865183889,973.8664264939971,980.3257446289062,2354828.0
2017-03-01,985.7513702127154,994.4962917815997,981.8161943247287,985.6123046875,1130374.0
2017-03-02,988.4544927469788,997.7161802837202,981.8362150702843,994.3175659179688,1544942.0
2017-03-03,990.5610894835746,993.6217925420749,983.9626100213319,991.3759765625,1013970.0
2017-03-06,985.7912822295248,987.3812681686047,975.6750161011371,982.81005859375,1400694.0
2017-03-07,986.9441155142442,995.728827823241,983.8238259175586,993.661865234375,1511672.0
2017-03-08,994.535949372452,1001.6908842600236,990.6404654135489,998.5903930664062,1791510.0
2017-03-09,999.3655340789578,1003.280912432409,995.3508786706417,1001.591552734375,858468.0
2017-03-10,1001.5317207277085,1013.4367155563644,999.2858083957778,1010.5349731445312,1171420.0
2017-03-14,1016.3188293530159,1028.3827870372209,1014.0332250205777,1020.572021484375,3402294.0
2017-03-15,1022.360522492003,1022.4201081212717,991.2962242832724,993.0650634765625,3022496.0
2017-03-16,996.1261087726958,1004.4735342652044,996.1261087726958,1002.0487670898438,1571818.0
2017-03-17,1012.0258648421261,1012.0258648421261,997.6166199086905,1003.9765625,2593152.0
2017-03-20,1004.0560169174967,1004.0560169174967,980.2261270338489,985.7910766601562,3487540.0
2017-03-21,986.5858882258673,990.5608515144486,979.8284506352792,988.4541015625,3373700.0
2017-03-22,985.8509388093748,992.1512973642621,981.7964937820399,985.3739624023438,1888716.0
2017-03-23,986.5860437024949,987.7984271055727,972.7531498692985,977.9802856445312,2620638.0
2017-03-24,981.7368561885448,981.7368561885448,963.2532692947686,964.803466796875,5099814.0
2017-03-27,964.7037849583521,969.8911319377592,956.3762555091182,958.7811279296875,2181270.0
2017-03-28,957.9664495645818,971.2427922467585,957.9664495645818,965.896484375,1153158.0
2017-03-29,968.3010971047676,974.1840624239292,964.1671739318466,971.7196044921875,1717764.0
2017-03-30,971.8392602013349,979.8289795421958,967.904083239451,970.2890625,2986086.0
2017-03-31,969.2553153440082,970.2292592930663,959.9539371314311,966.6318969726562,1867044.0
2017-04-03,967.9037141476342,967.9037141476342,957.250791437129,958.6420288085938,1196888.0
2017-04-05,961.9013661585519,961.9013661585519,952.0037459890275,954.4880981445312,2905568.0
2017-04-06,953.9912141724747,957.96617756486,951.0298858541486,954.0111083984375,1720704.0
2017-04-07,951.9641353488663,967.2081618403904,950.8710201962674,965.5386962890625,2277012.0
2017-04-10,966.7113446950149,973.4687841932943,955.9789407859831,962.8357543945312,2543264.0
2017-04-11,960.8682760700973,971.1237048291472,956.3765463643654,961.6632690429688,1557784.0
2017-04-12,962.9351204131248,965.1213508206674,947.2340111225908,951.308349609375,1050538.0
2017-04-13,953.9914763345093,957.5689443707637,922.609151136595,925.6300659179688,2500472.0
2017-04-17,926.3257066395695,927.3194477842845,912.3139564990872,920.1447143554688,2270882.0
2017-04-18,926.1666507170203,927.8361162578059,915.056645281587,917.73974609375,1730620.0
2017-04-19,899.7333411168659,933.6000240109965,895.4801479126871,913.904052734375,5626812.0
2017-04-20,916.3487028842317,926.961840048679,910.6445892786074,924.3781127929688,1268842.0
2017-04-21,925.808932758413,928.4124566231076,914.6392447541409,918.5347290039062,1161154.0
2017-04-24,914.2417499641879,930.0024439227353,907.2855627361995,925.4114379882812,2000020.0
2017-04-25,925.3718637197843,931.910661818589,915.3151827334082,918.8131713867188,3148710.0
2017-04-26,930.1416260725501,931.7117175280694,915.4541527108796,918.3558959960938,2187438.0
2017-04-27,916.6467733041887,925.292321708265,905.3578150920728,915.2952270507812,5773186.0
2017-04-28,911.8567475030669,913.7448554152899,901.5218410361621,903.5689086914062,2540510.0
2017-05-02,911.8568861327393,915.0368578367768,906.2919356506738,910.2271118164062,2382696.0
2017-05-03,912.2544219608108,932.1292459686715,901.7207652366445,929.0685424804688,3514406.0
2017-05-04,934.0967279406631,934.116622171417,917.7397884598004,926.2064819335938,2708208.0
2017-05-05,917.4219794738809,927.1606443339806,915.2357485869198,922.3906860351562,1682474.0
2017-05-08,922.5893205866796,933.0831887326835,921.2775628071696,931.1156005859375,1071782.0
2017-05-09,931.7118017076963,938.4891357138744,927.1803809123518,935.1303100585938,1790270.0
2017-05-10,936.1041898361004,936.5612719600439,920.6018274566491,927.140625,1206388.0
2017-05-11,933.0430658329715,938.0912493335219,923.2845124531517,933.8976440429688,2071302.0
2017-05-12,931.4533490874417,942.0266952770409,922.2115576330724,938.349853515625,2314446.0
2017-05-15,944.0938610003209,945.2266676603462,930.7777298719021,940.118896484375,1817604.0
2017-05-16,946.0413995339402,967.9037007836741,943.4377787942868,965.5783081054688,3601026.0
2017-05-17,967.3076444072325,978.1394230429822,963.1339315384115,975.9929809570312,2876198.0
2017-05-18,973.8664359578468,1022.3610095035027,970.7858380481841,1008.130615234375,5138594.0
2017-05-19,1008.1305440011457,1009.85969249144,988.1762402955766,996.583251953125,1786044.0
2017-05-22,997.7159279966745,1015.1063948691265,997.7159279966745,1006.2025146484375,1663940.0
2017-05-23,1006.9377240914334,1019.2402165888503,999.3058136586502,1002.3665161132812,2748596.0
2017-05-24,1007.5738895830251,1021.5657433908926,1005.5267249052498,1017.2528686523438,2534548.0
2017-05-25,1024.3481763683865,1048.4166017064176,1020.7707089305458,1043.26904296875,4094094.0
2017-05-26,1043.4280494638895,1044.1634566215196,1019.4391029182073,1024.8450927734375,1362550.0
2017-05-29,1025.1432946993632,1032.0994822360979,1019.1808482393047,1022.69873046875,1749290.0
2017-05-30,1017.5909634572861,1023.9310127463817,1003.6785870037685,1014.0532836914062,927634.0
2017-05-31,1006.8582928429582,1022.5593992651047,1004.8708110173701,1012.2642822265625,2502730.0
2017-06-01,1005.6659813437409,1019.1808601444078,1005.6659813437409,1015.0469360351562,1080064.0
2017-06-02,1016.1003296800444,1030.2512425270497,1014.6097179494624,1019.5386352539062,1355648.0
2017-06-05,1019.5782045080814,1041.4007167339332,1017.6503082663472,1035.0606689453125,1500188.0
2017-06-06,1045.8130031778126,1076.7978274015384,1045.4155067873992,1071.6502685546875,5946720.0
2017-06-07,1072.0481995346556,1073.2406891893104,1024.169759309277,1039.5528564453125,4927776.0
2017-06-08,1032.6954000658761,1035.4579799757598,999.9019549136688,1002.3267211914062,3330714.0
2017-06-09,1001.6910132098873,1012.5823766783647,988.1761344602301,996.5235595703125,3148034.0
2017-06-12,992.5486217715685,998.8687764201835,981.9751775314003,988.6531372070312,1626506.0
2017-06-13,990.7835225421894,997.2548050854481,983.5485921544574,985.37744140625,1175414.0
2017-06-14,986.7640583719669,995.204809991442,986.7640583719669,992.87353515625,1489142.0
2017-06-15,992.391304084789,992.6726428682044,966.6671066520524,969.1591186523438,2997198.0
2017-06-16,970.6663981331833,978.725326505155,959.2312080922186,964.5368041992188,2450426.0
2017-06-19,971.4498820275321,983.2871073649457,966.7270815082576,977.3986206054688,1644742.0
2017-06-20,977.117825410995,984.3527578903853,956.7394518867227,982.7449951171875,1670958.0
2017-06-21,980.7346427960863,981.5987754629487,963.5315728784199,967.1892700195312,1657818.0
2017-06-22,968.2747606966283,977.1174525751363,958.6281877382559,962.5873413085938,5775882.0
2017-06-23,964.416201976754,970.264457124089,946.168138639873,949.2630615234375,1424756.0
2017-06-27,944.801195498028,958.5073050144846,937.164327477661,941.6861572265625,1974330.0
2017-06-28,944.519972310666,947.7757297181897,938.5310979185637,944.580322265625,1789726.0
2017-06-29,948.1777893347613,953.4231333146521,933.7481623565373,937.8278198242188,2471826.0
2017-06-30,934.2706297595208,955.4127431769087,933.748185518007,949.5243530273438,1753848.0
2017-07-03,947.5346270696094,957.8444612047468,941.7869556252068,954.046142578125,1475956.0
2017-07-04,953.925382270511,956.7992175151638,944.5802659002735,951.3328857421875,1215134.0
2017-07-05,948.9008299531841,950.5889598542036,942.5501525827093,946.9714965820312,815856.0
2017-07-06,948.1778838788985,949.3434723773098,940.5812457229787,943.57568359375,1026788.0
2017-07-07,944.5602217916517,947.1527185190778,934.7126790538238,937.30517578125,1232090.0
2017-07-10,967.0686781192865,982.7041216515141,956.1961698219976,978.704833984375,783608.0
2017-07-11,975.1079109331472,1010.8002564003996,975.1079109331472,995.1245727539062,3537504.0
2017-07-12,997.817539506907,998.139111612915,976.7558913187729,980.5139770507812,2646450.0
2017-07-13,982.7445734993644,993.5969675625475,975.3489071675695,983.3072509765625,3131960.0
2017-07-14,957.8242423972412,974.7057439418002,954.6087182935156,963.6322631835938,4508432.0
2017-07-17,963.7326741900857,973.5400808301549,957.5025967182797,962.8283081054688,2211822.0
2017-07-18,963.1097359307659,981.940688509278,963.1097359307659,968.0134887695312,1908002.0
2017-07-19,970.886813825439,988.7731575287022,970.7260769542469,984.593017578125,3915576.0
2017-07-20,984.4529948271787,987.5278011035654,976.9166087281649,982.6241455078125,1182504.0
2017-07-21,978.6848783093751,1004.8512439539375,978.5442580132242,1001.3141479492188,2148416.0
2017-07-24,1000.4276671522081,1023.8059123958939,1000.4276671522081,1020.0573120117188,2271402.0
2017-07-25,1018.0620875053547,1039.928807587376,1015.099460260659,1036.502685546875,2678832.0
2017-07-26,1031.8670530125196,1037.9131490262648,1026.6271031339404,1030.2547607421875,1459826.0
2017-07-27,1024.692504260797,1041.8634591768393,994.1798876182816,1000.3065795898438,4255304.0
2017-07-28,1000.0243922698926,1004.8814429575864,984.3045408799185,1001.3545532226562,1382752.0
2017-07-31,995.9939865259225,1015.341502249615,992.7694005719737,1004.3779296875,2019662.0
2017-08-01,1007.6827470698537,1016.0465138705334,1004.0550891804022,1008.3477783203125,1747460.0
2017-08-02,1007.6830573535051,1010.9076431370363,992.3662748817318,997.12255859375,1251024.0
2017-08-03,999.6213375840841,1008.4889462239429,994.1596771268664,1003.4303588867188,1882548.0
2017-08-04,1003.974343438976,1019.0895823746243,1002.8457192504802,1016.8726806640625,1387890.0
2017-08-07,1014.3337948262023,1015.7445511472401,1000.105289964139,1009.0736694335938,1885520.0
2017-08-08,1012.5196550731613,1019.2107080799634,1006.1914269102583,1008.9121704101562,1073958.0
2017-08-09,1007.6827152519469,1016.8929746319557,1004.9821452563747,1012.5195922851562,992946.0
2017-08-10,1011.3104641641762,1015.9861517469151,1002.1808973038609,1012.2979736328125,1526172.0
2017-08-11,1007.6424707370875,1021.7903768561675,1000.8305742539898,1006.0906982421875,1394736.0
2017-08-14,1008.8921133746238,1011.6732787991801,992.7691870721928,995.3488159179688,786504.0
2017-08-16,1001.2335435403606,1025.337333714302,993.6557498580275,1004.5992431640625,1373340.0
2017-08-17,1007.9647676865607,1009.6980015021772,992.4062068270782,1001.8984985351562,1752374.0
2017-08-18,997.2029693027503,1027.796181908642,996.1549397541287,1013.2453002929688,2837356.0
2017-08-21,1009.8993346304027,1027.4330089694258,1005.3849370106184,1019.2909545898438,2304834.0
2017-08-22,1016.953442289392,1023.6041485112607,1004.4581760543658,1006.6952514648438,1131326.0
2017-08-23,1009.6981655839237,1014.4544480811527,996.8602473495187,1003.4303588867188,1562272.0
2017-08-24,1006.7555161259895,1014.917745216792,1002.1000028151198,1006.3121948242188,1623908.0
2017-08-28,1009.5369663307688,1009.8593460985535,991.9629390995134,1002.5637817382812,2036796.0
2017-08-29,1000.427392016799,1006.0704151788599,993.1519031872675,995.9331665039062,1312602.0
2017-08-30,1000.0244539815739,1003.6521122185083,991.6002647717485,1001.4553833007812,970782.0
2017-08-31,1001.6367504315382,1009.4563299656561,994.2403189681548,1006.211669921875,1784664.0
2017-09-01,999.6214207673736,1006.8969108699907,982.107911927574,990.1290283203125,1702330.0
2017-09-04,988.7782429231157,991.9624797042321,982.6918023238187,990.0277099609375,1062544.0
2017-09-05,991.5601276663741,1003.6523243452323,982.3096168883573,1001.375,1165994.0
2017-09-06,994.8451388873085,997.5458082145267,987.5293992311342,988.8192138671875,1228764.0
2017-09-07,990.7537877968396,994.9457091311714,987.9524491277841,991.6002807617188,870636.0
2017-09-08,989.0409403682643,997.2031732943805,988.5572721724712,995.832763671875,1021134.0
2017-09-11,996.0743512570813,1000.8104607822213,987.5292201355816,989.3228759765625,732764.0
2017-09-12,997.1626098337587,1006.4736388064742,990.3507130746925,1003.02734375,1396460.0
2017-09-13,1007.6827379177017,1020.4399620171329,997.6865054762546,1003.3295288085938,1278980.0
2017-09-14,1000.4272325548588,1006.7152110100675,996.3561557028138,1002.4224243164062,1081510.0
2017-09-15,1007.279531195064,1014.5348459455687,1001.6365086113382,1010.1212158203125,2944072.0
2017-09-18,1009.678080045113,1015.3211042157232,1003.3498511922352,1007.2999877929688,726600.0
2017-09-19,1009.698588939015,1009.698588939015,1004.2570995375473,1006.9778442382812,782754.0
2017-09-20,1013.3260181223412,1013.3260181223412,997.3240318691004,1005.0831909179688,1334642.0
2017-09-21,1004.075393224019,1024.2088774500844,999.6214152208616,1017.7193603515625,2438740.0
2017-09-22,1015.7038628866536,1018.5253745798735,1004.4581627862844,1009.1338500976562,2435396.0
2017-09-25,1006.2925537805341,1021.387627488907,1004.7608557312443,1012.0161743164062,1599558.0
2017-09-26,1011.7134558076496,1018.3238151204398,993.9782398492684,997.4647827148438,1449230.0
2017-09-27,1003.6520538635865,1012.6002573131141,997.102115761063,1005.6674194335938,2010356.0
2017-09-28,1005.5466372546988,1013.3259692696996,988.335432239182,998.1905517578125,4332866.0
2017-09-29,999.2182225305335,1001.2335880459237,976.0415191035445,981.8659057617188,1985014.0
2017-10-03,983.498531387095,989.2624973794002,978.2787535350157,986.9044799804688,1923006.0
2017-10-04,987.3677458052724,989.1412277965037,977.4521097826085,984.42529296875,1300778.0
2017-10-05,983.9013289213981,984.8888382265192,977.2102768344627,979.3063354492188,1684686.0
2017-10-06,979.4680078627125,989.5448392193248,978.682034698208,986.1791381835938,1389188.0
2017-10-09,983.9216996173957,994.7643276275468,983.9216996173957,989.1818237304688,1773616.0
2017-10-10,989.5446903918639,995.5706149555082,988.0331659157052,991.2577514648438,1222010.0
2017-10-11,991.560053992439,1013.5073696525487,990.2500661162295,1007.8240966796875,1527746.0
2017-10-12,1012.9230477492202,1029.8521237561708,1010.5046083196557,1027.1112060546875,5006356.0
2017-10-13,1027.1105940805373,1051.5972787151936,1016.9531742096823,1031.3026123046875,4066320.0
2017-10-16,1029.8721319063634,1043.9595196426274,1029.8721319063634,1041.7022705078125,1218590.0
2017-10-17,1041.9440887821029,1054.0161098973244,1038.9412135073444,1045.79345703125,1443016.0
2017-10-18,1045.9747641606937,1053.4920386137278,1039.9286672580306,1042.5889892578125,1514144.0
2017-10-19,1044.7656644860083,1046.2973622248182,1036.3011278524411,1041.500732421875,86822.0
2017-10-23,1041.5409691927518,1059.6792600649167,1026.808626591944,1043.1129150390625,1886088.0
2017-10-24,1056.0516965709905,1056.4144230583438,1035.5151384124915,1039.2838134765625,1339020.0
2017-10-25,1042.1532279561484,1056.5012751124189,1032.6552249090398,1034.6356201171875,1105106.0
2017-10-26,1024.6122908792536,1038.37421231861,1017.6604819392418,1026.1279296875,3007552.0
2017-10-27,1025.7842100355654,1048.0741623638642,1022.6721184949215,1044.497314453125,1409270.0
2017-10-30,1045.1846981440292,1058.9264923191633,1043.446745616408,1057.390625,1137252.0
2017-10-31,1051.3683217963794,1067.0096941692073,1051.3683217963794,1060.54296875,1592634.0
2017-11-01,1060.5426676023897,1061.6945922103496,1042.2944214615254,1051.9945068359375,741882.0
2017-11-02,1054.2781771796394,1080.7513305648288,1053.5708791884322,1061.4117431640625,1468422.0
2017-11-03,1063.9386265669864,1065.6765798469166,1051.9752362523313,1058.9674072265625,666886.0
2017-11-06,1058.9263244048207,1079.8623684161018,1055.591918994004,1077.3363037109375,1377000.0
2017-11-07,1079.1349770930956,1118.7436766268497,1077.5385237345263,1095.322021484375,2696892.0
2017-11-08,1100.5559612267195,1115.1060951246857,1098.6361518929602,1105.406005859375,1402252.0
2017-11-09,1111.4683131081322,1111.4683131081322,1099.0603047657664,1105.9715576171875,1152432.0
2017-11-10,1100.2325806252793,1101.7684477928876,1088.5723244525125,1094.7965087890625,1356566.0
2017-11-13,1092.088800099376,1122.5429847467813,1092.088800099376,1115.0860595703125,1496996.0
2017-11-14,1114.1156914269063,1114.1156914269063,1094.2911179213747,1097.1607666015625,1657252.0
2017-11-15,1093.684877025883,1113.489222544829,1091.805524522924,1093.4019775390625,6670834.0
2017-11-16,1095.3016974336101,1116.7227269406142,1085.9855507150223,1110.114501953125,1653482.0
2017-11-17,1110.7006198504441,1110.7006198504441,1092.7150386026947,1094.21044921875,1325464.0
2017-11-20,1097.3223614917679,1102.131948578827,1089.3602263384735,1092.6541748046875,1014498.0
2017-11-21,1091.664270167987,1091.664270167987,1077.51830591183,1080.3272705078125,1527740.0
2017-11-22,1080.3473452774158,1095.180377383793,1080.1048035977162,1083.439208984375,1822624.0
2017-11-23,1083.580475988855,1088.43051914882,1078.73043282889,1083.6815185546875,793470.0
2017-11-24,1083.9848035281295,1092.4319237875804,1080.3877271323395,1086.4300537109375,2287512.0
2017-11-27,1086.4100646090687,1089.602971385735,1075.9824482719107,1085.5411376953125,1856786.0
2017-11-28,1085.6017472151304,1092.2301026278378,1079.1350205005206,1085.31884765625,911716.0
2017-11-29,1082.1661953279372,1088.4308362345976,1071.0515098483786,1074.345458984375,1447532.0
2017-11-30,1072.526638247115,1077.9021237795332,1060.1388561608983,1065.7972412109375,4299962.0
2017-12-01,1064.9884669208686,1078.3260833946404,1059.5321692725074,1062.9473876953125,1031144.0
2017-12-04,1059.734765731296,1074.486985010164,1052.035300044018,1063.91796875,1259104.0
2017-12-05,1063.3724305393512,1071.7387389352775,1062.2205053124408,1065.21142578125,1167914.0
2017-12-06,1065.3932423678589,1069.030776199919,1056.0367364807166,1064.302001953125,1407518.0
2017-12-07,1063.897725442656,1069.4146117347395,1056.9055580389124,1057.81494140625,1326300.0
2017-12-08,1058.1179070180365,1069.0305057535165,1049.630330223774,1051.4490966796875,1385548.0
2017-12-11,1054.2179738209795,1080.2060533643087,1054.2179738209795,1075.5379638671875,1008002.0
2017-12-12,1075.4973011017662,1075.901471451673,1053.8337308770056,1055.7535400390625,1882246.0
2017-12-13,1055.4506357995945,1071.6376814763257,1051.2473027401452,1062.321533203125,2961458.0
2017-12-14,1063.7766601070618,1063.7766601070618,1022.9958998029725,1033.7872314453125,5504150.0
2017-12-15,1036.1917314605719,1044.5580379436278,1025.3195885505024,1028.8560791015625,2718138.0
2017-12-18,1025.3801383063028,1046.3767674421415,1008.1423130150199,1042.9615478515625,2180664.0
2017-12-19,1041.1430069823666,1049.9539419160922,1036.575861479276,1040.860107421875,1801952.0
2017-12-20,1043.5678667949035,1047.9126981535578,1030.8970865722292,1046.3768310546875,1577570.0
2017-12-21,1045.5889614048624,1054.076540913754,1042.7799964927576,1049.105224609375,1293648.0
2017-12-22,1052.4597520101304,1076.66952019989,1046.8821805940872,1069.738037109375,3665664.0
2017-12-26,1085.6016711716125,1087.1173101391826,1063.6148413518256,1070.8292236328125,2175786.0
2017-12-27,1070.8291178776312,1074.4868792930088,1055.0867024240736,1058.8858642578125,739284.0
2017-12-28,1054.3996986936017,1072.466094801044,1053.1265028020814,1061.7353515625,2605088.0
2017-12-29,1060.1795851767715,1094.8573321003898,1058.34058982793,1091.7452392578125,2609542.0
2018-01-01,1084.106350286476,1089.1584805969912,1064.9890694566027,1069.2733154296875,1351760.0
2018-01-02,1075.0933755327703,1078.9734512450643,1059.0073722090867,1063.4532470703125,1920290.0
2018-01-03,1063.7764178273135,1078.730721573366,1063.45306179522,1066.464111328125,1257120.0
2018-01-04,1071.0514934466744,1075.901537945301,1067.009789697819,1073.921142578125,913082.0
2018-01-05,1071.0513190103316,1091.0577493088265,1071.0513190103316,1086.894775390625,1153706.0
2018-01-08,1091.2600639205223,1102.1120784703858,1083.9244107383772,1097.080078125,1242220.0
2018-01-09,1097.322482999377,1099.747505061254,1081.7821530210615,1094.8974609375,2149396.0
2018-01-10,1095.7057595821234,1138.1436440366135,1089.0975352473083,1134.344482421875,3365850.0
2018-01-11,1135.7184786062646,1140.5280654338114,1124.4825251684504,1127.837158203125,2520744.0
2018-01-12,1133.6978494415637,1133.6978494415637,1107.6490897124484,1122.118408203125,3360314.0
2018-01-15,1122.4417455021055,1134.9104413521093,1105.426231494172,1109.892333984375,1457214.0
2018-01-16,1113.8932913205542,1156.593841919021,1111.6905830301419,1152.2288818359375,4267752.0
2018-01-17,1159.9690424493451,1182.1984143429736,1156.7962653547618,1167.6280517578125,4280806.0
2018-01-18,1170.8816802667995,1185.4318150578263,1159.180966607232,1179.4500732421875,2209478.0
2018-01-19,1184.4418658275445,1205.2364180950003,1173.5696202892952,1196.061767578125,1820000.0
2018-01-22,1199.585895958675,1269.9567205295943,1183.785879091945,1262.5428466796875,4367110.0
2018-01-23,1261.9555028236869,1273.0560874803116,1251.8678387279456,1256.7091064453125,3239610.0
2018-01-24,1251.8475363915331,1320.3345548874413,1248.8698012319169,1286.1214599609375,5621538.0
2018-01-25,1286.2834280924303,1288.2280653401945,1248.201336048119,1264.4267578125,3833844.0
2018-01-29,1268.6200336441075,1306.5401213815085,1264.8118632412618,1295.946044921875,3141060.0
2018-01-30,1288.3091400901064,1297.9512219894348,1273.6029499357069,1277.3099365234375,1574758.0
2018-01-31,1270.888849637117,1276.1555232250298,1255.3319456792508,1260.9024658203125,3043214.0
2018-02-01,1265.621825670251,1292.3603149449746,1251.3613178387363,1271.5367431640625,2400630.0
2018-02-02,1264.0014925661999,1292.3605004122364,1257.2965930723558,1277.634033203125,2456490.0
2018-02-05,1259.9502073330775,1291.550244687412,1246.5202310208335,1257.1953125,2757742.0
2018-02-06,1219.4372408920417,1246.6415902741787,1209.3090246055629,1214.2718505859375,2657306.0
2018-02-07,1226.3245261335514,1227.9450408691093,1194.0965195484666,1197.175537109375,2180324.0
2018-02-08,1207.1823221030998,1226.5677712184724,1198.7759010329967,1204.933837890625,2755004.0
2018-02-09,1195.1297468970595,1212.955410918575,1173.5160897076196,1203.9210205078125,2102458.0
2018-02-12,1206.5947209724932,1224.8457870855118,1197.3780438573297,1202.1383056640625,1974562.0
2018-02-14,1203.2322799546196,1205.035082949307,1171.8348046359386,1179.65380859375,2847532.0
2018-02-15,1187.8171732007652,1192.2938654981583,1176.9395260257043,1185.345947265625,2465236.0
2018-02-16,1184.1912539466161,1215.2241536031293,1184.1912539466161,1188.2628173828125,2515756.0
2018-02-19,1193.1041638935435,1196.4667522865334,1172.928732443989,1184.4344482421875,1568224.0
2018-02-20,1186.2167801277697,1209.3293912025752,1186.1762276962481,1193.002685546875,1889068.0
2018-02-21,1204.8528804588877,1240.7473266156032,1199.2013542814518,1232.523193359375,3089228.0
2018-02-22,1236.4523957389767,1247.3908671298525,1224.50110292302,1235.72314453125,3463010.0
2018-02-23,1235.6422665215803,1251.4422823885775,1212.18535945161,1246.0946044921875,3362500.0
2018-02-26,1245.770729868303,1251.8273840415982,1223.9747864225915,1228.2286376953125,1363882.0
2018-02-27,1231.996615687111,1247.2092211047814,1228.350456679816,1232.5435791015625,1717800.0
2018-02-28,1229.5656612823889,1241.2941179073441,1224.0761473622038,1229.5859375,2706864.0
2018-03-01,1235.237397888626,1240.1799482132947,1223.4886656686292,1230.659423828125,1718124.0
2018-03-05,1235.2375560878452,1261.4290901555432,1228.7352198826816,1258.2691650390625,2858168.0
2018-03-06,1264.811632849671,1266.8372760797313,1227.6005271501183,1232.7254638671875,1906764.0
2018-03-07,1243.7450815233499,1251.442526653299,1222.8809539342774,1226.5068359375,1917772.0
2018-03-08,1237.627739571687,1237.627739571687,1210.322102250788,1216.9864501953125,1951826.0
2018-03-09,1217.4116439649124,1240.9901125954714,1206.149047244063,1229.200927734375,1872436.0
2018-03-12,1232.8065399757438,1249.376262977303,1229.7680749577294,1236.513427734375,2091340.0
2018-03-13,1184.961103678296,1190.9570292755498,1163.5298312386838,1169.5257568359375,88067154.0
2018-03-14,1172.016966204152,1184.2113787356361,1164.765202573822,1169.56591796875,3668668.0
2018-03-15,1172.8478002203622,1175.9065422444114,1156.885766095055,1162.5980224609375,2348906.0
2018-03-16,1162.233056518024,1163.529448377999,1136.385829631019,1144.77197265625,7197482.0
2018-03-19,1146.109054150408,1153.8064991941892,1142.4628959717745,1146.9193115234375,3489940.0
2018-03-20,1142.4627536106154,1164.0155772658534,1142.0576249745834,1160.6328125,4024984.0
2018-03-21,1163.7324630885525,1168.513002648977,1154.6170652053524,1157.3516845703125,3907678.0
2018-03-22,1158.648025034704,1165.1300854613066,1143.4962483508775,1147.0614013671875,2326094.0
2018-03-23,1135.170590121823,1148.17526064267,1133.5703515769517,1141.71337890625,3654122.0
2018-03-26,1142.057693844363,1145.4607350289039,1126.8856452917075,1141.2474365234375,2964210.0
2018-03-27,1144.4885351553676,1159.8834251857759,1143.6985540012706,1153.6849365234375,2494574.0
2018-03-28,1148.9042623554546,1164.744831628952,1144.4883997745353,1154.272216796875,6865654.0
2018-04-02,1150.5653013787803,1180.544819794988,1150.5653013787803,1178.782470703125,1662988.0
2018-04-03,1171.672490756181,1186.9862730641282,1171.672490756181,1179.4306640625,1937290.0
2018-04-04,1186.8037280777316,1188.6470826330788,1171.6316847221758,1179.28857421875,2841820.0
2018-04-05,1185.6292202187385,1200.6999855787044,1183.1174424768037,1198.3502197265625,1809424.0
2018-04-06,1196.7499326612785,1199.180704359304,1185.6291719244819,1195.2509765625,1129018.0
2018-04-09,1190.9568394812989,1200.598922483867,1180.950180205997,1184.5557861328125,1235866.0
2018-04-10,1185.2849883463732,1198.0668182953375,1185.2849883463732,1190.1060791015625,1184532.0
2018-04-11,1195.372682650258,1225.5142158672497,1193.3470393182458,1221.1185302734375,3124416.0
2018-04-12,1219.4372905644013,1276.1553040790247,1218.6067570134069,1271.8001708984375,6114360.0
2018-04-13,1276.155365120417,1312.9410697125463,1268.9036011803826,1277.4923095703125,8179118.0
2018-04-16,1262.380896456003,1296.3914274629958,1260.2539710046572,1291.4083251953125,6270274.0
2018-04-17,1291.4083725885894,1294.365831677812,1275.020937577062,1282.8804931640625,3301724.0
2018-04-18,1282.6371446452206,1293.757904907932,1274.473842937366,1279.841796875,2433066.0
2018-04-19,1288.2685964845311,1303.379915402839,1282.536065463872,1292.8262939453125,4820952.0
2018-04-20,1316.6683229965195,1386.492296550163,1312.617035848838,1378.43017578125,18465662.0
2018-04-23,1387.1604143582897,1441.4070977746715,1373.2037529849833,1380.941650390625,15185910.0
2018-04-24,1381.488701523592,1394.9186767565836,1354.1425175491515,1371.623779296875,8314336.0
2018-04-25,1371.3602493403753,1411.0628503552516,1363.2779539154444,1405.8974609375,8196574.0
2018-04-26,1404.5811373611,1442.2581047030621,1404.5811373611,1433.8516845703125,12135034.0
2018-04-27,1428.0784310653787,1435.7758750909795,1385.5399246081122,1398.4837646484375,4501330.0
2018-04-30,1398.4837158435057,1437.8014680785502,1392.6701795089107,1430.954833984375,3458558.0
2018-05-02,1430.3065819224253,1430.9952807894638,1406.3229875843374,1417.848876953125,3158046.0
2018-05-03,1421.9204934601175,1428.4835575218533,1405.9583660021249,1410.59716796875,3761550.0
2018-05-04,1414.7090639140272,1416.7347069035948,1405.7962347599296,1410.1513671875,2347244.0
2018-05-07,1413.8990816652704,1413.8990816652704,1381.8533637753549,1385.9249267578125,3484426.0
2018-05-08,1391.495447777924,1412.4811330382674,1376.100558044537,1394.1287841796875,2992820.0
2018-05-09,1393.7237417415029,1415.8235322315927,1393.7237417415029,1413.6156005859375,2615050.0
2018-05-10,1419.1455736648513,1422.4676092554373,1393.7237474929764,1398.200439453125,3858678.0
2018-05-11,1399.3956615998136,1411.8736464635786,1394.6556751652422,1400.509765625,2627876.0
2018-05-14,1400.5297883839676,1406.2015896675591,1381.8128639297888,1391.029541015625,2433894.0
2018-05-15,1397.6939387587274,1416.2488519882706,1391.090321527266,1410.820068359375,1952890.0
2018-05-16,1409.8273572249475,1421.596363716785,1407.9232724442168,1415.4788818359375,1648450.0
2018-05-17,1423.196850431764,1431.380430410493,1408.2273647111156,1414.62841796875,2968048.0
2018-05-18,1410.1721421790144,1425.1213531662415,1400.9351870977916,1418.7811279296875,1874996.0
2018-05-21,1429.5774060944407,1455.2220686788326,1425.2628256601704,1440.9412841796875,3446178.0
2018-05-22,1441.4477648702161,1448.3146758402438,1415.3979723844527,1421.555908203125,1857416.0
2018-05-23,1428.0781479093569,1436.180718961325,1410.2524915950273,1415.96484375,1507298.0
2018-05-24,1422.001621868258,1464.5401319241462,1418.9024271275325,1459.962158203125,2962316.0
2018-05-25,1468.591473788109,1488.7669019545133,1447.342494176628,1452.71044921875,3769772.0
2018-05-28,1465.1480925792837,1465.1480925792837,1412.2787918516199,1418.7811279296875,3716798.0
2018-05-29,1430.0637313328991,1435.7760854574642,1413.0888786895132,1427.470947265625,3525312.0
2018-05-30,1421.6166782364432,1431.3194894118658,1410.8604930305187,1423.66259765625,3779106.0
2018-05-31,1416.6771253821687,1437.1430026396722,1410.2228094205982,1422.43701171875,5049371.0
2018-06-01,1433.0173931792256,1435.8768919683516,1402.2165461146278,1415.4110107421875,1603856.0
2018-06-04,1425.6645076008672,1428.9325064721586,1399.1936967971249,1425.0517578125,1681483.0
2018-06-05,1424.8469490256462,1431.3012642111996,1398.008538768083,1406.546142578125,2449568.0
2018-06-06,1407.6898972678318,1417.4122095980213,1401.3172623673402,1409.9366455078125,2236512.0
2018-06-07,1409.324461059814,1428.9324535615158,1408.3441013272918,1417.94384765625,2414762.0
2018-06-08,1417.4940870553974,1435.713215213849,1417.4940870553974,1427.3797607421875,2582138.0
2018-06-11,1427.3798495025999,1440.3701618902012,1424.0301713979698,1429.5040283203125,2179378.0
2018-06-12,1435.468183034461,1458.3441700150897,1432.200184894371,1455.076171875,4608875.0
2018-06-13,1483.6715067168118,1496.4575724120577,1468.9655116061824,1490.2891845703125,5370983.0
2018-06-14,1495.1093289154792,1496.9884679645997,1457.5273457842704,1460.427734375,3819998.0
2018-06-15,1470.599315761436,1509.0799779109136,1461.285500148667,1503.3201904296875,9183574.0
2018-06-18,1526.1143301725715,1526.1143301725715,1488.69580913452,1494.292236328125,4674987.0
2018-06-19,1488.695793603766,1502.4622164784016,1487.7562241474548,1490.61572265625,3245034.0
2018-06-20,1496.7433042343655,1500.2564424938507,1485.795489377201,1488.94091796875,3107695.0
2018-06-21,1496.7432680169202,1496.7432680169202,1484.9784538242197,1486.408203125,2910659.0
2018-06-22,1492.658187418462,1492.658187418462,1470.2315895197555,1478.6058349609375,2949458.0
2018-06-25,1480.3216109084399,1488.8592169265573,1475.501293270965,1486.3265380859375,2083217.0
2018-06-26,1489.3906241431348,1520.4366163084883,1487.7566245554847,1513.0836181640625,4679712.0
2018-06-27,1519.6189842593683,1540.1665404713017,1512.470239037718,1517.9849853515625,4081208.0
2018-06-28,1523.7043617531647,1528.6063596998238,1492.0865148897758,1505.4852294921875,4888125.0
2018-06-29,1507.2827768399595,1525.6652702163526,1505.158597551636,1509.6112060546875,3506276.0
2018-07-02,1513.0829494603777,1517.8215860629014,1504.177635697084,1512.5518798828125,2650290.0
2018-07-03,1519.578370354091,1535.8775722582645,1517.2091512926183,1531.09814453125,3242233.0
2018-07-04,1535.8776661161812,1535.8776661161812,1517.2909240286417,1524.6439208984375,2700614.0
2018-07-05,1530.2403304902848,1542.0868253072144,1521.3350144402436,1536.2044677734375,2472571.0
2018-07-06,1538.2876055874663,1569.4561588285435,1537.3072460054814,1562.8792724609375,3713781.0
2018-07-09,1571.9073873348711,1572.2342071537794,1533.0999024604396,1538.410400390625,6151747.0
2018-07-10,1550.665366996382,1551.4006866425032,1528.4021260845532,1531.9560546875,5303302.0
2018-07-11,1552.2989929122275,1632.3649409677002,1547.5195659592737,1617.5772705078125,22903802.0
2018-07-12,1620.9269824033847,1626.5642988106408,1601.7274944565706,1610.5919189453125,6921701.0
2018-07-13,1613.57418379534,1632.2834942777777,1612.7571842086081,1618.557861328125,4148185.0
2018-07-16,1625.829298790355,1630.7312966761554,1615.5759133199958,1625.1756591796875,2582159.0
2018-07-17,1628.2865452318622,1644.6594617248925,1621.7373786346502,1639.0517578125,3315492.0
2018-07-18,1641.3849056221488,1646.8697927652518,1631.6021278284145,1637.496337890625,2013869.0
2018-07-19,1639.0106241947165,1645.8462961711434,1612.7321157968804,1622.064697265625,1746318.0
2018-07-20,1624.9299415016023,1637.2914721297136,1624.193140352676,1634.508056640625,1934995.0
2018-07-23,1638.1103909640035,1645.4372315503447,1625.8307028758175,1641.9171142578125,2086201.0
2018-07-24,1649.5713558072982,1649.5713558072982,1624.316151810317,1636.4730224609375,2038423.0
2018-07-25,1638.847123602635,1638.9289681999905,1611.422488020867,1622.146728515625,1535492.0
2018-07-26,1616.7844297217252,1625.0118597148823,1600.5343311110455,1608.393310546875,3503036.0
2018-07-27,1605.2416212571243,1608.3525153171825,1588.4185097717243,1591.2427978515625,2033977.0
2018-07-30,1590.6287853426234,1600.206901205252,1581.2553309294726,1591.9385986328125,1579251.0
2018-07-31,1589.81002808712,1593.903256789713,1578.3489877198597,1588.33642578125,2204803.0
2018-08-01,1596.3187415466982,1622.1880353165523,1596.1960245915343,1618.0538330078125,2425180.0
2018-08-02,1620.9186248256956,1625.0118536762654,1592.266022871706,1595.0494384765625,1509287.0
2018-08-03,1601.680502710529,1622.5969428083106,1601.680502710529,1620.4683837890625,1505131.0
2018-08-06,1634.835545949735,1636.4318651728934,1614.5740638454506,1617.275634765625,1532249.0
2018-08-07,1619.4446625750322,1620.222435843202,1604.9546756370835,1610.5623779296875,1353521.0
2018-08-08,1614.3694223637758,1619.5269305724594,1606.1829648467183,1616.0067138671875,1315062.0
2018-08-09,1620.9190710327612,1621.5740278020871,1609.458027096166,1616.293701171875,2060297.0
2018-08-10,1621.6961351031264,1634.4261155200054,1614.4102684283444,1631.6427001953125,2784105.0
2018-08-13,1635.4905091265873,1640.770734208231,1629.1050323434602,1637.414306640625,3559575.0
2018-08-14,1630.7423553967499,1657.4301872104488,1622.883376080102,1640.19775390625,3311765.0
2018-08-16,1637.537266349463,1653.7055212217003,1633.1984035500489,1644.2501220703125,2152065.0
2018-08-17,1648.630104804532,1655.2202445885703,1640.5664622892343,1647.7296142578125,1213731.0
2018-08-20,1656.9392705115117,1656.9392705115117,1640.3207190803746,1645.437255859375,1587032.0
2018-08-21,1645.6007575237136,1656.9389810588186,1640.5660662262217,1651.7406005859375,1376866.0
2018-08-23,1655.956596545187,1668.3999714723398,1653.9099822524092,1666.02587890625,3046791.0
2018-08-24,1666.0259646483266,1674.9492234105405,1662.6695370219002,1672.4932861328125,1570533.0
2018-08-27,1672.4929846916,1685.5913144787098,1665.943819798045,1678.960205078125,1532702.0
2018-08-28,1682.3170426017848,1696.2340205697801,1679.8611053133152,1693.9417724609375,1987983.0
2018-08-29,1696.6433316676314,1699.99985921777,1674.621740814162,1696.2340087890625,1525867.0
2018-08-30,1692.9593840677835,1706.8763615963871,1690.9127697253418,1704.747802734375,2408020.0
2018-08-31,1704.6659826830507,1712.60680600757,1697.8711833937382,1701.47314453125,2504554.0
2018-09-03,1706.7126976344623,1710.9696155566903,1676.9138724494965,1680.5977783203125,1439711.0
2018-09-04,1686.2465641007414,1723.0446507709466,1683.9133437559135,1718.2554931640625,4420803.0
2018-09-05,1719.1562121915204,1725.0913943526577,1698.7310390719945,1702.1693115234375,1681106.0
2018-09-06,1698.6897911270125,1704.0109880630732,1686.6557395676248,1698.9354248046875,2238097.0
2018-09-07,1702.210471380566,1706.0580671637008,1690.8311733746038,1702.6607666015625,1312182.0
2018-09-10,1706.3853162500873,1713.7531288416071,1698.0761408844232,1703.3973388671875,1530539.0
2018-09-11,1710.151037828822,1710.151037828822,1671.8383752755153,1675.1539306640625,3679745.0
2018-09-12,1680.1477405400535,1693.6961682590068,1670.0373852472146,1673.27099609375,2307661.0
2018-09-14,1673.3122342899035,1695.8659690058457,1652.150257575596,1690.8311767578125,3642038.0
2018-09-17,1694.5964749536179,1700.9819509191282,1681.9484397874028,1697.9937744140625,1033857.0
2018-09-18,1697.052768506938,1701.8009541901242,1684.4457029463026,1695.2108154296875,1456507.0
2018-09-19,1696.1524553792444,1710.1513810001506,1692.0184532441992,1701.0643310546875,1301268.0
2018-09-21,1700.3271140920276,1736.3475247901736,1678.3463971633128,1721.734619140625,4508530.0
2018-09-24,1731.4354088146488,1809.6160620259013,1717.6411507891094,1799.7513427734375,3032226.0
2018-09-25,1805.0320297973033,1810.7625503507081,1763.1993496762655,1787.2674560546875,2868778.0
2018-09-26,1790.3784553111457,1800.202205408875,1747.89081608435,1753.662109375,1970951.0
2018-09-27,1753.4577223814629,1808.9619590945922,1748.464101885629,1791.893310546875,3311802.0
2018-09-28,1783.0106385702395,1792.8343886450068,1767.333650688473,1787.6768798828125,2904371.0
2018-10-01,1793.570536631112,1863.1963837791159,1793.1204414499734,1846.49609375,3772208.0
2018-10-03,1842.1986897692943,1846.046285069004,1764.6729722273626,1770.608154296875,3902322.0
2018-10-04,1765.49143870642,1765.5322111006549,1683.4222053225078,1690.3397216796875,4762419.0
2018-10-05,1678.223581803746,1735.5287772799716,1654.4010133850954,1721.3251953125,3417624.0
2018-10-08,1721.3257242327813,1737.3302915743761,1676.70952261685,1700.77783203125,2010154.0
2018-10-09,1703.0699047465664,1725.418775651094,1680.8435509039643,1712.443359375,1867130.0
2018-10-10,1719.1560136384726,1724.0269157041794,1661.0321674630766,1672.984375,2749573.0
2018-10-11,1625.0120091246781,1647.934092880593,1588.9915917939547,1620.8778076171875,4700256.0
2018-10-12,1619.28131507834,1619.28131507834,1557.8828830101522,1570.408203125,9373289.0
2018-10-15,1588.1729377224128,1600.9029205724594,1571.8000208386766,1595.9500732421875,2638151.0
2018-10-16,1602.9084939859392,1614.2876907172533,1584.079640379363,1606.4287109375,2815425.0
2018-10-17,1612.7322390196668,1628.2865093452372,1571.7999486892184,1579.4952392578125,2779207.0
2018-10-19,1579.1679213987632,1579.1679213987632,1530.9087861687742,1566.2332763671875,3428776.0
2018-10-22,1566.8879154624278,1568.5252069101418,1544.7435086591584,1557.8828125,1778496.0
2018-10-23,1548.858985401817,1557.0626876550045,1507.0201039105602,1512.4755859375,2752811.0
2018-10-24,1519.3663331155587,1537.3734149680063,1485.7721207657553,1516.4539794921875,2735913.0
2018-10-25,1512.7629071733338,1539.7531113917128,1497.216929285287,1520.146240234375,2507233.0
2018-10-26,1520.884430460029,1520.884430460029,1469.3651385688645,1475.9281005859375,2285970.0
2018-10-29,1483.8034956889123,1540.6141303162215,1463.8275019532216,1534.91259765625,2609483.0
2018-10-30,1531.631168309754,1566.4148849298251,1513.5830238518995,1554.4375,2404883.0
2018-10-31,1558.7033458091964,1594.7176168277779,1538.56321778384,1590.00048828125,2769190.0
2018-11-01,1594.5129285313647,1595.0871477472094,1559.7702625438899,1588.031982421875,2769759.0
2018-11-02,1586.7597393926944,1603.4953087443791,1562.8049735559505,1569.737060546875,1818635.0
2018-11-05,1566.9070080310046,1581.1404103005189,1546.192661458867,1551.1968994140625,1713366.0
2018-11-06,1553.781132793833,1589.4672358965424,1551.3200222350256,1585.5294189453125,1398710.0
2018-11-07,1591.518044551971,1598.9013756864904,1589.0569341737978,1593.2818603515625,144530.0
2018-11-09,1608.7459484765059,1609.5252601027194,1562.8052176684057,1566.250732421875,2570479.0
2018-11-12,1565.6764118282715,1596.5223090565771,1565.6764118282715,1570.8857421875,2552008.0
2018-11-13,1571.009019873056,1590.6979057618046,1561.164576928682,1587.3753662109375,1418432.0
2018-11-14,1579.2127466160725,1583.232580908757,1534.092382427042,1542.829345703125,2422318.0
2018-11-15,1529.17028464997,1557.8832460033761,1523.9198945453463,1536.4305419921875,1829123.0
2018-11-16,1549.6796022420406,1558.5396421426037,1534.2976580694424,1547.710693359375,1829729.0
2018-11-19,1557.8830196851177,1564.7330908700137,1529.4162136216282,1560.7132568359375,1740628.0
2018-11-20,1560.3437732669622,1560.3437732669622,1537.537446723596,1540.8599853515625,1190182.0
2018-11-21,1534.9128341169546,1534.9538926891737,1475.4770458300186,1486.510986328125,3840461.0
2018-11-22,1493.073508880749,1515.7157025033416,1484.82874972238,1486.9617919921875,3194219.0
2018-11-26,1492.2534602513706,1525.888639949175,1463.950687091023,1514.4854736328125,4333177.0
2018-11-27,1520.9664130178714,1556.9806862996695,1505.666488133431,1550.704833984375,3344839.0
2018-11-28,1549.679201942345,1631.7162163384457,1544.3467960065982,1627.5323486328125,5313249.0
2018-11-29,1638.279160361989,1638.279160361989,1593.6100465474617,1608.376708984375,4035441.0
2018-11-30,1612.8478925451307,1633.3571485540972,1607.8025955383546,1614.6937255859375,5268901.0
2018-12-03,1627.6144521543679,1632.5366732798348,1614.7346802665345,1626.3018798828125,1610576.0
2018-12-04,1626.7940679236294,1656.6555625222538,1616.949625757677,1649.641357421875,3270615.0
2018-12-05,1645.6626764309128,1655.5071191613072,1628.4349016527228,1646.2779541015625,2501539.0
2018-12-06,1639.099588843507,1654.6866219706474,1624.0047577865498,1634.7515869140625,2321216.0
2018-12-07,1628.4758132904788,1643.939770655653,1618.5903128834964,1636.802490234375,1680420.0
2018-12-10,1620.2309929460191,1649.7643173744023,1607.9254411008594,1620.8873291015625,2010786.0
2018-12-11,1616.129010620117,1648.943812866211,1608.745680114746,1640.7401123046875,2942014.0
2018-12-12,1641.6425902568856,1658.788345408618,1628.393593087691,1654.5224609375,2219993.0
2018-12-13,1660.4294133919866,1665.1054838369862,1619.821085347074,1626.466064453125,3748429.0
2018-12-14,1626.7939226745075,1639.878785827993,1620.4360543433288,1632.3314208984375,2473761.0
2018-12-17,1639.9196638662459,1644.759866994766,1628.4344836290636,1636.06396484375,1227921.0
2018-12-18,1634.0951217656996,1642.3808392377841,1621.379385997375,1630.7725830078125,1768742.0
2018-12-19,1628.2707987826436,1628.2707987826436,1607.9666365101446,1614.857666015625,2498833.0
2018-12-20,1602.8392189885144,1620.14900890746,1596.4402918417763,1603.0443115234375,1940277.0
2018-12-21,1598.0812208627804,1599.7219613359455,1547.6695098819241,1555.2579345703125,3729956.0
2018-12-24,1563.4617086682806,1590.6159447164378,1562.8053723917612,1573.88037109375,1864116.0
2018-12-26,1576.587781501724,1576.587781501724,1534.2976498265803,1549.8436279296875,2446614.0
2018-12-27,1566.0865907905288,1592.9126542005752,1535.8149127210124,1566.0455322265625,4968201.0
2018-12-28,1571.0093583481594,1575.111210458729,1552.961209061653,1555.46337890625,2239130.0
2018-12-31,1565.2664483946405,1566.0868186506125,1547.3413783302224,1553.001953125,1879740.0
2019-01-01,1555.421809116884,1566.9069912517134,1546.3977374395183,1561.0003662109375,1094883.0
2019-01-02,1562.8054207646085,1586.9652860310962,1558.7035692665386,1577.8182373046875,2100463.0
2019-01-03,1574.2905694987082,1595.5791382370276,1553.0429591887316,1558.6624755859375,2611668.0
2019-01-04,1558.7033821772852,1559.6877863615216,1510.301540309675,1539.7117919921875,4280862.0
2019-01-07,1551.9764744090219,1565.9227686177026,1543.1164356781308,1556.980712890625,1856423.0
2019-01-08,1563.133599533215,1563.9539698384026,1545.0034358171388,1553.4122314453125,1691756.0
2019-01-09,1564.7739430222166,1574.2902161187028,1531.3848199891313,1547.997314453125,2414376.0
2019-01-10,1550.499921724527,1562.8054766588484,1535.8152728076639,1549.3104248046875,3053461.0
2019-01-11,1534.0923654629569,1538.1942167075101,1505.3794067510833,1511.5732421875,9209862.0
2019-01-14,1517.684734980353,1518.5051051073694,1484.8699298996967,1487.5361328125,3615370.0
2019-01-15,1484.87015700524,1533.5591114618962,1483.2294165002618,1532.28759765625,7711653.0
2019-01-16,1534.0920123530468,1538.193862653456,1515.2235009711644,1534.215087890625,2359280.0
2019-01-17,1543.9572977527025,1560.3998674838283,1538.449077035768,1557.3580322265625,2625816.0
2019-01-18,1546.4237675676977,1565.497109353236,1542.3131249106864,1562.57861328125,1683728.0
2019-01-21,1563.6883127281983,1588.3521662412613,1558.3033312348555,1569.196533203125,2409803.0
2019-01-22,1567.8815964053913,1577.0483513223214,1553.823215951616,1563.6065673828125,2457093.0
2019-01-23,1562.866461415504,1567.0592971847307,1537.3804749326632,1541.984375,2578169.0
2019-01-24,1549.548313119834,1566.3608059683268,1541.4914112009515,1563.3189697265625,1962927.0
2019-01-25,1563.6884746384444,1590.818716311982,1562.8663461028825,1579.14453125,2327080.0
2019-01-28,1589.174765412704,1613.016497537364,1583.0088002080504,1607.2615966796875,2769033.0
2019-01-29,1613.0165130303556,1635.2551345584102,1592.175570509951,1630.07568359375,2557626.0
2019-01-30,1627.4859485148925,1635.6250426867198,1606.9738776676797,1628.9658203125,2429575.0
2019-01-31,1633.569457075293,1660.4941675530063,1631.9251999468831,1655.84912109375,4094319.0
2019-02-01,1652.0671516926398,1672.8258954499124,1642.69486711291,1668.879638671875,3064163.0
2019-02-04,1668.8799626321243,1689.8442425753572,1663.166208829811,1685.5692138671875,1590764.0
2019-02-05,1685.363494938251,1689.474137608832,1667.276667187694,1680.8829345703125,1111404.0
2019-02-06,1685.2809572375222,1715.6587627367885,1678.0052411954014,1705.7520751953125,1789812.0
2019-02-07,1705.7111099461554,1724.784451054277,1699.3396140540804,1712.411376953125,1339945.0
2019-02-08,1705.9167463730064,1717.8376103838057,1686.1856611137523,1694.7357177734375,1684474.0
2019-02-11,1693.5849462640065,1723.181576392892,1684.459238354936,1698.4354248046875,1778730.0
2019-02-12,1701.806285918694,1701.806285918694,1659.0555966105915,1686.67919921875,2422903.0
2019-02-14,1693.6261420162473,1705.9169250197754,1671.4286687750262,1680.9241943359375,1724085.0
2019-02-15,1684.5416843935354,1687.0080704614616,1653.2596476223368,1668.674560546875,1930065.0
2019-02-18,1675.1692847503857,1678.7455242371777,1613.5507837683363,1619.840087890625,2942184.0
2019-02-19,1619.5933452712045,1620.415473872865,1555.4673143416849,1565.9906005859375,4408554.0
2019-02-20,1574.375942263595,1589.8319968789376,1546.670254336463,1574.17041015625,4645778.0
2019-02-21,1574.1705946212026,1594.9293398956172,1559.6189598589638,1573.7183837890625,4683919.0
2019-02-22,1576.1847895915364,1586.7080749987717,1566.2370543741813,1583.1318359375,2271955.0
2019-02-25,1588.763374989677,1636.0357651898873,1587.119117939235,1632.0484619140625,2934880.0
2019-02-26,1631.103093402024,1681.3762758533276,1621.4430826422083,1676.073486328125,6453309.0
2019-02-27,1677.1423412967388,1705.8756956774275,1662.3440265205911,1692.02294921875,4732082.0
2019-02-28,1693.5847345668399,1702.9159734631835,1625.8413251126694,1630.6507568359375,8454295.0
2019-03-01,1640.187616873583,1648.3677558681875,1628.102266877911,1640.475341796875,4148548.0
2019-03-05,1648.3677474892572,1650.0120045939846,1625.0192765306297,1634.4737548828125,2449622.0
2019-03-06,1635.4603588358884,1656.5890223526765,1631.9663125108268,1643.92822265625,2635047.0
2019-03-07,1648.3681855900404,1664.0297788180794,1644.4219273468684,1655.19189453125,2539884.0
2019-03-08,1664.8107360923907,1671.387766160904,1652.5199512948625,1662.9197998046875,2031071.0
2019-03-11,1668.0167983047425,1671.3875056179122,1647.2580503869597,1656.4248046875,3111689.0
2019-03-12,1655.8081618390568,1664.6460443684045,1646.7236005844964,1654.49267578125,2658550.0
2019-03-13,1654.944942902458,1657.3291360163907,1626.6636977758938,1644.6683349609375,1833163.0
2019-03-14,1648.326857697464,1650.670004722711,1628.63691594402,1633.8985595703125,1905495.0
2019-03-15,1643.3526382686769,1700.9426780615488,1636.8578032070573,1677.1009521484375,5184318.0
2019-03-18,1679.6089125085134,1697.3669724862382,1653.300794446706,1663.001953125,2349915.0
2019-03-19,1668.9212395459042,1668.9212395459042,1640.2289282132442,1663.001953125,2373993.0
2019-03-20,1667.276896934627,1681.088698354009,1644.2572948073246,1656.63037109375,3091165.0
2019-03-22,1656.589349180492,1657.4114778897629,1630.5279092396138,1648.9024658203125,3148149.0
2019-03-25,1650.669514425819,1650.669514425819,1625.5123039908924,1631.308349609375,2429205.0
2019-03-26,1631.103506129744,1640.105776164217,1609.769304345298,1629.99365234375,2316539.0
2019-03-27,1639.3243567395818,1642.6128709958298,1612.1941141255365,1617.8668212890625,2266166.0
2019-03-28,1627.8146552476442,1656.2602852122905,1621.8953693715605,1644.50390625,4054489.0
2019-04-01,1652.4784836543909,1677.101195046442,1651.039758606433,1670.277587890625,2095740.0
2019-04-02,1674.7581394712784,1714.9602478063096,1674.6759466833425,1709.4520263671875,3719663.0
2019-04-03,1714.1381192119634,1717.9199910319517,1692.0229403100443,1709.4520263671875,2939886.0
2019-04-04,1708.5063808965576,1709.7807203032417,1650.3408858308753,1656.177978515625,4397518.0
2019-04-05,1667.8109754690802,1688.980683654959,1659.7130299424366,1683.9658203125,3152103.0
2019-04-08,1692.7628402111252,1705.9168982215078,1671.140817213559,1702.4228515625,2194294.0
2019-04-09,1701.8059274051966,1724.8255244908707,1691.6525605474965,1719.481689453125,2690970.0
2019-04-10,1712.4940231766366,1714.5493448559173,1673.8539756061605,1677.3480224609375,3313062.0
2019-04-11,1681.2527282216165,1689.4740129561967,1655.4790206502041,1660.2884521484375,3422442.0
2019-04-12,1675.4979996102477,1676.3201281674656,1650.0120143364902,1656.177978515625,3198471.0
2019-04-15,1701.8064493881004,1742.74849976276,1677.9647165222768,1737.4046630859375,9189201.0
2019-04-16,1742.9127334140874,1772.4682181608212,1739.254301074214,1752.6138916015625,5771952.0
2019-04-18,1767.49411399773,1771.6870499471704,1738.1441644965898,1767.6175537109375,3413728.0
2019-04-22,1765.9320357304096,1788.9516339615323,1763.9590075965864,1776.9896240234375,2007135.0
2019-04-23,1778.2641536815381,1780.3194751721549,1754.463570963195,1771.728271484375,2163524.0
2019-04-24,1774.153286033707,1804.5720402428112,1772.5913221846304,1795.076416015625,3003071.0
2019-04-25,1788.1295727705901,1812.7934289467362,1782.4158195661114,1804.5721435546875,4211526.0
2019-04-26,1811.1491452106372,1844.8152682525613,1803.0510989326715,1840.3758544921875,2716958.0
2019-04-30,1840.376380964103,1863.7247575270867,1833.4294330657706,1858.298828125,3488395.0
2019-05-02,1853.8998766623638,1857.5171619893724,1817.8085136731984,1821.343505859375,2457699.0
2019-05-03,1796.3511397198934,1797.2144149643618,1747.0234196360518,1752.7783203125,3780886.0
2019-05-06,1734.6913397825028,1779.9084126204355,1733.4581468869228,1774.0302734375,2891422.0
2019-05-07,1775.8387647134043,1795.8165280605194,1758.3685335163852,1769.179443359375,2201698.0
2019-05-08,1768.3982936069715,1782.3744772384537,1751.4623672734292,1769.9193115234375,1824895.0
2019-05-09,1763.4659166187669,1795.6112264338074,1756.149052075905,1786.1156005859375,2264162.0
2019-05-10,1788.129248213097,1802.1054308428088,1747.7217181314068,1755.90185546875,2039633.0
2019-05-13,1753.6002476099163,1781.552619114247,1744.2690080129184,1750.106201171875,1701744.0
2019-05-14,1755.2444892025521,1775.6333177915546,1703.738214805388,1720.1807861328125,2456110.0
2019-05-15,1724.0039628287318,1746.2014387449815,1713.7273536082457,1722.6884765625,2346876.0
2019-05-16,1723.1816779045644,1746.2012804719916,1707.6023798813958,1733.663818359375,1946529.0
2019-05-17,1736.8288732564383,1755.2444726838505,1718.248687545315,1722.729248046875,1947908.0
2019-05-20,1747.0228795510259,1768.7269893921762,1685.3632485080486,1762.6021728515625,2625116.0
2019-05-21,1765.9731572659211,1766.5074605027257,1728.5663106705938,1734.485595703125,1863157.0
2019-05-22,1734.6915665671534,1744.515964443334,1705.9170619084566,1711.4664306640625,2595795.0
2019-05-23,1724.8257479833633,1739.0897590260354,1685.3635764375094,1688.6932373046875,2541294.0
2019-05-24,1701.8060660362244,1701.8060660362244,1670.770713865757,1683.71923828125,2274208.0
2019-05-27,1689.3100316444388,1700.94307204159,1677.224679978179,1689.59765625,2329820.0
2019-05-28,1693.5850133269287,1724.4148375986567,1681.2530836182375,1704.8892822265625,5872979.0
2019-05-29,1710.0274415654746,1745.9544202669063,1707.6433489762092,1732.6771240234375,3281320.0
2019-05-30,1745.379031297615,1772.9614861839175,1738.3086449969412,1764.53466796875,4971725.0
2019-05-31,1775.7977181235356,1812.7523573461187,1769.4262216811942,1805.8465576171875,4265370.0
2019-06-03,1809.5047936944804,1847.8570071957956,1796.8850411762328,1843.458740234375,3682419.0
2019-06-04,1843.2098222563284,1843.2098222563284,1802.5995339062565,1809.312744140625,2408658.0
2019-06-06,1822.4909580848175,1822.4909580848175,1783.5382181894167,1795.22412109375,3735467.0
2019-06-07,1801.7710349794459,1814.8658235396008,1775.332985273079,1808.194091796875,2659446.0
2019-06-10,1820.5843870363346,1853.0313060621284,1811.302074161421,1849.426025390625,2080593.0
2019-06-11,1853.9846763505789,1876.3203028597666,1849.0119861145022,1867.0794677734375,3048937.0
2019-06-12,1860.6146898391323,1878.76492592235,1839.066368264158,1873.792236328125,2404448.0
2019-06-13,1876.362085843137,1893.7665044839082,1858.999146762231,1868.1572265625,3320916.0
2019-06-14,1870.76706419247,1875.6155169635952,1851.4978940772967,1868.4879150390625,2131408.0
2019-06-17,1869.731336544038,1874.704026268889,1857.6725234934213,1864.0955810546875,1489497.0
2019-06-18,1859.7858999019684,1873.046405427116,1849.177455013999,1865.463134765625,1877447.0
2019-06-19,1868.902430171068,1886.3068430462752,1859.0812876843584,1872.96337890625,1652817.0
2019-06-20,1848.183056547019,1892.9372650912069,1833.2649870322898,1887.923095703125,2199377.0
2019-06-21,1893.765992276395,1899.981854395464,1858.128382793732,1864.6343994140625,3871804.0
2019-06-24,1868.1980095852655,1889.6220954185892,1865.421712559151,1885.892578125,1382424.0
2019-06-25,1881.334265412655,1885.0223031303033,1865.17302392563,1879.510986328125,1386077.0
2019-06-26,1877.1907519524914,1878.682599640447,1864.759025118369,1868.2398681640625,1762224.0
2019-06-27,1868.9025448046348,1876.3615793515269,1857.5482771288848,1866.8720703125,2813464.0
2019-06-28,1873.0467527334006,1874.662836676086,1841.96743714601,1845.8626708984375,2372928.0
2019-07-01,1852.3269035866122,1868.9025358334723,1828.7895867317752,1856.097900390625,2769940.0
2019-07-02,1860.5318777222358,1870.5602167985132,1836.953079834788,1866.499267578125,1771746.0
2019-07-03,1866.582006933387,1872.0520468038476,1849.8406579342734,1854.523193359375,1656881.0
2019-07-04,1851.498233813715,1866.4163037370124,1848.266066266043,1858.6671142578125,984140.0
2019-07-05,1862.272497313223,1864.7588424364717,1773.592854584022,1792.73779296875,4088470.0
2019-07-08,1781.0518845426006,1814.037436878673,1767.0455546599007,1802.931640625,2788062.0
2019-07-09,1801.7713141673769,1802.1027458929689,1744.2124688169586,1768.0814208984375,3977224.0
2019-07-10,1723.865945230833,1763.5232307238998,1716.6555848700798,1747.237548828125,6343581.0
2019-07-11,1763.6473845642934,1764.476166229972,1728.8800341569263,1742.554931640625,2400346.0
2019-07-12,1742.1818136842046,1756.8097274124175,1734.7227795779602,1746.7401123046875,1560725.0
2019-07-15,1761.1610325179117,1784.8642689971562,1738.7839276341547,1778.3167724609375,2900415.0
2019-07-16,1766.1054391888133,1771.5051030433417,1744.5067837707,1749.4910888671875,2735399.0
2019-07-17,1751.152411321806,1765.2746081873045,1737.944084790004,1758.8365478515625,1802969.0
2019-07-18,1757.9642556651343,1757.9642556651343,1711.2779747796387,1716.220703125,3072096.0
2019-07-19,1725.3999748683084,1742.0143222430634,1713.354573021611,1725.3583984375,1953177.0
2019-07-22,1725.4003093558895,1759.002792873166,1718.5884661740615,1752.7308349609375,1920167.0
2019-07-23,1767.683542788077,1769.4281305203813,1746.5002482677623,1754.8489990234375,3538588.0
2019-07-24,1752.813449926547,1761.7852370572584,1724.9844212191824,1741.8480224609375,2413196.0
2019-07-25,1751.899841103399,1773.581646335573,1738.3177333209223,1767.6834716796875,2544464.0
2019-07-26,1769.2619218197742,1769.2619218197742,1740.3529163462565,1752.0245361328125,1720592.0
2019-07-29,1753.4786086604208,1779.3969551193882,1747.2482271649048,1769.4283447265625,1647090.0
2019-07-30,1769.4283704381392,1815.1178354025042,1761.4949773228557,1810.258056640625,2851672.0
2019-07-31,1804.1104187348851,1837.297536560201,1783.6746906430071,1832.313232421875,3000677.0
2019-08-01,1827.5781414045714,1842.1156948021078,1799.5414312807513,1811.00537109375,2375236.0
2019-08-02,1805.1492280061716,1835.8857772175054,1798.9188464092797,1831.9814453125,2500816.0
2019-08-05,1827.4950734343104,1870.9832091711576,1823.9231509687634,1867.951171875,3039682.0
2019-08-06,1854.8261422374912,1870.73430181816,1837.090241840624,1839.9561767578125,2885467.0
2019-08-07,1852.500001930227,1859.5611005922929,1833.60117904058,1838.7515869140625,2165362.0
2019-08-08,1851.585907565277,1894.8663646650546,1843.278733673716,1875.843017578125,2073298.0
2019-08-09,1877.4212652598078,1883.9838513897337,1861.9284673592879,1865.9989013671875,1744550.0
2019-08-13,1864.960306681791,1865.998703289075,1822.8429808527255,1827.12109375,1647281.0
2019-08-14,1811.8776032523358,1842.406464349117,1800.4966138729048,1831.233154296875,1945002.0
2019-08-16,1861.9700047433744,1861.9700047433744,1780.4351684379667,1798.58642578125,3755507.0
2019-08-19,1810.964116181591,1815.9484210885128,1792.4390757151546,1796.8419189453125,974884.0
2019-08-20,1804.3183285608636,1831.7320048235288,1799.7493825170861,1816.5714111328125,1843611.0
2019-08-21,1815.0759831096186,1829.2397556583571,1812.8330866418937,1816.1143798828125,1214408.0
2019-08-22,1816.7791874193542,1857.1935130014801,1802.656989803383,1840.8699951171875,2131601.0
2019-08-23,1839.996894439229,1877.337589436733,1839.1246008771388,1867.202880859375,2826425.0
2019-08-26,1866.6217350361578,1895.696839943263,1848.3459548088344,1890.9617919921875,2345475.0
2019-08-27,1885.7284461980214,1889.757506602087,1851.669033733652,1857.8994140625,3432106.0
2019-08-28,1860.8065095735178,1870.899642328845,1840.8692969709446,1860.1834716796875,1294621.0
2019-08-29,1846.019909064942,1867.6185584620757,1846.019909064942,1855.365478515625,1670652.0
2019-08-30,1861.6378076851352,1882.4057439600697,1842.5313063121953,1877.0892333984375,2583625.0
2019-09-03,1885.728478250168,1907.4932333398458,1858.2732279053425,1870.443359375,2545060.0
2019-09-04,1881.5749895239378,1885.7285766972798,1854.9920316145488,1865.2928466796875,2228092.0
2019-09-05,1862.6349180754385,1872.1465938079468,1833.6429556463443,1840.2886962890625,2055943.0
2019-09-06,1840.870228953356,1855.4077871693685,1821.4315179492833,1825.501953125,1890550.0
2019-09-09,1827.5787572556574,1829.9463835886877,1810.7983019559663,1813.33203125,1703945.0
2019-09-11,1815.9484382707317,1823.4248957018556,1783.1766737600167,1789.365478515625,2627440.0
2019-09-12,1790.1960954551353,1798.5032699120036,1761.411817086837,1772.4188232421875,2118859.0
2019-09-13,1773.5816571449218,1792.6465810001016,1757.424244203094,1779.3551025390625,2291174.0
2019-09-16,1794.3083236329778,1805.4814340687353,1766.437709391228,1786.042724609375,2597948.0
2019-09-17,1790.1546030123068,1791.4838321125221,1749.1588168313158,1763.3223876953125,2796530.0
2019-09-18,1766.4376662309414,1780.18608184916,1755.4306590110095,1776.531005859375,1454663.0
2019-09-19,1773.5818405110488,1774.2464550651869,1737.030270964217,1746.1265869140625,1652691.0
2019-09-20,1748.5768115310427,1768.9293859384097,1708.7855328960723,1715.8050537109375,6941979.0
2019-09-23,1743.6757008869263,1743.6757008869263,1640.6667504772174,1674.56005859375,6323401.0
2019-09-24,1673.8957245360082,1712.1087286693362,1672.2342895736895,1698.5679931640625,4620978.0
2019-09-25,1715.431460362992,1737.860830546915,1711.31944972498,1734.9117431640625,4002232.0
2019-09-26,1742.762283282821,1750.3218941831242,1713.7703216420434,1734.2060546875,4234281.0
2019-09-27,1732.0456216404912,1732.2117245430275,1704.133438411618,1708.079345703125,2046795.0
2019-09-30,1712.8147232877238,1747.8293799795854,1711.2778149990238,1743.925048828125,2620039.0
2019-10-01,1741.14215558331,1741.14215558331,1694.4143001797006,1711.236328125,3342877.0
2019-10-03,1719.5850906955316,1728.8475089723547,1699.7725001491401,1711.485595703125,2317618.0
2019-10-04,1711.776464748691,1734.4964654007445,1707.0827894521906,1727.3524169921875,2163251.0
2019-10-07,1727.8921484292052,1739.9375504254665,1695.4941706461577,1701.0599365234375,2177916.0
2019-10-09,1711.2779712241336,1711.2779712241336,1674.3110441758454,1678.13232421875,2066920.0
2019-10-10,1684.6952757822653,1693.8747457319228,1659.026081920368,1665.1318359375,2881452.0
2019-10-11,1604.1154358721515,1657.2813539953092,1599.1311310481053,1650.510986328125,12593069.0
2019-10-14,1657.2814711882654,1688.6410579237827,1634.852097893988,1678.880126953125,3510704.0
2019-10-15,1688.0176896194162,1700.4784501234965,1680.2919775445148,1692.4205322265625,2261310.0
2019-10-16,1693.001812980338,1707.954723988015,1674.7260328598436,1699.9798583984375,3034082.0
2019-10-17,1710.6827420781267,1731.0682365219573,1698.196668205675,1725.0799560546875,3818774.0
2019-10-18,1730.643080924363,1753.0670359321125,1720.025638710103,1747.503662109375,3087901.0
2019-10-22,1766.7427468904025,1793.4987067591753,1732.8094360867794,1742.449951171875,5552505.0
2019-10-23,1749.754519626424,1770.0126828145576,1743.3840541423472,1758.33349609375,2348134.0
2019-10-24,1770.1403194137997,1782.8812526149547,1750.8590819771105,1768.4415283203125,2798671.0
2019-10-25,1778.634223692079,1809.2124624948083,1762.5382200189222,1804.9229736328125,3954245.0
2019-10-27,1808.3629189650892,1808.3629189650892,1791.205172293354,1797.06591796875,224405.0
2019-10-29,1801.992416162835,1870.1138886060821,1801.992416162835,1864.295654296875,5064173.0
2019-10-30,1889.9048319750518,1919.6336720285922,1849.0065249644542,1913.51806640625,5195136.0
2019-10-31,1911.1395424034413,1940.8258684877258,1900.0974028251103,1927.830078125,4879261.0
2019-11-01,1923.0310098208674,1932.3743583668168,1864.4227325780937,1869.43408203125,4172620.0
2019-11-04,1874.6160257495228,1893.4725659568874,1852.4467183911024,1863.5313720703125,2646411.0
2019-11-05,1866.1219259970699,1878.0134630767052,1842.338851837799,1870.2415771484375,2693475.0
2019-11-06,1868.669902687343,1877.8434145931024,1850.832599070782,1858.90185546875,2540719.0
2019-11-07,1872.4922804432572,1872.4922804432572,1847.6049521387552,1856.2264404296875,1915598.0
2019-11-08,1859.836362891807,1859.836362891807,1804.115938344447,1809.1697998046875,2788759.0
2019-11-11,1813.4591864078413,1816.8567680217202,1776.0857886551737,1784.5372314453125,2983768.0
2019-11-13,1799.0199499167707,1854.9102240184206,1799.0199499167707,1850.493408203125,3823365.0
2019-11-14,1858.0528500594517,1868.6702949169342,1823.3974685702344,1865.9522705078125,2995915.0
2019-11-15,1865.2721623767325,1878.437790116641,1842.126139414635,1846.9676513671875,2724180.0
2019-11-18,1850.322804139318,1858.2647338537265,1825.1383141895533,1828.4085693359375,1611089.0
2019-11-19,1828.7484383185463,1830.149857888686,1787.9774559500881,1791.2052001953125,2975313.0
2019-11-20,1802.3746138074648,1813.4592657823007,1779.0587504360792,1790.9927978515625,2894129.0
2019-11-21,1793.9232189814861,1806.3244756978422,1790.0159169004592,1799.1046142578125,2052574.0
2019-11-22,1781.1821275906725,1789.6760814656877,1750.1791959468674,1759.6923828125,3742049.0
2019-11-25,1762.1132230888527,1770.9468520722107,1743.129153439797,1768.0164794921875,2737010.0
2019-11-26,1775.1093548678045,1781.9468230774455,1728.562437731924,1738.4154052734375,6561580.0
2019-11-27,1742.9594349599906,1759.692483577569,1738.3302713074122,1744.9130859375,2907521.0
2019-11-28,1755.7431276475024,1778.9739717092841,1749.754847496,1764.491943359375,2924429.0
2019-11-29,1770.9895462747702,1770.9895462747702,1737.693285488261,1744.021240234375,2064271.0
2019-12-02,1749.7546888395466,1756.294992561306,1712.381287718702,1716.6707763671875,3809860.0
2019-12-03,1722.319151514074,1751.4534575835721,1707.2848931828223,1742.110107421875,4664774.0
2019-12-04,1743.8086799656453,1768.441145488784,1737.438214744144,1765.46826171875,3334301.0
2019-12-05,1769.2911038233506,1806.494674029126,1756.847540746693,1801.822998046875,3902721.0
2019-12-06,1804.1157982522034,1807.5133797931678,1784.5797043916568,1803.776123046875,1829461.0
2019-12-09,1807.4712867296698,1807.4712867296698,1744.233827142106,1750.1370849609375,2244747.0
2019-12-10,1749.7545815711517,1750.4766506336791,1701.5513910351503,1709.70556640625,4520045.0
2019-12-11,1720.3654690223104,1739.5617843823056,1704.5242240279256,1734.3804931640625,4943024.0
2019-12-12,1742.1951404995314,1769.8427972938393,1685.200621218223,1716.5433349609375,7137306.0
2019-12-13,1718.3267343561406,1764.5337568690566,1704.7364092203532,1759.31005859375,5711133.0
2019-12-16,1780.3329923151523,1814.3088127791818,1766.9975242574108,1806.451904296875,5574177.0
2019-12-17,1806.240066799096,1842.3393862625153,1799.8695986584924,1838.8992919921875,6059673.0
2019-12-18,1846.5855766527793,1871.6002293975416,1828.7482734744406,1841.27685546875,8251081.0
2019-12-19,1851.5122447595547,1899.6729253359376,1841.1071504893266,1893.344970703125,6251505.0
2019-12-20,1885.6579298534716,1908.3367472651591,1875.6775331526705,1888.12109375,5548338.0
2019-12-23,1877.1639850069625,1904.302128745684,1877.1639850069625,1895.5958251953125,2247329.0
2019-12-24,1901.7963016487536,1905.6610921952697,1878.1405567969389,1881.9205322265625,1805896.0
2019-12-26,1882.6001397542188,1893.3026062105155,1864.5929962794557,1870.326416015625,1880367.0
2019-12-27,1875.464762906527,1891.093552981991,1848.2841141687513,1867.3955078125,2720261.0
2019-12-30,1874.6154299182087,1889.9045453411936,1849.218593358788,1854.3997802734375,2288830.0
2019-12-31,1859.326969097468,1866.122133900017,1832.5284964330208,1836.138427734375,1909289.0
2020-01-01,1841.4888450626177,1854.9941461712895,1829.5973119302944,1841.149169921875,1354908.0
2020-01-02,1851.6396812673222,1851.6396812673222,1825.520769606822,1832.6981201171875,2380752.0
2020-01-03,1838.0920251497082,1888.206364097875,1838.0920251497082,1869.2222900390625,4655761.0
2020-01-06,1872.9170370095871,1890.7118308754934,1858.3922913248168,1869.05224609375,3023209.0
2020-01-07,1869.095298346615,1881.1141649418284,1854.9104311718959,1873.6396484375,2429317.0
2020-01-08,1872.9173570587898,1919.6341165319116,1870.4116814341728,1915.5994873046875,5197454.0
2020-01-09,1910.0781310467348,1912.7961551729452,1877.1640554144674,1880.8590087890625,3734173.0
2020-01-10,1892.453043946194,1897.5494165959594,1875.4651351136429,1880.1793212890625,1915807.0
2020-01-13,1883.8321341273104,1884.7663448739054,1855.6745452693945,1860.4737548828125,2843893.0
2020-01-14,1864.4226744357131,1893.9816722063856,1864.4226744357131,1874.5303955078125,2948452.0
2020-01-15,1879.7122840595866,1895.001403405756,1863.7436068236416,1891.518798828125,2620681.0
2020-01-16,1891.5612892435663,1910.2905017107182,1881.4110543749402,1901.626708984375,3117214.0
2020-01-17,1903.282390465677,1914.154691048817,1879.711672475976,1884.89306640625,3281059.0
2020-01-20,1864.338089209866,1904.5145376017022,1831.4665250245262,1843.485595703125,5817599.0
2020-01-21,1843.1457821669178,1857.2458308625814,1833.038058345345,1844.0802001953125,1902980.0
2020-01-22,1852.5311402935263,1877.1636038737704,1846.3305131592922,1874.5303955078125,1773686.0
2020-01-23,1881.2564078841476,1888.0243942421835,1859.036761365332,1865.2088623046875,2069866.0
2020-01-24,1865.2091570146856,1865.2091570146856,1847.3739523611557,1858.7816162109375,1319430.0
2020-01-27,1864.1446465594408,1867.3371124590983,1843.116979402263,1846.735107421875,1549101.0
2020-01-28,1850.7789341996995,1862.5272505115765,1832.0498005509444,1859.079345703125,1743024.0
2020-01-29,1860.143603427532,1861.8036442510374,1830.3472528005464,1834.263427734375,2306761.0
2020-01-30,1838.8605347671262,1843.1171563753835,1809.0641835093256,1820.0037841796875,2098567.0
2020-01-31,1821.3228455779938,1825.5370664923971,1763.6032331447177,1769.945556640625,3287223.0
2020-02-03,1832.049728745541,1868.4012315159318,1781.991822841363,1789.9091796875,4728073.0
2020-02-04,1812.469425462486,1819.0245809705073,1776.3733584635934,1794.3787841796875,3509339.0
2020-02-05,1800.5509541962376,1836.0511371146565,1791.441825452799,1827.4102783203125,2439322.0
2020-02-06,1826.0906040018253,1850.9492317278268,1800.9765374199822,1811.9161376953125,2640065.0
2020-02-07,1820.9826756202986,1831.1985672086312,1803.956189639744,1818.89697265625,2083442.0
2020-02-10,1822.5999690516753,1844.8196146915532,1803.9560514681132,1840.5203857421875,2383032.0
2020-02-11,1841.4146184052609,1851.4602875730857,1828.30430620101,1833.2418212890625,1335820.0
2020-02-12,1831.2837678290286,1860.1435781933808,1830.3472279706034,1848.01220703125,1620407.0
2020-02-13,1849.8850196328256,1870.35940976988,1848.2249788850293,1866.0601806640625,1645948.0
2020-02-14,1862.6974760920018,1883.1292582794824,1848.2249637092027,1859.46240234375,1500115.0
2020-02-17,1870.3167913748648,1887.385884355852,1864.57035262006,1875.68017578125,1774724.0
2020-02-18,1872.8710545228403,1890.7914745421626,1861.03772861175,1886.322021484375,2486223.0
2020-02-19,1886.3218832708073,1898.4532549673474,1864.8259439488677,1869.8062744140625,1760463.0
2020-02-20,1876.7446061936419,1885.1726344655751,1831.4115827054081,1836.136474609375,2317278.0
2020-02-24,1835.4551253774898,1854.992975797518,1793.4847973149003,1800.848876953125,3092877.0
2020-02-25,1800.9763950489096,1853.0347881855864,1797.1454360426605,1835.5826416015625,2674567.0
2020-02-26,1833.7523654714628,1842.1803920920702,1798.8054647559136,1807.8721923828125,2686842.0
2020-02-27,1804.7646051963047,1804.7646051963047,1776.032414895442,1792.4630126953125,2349001.0
2020-02-28,1760.538575567055,1761.815561961325,1694.1352830650094,1702.7762451171875,4298076.0
2020-03-02,1732.4449585688014,1748.5775125603689,1690.474628814757,1703.75537109375,2667076.0
2020-03-03,1719.6747769108333,1753.7277427902557,1712.8641837349487,1733.4661865234375,2757585.0
2020-03-04,1750.3226596421543,1783.056035516798,1723.9316078673942,1773.4786376953125,3237002.0
2020-03-05,1775.6068763349078,1828.4315855238933,1774.2022745151698,1809.1065673828125,3937056.0
2020-03-06,1786.0782655027772,1807.9146492436928,1763.603388578293,1801.78515625,2595027.0
2020-03-09,1766.4978306347193,1770.66923635065,1647.3124348328586,1679.109375,4940975.0
2020-03-11,1645.609806988068,1691.8367562231913,1634.5425915246199,1663.232177734375,6796449.0
2020-03-12,1620.9210915445626,1624.6669383807312,1496.9257152017399,1506.7159423828125,8728786.0
2020-03-13,1436.9502559705115,1549.410171241741,1282.1369582711084,1537.7470703125,8029720.0
2020-03-16,1494.0739789689922,1568.3520158151714,1426.6916473953106,1444.1864013671875,7844271.0
2020-03-17,1472.7906966813366,1473.6420207834647,1381.826737153246,1411.495361328125,5713248.0
2020-03-18,1427.5003453940678,1458.786507229461,1385.742855171737,1408.4306640625,7258778.0
2020-03-19,1337.5119967888709,1445.348208151082,1326.4068383658043,1403.2427978515625,5135111.0
2020-03-20,1397.7971946476366,1602.7502802432102,1395.224561774052,1541.3929443359375,8547498.0
2020-03-23,1389.221883434509,1500.7026518582659,1387.2924085964055,1431.841796875,7003490.0
2020-03-24,1417.5635438886252,1517.8533006073233,1400.2410874800578,1460.5264892578125,6350865.0
2020-03-25,1457.825318454746,1552.1551920018178,1440.6744323552784,1500.9598388671875,2765520.0
2020-03-26,1570.6781675361465,1571.0641252915073,1477.163021536476,1535.8189697265625,4556067.0
2020-03-27,1560.7307719687758,1586.4571033748543,1501.0457040428153,1564.5897216796875,4331250.0
2020-03-30,1514.4233953021771,1633.6220657138433,1512.3224534154072,1525.1427001953125,8513547.0
2020-03-31,1575.6517170089307,1590.7444738298855,1526.4286595240949,1565.96142578125,3927593.0
2020-04-01,1565.79032592797,1573.379572859278,1459.5405548475221,1465.3289794921875,4941878.0
2020-04-03,1492.127279298979,1492.127279298979,1414.9482820938595,1418.5499267578125,5735369.0
2020-04-07,1466.4007747531741,1531.4454899369334,1462.1130531895685,1522.3126220703125,5427577.0
2020-04-08,1509.2781113167905,1548.7251528625702,1458.6829928124207,1462.4990234375,6285615.0
2020-04-09,1501.0887345776882,1525.4002050013266,1484.5810028820317,1514.55224609375,5307397.0
2020-04-13,1510.1355902978232,1532.4317432494095,1497.2724251334464,1508.6348876953125,2990438.0
2020-04-15,1530.7164545488506,1553.8701488193374,1481.6649663369851,1487.9678955078125,4761399.0
2020-04-16,1466.3577634642584,1513.4798832937831,1436.4295525766647,1471.5888671875,6245533.0
2020-04-17,1543.579994850095,1588.1293867180648,1503.2754060956759,1548.896728515625,9895823.0
2020-04-20,1569.3058594756035,1569.3058594756035,1545.7233943741942,1559.57275390625,3244282.0
2020-04-21,1513.5657551629176,1538.9490466079792,1481.5793095129716,1490.1119384765625,5122541.0
2020-04-22,1490.1119168105436,1535.0043412742389,1474.2473468029607,1517.4246826171875,3829836.0
2020-04-23,1526.4287721595067,1629.3340826421702,1510.0067787588428,1610.6824951171875,5934366.0
2020-04-24,1578.481951671356,1588.1293262719785,1550.268824361662,1559.4874267578125,2987102.0
2020-04-27,1571.2786862470853,1607.8957911928987,1565.0185700944214,1574.966064453125,3374741.0
2020-04-28,1599.3202426133032,1601.8928757113408,1571.5357842183566,1594.2178955078125,2678505.0
2020-04-29,1607.0381432168233,1640.096520425824,1586.4999975063731,1634.179443359375,4241510.0
2020-04-30,1697.9379827411499,1742.530293398998,1665.52276119835,1727.4803466796875,5915544.0
2020-05-04,1685.931905321316,1685.931905321316,1641.039487171202,1655.4461669921875,3729348.0
2020-05-05,1676.5849183062858,1695.3651602896416,1652.4879432868686,1657.4188232421875,2905528.0
2020-05-06,1663.464803457153,1675.3845878361092,1623.8461861661856,1632.421630859375,3517431.0
2020-05-07,1637.9097463752382,1658.8766643452973,1615.0561679831276,1622.173828125,3166754.0
2020-05-08,1662.864422111132,1663.2074608272865,1617.543218863351,1623.6746826171875,2686530.0
2020-05-11,1637.052373795397,1673.412279827887,1637.052373795397,1659.6058349609375,2449841.0
2020-05-12,1657.976392769766,1677.7856478186013,1638.1242186278982,1671.7828369140625,3256595.0
2020-05-13,1709.943448258849,1709.943448258849,1651.3303123803003,1671.911376953125,2656665.0
2020-05-14,1637.9097225747016,1649.1435327200934,1621.702113284287,1631.3494873046875,2263146.0
2020-05-15,1643.055104727092,1644.2556878483174,1599.4918064246722,1623.245849609375,3173682.0
2020-05-18,1635.337042122603,1674.7411623297828,1605.4087239813866,1668.438232421875,3727694.0
2020-05-19,1631.906792945161,1686.3179365759659,1631.906792945161,1671.0537109375,3198693.0
2020-05-20,1672.2116890198765,1683.2740334372288,1656.5185836044789,1675.298828125,2778505.0
2020-05-21,1668.781512894566,1713.3738246471444,1664.6224432153253,1707.54248046875,3400908.0
2020-05-22,1695.4508804362295,1742.5300852706775,1681.8588236895257,1732.5396728515625,3663418.0
2020-05-26,1727.952189148546,1735.6700897452392,1650.7731831816134,1666.208984375,4575317.0
2020-05-27,1679.9294423505874,1723.6642057808476,1664.7080295880949,1719.6337890625,3482160.0
2020-05-28,1705.227002021898,1727.0943837425712,1690.477280537493,1718.7762451171875,3475681.0
2020-05-29,1699.652887320191,1717.3611989340122,1682.845039138534,1691.3775634765625,7237735.0
2020-06-01,1706.513252887789,1766.541357260726,1698.8810872528027,1753.892578125,3747773.0
2020-06-02,1766.7129866908483,1784.5499526453177,1749.4335502308068,1755.5220947265625,2443886.0
2020-06-03,1764.7249446209512,1774.959636974236,1737.3317827682406,1759.822509765625,3699799.0
2020-06-04,1760.3383029177462,1806.1367710405605,1760.3383029177462,1798.8692626953125,4048593.0
2020-06-05,1798.9122010180326,1804.4165335261428,1754.7908205241492,1761.6282958984375,3573289.0
2020-06-08,1787.4305117213426,1801.8366039004993,1773.5405426557638,1781.840087890625,2957841.0
2020-06-09,1774.4001167933777,1802.2661377237994,1771.948847647558,1782.09765625,2909439.0
2020-06-10,1786.3984509655056,1833.6589913215028,1783.345177535242,1813.6624755859375,5168397.0
2020-06-11,1806.1369138186446,1810.437239803927,1773.2824652864574,1778.313720703125,2269513.0
2020-06-12,1729.7631394676087,1762.4456180354255,1729.5911684178873,1754.10302734375,2842642.0
2020-06-15,1753.7586258157262,1770.8739413411836,1720.947123097711,1745.8460693359375,2399022.0
2020-06-16,1776.0342018834558,1783.7317415379048,1746.7919922640672,1759.52099609375,2146528.0
2020-06-17,1759.693295813712,1770.7452169751268,1742.9650706519071,1761.241455078125,2703527.0
2020-06-18,1758.8333968710685,1771.046281152258,1741.8040633069688,1752.89892578125,1944389.0
2020-06-19,1756.252865497034,1797.535988682077,1747.6522148334834,1758.489013671875,5681758.0
2020-06-22,1763.1335458099416,1765.068692384611,1736.6005571060468,1744.1690673828125,3196138.0
2020-06-23,1743.3518964410985,1757.9730026273335,1728.7307902548632,1750.490478515625,4205944.0
2020-06-24,1749.3725564268868,1775.3895278290074,1747.3083790204387,1756.425048828125,2560937.0
2020-06-25,1750.2327933745748,1771.7344247428127,1728.0861130652897,1733.9775390625,3043931.0
2020-06-26,1741.631689713221,1833.6586481326358,1737.2883193064747,1822.348876953125,6300722.0
2020-06-29,1813.0169163503656,1829.8742733773581,1798.6538736668576,1807.555419921875,3076341.0
2020-06-30,1806.1370388601213,1816.3717314229143,1784.6784527033237,1790.7847900390625,3071725.0
2020-07-01,1788.6775492963925,1818.1347823116078,1788.5055782522586,1799.2994384765625,2503466.0
2020-07-02,1807.8569203341992,1862.0410240359379,1804.416659781708,1855.2894287109375,3758699.0
2020-07-03,1860.8798186698893,1896.443595482946,1857.9556812435528,1891.8421630859375,4185208.0
2020-07-06,1896.4434024586878,1952.2615392478115,1896.4434024586878,1946.4991455078125,5190366.0
2020-07-07,1956.647523100271,1980.471277320248,1919.793660487653,1952.2611083984375,5630055.0
2020-07-08,1952.3480995012,1956.1323025755662,1898.680112386715,1908.398681640625,2793358.0
2020-07-09,1917.0850414740562,1930.416050062144,1884.4456140553605,1895.884521484375,3443998.0
2020-07-10,1896.6587679970419,1935.0177596185138,1871.5018610867535,1911.365966796875,9610320.0
2020-07-13,1909.3443603515625,1930.8029407844751,1900.7437100797085,1909.3443603515625,2963503.0
2020-07-14,1900.7438288719127,1925.6857162191009,1862.0409002297245,1868.018310546875,2976738.0
2020-07-15,1879.2422175869126,1943.7470991974474,1875.8880477338962,1921.29931640625,5569321.0
2020-07-16,1934.3156120214092,2011.0331206978376,1913.714028140258,1926.3421630859375,8582118.0
2020-07-17,1928.2812285895077,1934.2289050171134,1887.8106387245455,1897.033935546875,4509135.0
2020-07-20,1897.2498320904228,1919.575404726878,1888.4575305692188,1903.197509765625,2952646.0
2020-07-21,1922.2480325177025,1929.7042019175876,1897.3794031644873,1917.981201171875,2665286.0
2020-07-22,1923.1094649164359,1923.1094649164359,1882.768085777073,1888.5865478515625,2861534.0
2020-07-23,1888.5863994134413,1888.5863994134413,1864.4937004363428,1871.56201171875,2265766.0
2020-07-24,1857.1670483132298,1864.4940011610656,1831.8244955833902,1859.666748046875,3665100.0
2020-07-27,1866.21774012167,1909.3174569836021,1864.924748615812,1902.2491455078125,4248480.0
2020-07-28,1909.317373140948,1999.8267745765233,1909.317373140948,1990.9913330078125,8092319.0
2020-07-29,1975.6915200862927,2018.7912478368662,1936.0829123730934,1961.9427490234375,6090431.0
2020-07-30,1970.4330622296136,2032.5829472994697,1958.6669219682865,1964.9163818359375,7098496.0
2020-07-31,1985.3028263583947,2012.5850823705387,1945.9097142845185,1966.554443359375,4723290.0
2020-08-03,1974.3551377610024,1985.9059896120284,1922.8509695861583,1943.064697265625,4012337.0
2020-08-04,1948.064324992908,1956.4256291104193,1917.9808027156373,1939.2288818359375,2927928.0
2020-08-05,1948.1078772007775,1982.5876626379593,1942.0739147492704,1947.6768798828125,3800641.0
2020-08-06,1961.037357766223,1999.3961104785733,1952.7191955706671,1989.5694580078125,4748047.0
2020-08-07,1989.483370230704,2006.7232607872957,1971.3814851462823,1978.5792236328125,3165491.0
2020-08-10,1998.1031490910125,2004.1371102832632,1961.9425237498833,1967.760986328125,2929353.0
2020-08-11,1967.9332531988643,1992.931091281548,1961.554578694839,1965.260986328125,2774423.0
2020-08-12,1972.544946202677,1979.4838326827264,1936.5135386171892,1945.8231201171875,3415751.0
2020-08-13,1959.3134035474761,1982.5872539195755,1939.9185282373933,1943.3233642578125,2695682.0
2020-08-14,1962.7616647208588,1966.4682835158837,1924.9201867211655,1932.7210693359375,2270405.0
2020-08-17,1950.6933212140596,1956.7272819955438,1929.3589598795268,1942.4180908203125,2625630.0
2020-08-18,1950.5211433689688,1973.105356562018,1938.0222234606467,1956.511962890625,3493374.0
2020-08-19,1962.20102504174,1969.3124787997808,1941.6423745438997,1945.1766357421875,2843005.0
2020-08-20,1945.5212842369594,1962.3733161833436,1930.910521821514,1941.944091796875,2895164.0
2020-08-21,1948.1074140529709,1957.5893527939368,1931.7726616751515,1938.28076171875,1975294.0
2020-08-24,1940.005084104225,1948.0646071509145,1922.2479115937524,1937.85009765625,2167966.0
2020-08-25,1935.1773822994257,1939.4873541976426,1925.3075887420782,1933.151611328125,1663419.0
2020-08-26,1932.5917017538688,1948.021319386222,1910.5676998160275,1942.504638671875,2618149.0
2020-08-27,1953.2795861987788,1971.6832534164769,1932.3762190472694,1938.1083984375,3579393.0
2020-08-28,1955.3479595821857,1965.3040367208835,1926.6437152014164,1929.6175537109375,2941136.0
2020-08-31,1930.86741333481,1962.0715678357406,1920.5234807633735,1945.73681640625,6018154.0
2020-09-01,1955.8649054184034,1963.622853478679,1931.9877073668945,1936.3408203125,3610908.0
2020-09-02,1936.9011526016125,1955.649528244285,1932.2893990115272,1952.5462646484375,2084137.0
2020-09-03,1955.0033042594177,2003.2749907843415,1955.0033042594177,1982.1561279296875,4654146.0
2020-09-04,1961.0371749640663,2003.4903973231785,1950.6501008049079,1972.9327392578125,5231303.0
2020-09-07,1973.1051246711334,2020.0838181156842,1968.2349406307906,2005.904052734375,4620401.0
2020-09-08,2013.5759437002187,2060.5546423990536,2005.904277082676,2024.1353759765625,7453998.0
2020-09-09,2004.1371855036693,2033.4449981088842,1999.827213061726,2006.42138671875,3866535.0
2020-09-10,2012.7572397021906,2024.3941659274496,2003.533940265081,2009.4384765625,2308813.0
2020-09-11,2009.2662332178613,2054.1330933986706,2008.5765954611738,2046.46142578125,4145424.0
2020-09-14,2055.0811572043826,2159.942703214201,2053.141669592996,2147.572998046875,7512131.0
2020-09-15,2147.572998046875,2187.742025644076,2124.4717139673253,2147.572998046875,7318770.0
2020-09-16,2145.4607150897095,2161.537035384561,2135.4185654669823,2157.57177734375,3074003.0
2020-09-17,2137.745985610589,2151.322396607914,2112.4034359280504,2121.324951171875,4828176.0
2020-09-18,2142.0561371986855,2155.330767109225,2100.163124139118,2111.800048828125,4183256.0
2020-09-21,2124.815822526515,2159.2093088621186,2113.7391122543,2125.074462890625,4598809.0
2020-09-22,2142.056392861508,2202.3960095618318,2118.7825407056685,2174.76904296875,7499613.0
2020-09-23,2163.6066263137977,2172.0973580105706,2076.5451644581426,2126.9287109375,7502280.0
2020-09-24,2111.886445220381,2111.886445220381,1984.8285448993308,2010.3865966796875,8424708.0
2020-09-25,2041.202457512245,2103.266045747415,2027.4968326227743,2088.0087890625,8228267.0
2020-09-28,2103.266557826552,2106.714535790202,2039.4789654990252,2091.457275390625,4347166.0
2020-09-29,2098.827183877881,2164.5111161592336,2091.457089545903,2144.98681640625,6995811.0
2020-09-30,2145.504740724385,2159.29665548999,2120.5068952117267,2148.349365234375,3917166.0
2020-10-01,2163.606167384429,2189.466002054363,2148.3489070187434,2175.199951171875,2610337.0
2020-10-05,2258.425595263069,2351.6072851093713,2243.8148305435952,2332.384765625,17412105.0
2020-10-06,2358.4161698570388,2358.4161698570388,2284.3709510424774,2339.7109375,9846367.0
2020-10-07,2363.5893774041397,2387.725228085145,2329.9715853841685,2358.374267578125,9656101.0
2020-10-08,2413.584576622893,2486.8541084132307,2413.584576622893,2435.73779296875,19839329.0
2020-10-09,2422.205204497232,2439.315884160131,2396.3453624563363,2424.748046875,7739245.0
2020-10-12,2426.945173305336,2460.1319568863187,2414.230756219116,2439.444091796875,4623203.0
2020-10-13,2452.3744602592483,2460.908122005074,2424.1009973273153,2436.470703125,4209878.0
2020-10-14,2460.23291219888,2460.23291219888,2413.097246491396,2432.185302734375,4395936.0
2020-10-15,2433.397404997088,2447.8973717468925,2360.681153833888,2372.454345703125,6629355.0
2020-10-16,2380.678912307927,2399.3339298571454,2364.404275674293,2392.105712890625,5273773.0
2020-10-19,2401.3674195915205,2401.3674195915205,2343.0213743240615,2347.306396484375,3331194.0
2020-10-20,2358.9494742107636,2389.1612563332574,2352.8464617424092,2371.06884765625,3406273.0
2020-10-21,2371.0696242475433,2379.7263224010576,2305.3220440406367,2316.012939453125,4570143.0
2020-10-22,2303.5467901102547,2325.751130662899,2283.7230409416024,2312.333251953125,5262294.0
2020-10-23,2326.746773108169,2339.0392390532675,2311.4244635891673,2325.881103515625,3499091.0
2020-10-26,2328.6076951053396,2345.921085594935,2311.770465123228,2327.0927734375,2672752.0
2020-10-27,2337.0920103825324,2353.0202499452316,2271.604175451966,2276.84130859375,3537502.0
2020-10-28,2294.025137118453,2299.1758305346452,2255.9356631436563,2269.95947265625,3569445.0
2020-10-29,2257.6666964039136,2298.353174444935,2250.957755875873,2279.00537109375,3105968.0
2020-10-30,2281.9913970220828,2315.1032545777575,2269.4391895826766,2306.87939453125,3427003.0
2020-11-02,2302.681654922059,2306.8802379662798,2250.7847929758373,2254.7236328125,2571196.0
2020-11-03,2254.203248175203,2307.009084633992,2251.649565566294,2279.8271484375,2879269.0
2020-11-04,2259.3979020735783,2356.223141916971,2259.3979020735783,2296.75146484375,4893928.0
2020-11-05,2324.3230285873706,2345.9647700081096,2308.7409747644388,2324.928955078125,2816502.0
2020-11-06,2336.442214340044,2348.7780059496567,2321.119904925547,2343.757080078125,3884421.0
2020-11-09,2364.2302298333175,2375.3972826664103,2333.066125541776,2360.334716796875,3646592.0
2020-11-10,2334.8839681976215,2348.6913558436745,2283.939439800789,2293.67822265625,4760020.0
2020-11-11,2309.563199829946,2331.075174233306,2288.3109685792956,2326.746826171875,3242441.0
2020-11-12,2325.188544416263,2348.561623604364,2304.1960566269504,2312.246826171875,2437505.0
2020-11-13,2299.0022686510715,2306.923061740111,2281.905292352151,2299.95458984375,2548093.0
2020-11-14,2318.219831203173,2327.7855224207824,2302.724430114096,2311.640869140625,298819.0
2020-11-17,2332.980043023254,2332.980043023254,2294.0682289160723,2307.9189453125,2827273.0
2020-11-18,2303.546623969049,2306.316724201608,2256.8437950005155,2273.810791015625,2893762.0
2020-11-19,2282.770245229448,2316.6611182571123,2277.446462870184,2282.68359375,4167501.0
2020-11-20,2298.3529393787885,2316.5320021761345,2274.5903495627117,2302.897705078125,2711471.0
2020-11-23,2328.651351683663,2363.2781375823047,2307.0096104970116,2358.300537109375,3706418.0
2020-11-24,2367.086398436972,2374.53124005282,2341.6358018019973,2356.3955078125,3120516.0
2020-11-25,2362.412108789126,2365.8314611077635,2327.092750272911,2338.43310546875,3302249.0
2020-11-26,2325.188615541615,2364.100422963058,2319.9945977853795,2355.140869140625,2341099.0
2020-11-27,2341.6364610983064,2352.6304236558776,2310.5156786810176,2319.691650390625,6086808.0
2020-12-01,2319.128525156252,2368.385033780364,2271.9062129927693,2360.507568359375,3605017.0
2020-12-02,2353.7556555995443,2384.6600182238285,2339.428781370178,2380.201904296875,2509032.0
2020-12-03,2401.2813904013065,2401.2813904013065,2338.001054387805,2345.489013671875,2852548.0
2020-12-04,2346.6575029935425,2370.9395807404094,2336.4425580992556,2361.157470703125,2686527.0
2020-12-07,2350.292461782409,2375.3968748180228,2342.631202921443,2369.943115234375,1996400.0
2020-12-08,2371.9344485095276,2428.6791269463565,2365.398601464506,2421.537353515625,4277818.0
2020-12-09,2436.860135601058,2458.501877480286,2417.9451686605585,2433.224365234375,3659996.0
2020-12-10,2439.4572062081147,2447.5079766594476,2406.7781751455327,2410.2841796875,2127801.0
2020-12-11,2417.555689992318,2430.5407352832267,2393.1871728677684,2409.67822265625,1795408.0
2020-12-14,2425.606210598323,2427.3375497921834,2386.001826538768,2421.8837890625,2483658.0
2020-12-15,2411.75542247144,2419.2867054628277,2384.9196657964167,2390.58984375,2365509.0
2020-12-16,2405.696192223398,2441.0155596607315,2389.6379763790737,2436.167724609375,2565149.0
2020-12-17,2433.3971890710122,2470.361237863296,2428.203171591672,2456.943359375,2863460.0
2020-12-18,2482.7403511119364,2508.710438466664,2463.8687120318123,2476.6806640625,6076692.0
2020-12-21,2476.680804052588,2498.7553795518334,2410.889912368563,2441.318115234375,2705195.0
2020-12-22,2453.307465051131,2496.287872975966,2440.019353135344,2486.6357421875,2881737.0
2020-12-23,2489.709246196427,2526.8897155001073,2480.5330633424105,2518.0166015625,2790988.0
2020-12-24,2518.2325756681926,2528.923678531944,2495.8982602976826,2518.53564453125,1807144.0
2020-12-28,2519.0986715195877,2553.465714219403,2512.173314347025,2535.892578125,2108994.0
2020-12-29,2527.755195892339,2555.456622696639,2527.755195892339,2536.8447265625,1994151.0
2020-12-30,2540.2208565055953,2551.7343047574036,2512.1732452660362,2518.49267578125,2637968.0
2020-12-31,2510.4415007422936,2514.769848157366,2462.829679176491,2478.1953125,4040956.0
2021-01-01,2493.1281748911465,2545.0683452013786,2492.262505385976,2534.896728515625,2681440.0
2021-01-04,2553.7253203660493,2640.941532578551,2545.890968215903,2631.159423828125,5113293.0
2021-01-05,2631.2889606292065,2695.911100923456,2631.2889606292065,2677.515625,5801309.0
2021-01-06,2683.575796483287,2695.2623362421655,2629.211702595182,2641.5908203125,3726716.0
2021-01-07,2661.9337997185553,2666.9980509975235,2597.2250024733644,2625.402587890625,3717827.0
2021-01-08,2674.919348088422,2707.8147963820657,2648.949257330282,2701.66845703125,5879039.0
2021-01-11,2796.1130001916113,2796.1130001916113,2723.8729093751917,2749.75634765625,9508039.0
2021-01-12,2749.756038242285,2778.799294319537,2726.8591205939383,2748.37109375,3611458.0
2021-01-13,2748.501218287976,2750.2325576380786,2706.2998216292235,2734.607177734375,3572801.0
2021-01-14,2736.3852530408303,2833.0911027124794,2706.3759988473803,2819.387451171875,6931542.0
2021-01-15,2805.7703437426803,2839.5957049191766,2784.0874199115933,2804.33935546875,4131692.0
2021-01-18,2818.779777313135,2824.634166081401,2764.4856575189,2794.278076171875,4160906.0
2021-01-19,2804.035907922437,2843.932490590062,2803.1685909079238,2828.060546875,2975735.0
2021-01-20,2836.1266221225137,2886.3876004923163,2833.6114874929526,2869.778564453125,3453446.0
2021-01-21,2866.4826599272615,2870.0819407468534,2829.274845651639,2839.4658203125,2778546.0
2021-01-22,2811.7547497893943,2883.828873399442,2811.7547497893943,2864.834716796875,3052459.0
2021-01-25,2869.9086468328132,2896.6654619330093,2843.628898449041,2854.6005859375,2272887.0
2021-01-27,2862.145966901448,2867.7401189418397,2798.831828845749,2828.364013671875,2786662.0
2021-01-28,2801.433582913219,2840.462843356283,2761.3635845411322,2772.421875,3083938.0
2021-01-29,2784.1307498578026,2790.0285473235554,2688.68247948657,2698.526611328125,5445659.0
2021-02-01,2688.682517110102,2745.0581182753135,2640.1995848069396,2722.8115234375,3985846.0
2021-02-02,2752.8640518252305,2796.22990015266,2732.0484446280643,2778.406494140625,2881837.0
2021-02-03,2786.68972142083,2806.6380138555264,2743.0202226311612,2775.4580078125,2505866.0
2021-02-04,2789.3342688870257,2808.241817692697,2754.5981883003465,2765.396240234375,2057261.0
2021-02-05,2774.503846861505,2780.4884615810297,2713.8350612985905,2738.94384765625,2366135.0
2021-02-08,2766.307957095786,2797.9650320084675,2736.5155292940926,2787.64404296875,2526592.0
2021-02-09,2771.0781630425076,2815.1379145257974,2744.1913326655695,2755.379638671875,2658751.0
2021-02-10,2762.4043520441965,2792.2399689811728,2738.3797160414965,2786.949462890625,2127983.0
2021-02-11,2788.4235270233057,2792.1530316328526,2762.4474310728065,2780.61767578125,1165882.0
2021-02-12,2761.711169105399,2814.8777516414725,2759.803113764648,2767.435546875,2777404.0
2021-02-15,2783.2199975335957,2783.2199975335957,2716.0463443987987,2723.2451171875,2630853.0
2021-02-16,2732.0486043077217,2747.3566649630898,2688.6827534456943,2696.315185546875,3435770.0
2021-02-17,2693.105702387942,2717.1737455720167,2641.456940340768,2665.3515625,3678426.0
2021-02-18,2658.326540580916,2686.8611844905117,2628.837763295516,2651.691650390625,4189909.0
2021-02-19,2652.2551540267127,2677.5373576665384,2615.957856052445,2664.267578125,3725028.0
2021-02-22,2685.2127975919084,2685.2127975919084,2552.6433407638283,2565.913330078125,5366696.0
2021-02-23,2575.9309985279638,2626.2353749301933,2574.1963648589212,2584.777587890625,3832829.0
2021-02-24,2577.6665390796406,2604.857016107028,2533.5633778288175,2556.937744140625,3774549.0
2021-02-25,2579.4011030790507,2627.8840451663004,2574.5874507356048,2597.875,4224073.0
2021-02-26,2567.257819935516,2577.969267498008,2497.8724734507728,2510.275146484375,5553153.0
2021-03-01,2537.768976273308,2571.5943317328633,2516.779951901704,2536.207763671875,3265871.0
2021-03-02,2567.2580288630593,2623.633627469849,2556.8502260433443,2607.458251953125,3306469.0
2021-03-03,2632.306806408326,2657.458996650778,2599.261947632257,2653.209228515625,3509857.0
2021-03-04,2621.8993188286727,2672.5939556672793,2615.8715079641565,2645.056640625,3916760.0
2021-03-05,2615.9150500997966,2656.765556276552,2599.0023675543516,2608.93310546875,3203686.0
2021-03-08,2615.8280208114875,2630.572409522958,2598.481681150934,2607.978759765625,2003125.0
2021-03-09,2607.978919549329,2659.974533518005,2595.0993886106608,2646.140869140625,1942397.0
2021-03-10,2666.999981158492,2682.785109429216,2653.990225152841,2663.4873046875,3053778.0
2021-03-12,2666.999710906582,2703.42702403116,2637.8145792568857,2652.2119140625,2938317.0
2021-03-15,2637.510794294109,2687.815176427966,2637.510794294109,2659.32373046875,3097083.0
2021-03-16,2653.989913464924,2724.242587644878,2653.989913464924,2697.399169921875,4894756.0
2021-03-17,2693.0194226283334,2736.3852748445706,2675.9333192046006,2699.91455078125,3838390.0
2021-03-18,2711.1891174007637,2728.969113170011,2590.718889302189,2633.607666015625,3656306.0
2021-03-19,2627.9704735673467,2687.815345737692,2606.287548867946,2645.490234375,5776626.0
2021-03-22,2644.189171980529,2722.8981860522467,2618.1262549990556,2714.3984375,2821646.0
2021-03-23,2723.3752622922925,2748.5274542051834,2708.5008610841087,2725.63037109375,3305973.0
2021-03-24,2698.396832375288,2734.0436487376264,2698.3534241722164,2706.9833984375,2207104.0
2021-03-25,2699.263617281632,2715.4392045356867,2645.316548382117,2658.1962890625,3179786.0
2021-03-26,2680.5728317211347,2704.294033099093,2639.2886752622844,2659.887451171875,3697370.0
2021-03-30,2673.93803231726,2765.3965580858217,2654.7702439160366,2739.4638671875,4694008.0
2021-03-31,2736.385091308138,2779.750940615715,2716.436800626652,2756.203369140625,3530069.0
2021-04-01,2767.695162222246,2788.4239523165975,2727.711766729611,2745.05810546875,4285076.0
2021-04-05,2750.262333854494,2830.0555015349146,2732.915993054403,2809.153076171875,5317862.0
2021-04-06,2840.4631926612587,2840.4631926612587,2801.433927418585,2831.52978515625,2291562.0
2021-04-07,2826.585930726271,2842.674702445161,2805.5969029549656,2837.340576171875,2491268.0
2021-04-08,2836.1263071037056,2892.5019064803846,2832.700447644889,2877.19384765625,2578118.0
2021-04-09,2908.9811618749527,2909.28480751802,2869.084580644706,2881.44384765625,2911129.0
2021-04-12,2881.4441911895806,2895.1912517122355,2786.8632205387444,2815.788330078125,3791828.0
2021-04-13,2787.5562664673303,2787.5562664673303,2665.3080027313554,2692.19482421875,8654596.0
2021-04-15,2740.982518180198,2807.722532633933,2677.798377105509,2791.8505859375,6062760.0
2021-04-16,2800.566528140873,2816.178233779317,2760.323104971808,2771.207763671875,3224657.0
2021-04-19,2748.527599094198,2765.8739392588823,2719.125637213985,2742.282958984375,2679106.0
2021-04-20,2797.097890020378,2797.4015357306407,2711.537135385829,2727.322265625,3141893.0
2021-04-22,2730.313895106737,2730.313895106737,2693.236093640469,2704.98828125,1988980.0
2021-04-23,2693.0196803489057,2705.162120131477,2680.9206487721694,2696.922607421875,1615309.0
2021-04-26,2690.4606110408986,2734.6503676872076,2678.318173632836,2689.37646484375,2490260.0
2021-04-27,2693.886041984704,2719.9923629565487,2691.284091525608,2716.436279296875,1471417.0
2021-04-28,2732.0044846651235,2732.9152096455277,2699.089854781619,2709.58447265625,1639037.0
2021-04-29,2728.232087798586,2738.4230612333586,2693.452595888234,2701.908935546875,1621395.0
2021-04-30,2687.815966466844,2716.480841888833,2619.2979085930524,2632.871337890625,3072305.0
2021-05-03,2623.547370739975,2649.6536997473863,2605.4205283277083,2634.0419921875,1545831.0
2021-05-04,2656.418381999483,2680.009360558499,2632.3069285744477,2645.099853515625,1990777.0
2021-05-05,2662.6626367992335,2688.161666602572,2647.3977760717694,2684.95263671875,1939289.0
2021-05-06,2693.452787747875,2718.171320818496,2666.132303827714,2698.61328125,1791671.0
2021-05-07,2717.3041015532767,2740.5916471927385,2698.9170239049954,2717.21728515625,1912540.0
2021-05-10,2728.5357580964887,2744.364292675277,2710.365510066464,2728.1455078125,2137153.0
2021-05-11,2710.365655812237,2713.0544232417296,2681.0068903295523,2708.2841796875,2415625.0
2021-05-12,2706.0289638256604,2706.0289638256604,2663.1835899306775,2677.927978515625,1978558.0
2021-05-14,2687.381572475243,2687.381572475243,2636.643530845486,2646.61767578125,2043935.0
2021-05-17,2649.653363656955,2667.173124235765,2633.1743411006596,2662.4462890625,2890462.0
2021-05-18,2688.6826578984287,2709.498265572481,2669.601684197214,2678.96875,2098538.0
2021-05-19,2674.8059232539745,2704.294704509044,2660.1483490349488,2673.0712890625,1986041.0
2021-05-20,2660.147780857133,2678.9685154652675,2647.1380271998105,2653.98974609375,2329027.0
2021-05-21,2654.8570954295415,2678.448073333491,2649.7400102940805,2671.769775390625,1685566.0
2021-05-24,2672.63720703125,2693.019155551527,2664.397695927308,2672.63720703125,1652260.0
2021-05-25,2694.8620672893585,2726.4561002580645,2686.233713053899,2714.036376953125,1841613.0
2021-05-26,2719.2652762387206,2758.485448492164,2705.146056784092,2752.8203125,1923753.0
2021-05-27,2755.8271484711445,2804.460204598289,2755.696499676918,2771.558837890625,5959785.0
2021-05-28,2779.838967765765,2787.24722336257,2732.905404548071,2739.83447265625,1763701.0
2021-05-31,2745.4125224364557,2763.1488440041617,2726.761233587742,2753.38720703125,1652799.0
2021-06-01,2761.6230222062386,2762.7994996506827,2729.723865106149,2748.026611328125,1377441.0
2021-06-02,2746.1534549045496,2753.648739260087,2714.9079603598843,2727.501953125,2240078.0
2021-06-03,2749.3776709242543,2749.3776709242543,2721.5747991720896,2737.785888671875,1281706.0
2021-06-04,2726.2377833001988,2751.382356919882,2723.623105119284,2739.96484375,1836060.0
2021-06-07,2741.0541319259814,2780.66646148258,2731.1184405355557,2774.34765625,2559821.0
2021-06-08,2787.24756988465,2816.0090363656363,2777.834683752434,2789.121337890625,2574057.0
2021-06-09,2790.7337253315172,2806.4217974914072,2776.9630416567725,2789.20849609375,1710925.0
2021-06-10,2797.70592135876,2809.9077540375833,2782.88941024876,2803.632568359375,1874324.0
2021-06-11,2799.056705258424,2883.9901284053785,2798.577305019544,2853.311279296875,3452954.0
2021-06-14,2857.8434830136966,2883.7287565429338,2850.3045787618544,2855.533935546875,1847360.0
2021-06-15,2874.4028886376045,2874.4028886376045,2833.918997241148,2843.680419921875,1304985.0
2021-06-16,2843.1141682171474,2871.526878629887,2835.182892105408,2853.790771484375,1635552.0
2021-06-17,2846.076991809267,2907.5655450907693,2841.283415494782,2891.615966796875,2273413.0
2021-06-18,2920.5086749244424,2926.696832554393,2854.3573932744603,2873.793212890625,3380431.0
2021-06-21,2845.641699122031,2863.9444481822334,2834.0499154939534,2852.701416015625,1130569.0
2021-06-22,2879.632792142121,2899.722282597916,2863.0731604681805,2877.1923828125,1708688.0
2021-06-23,2901.4216594077234,2901.4216594077234,2838.146352764599,2842.504150390625,1467104.0
2021-06-24,2862.201158958729,2948.485542252552,2857.4075821090723,2940.29296875,4155204.0
2021-06-25,2941.730917920498,2962.9968825509254,2919.7240426734816,2946.568115234375,2722861.0
2021-06-28,2955.894650219853,2955.894650219853,2904.9084090174756,2908.1767578125,1355238.0
2021-06-29,2912.75147576147,2933.930411454228,2899.2423052425283,2911.749267578125,1497322.0
2021-06-30,2916.23790939298,2947.6140494820856,2909.7012135410832,2916.02001953125,1693146.0
2021-07-01,2926.696648971738,2930.1828867906443,2904.3412340712302,2912.31591796875,990310.0
2021-07-02,2903.164345637849,2910.7468698200696,2871.962476730642,2898.3271484375,1682274.0
2021-07-05,2912.751723319642,2940.6416261162394,2877.8893448238955,2894.448974609375,1972858.0
2021-07-06,2887.476597920685,2900.5499903048712,2837.8849479232354,2843.28857421875,2159420.0
2021-07-07,2854.35709709006,2861.0680620594303,2825.247097610061,2854.3134765625,2640710.0
2021-07-08,2874.4036561229286,2874.4036561229286,2816.7934795391784,2839.97705078125,2485811.0
2021-07-09,2832.5681084749517,2860.4580098507054,2789.8616969933296,2796.09326171875,6365067.0
2021-07-12,2819.4948183101715,2820.3663777594174,2778.8366551160825,2782.9765625,1892226.0
2021-07-13,2801.1923556653715,2801.1923556653715,2767.2015336768995,2778.1396484375,1809339.0
2021-07-14,2777.6596400020444,2808.164217159268,2775.916521307346,2801.671142578125,2044279.0
2021-07-15,2819.1852571715785,2822.897469645385,2789.8368567855423,2797.654296875,2232968.0
2021-07-16,2806.4318691544436,2812.415165876921,2788.0891771991855,2790.534912109375,1256526.0
2021-07-19,2777.607724000128,2794.9023053084866,2774.1138778064173,2781.625732421875,1597058.0
2021-07-20,2781.6252392310043,2808.1783802962723,2756.775091986286,2800.142578125,1811945.0
2021-07-22,2786.342114911224,2816.8695509188374,2786.342114911224,2809.35791015625,2859334.0
2021-07-23,2821.2805602259114,2831.369082897258,2800.88514951478,2806.30078125,1776193.0
2021-07-26,2795.076461203627,2816.257900011186,2787.0843747463373,2792.9365234375,1259611.0
2021-07-27,2795.076642416108,2803.8112569236587,2761.142579755305,2780.18408203125,1121367.0
2021-07-28,2784.595794731623,2798.964196506009,2736.0312407415786,2793.15576171875,1660654.0
2021-07-29,2795.294575048413,2817.3057575504763,2786.6036776082947,2791.40771484375,1731997.0
2021-07-30,2811.6719932942165,2815.6025692401076,2762.190494741009,2766.64501953125,2999943.0
2021-08-02,2777.6076735719776,2816.826011085384,2766.25267364857,2812.02197265625,2608669.0
2021-08-03,2820.407229235337,2873.688381599337,2811.6288983685017,2869.233642578125,3804735.0
2021-08-04,2882.4224116466253,2886.9643679488318,2848.5320691268766,2859.668701171875,2929598.0
2021-08-05,2860.586127456582,2895.524583975135,2849.667859794534,2868.403564453125,2534521.0
2021-08-06,2858.446952125607,2903.386511160593,2851.852274049138,2890.9833984375,2292362.0
2021-08-09,2903.299087891112,2914.74152078443,2891.158056277034,2902.2509765625,1510489.0
2021-08-10,2896.0487855076867,2926.0083417818596,2896.0487855076867,2912.032958984375,2040777.0
2021-08-11,2926.0959042967565,2934.8305189364487,2906.093722070834,2921.02978515625,1929707.0
2021-08-12,2905.1331209034925,2941.818506074252,2905.1331209034925,2927.624755859375,1310205.0
2021-08-13,2935.4857463855783,3039.646030624656,2932.646996500656,3025.146484375,4363584.0
2021-08-16,3022.1769967008554,3052.1804865769095,3001.6506500469623,3033.48828125,2083489.0
2021-08-17,3041.480581719962,3110.2219638050665,3024.7973806340597,3103.45263671875,4336019.0
2021-08-18,3121.620253633295,3140.0938777961865,3089.0838149829724,3110.003173828125,2631309.0
2021-08-20,3062.3564727478843,3122.6253251778908,3057.1157029713618,3109.086669921875,2836148.0
2021-08-23,3126.9920590866773,3208.2239757054094,3111.182321198469,3177.128662109375,3744176.0
2021-08-24,3194.248869248207,3203.289281535624,3139.5700912462094,3155.9912109375,2511141.0
2021-08-25,3153.1962331483587,3229.8424850759952,3150.6195641945837,3195.995849609375,2123263.0
2021-08-26,3196.869122383676,3220.976745326856,3186.3001528276395,3207.2197265625,1902533.0
2021-08-27,3202.109859904366,3257.574665170031,3189.095368849665,3249.40771484375,3944728.0
2021-08-30,3244.9097402629527,3267.052076414065,3220.9769784870473,3232.943359375,2033114.0
2021-08-31,3240.0181060067675,3322.7350832895377,3234.821052565711,3307.318359375,3207480.0
2021-09-01,3315.6605675376654,3333.7411818291675,3237.9224773082524,3244.866455078125,2643336.0
2021-09-02,3261.505486236113,3370.819115881548,3251.0239474479945,3351.253662109375,3403717.0
2021-09-03,3340.990494271571,3368.853832964031,3323.128247873257,3355.883056640625,1746812.0
2021-09-06,3362.564482355028,3386.9341846203447,3331.381951416269,3364.573486328125,1723693.0
2021-09-07,3375.0553326995914,3380.2523861240065,3326.359852679405,3333.041748046875,1585039.0
2021-09-08,3327.8886342498226,3332.2559421687856,3280.7217087250224,3296.574951171875,4147175.0
2021-09-09,3310.1567597714966,3326.752527047534,3288.582304962132,3311.6416015625,1441148.0
2021-09-13,3290.329345494768,3364.9228694618578,3290.329345494768,3358.76513671875,1691473.0
2021-09-14,3362.783182604123,3403.4428595697864,3340.990360029368,3394.18408203125,1991188.0
2021-09-15,3390.864973783777,3476.3767693180266,3376.8021583375607,3454.147216796875,2461369.0
2021-09-16,3432.703949488855,3477.9055854649487,3399.599841483605,3409.382568359375,2946666.0
2021-09-17,3423.9691294157988,3445.8056672309503,3323.5210554661003,3343.479736328125,6477148.0
2021-09-20,3327.0149835362313,3381.169598652862,3326.0105880709493,3339.68017578125,2002008.0
2021-09-21,3369.8150793138666,3381.65052743892,3338.0646627206675,3374.138671875,1568129.0
2021-09-22,3373.7447616421546,3403.748246957279,3364.9664316516987,3373.43896484375,1744067.0
2021-09-23,3380.295965257923,3388.1571186654996,3349.7248131173474,3379.640869140625,2003869.0
2021-09-24,3397.7653284748635,3445.281550083093,3367.19417513383,3381.431640625,2320754.0
2021-09-27,3406.4997674048227,3409.9936133201095,3321.6865725122584,3351.427978515625,1673362.0
2021-09-28,3362.8267262073114,3362.8267262073114,3276.572404333812,3300.94189453125,2253075.0
2021-09-29,3284.0408688426596,3324.3947509152617,3251.1549126304035,3312.078857421875,2489161.0
2021-09-30,3323.5210059352767,3323.5210059352767,3275.568054906828,3297.797607421875,2252412.0
2021-10-01,3303.2135130286547,3327.888804029662,3253.6445656195515,3258.1865234375,1578374.0
2021-10-04,3253.4696342242864,3304.8727186534416,3238.3149909855993,3295.83251953125,1356860.0
2021-10-05,3278.974929236287,3354.092628733975,3268.1440904216533,3348.240478515625,1877966.0
2021-10-06,3350.5982851665585,3369.333991530842,3314.786363974737,3328.67431640625,1678154.0
2021-10-07,3345.358174731918,3405.627029576958,3336.667273820426,3400.298828125,1647233.0
2021-10-08,3428.336879146216,3485.0244533266145,3406.500338514711,3437.63916015625,2934339.0
2021-10-11,3279.848126861973,3282.0317807413753,3196.869279444693,3219.22998046875,11845402.0
2021-10-12,3237.0486659803983,3237.9221275740247,3171.189747119932,3190.624267578125,5752877.0
2021-10-13,3188.134800198695,3210.3643549916846,3183.7674922532174,3192.6767578125,3545655.0
2021-10-14,3172.373782144585,3211.754973922932,3157.671427816008,3160.515625,6442299.0
2021-10-18,3153.514585721593,3196.6151131193105,3151.76431049732,3191.758056640625,3590107.0
2021-10-19,3210.8792402232566,3229.3447255138362,3172.548177943891,3180.380615234375,3135441.0
2021-10-20,3160.9965878425232,3176.749062532768,3131.5044974037755,3158.239990234375,2933693.0
2021-10-21,3154.0830236717397,3157.014605986085,3072.826424568322,3091.423095703125,4871211.0
2021-10-22,3115.489424887781,3116.889730316667,3049.854113970201,3061.974853515625,2691670.0
2021-10-25,3065.6064533030153,3075.714333469577,3019.2241689681423,3056.811279296875,2595594.0
2021-10-26,3058.1677119370643,3088.359952904822,3041.102532259636,3047.753662109375,3878763.0
2021-10-27,3048.1038084048596,3072.8264419355623,3048.1038084048596,3054.010986328125,2510813.0
2021-10-28,3078.7336438655566,3078.7336438655566,2988.5944837410107,2994.4140625,2424942.0
2021-10-29,2975.5113942015646,3028.8509837909737,2963.171869596629,2973.49853515625,3960501.0
2021-11-01,3008.6786457031258,3051.6041788190378,2986.800210236973,3042.32763671875,2020718.0
2021-11-02,3057.7306878435525,3074.883469780658,3036.508601644295,3049.154296875,3087414.0
2021-11-03,3066.6565801646902,3080.396195266675,3033.2701722298416,3056.19873046875,1537639.0
2021-11-04,3074.3146481553817,3074.5772321717463,3067.3573468332656,3070.551513671875,328991.0
2021-11-08,3104.9879121203876,3104.9879121203876,3046.5286832194915,3065.387939453125,2526082.0
2021-11-09,3069.982097096755,3093.6108076502364,3059.4804479618747,3067.96923828125,1782692.0
2021-11-10,3061.2307953933705,3080.2212352978518,3045.653306076,3049.241455078125,1516489.0
2021-11-11,3045.4784563498015,3071.776380579202,3006.9724069017007,3052.654541015625,1284514.0
2021-11-12,3068.2315296840943,3092.866560468071,3050.466198860198,3085.778076171875,1747259.0
2021-11-15,3087.4856833199387,3123.8914956607505,3087.4856833199387,3109.626708984375,1809157.0
2021-11-16,3123.365684964674,3129.0978782245816,3099.7369728621115,3112.3388671875,2013204.0
2021-11-17,3107.2635922507475,3117.9840276583277,3068.58234009972,3082.14697265625,1632914.0
2021-11-18,3076.2389694658136,3081.227423284579,3020.624161815283,3041.71484375,2136598.0
2021-11-22,3044.078189423723,3076.9396452248434,3010.7355789237035,3026.575439453125,3167936.0
2021-11-23,3014.84867157337,3046.309821800846,2982.293599476673,3031.695068359375,2153461.0
2021-11-24,3038.652719195866,3056.8994235417035,2996.47112978478,3013.361328125,2161746.0
2021-11-25,3013.885955466033,3030.601167204628,3005.2659792716213,3015.63623046875,1849619.0
2021-11-26,2997.3461762175584,3054.2301182479646,2985.881788591854,3016.468017578125,1941251.0
2021-11-29,3016.73030953973,3088.6667868251257,2981.112254109793,3064.731689453125,2981745.0
2021-11-30,3055.104320060921,3118.7705587559744,3055.104320060921,3088.49072265625,5588446.0
2021-12-01,3093.610967944755,3141.7435289735986,3093.610967944755,3131.06689453125,2102118.0
2021-12-02,3141.043729353686,3192.501861296703,3127.8292802160927,3188.03857421875,3152938.0
2021-12-03,3191.14535668199,3208.2105393359575,3177.4933387527963,3185.89453125,2486263.0
2021-12-06,3185.894281603058,3201.252987519446,3082.2342870539883,3094.836181640625,1849642.0
2021-12-07,3117.677637250009,3148.7450214247106,3084.247424334192,3136.9306640625,1484458.0
2021-12-08,3151.3703992829187,3191.1453592306834,3151.3703992829187,3174.036376953125,1428660.0
2021-12-09,3159.246006579918,3180.905657179046,3120.7399610703565,3152.026123046875,1567957.0
2021-12-10,3137.368028762515,3187.2508677135506,3128.704252723142,3182.7001953125,1510718.0
2021-12-13,3194.25231817436,3204.7539696313715,3151.983128328559,3158.9404296875,1883864.0
2021-12-14,3154.870857709162,3181.1249841256044,3130.104422391659,3171.323486328125,1747007.0
2021-12-15,3167.9981036851773,3170.6235164782865,3113.870757804585,3124.547607421875,1603233.0
2021-12-16,3134.7423034969993,3157.889646005069,3124.2406542390527,3134.392333984375,2072320.0
2021-12-17,3152.683222618019,3195.4337800931366,3127.47921685785,3136.799560546875,4333992.0
2021-12-20,3140.8686116511826,3155.745949739249,3071.8639315859427,3112.776611328125,2312310.0
2021-12-21,3135.31114084143,3186.5504819413068,3121.0901570926853,3157.758544921875,2340989.0
2021-12-22,3171.4985830665155,3182.700386797636,3155.964891055083,3177.40576171875,1224328.0
2021-12-23,3192.501731887371,3212.192326450821,3176.749256236611,3205.3662109375,1792861.0
2021-12-24,3224.882005899705,3242.3847576277903,3189.701517657581,3212.54248046875,2209923.0
2021-12-27,3212.6299095475556,3238.008898209195,3196.9650330431937,3234.595947265625,1534135.0
2021-12-28,3246.7601484623697,3259.887211057231,3232.6267631978826,3243.740966796875,1456218.0
2021-12-29,3231.226561240893,3255.4678282113414,3224.881814116782,3233.37060546875,1456923.0
2021-12-30,3221.687557676224,3273.0142871714934,3220.506036575159,3267.544677734375,1966475.0
2021-12-31,3275.4648760200544,3290.5171991999623,3265.4007941607993,3271.570556640625,1207141.0
2022-01-03,3281.765827206183,3351.776831519915,3277.390139436575,3341.056396484375,2346158.0
2022-01-04,3352.7393879083083,3403.5409492549384,3335.7615920816875,3399.6904296875,2488606.0
2022-01-05,3382.406410124512,3386.7820975890972,3336.3740925344277,3378.862060546875,1733031.0
2022-01-06,3336.0246435548115,3356.152809032713,3301.019138375852,3332.042724609375,1810293.0
2022-01-07,3343.025179524296,3382.3187669832855,3322.3718494970512,3372.34228515625,2460591.0
2022-01-10,3481.297505277228,3481.297505277228,3378.906402180839,3395.40283203125,3937092.0
2022-01-11,3374.530275769995,3434.9147646258375,3374.530275769995,3426.950927734375,1906106.0
2022-01-12,3434.9144030891543,3438.414952799309,3357.508540354682,3377.94287109375,3203744.0
2022-01-13,3428.7888361107916,3433.164523752587,3375.405446880889,3411.198486328125,6684507.0
2022-01-14,3393.65249028002,3480.422299459404,3378.074997981083,3472.67724609375,3348123.0
2022-01-17,3494.1617360161467,3538.1811985563745,3467.557639327894,3517.30908203125,3442604.0
2022-01-18,3530.2608122209094,3537.0431277245425,3483.047187672104,3492.32373046875,2389041.0
2022-01-19,3517.2211308607257,3517.2211308607257,3428.238592280874,3431.876708984375,3102539.0
2022-01-20,3427.8003552354353,3436.567108062124,3341.0095022512132,3354.641845703125,6176776.0
2022-01-21,3337.5027246819773,3376.5586504367925,3306.0301683677976,3360.734619140625,3112358.0
2022-01-24,3366.433434644553,3374.893266387015,3278.853650434208,3306.249755859375,3258414.0
2022-01-25,3304.6274428472343,3339.606700640597,3263.160659611942,3304.97802734375,3330501.0
2022-01-27,3270.8752301414675,3272.979165046568,3178.0354104012977,3199.20703125,5718297.0
2022-01-28,3196.3584803808544,3269.8239210632755,3196.3584803808544,3234.97607421875,3143862.0
2022-01-31,3286.6553922324565,3294.5454691943373,3262.459070603207,3275.477783203125,2739393.0
2022-02-01,3305.0660216803485,3338.3796844983467,3275.6096447337136,3331.93603515625,2105169.0
2022-02-02,3355.825784772056,3387.4738533313875,3331.9363793623047,3380.6357421875,1984212.0
2022-02-03,3376.075777428221,3403.691042810976,3345.4360257861367,3352.931640625,1960538.0
2022-02-04,3344.7792653309098,3353.0199274159713,3304.189156735994,3344.428466796875,2307366.0
2022-02-07,3323.475913676423,3359.244307123296,3292.9236952248752,3312.955810546875,1919149.0
2022-02-08,3323.958452984582,3331.1032714460657,3262.1089644796893,3281.790283203125,2946443.0
2022-02-09,3287.532039581612,3312.03506891022,3284.1130918732606,3296.781005859375,1638721.0
2022-02-10,3322.424339911823,3322.424339911823,3294.5460205082395,3305.373046875,2112459.0
2022-02-11,3289.724192681431,3289.724192681431,3234.931984275677,3239.271484375,3851488.0
2022-02-14,3264.738792841898,3325.4485569139447,3252.4653387334697,3273.286376953125,5951745.0
2022-02-15,3319.092872491744,3362.049964607987,3285.779209217923,3346.97119140625,3931683.0
2022-02-16,3369.939766396913,3378.7942723116603,3336.626105855008,3342.8505859375,3256906.0
2022-02-17,3353.2832904830248,3362.0500441836343,3312.9562234602226,3317.514892578125,3134372.0
2022-02-18,3304.1891813505617,3345.3490435758326,3294.195168617033,3326.018310546875,3688883.0
2022-02-21,3340.1329231984273,3355.737786485923,3248.564230091958,3260.7060546875,7465922.0
2022-02-22,3199.8642910561507,3215.556690596742,3129.7302791973857,3144.107666015625,5408531.0
2022-02-23,3165.6746879993425,3176.107039048712,3117.1506217770543,3124.295654296875,2426203.0
2022-02-24,3045.5701244470206,3054.205462139813,2972.8938245340382,2982.142578125,5039136.0
2022-02-25,3040.309823069037,3094.6636895714246,3035.049771472032,3086.554443359375,2549723.0
2022-02-28,3059.59688152283,3124.2516866839496,3029.7021673541517,3115.87939453125,3288942.0
2022-03-02,3114.3887506600677,3131.4400410557255,3073.6233525163116,3108.82177734375,2761341.0
2022-03-03,3123.4629176882404,3137.270554721848,3094.7517994120094,3107.2880859375,1928039.0
2022-03-04,3069.678334491801,3122.015803200218,3057.0104201560107,3089.71044921875,2370257.0
2022-03-07,3024.529607717447,3110.4437820815947,3008.354992186932,3055.12548828125,3054130.0
2022-03-08,3033.296400672888,3163.9210144590907,3033.296400672888,3155.987060546875,3300992.0
2022-03-09,3160.414273213555,3203.371360422283,3153.44474778916,3184.610595703125,2719654.0
2022-03-10,3229.671882735904,3229.671882735904,3169.1812855836843,3174.3974609375,2005441.0
2022-03-11,3158.880587511238,3190.966992281194,3149.763249101279,3155.2861328125,1623423.0
2022-03-14,3138.497485009779,3198.418325678582,3138.497485009779,3193.72802734375,1765688.0
2022-03-15,3207.7547500396386,3207.7547500396386,3143.231365819847,3150.68310546875,3651133.0
2022-03-16,3191.5361524000095,3215.6447210556885,3170.2767782218198,3205.036865234375,3090475.0
2022-03-17,3240.7178727305695,3252.465235677881,3208.8945177799264,3219.80908203125,3600452.0
2022-03-21,3240.1916240383766,3255.927901483996,3169.1809309790942,3179.43798828125,2413831.0
2022-03-22,3191.0979358854693,3253.3418791403783,3177.9478070287987,3244.53125,2907611.0
2022-03-23,3250.7115624829426,3269.8231241842045,3234.931409267006,3254.56884765625,1596195.0
2022-03-24,3243.6985306574106,3294.720989062963,3239.31515426463,3287.40087890625,1879046.0
2022-03-25,3296.2113121317043,3313.394233297543,3219.1516403409387,3250.229736328125,1690133.0
2022-03-28,3239.3157276884785,3255.095885495892,3209.6840552214735,3250.449462890625,1760990.0
2022-03-29,3239.0960722012105,3262.985474181719,3235.8085398185717,3248.388916015625,2689063.0
2022-03-30,3277.012667859558,3277.012667859558,3249.134347140372,3271.358154296875,1583455.0
2022-03-31,3278.7660445458155,3291.609253733142,3261.407828562392,3278.72216796875,2168110.0
2022-04-01,3285.7788659793814,3298.9289948453606,3268.289237394038,3295.203125,1387014.0
2022-04-04,3298.052721967003,3313.8328785314384,3276.223590999029,3305.373046875,1472994.0
2022-04-05,3306.819559229796,3362.57619944682,3306.819559229796,3344.34130859375,2314947.0
2022-04-06,3339.5192456312348,3339.5192456312348,3271.0069428753104,3292.22265625,2051729.0
2022-04-07,3283.587586159778,3283.587586159778,3225.2886742709443,3229.803466796875,2494829.0
2022-04-08,3234.932520434312,3248.0826526311994,3193.2904351441684,3231.118896484375,2296773.0
2022-04-11,3234.9318441838004,3254.525622673996,3205.212637244365,3240.54248046875,2291660.0
2022-04-12,3228.7950847907623,3277.8889009048767,3198.4183716829752,3235.896240234375,4483476.0
2022-04-13,3249.8355765754336,3252.3341869773744,3204.730671873133,3210.34130859375,1621672.0
2022-04-18,3164.7978439809913,3164.7978439809913,3088.0887549648314,3092.954345703125,3820792.0
2022-04-19,3112.197682678637,3124.0766772034467,3015.01812857991,3043.729248046875,3170014.0
2022-04-20,3068.3634924930943,3128.985502739102,3050.8299868217055,3118.15869140625,2640370.0
2022-04-21,3138.4970561025907,3194.60426604409,3127.45086353255,3181.147216796875,2280996.0
2022-04-22,3139.461567426191,3170.934120722403,3131.0454000995474,3167.032958984375,1581465.0
2022-04-25,3119.210601050943,3142.0041580007246,3097.3814725080088,3110.619140625,1960694.0
2022-04-26,3134.2455668934876,3145.4231768034088,3084.275075531486,3108.95361328125,1943469.0
2022-04-27,3108.690691195903,3128.3720093644906,3073.886723725813,3122.01611328125,1727648.0
2022-04-28,3145.511234194427,3159.888624679922,3101.7213421769807,3142.267578125,1703660.0
2022-04-29,3153.401256587347,3176.4139846900484,3100.6693195191265,3109.304443359375,2051115.0
2022-05-02,3085.8092300435665,3110.4000144347265,3062.007581823019,3105.534423828125,1324161.0
2022-05-04,3102.1150165971426,3108.2078660799434,3037.9424384582558,3050.6103515625,2305825.0
2022-05-05,3078.97133320661,3097.293760926186,3055.5202694917,3080.11083984375,1612262.0
2022-05-06,3032.420022432544,3046.008490298316,3002.174722989375,3009.27587890625,2010812.0
2022-05-09,2978.9426390374124,3029.7898059191575,2934.100783512281,3020.234130859375,2481830.0
2022-05-10,3010.5027847828064,3037.504425076492,2999.982681865685,3014.6669921875,1622685.0
2022-05-11,3011.3791043817087,3023.1703422023606,2965.046737643262,2991.215576171875,1841769.0
2022-05-12,2961.408799562808,3024.2663680437477,2936.949647310669,2988.27880859375,2807195.0
2022-05-13,3011.3795593615127,3015.6751825815522,2965.047185622854,2993.75830078125,2187823.0
2022-05-16,2993.8463780855304,3006.9965085895665,2951.41537593867,2960.357421875,1195813.0
2022-05-17,2954.3958255321177,3039.4333314895703,2937.212903663973,3025.9326171875,1754076.0
2022-05-18,3037.6793895210244,3063.979643975752,3018.4364128180523,3023.477294921875,1866781.0
2022-05-19,2978.0659382901526,2985.079340558719,2831.661165933822,2859.6708984375,4642963.0
2022-05-20,2901.795326230593,2905.214274385835,2866.772189797455,2886.891845703125,3065125.0
2022-05-23,2897.2365878081046,2927.1310872588047,2864.098218506576,2912.09619140625,2293690.0
2022-05-24,2906.3099488564503,2914.813870239504,2871.6376129969626,2882.50830078125,1711510.0
2022-05-25,2906.205306459052,2906.205306459052,2783.7030890856627,2795.7060546875,3548046.0
2022-05-26,2816.314968609626,2860.8852932460363,2807.0920435370494,2848.043701171875,2813186.0
2022-05-27,2871.210874953486,2893.8931509887725,2850.0289426919717,2878.35986328125,3103153.0
2022-05-30,2909.8684821812967,2988.947796761305,2900.469084192705,2978.930419921875,2094624.0
2022-05-31,2960.3075643045477,2986.123046252866,2934.5804266036826,2969.31005859375,4840965.0
2022-06-01,2990.18330819429,2990.18330819429,2947.8636081875393,2961.234619140625,1493835.0
2022-06-02,2961.058003689997,3029.016711971407,2953.379595329582,3021.073486328125,2657939.0
2022-06-03,3053.19914869008,3068.997470234373,3028.31041962099,3036.20947265625,1913622.0
2022-06-06,3016.6602249414027,3047.5505432190357,2980.60672441929,3028.089599609375,1084210.0
2022-06-07,3001.701306034445,3017.411286495706,2961.9410001104284,2967.854248046875,2308256.0
2022-06-08,2983.254832442945,3013.086100853081,2953.556080411676,3004.436767578125,2185707.0
2022-06-09,2987.535167119956,3033.4293558024483,2959.380933713857,3024.69189453125,1279197.0
2022-06-10,2984.887686444342,2994.5960733606303,2958.4102675817367,2965.382568359375,1527582.0
2022-06-13,2903.6899803920114,2906.337722015469,2817.5942055078235,2841.556396484375,3030921.0
2022-06-14,2815.432260568546,2858.5903679658018,2801.9287335908107,2833.5693359375,2611493.0
2022-06-15,2840.586045196815,2854.2660463465904,2825.14088260836,2829.818603515625,1404536.0
2022-06-16,2859.5615134916056,2863.842116144225,2765.1695492197227,2773.068603515625,2032028.0
2022-06-17,2728.939455430997,2752.5484885593214,2668.7916684356446,2726.203369140625,5240434.0
2022-06-20,2730.7044503658894,2770.1999332856935,2708.6399347682336,2746.94384765625,1502769.0
2022-06-21,2762.4772511283127,2857.575309853257,2758.4172942182936,2834.8046875,2964461.0
2022-06-22,2824.169899477694,2868.8727412761314,2809.2543718174775,2844.513427734375,3336315.0
2022-06-23,2844.513322405252,2928.402658039696,2844.513322405252,2920.282958984375,3692578.0
2022-06-24,2946.9368805574036,2952.2323646195014,2892.6581689209015,2906.426513671875,2132118.0
2022-06-27,2956.644389549364,2968.0295907106724,2918.252141505962,2925.4892578125,2037686.0
2022-06-28,2918.693980682418,2938.993334040657,2888.333294892649,2928.53466796875,1400046.0
2022-06-29,2886.921269341309,2941.6412689436206,2886.921269341309,2904.131591796875,2133994.0
2022-06-30,2887.8042959363,2922.136601895892,2872.800422760592,2883.479736328125,2719603.0
2022-07-01,2877.2125005063094,2941.6408785851318,2870.1960284541215,2925.8427734375,1502879.0
2022-07-04,2923.106916166727,2928.3582275862204,2846.3665769061995,2855.1923828125,2622535.0
2022-07-05,2872.7998692876445,2887.80373957271,2830.3918281224514,2838.64404296875,2170627.0
2022-07-06,2840.585965652074,2884.7150003833476,2826.24402936441,2877.875,2182144.0
2022-07-07,2886.9209123553114,2929.6377237989454,2881.6696012988828,2901.79248046875,1989921.0
2022-07-08,2912.5159071400585,2916.9288100296644,2868.3868782439968,2882.022705078125,2136916.0
2022-07-11,2829.686384493482,2846.3231189909147,2741.29600235218,2748.18017578125,6974600.0
2022-07-12,2749.1502289566492,2767.949238860167,2718.568897309372,2722.496337890625,3734815.0
2022-07-13,2739.5297819827233,2744.825264808721,2678.6317294837518,2681.94140625,3863530.0
2022-07-14,2704.28611921634,2705.171029595665,2625.5290954564402,2653.625,4764908.0
2022-07-15,2671.145950429042,2680.304642138172,2613.140038767697,2649.952392578125,4574806.0
2022-07-18,2675.083982462359,2722.824852536626,2667.385305641953,2710.9228515625,3202795.0
2022-07-19,2681.3223133720576,2724.594337649914,2681.3223133720576,2720.435302734375,1865074.0
2022-07-20,2750.1240812703145,2806.890986629367,2741.4962064485426,2800.56396484375,3402251.0
2022-07-21,2802.5108691484493,2817.5543439749486,2782.202221341185,2811.62548828125,2420640.0
2022-07-22,2818.4390359840645,2829.05795856862,2781.7152620458105,2806.05029296875,2075886.0
2022-07-25,2800.74095783458,2819.7222396009693,2786.6709711932813,2802.28955078125,1797504.0
2022-07-26,2800.4759071723042,2804.1924876537432,2740.1250609391755,2757.292236328125,2639367.0
2022-07-27,2756.4954817697467,2826.491970308109,2752.070930434643,2821.84619140625,1389808.0
2022-07-28,2845.871492102438,2888.347186014415,2833.1729430263163,2885.25,2106333.0
2022-07-29,2911.354664417725,2935.512756969273,2898.0810109325375,2921.885009765625,2430257.0
2022-08-01,2944.0970091145687,2944.0970091145687,2894.5420248914197,2919.142578125,1306913.0
2022-08-02,2911.3546281587332,2931.6189858100583,2895.1164391804086,2912.947509765625,1269114.0
2022-08-03,2902.5055561274144,2963.5643620337532,2899.895114155868,2955.15771484375,2895824.0
2022-08-04,2964.4498148906173,2997.9878323495136,2926.708473067324,2968.830078125,2150567.0
2022-08-05,2974.3603430430594,2988.341968455179,2968.8739426020506,2977.767333984375,1106933.0
2022-08-08,2977.723090286633,2990.02325675371,2952.0606921831227,2986.08544921875,1068836.0
2022-08-10,2995.4211952566006,2995.4211952566006,2951.1756827712743,2968.210205078125,1878359.0
2022-08-11,3008.6947446813365,3034.0916247588166,2986.6162779251963,3028.605224609375,1449248.0
2022-08-12,3025.508291795108,3025.508291795108,2992.102928234048,3010.066650390625,1472354.0
2022-08-16,3018.428763532455,3021.835754299982,2997.633373341012,3002.23486328125,839942.0
2022-08-17,2995.509649477736,3024.5788203593047,2983.120906491458,3009.668212890625,1622326.0
2022-08-18,2999.845992664048,3001.6158133086874,2975.068503639094,2992.10302734375,1430659.0
2022-08-19,2997.191343011034,3027.7207499593305,2983.254005056377,2996.085205078125,1398410.0
2022-08-22,2977.723099317719,2994.6249721231397,2962.1485919354714,2968.475830078125,1536532.0
2022-08-23,2937.858111813569,2957.2818510423613,2893.656882459739,2906.57666015625,1849256.0
2022-08-24,2913.124253838745,2927.282816433344,2876.134965851851,2880.6923828125,1691923.0
2022-08-25,2898.9659707472765,2900.868441362344,2844.7652180890746,2847.818115234375,1946930.0
2022-08-26,2862.065656203263,2882.1530784169363,2846.5797247103874,2851.358154296875,1457962.0
2022-08-29,2765.3442756465333,2781.007142415291,2726.40822824543,2772.025390625,2539173.0
2022-08-30,2791.892203374625,2855.1632945129086,2780.4769460757943,2841.579833984375,3431525.0
2022-09-01,2822.863500543327,2822.863500543327,2761.8046975535185,2771.273193359375,3546935.0
2022-09-02,2798.9717017110593,2798.9717017110593,2761.1860694016937,2770.12353515625,2052900.0
2022-09-05,2764.1504434166,2785.653810581053,2754.0625506938145,2772.7783203125,2147912.0
2022-09-06,2774.6368743489134,2779.3712319436827,2748.84181967609,2767.159423828125,1936453.0
2022-09-07,2744.9921902287633,2797.998239271013,2744.9921902287633,2787.114013671875,1291534.0
2022-09-08,2805.1650295627646,2817.111315966265,2796.404505950533,2804.855224609375,1346113.0
2022-09-09,2827.2884110725345,2861.3574576535334,2803.838288101197,2847.33154296875,1561185.0
2022-09-12,2867.020950932398,2893.4798999711134,2853.8358731602502,2869.719970703125,1785928.0
2022-09-13,2887.8601223695387,2887.8601223695387,2853.8353687015865,2857.684814453125,1972678.0
2022-09-14,2774.1937021668928,2779.857041489545,2755.4336476127423,2761.27392578125,5090269.0
2022-09-15,2769.769151120317,2776.627205727724,2743.221842962614,2747.0712890625,2138023.0
2022-09-16,2721.9839467819356,2738.222136392532,2654.73076734259,2662.429443359375,5322221.0
2022-09-19,2686.587374702411,2691.896835917238,2643.9347461518078,2680.216064453125,2072220.0
2022-09-20,2698.97567418923,2725.4786871912124,2681.2774730470055,2690.39208984375,1544295.0
2022-09-21,2679.508609959477,2691.366322542929,2653.0939489033167,2655.79296875,2253818.0
2022-09-22,2645.881700493006,2681.2338224800474,2636.413203836875,2661.279052734375,2017983.0
2022-09-23,2658.270416653943,2674.641256436931,2636.1476601904446,2638.8466796875,2652374.0
2022-09-26,2619.2016704081934,2677.605746474014,2589.3359496927173,2649.775146484375,2925489.0
2022-09-27,2663.049036122566,2676.8537235602644,2633.493117790197,2670.172607421875,2227447.0
2022-09-28,2637.03290053693,2698.932337661489,2637.03290053693,2686.278076171875,2739767.0
2022-09-29,2702.5159210262555,2704.1530914163895,2645.881664658973,2652.341552734375,2493902.0
2022-09-30,2646.634339166177,2672.1638744157713,2610.574240599038,2658.757568359375,2817353.0
2022-10-03,2650.306478095884,2673.0486307094293,2631.7233608871984,2641.4130859375,1763331.0
2022-10-04,2681.233913837934,2741.4521028168406,2675.0838304762133,2735.390380859375,2145875.0
2022-10-06,2752.956481034682,2764.460317181725,2736.541348554805,2744.947998046875,1790816.0
2022-10-07,2740.920713753137,2747.6461175593427,2706.143916403556,2712.1611328125,1939879.0
2022-10-10,2663.579674329383,2767.1141666538147,2659.155123375348,2759.63671875,3064063.0
2022-10-11,2743.22184174712,2783.0428039660296,2701.940863997202,2716.2763671875,4730645.0
2022-10-12,2729.8598268537053,2751.9825853975053,2709.6397551702103,2743.8857421875,1665247.0
2022-10-13,2743.8852815020114,2752.0707007889237,2701.0557145691237,2746.141845703125,2054781.0
2022-10-14,2783.043198826417,2787.4677508118325,2717.559829442266,2742.469970703125,2245977.0
2022-10-17,2726.056468339946,2775.5178951019166,2724.9918710842394,2760.74609375,1517005.0
2022-10-18,2794.6812092612113,2799.4278179556986,2775.6508043470494,2789.97900390625,1793722.0
2022-10-19,2802.665702804499,2802.665702804499,2760.9672893724596,2769.706298828125,1194289.0
2022-10-20,2754.7575733042404,2803.5536011727536,2754.7575733042404,2801.158203125,1587601.0
2022-10-21,2801.6012137542084,2803.9078046251725,2774.275400578486,2783.502197265625,1021913.0
2022-10-24,2812.5143817126964,2819.523178997157,2799.1175675695504,2805.061767578125,260949.0
2022-10-25,2821.7409048142667,2825.067906352721,2795.701486132634,2805.41650390625,2069643.0
2022-10-27,2804.1743868029735,2815.974195972847,2780.79678517485,2801.24658203125,2438421.0
2022-10-28,2794.6816049676954,2819.966819488832,2790.245602420128,2806.43701171875,1355739.0
2022-10-31,2838.154809925605,2838.154809925605,2819.346199926029,2832.964599609375,1919414.0
2022-11-01,2851.9059063577597,2894.580335538735,2842.1022978592464,2892.00732421875,2991060.0
2022-11-02,2901.145166935118,2901.145166935118,2858.6039531439683,2876.037353515625,1405955.0
2022-11-03,2863.927442110941,2863.927442110941,2834.6054240597227,2845.030029296875,1422652.0
2022-11-04,2854.1237221012757,2856.8297266750774,2809.0094945626156,2854.478515625,1464013.0
2022-11-07,2864.770630343667,2877.014041486473,2834.69461776829,2868.9404296875,1474498.0
2022-11-09,2883.2242672806515,2883.2242672806515,2840.5054326659097,2853.28125,1162267.0
2022-11-10,2812.4260708517722,2861.222106781377,2812.4260708517722,2844.0546875,1573092.0
2022-11-11,2900.790741715342,2964.6691755192865,2887.881931563793,2941.912353515625,3265394.0
2022-11-14,2949.054274975172,2971.2342860685476,2935.746268319147,2959.257080078125,1342074.0
2022-11-15,2946.3927142420735,2963.2051195621743,2920.663901019243,2956.684326171875,1400708.0
2022-11-16,2962.2737860893976,2988.002601660146,2946.792180040441,2976.868408203125,1748235.0
2022-11-17,2963.249814251922,2980.9938251157064,2943.5096021659624,2971.234619140625,1417986.0
2022-11-18,2972.1217536240656,2983.4335602983065,2946.3929384434396,2966.310546875,1164540.0
2022-11-21,2947.723621770964,2957.660223917546,2903.8071976091396,2913.122802734375,1304194.0
2022-11-22,2910.017533464894,2944.5739483544544,2888.0593218937793,2941.025146484375,1149739.0
2022-11-23,2954.3779417550127,2954.3779417550127,2919.777119013738,2935.125732421875,1150011.0
2022-11-24,2942.1788211585995,3010.2270599589883,2935.1256201131005,2998.870849609375,1296591.0
2022-11-25,3001.3992756125285,3019.4538923326327,2970.3472582768977,3007.299072265625,1588981.0
2022-11-28,2986.3172048438537,3031.5644352202753,2985.9180078961676,3012.267822265625,2195437.0
2022-11-29,3001.3992017991964,3042.2104235794986,3001.3992017991964,3014.130615234375,1576028.0
2022-11-30,3001.3991290916215,3029.7007368695226,2994.3015254756792,3008.3193359375,3410702.0
2022-12-01,3038.661769149795,3087.4577975595,3034.2257665670945,3083.598388671875,2180856.0
2022-12-02,3068.0279537907963,3077.6095453413673,3028.0151269724374,3051.21533203125,2411749.0
2022-12-05,3045.759170826894,3051.2153670002604,3022.691958930157,3039.4599609375,1475065.0
2022-12-06,3016.525934157563,3023.534731073787,2988.0911164070485,3003.484130859375,1166999.0
2022-12-07,2988.3574103425613,3010.892215820277,2975.6704001996686,2999.27001953125,1167505.0
2022-12-08,2980.9938652068045,2999.2702832829777,2962.761850478727,2972.60986328125,1285619.0
2022-12-09,2993.502940359297,2993.502940359297,2906.77910172055,2921.3291015625,1797896.0
2022-12-12,2888.280936706034,2924.212553335306,2871.069335381073,2915.73974609375,1527610.0
2022-12-13,2907.5337679534873,2960.10040359305,2899.194168939962,2956.2412109375,1378016.0
2022-12-14,2971.0565371698585,2996.0755433975933,2964.047524534059,2985.73974609375,1213311.0
2022-12-15,2979.928999146625,2985.2077986532413,2926.829964070142,2932.286376953125,1415694.0
2022-12-16,2905.581435939429,2920.6638433931603,2861.3988107840464,2874.751220703125,2703680.0
2022-12-19,2862.9959603058865,2879.409169250931,2834.1619445916185,2840.8603515625,2120965.0
2022-12-20,2838.06599235598,2882.5148303042197,2806.7921703282104,2878.034423828125,1529971.0
2022-12-21,2882.513833041741,2912.723047188499,2874.5290301801297,2899.858642578125,1432566.0
2022-12-22,2922.438343612525,2922.438343612525,2879.0543273380003,2892.00732421875,1384101.0
2022-12-23,2854.12354868164,2898.350573122045,2854.12354868164,2864.193359375,1360281.0
2022-12-26,2864.1942512487685,2902.920472252898,2861.2664458384393,2885.974853515625,870157.0
2022-12-27,2900.4358797986224,2904.5170888075672,2866.9884637094456,2891.830078125,835883.0
2022-12-28,2883.224076963183,2897.6854876748585,2862.1086628505846,2889.70068359375,910795.0
2022-12-29,2866.6333677338184,2902.476178111556,2863.8829597872846,2900.036376953125,1037927.0
2022-12-30,2915.3853696829165,2926.8745733236387,2880.0303416215215,2889.345947265625,1163131.0
2023-01-02,2893.160861684784,2898.351071306402,2870.2710452177225,2893.56005859375,709547.0
2023-01-03,2885.176344972348,2945.5059856421267,2879.2321442855205,2937.831787109375,1245178.0
2023-01-04,2933.7060761454604,2952.026897843551,2915.518464493648,2940.75927734375,1231668.0
2023-01-05,2954.555264030216,2960.854474652095,2911.747836974885,2937.60986328125,1826057.0
2023-01-06,2927.761408654629,2929.1366126366033,2839.0413659681253,2849.28857421875,2488376.0
2023-01-09,2864.769866636173,2951.7154990085314,2857.8052574024236,2945.460693359375,2885060.0
2023-01-10,2914.4538066519704,2925.9874138015825,2865.7465830992874,2915.69580078125,3864655.0
2023-01-11,2918.978795996572,2971.6784252720427,2902.1661712571045,2953.224609375,2720512.0
2023-01-12,2953.4902075036,2972.1214163824147,2941.5574051372632,2958.23681640625,2250391.0
2023-01-13,2965.8223193412623,2997.8503424610212,2932.1975086811703,2993.90234375,1742837.0
2023-01-16,3009.7358936031505,3042.401100769178,2992.5413358027226,3025.20654296875,1843607.0
2023-01-17,3021.5315322541833,3068.533178172047,3013.3652308156584,3065.447998046875,1688475.0
2023-01-18,3066.900207699576,3093.168435883575,3059.8681140280755,3075.973876953125,2421189.0
2023-01-19,3066.9003919886036,3073.2519608477514,3049.6604193709163,3060.6396484375,1585044.0
2023-01-20,3053.2893380290952,3080.1926755327436,3044.760178562621,3051.5654296875,1529349.0
2023-01-23,3074.1590576682065,3102.2874315724907,3044.760458713778,3098.567138671875,1067916.0
2023-01-24,3107.731573201867,3132.1850663852497,3100.7448925102035,3117.98486328125,1387863.0
2023-01-25,3108.003521839882,3116.804935431131,3089.583931628239,3112.041259765625,874110.0
2023-01-27,3108.63931095952,3126.7866507783147,3068.987417760483,3095.07421875,1785879.0
2023-01-30,3103.194366133091,3138.082574277727,3071.9356250833475,3115.579833984375,1953798.0
2023-01-31,3129.5080182900124,3129.5080182900124,3040.5860740185076,3047.57275390625,2820375.0
2023-02-01,3051.475087320733,3102.287637094733,3044.216151638733,3092.624267578125,2205161.0
2023-02-02,3109.5465712154214,3147.6559835267867,3103.285827802895,3139.8525390625,1813847.0
2023-02-03,3179.4139405185306,3179.4139405185306,3133.0473986092443,3159.72412109375,1804469.0
2023-02-06,3151.4215357600465,3151.4215357600465,3118.4842916293296,3139.4443359375,1138714.0
2023-02-07,3147.564931045713,3169.4325618085195,3140.7596793384228,3150.876953125,1455647.0
2023-02-08,3155.8671542754532,3211.9876581401045,3155.8671542754532,3194.02197265625,1986946.0
2023-02-09,3189.3945752566206,3218.9748240809963,3180.5931608475644,3212.85009765625,1655427.0
2023-02-10,3193.9311370994983,3214.210873696519,3183.178751905758,3209.85546875,1187821.0
2023-02-13,3220.2451782155104,3220.2451782155104,3151.6481508979105,3159.814453125,1087939.0
2023-02-14,3180.320764752124,3198.3320850826603,3171.2470963790797,3175.874755859375,1579818.0
2023-02-15,3163.988673966141,3199.37598635062,3139.6257818298463,3194.521484375,1429449.0
2023-02-16,3200.464188093824,3243.8363661901417,3200.282759035701,3228.45654296875,1618931.0
2023-02-17,3199.5120558409485,3211.0809850815513,3166.710827427652,3176.827880859375,1061369.0
2023-02-20,3177.5989917656707,3195.746330382265,3153.145497284836,3164.2607421875,1296082.0
2023-02-21,3170.3402669459488,3183.8599465034627,3125.652442633674,3131.323486328125,1139541.0
2023-02-22,3098.6127301158713,3127.6938852483454,3080.510803718634,3086.4541015625,1218430.0
2023-02-23,3104.1020890121345,3132.593320365543,3092.306319600513,3097.569091796875,1441570.0
2023-02-24,3105.463295514014,3115.852602482513,3068.987189496275,3085.455810546875,977592.0
2023-02-27,3075.973496654053,3075.973496654053,3008.8283524793037,3023.210205078125,1128022.0
2023-02-28,3020.1704167616717,3077.788208999727,2994.219637474335,3005.97021484375,4116217.0
2023-03-01,3015.180401659178,3075.066620891651,3007.921465994636,3072.072265625,1669307.0
2023-03-02,3049.660086077865,3057.7355627061675,3010.6433102071874,3013.773681640625,1556538.0
2023-03-03,3043.3080485506866,3046.9375155137764,3022.5294387970316,3032.5556640625,1043190.0
2023-03-06,3050.4766492061635,3089.5388380017994,3047.845373843557,3059.505126953125,1334132.0
2023-03-08,3052.382029970596,3081.4177686623493,3022.3029080296496,3076.33642578125,1844590.0
2023-03-09,3071.436694206459,3071.436694206459,3022.302869377422,3027.7470703125,1648500.0
2023-03-10,3006.0160219446743,3028.1104968302034,2985.2374064188684,3022.439453125,1024404.0
2023-03-13,3024.2534916844747,3057.644633647456,2968.9041178492653,2977.932373046875,1901233.0
2023-03-14,2976.162922928959,2998.302582891933,2912.1027421363688,2917.138671875,2670334.0
2023-03-15,2948.9427136129407,2958.3340505571196,2896.31542826231,2902.576171875,1780522.0
2023-03-16,2910.833062083006,2921.540035980481,2878.1678531568878,2889.963623046875,1901060.0
2023-03-17,2858.6595359477537,2922.991763191914,2852.761650855337,2884.791748046875,6739966.0
2023-03-20,2876.035450110584,2876.035450110584,2808.346011246895,2852.12646484375,2289468.0
2023-03-21,2852.1265646681036,2864.3306057825034,2810.5237015985185,2818.37255859375,1815297.0
2023-03-22,2840.1041427139435,2852.308184645108,2818.3727472154897,2840.78466796875,1123939.0
2023-03-23,2826.357030265614,2854.8938961077,2813.7447191349406,2835.203857421875,1372218.0
2023-03-24,2857.207854867612,2876.353387158759,2818.281899216121,2831.438720703125,1329577.0
2023-03-27,2844.595292917529,2860.701055740268,2818.2816522493927,2833.07177734375,1524217.0
2023-03-28,2837.335775366485,2857.7969395098494,2822.0465572985295,2827.263916015625,1303530.0
2023-03-29,2839.150702259186,2858.205404958912,2816.5573576681204,2848.133544921875,1740616.0
2023-03-31,2894.455275240554,2915.370128591344,2860.020742396488,2908.927734375,2382581.0
2023-04-03,2926.2127336376348,2926.2127336376348,2879.7555943489074,2903.573974609375,1521830.0
2023-04-05,2890.4171900754327,2961.9631570208894,2890.4171900754327,2939.687255859375,2655065.0
2023-04-06,2926.2584116403386,2955.6118210617306,2917.1847421468806,2922.356689453125,1703464.0
2023-04-10,2921.721439084615,2968.9045182251125,2917.1846045518755,2961.10107421875,2203187.0
2023-04-11,2961.6452279275054,2969.7661164625447,2896.450834897555,2916.095458984375,2348779.0
2023-04-12,2928.934840854399,2958.8779475351903,2902.666614298546,2941.36572265625,2417727.0
2023-04-13,2912.6475068387854,2930.794843329993,2885.4265021019746,2893.456787109375,4174070.0
2023-04-17,2843.778530281314,2870.3642017389866,2785.843068358131,2848.67822265625,5505048.0
2023-04-18,2862.6972490540993,2864.421379134705,2822.4556586580384,2840.739013671875,2617302.0
2023-04-19,2840.739185837347,2849.132330441354,2786.9776920224904,2803.401123046875,3298034.0
2023-04-20,2803.7635533311773,2824.632990783157,2792.875151182318,2817.192626953125,2419999.0
2023-04-21,2821.910845131191,2871.3169247867468,2813.5631145888788,2868.050537109375,1929184.0
2023-04-24,2859.203702418767,2886.2884693393776,2836.564722823472,2880.708251953125,1640676.0
2023-04-25,2888.1484424197106,2895.588805663496,2855.9369219340365,2881.796875,2024090.0
2023-04-26,2886.3342533089885,2911.196019002823,2886.3342533089885,2901.8955078125,2000029.0
2023-04-27,2889.963692701773,2902.848258894821,2876.9428885531743,2892.640380859375,2434446.0
2023-04-28,2903.9363320976754,2928.2992168881838,2900.1708488585814,2921.040283203125,2931312.0
2023-05-02,2935.3315240050892,2935.3315240050892,2912.64735457692,2921.176513671875,2321159.0
2023-05-03,2918.091971436183,2918.091971436183,2879.2112108808474,2885.3359375,2468285.0
2023-05-04,2885.562915352124,2925.7593155131717,2883.6121650210844,2922.356689453125,1953253.0
2023-05-05,2921.721151002872,2943.497954612831,2912.69289547793,2931.429931640625,1710027.0
2023-05-08,2944.405717078382,2953.3433700376554,2931.9748343190095,2949.487060546875,928235.0
2023-05-09,2951.3018403250803,2992.496211386631,2945.3131298244402,2979.112548828125,1107375.0
2023-05-10,2985.2375145522087,3000.2090704762545,2963.50611859173,2982.333984375,1559987.0
2023-05-11,3002.4771483059035,3003.112260846999,2968.9045721537977,2978.1142578125,1719623.0
2023-05-12,2975.392051583769,2985.237070959748,2958.0160642336714,2970.991455078125,1027479.0
2023-05-15,2979.792885529059,2987.0518206947813,2947.4453443068564,2953.524658203125,1150390.0
2023-05-16,2954.568325172893,2980.700538583309,2949.3509650216433,2956.337646484375,986306.0
2023-05-17,2954.3408542454076,2976.1630698399545,2901.985834791352,2911.4677734375,1588815.0
2023-05-18,2927.1201308420364,2929.8422314714453,2899.037170320326,2903.43798828125,1369364.0
2023-05-19,2912.647863454274,2934.8783533778346,2906.341707556494,2924.3076171875,1152449.0
2023-05-22,2930.7955208443195,3001.978420381467,2919.0451620549434,2993.131591796875,1333243.0
2023-05-23,2999.7549225207754,3019.671581346221,2985.3278776559046,2991.634033203125,1687418.0
2023-05-24,2972.533770094014,3009.91723962534,2972.533770094014,2997.350341796875,1016555.0
2023-05-25,2988.8662810626047,2999.7546828151094,2964.4582024107794,2988.41259765625,1374917.0
2023-05-26,2988.413232167041,3029.380763849176,2986.1448146536304,3020.533935546875,1791115.0
2023-05-29,3049.4788269717515,3059.6412922971313,3005.199276419958,3012.77587890625,1210372.0
2023-05-30,3007.9212138122552,3018.7642037470678,2995.535744483075,3009.010009765625,1344224.0
2023-05-31,3002.477101991778,3019.444818885679,2962.68897442061,2984.783447265625,5815424.0
2023-06-01,3007.014220677271,3030.6057625413655,2992.0426652635188,3016.087890625,1177314.0
2023-06-02,3018.1291275724834,3026.885129479105,2991.9969167513864,2999.39208984375,2030661.0
2023-06-05,3007.9211331260885,3018.8095354179477,2980.7455400443455,2984.23876953125,1861468.0
2023-06-06,2976.163436975457,2984.1937226639307,2922.2659316354016,2932.882080078125,2022849.0
2023-06-07,2951.664883901062,2975.12040972257,2940.7764797796926,2971.5361328125,1567196.0
2023-06-08,2958.9228699070545,2967.0891703759794,2933.5166017815113,2936.64697265625,1759366.0
2023-06-09,2944.405649991978,2948.942484583645,2908.4286402901084,2912.0126953125,1775689.0
2023-06-12,2917.184238315665,2952.934401335374,2913.5547711451322,2946.129150390625,2324605.0
2023-06-13,2958.016199521383,2962.5530341832255,2938.961493941644,2943.22607421875,1371928.0
2023-06-14,2943.225541035836,2954.2501801820126,2927.0291771422044,2949.894775390625,1658544.0
2023-06-15,2966.577450199209,2968.5427081775592,2934.3091461074932,2940.068115234375,2273810.0
2023-06-16,2922.425909481337,2924.619696403326,2884.947191217735,2902.223876953125,4156189.0
2023-06-19,2916.026947334096,2938.788322324805,2902.315221876412,2934.6748046875,1468186.0
2023-06-20,2937.965925601742,2954.877054918367,2926.1281797146307,2950.4892578125,1528452.0
2023-06-21,2970.8741736125958,2981.294996829443,2947.06142983265,2978.369873046875,1645987.0
2023-06-22,2980.0152914881505,2987.008182887772,2952.683338666562,2960.36181640625,1529603.0
2023-06-23,2959.2646792263045,2970.3253373650405,2933.5322068110854,2940.114013671875,1119505.0
2023-06-26,2929.7387867833627,2937.874321602417,2900.487104668833,2915.70703125,1978803.0
2023-06-27,2926.996150834744,2933.9890411265674,2908.9881304563214,2922.74560546875,863542.0
2023-06-28,2932.4811471226985,2953.460043363007,2919.134977819985,2939.291259765625,1575872.0
2023-06-30,2943.4502724231584,3025.7206216523773,2938.0570832427293,3018.63623046875,2672406.0
2023-07-03,3029.6518692877994,3033.7653874397292,2988.0138798042963,2991.259033203125,1687264.0
2023-07-04,3007.4387624925753,3030.2916406270174,2995.8295450348064,3024.669921875,1656681.0
2023-07-05,3034.8626449285084,3043.0896822189775,3021.1509161110607,3034.81689453125,1453008.0
2023-07-06,3022.567534593457,3042.586567379138,3018.4082659703854,3037.51318359375,1848238.0
2023-07-07,3018.4082331911277,3068.59306578827,3018.4082331911277,3043.31787109375,1789326.0
2023-07-10,3039.2045365819954,3039.2045365819954,2984.7689313328437,2990.939208984375,1407431.0
2023-07-11,3012.0094335540425,3012.0094335540425,2980.7467399101047,2991.350341796875,1110172.0
2023-07-12,2999.1659962790054,3006.661695723324,2970.9656783737587,2979.923828125,1515240.0
2023-07-13,3001.953723675249,3078.2365774087834,2991.669929707117,3053.64697265625,4585146.0
2023-07-14,3075.997670464989,3222.1190755212224,3064.1141727781996,3212.794921875,6306101.0
2023-07-17,3208.544024917349,3245.0171284101766,3178.4239767823524,3191.815673828125,2743228.0
2023-07-18,3177.4638059447752,3221.341326855405,3167.408540736089,3196.523193359375,2600090.0
2023-07-19,3199.4026028392373,3214.8055303533806,3149.720361723245,3172.02490234375,2405370.0
2023-07-20,3164.7397137292182,3188.3850365382523,3149.1134749520647,3174.087890625,1715404.0
2023-07-21,3119.785348420925,3148.058998813378,3078.543199020897,3087.020751953125,3770223.0
2023-07-24,3098.659951717726,3128.4000771632996,3090.5032611034767,3111.26171875,1680132.0
2023-07-25,3113.782310935107,3122.3057333138704,3097.926950811684,3115.29443359375,1272980.0
2023-07-26,3116.393871751204,3135.181959017552,3102.3256291018097,3105.35009765625,1066803.0
2023-07-27,3111.44506274488,3126.750437306845,3102.3718797194615,3113.232177734375,1701769.0
2023-07-28,3102.3257654879126,3110.299202025282,3052.8351919764364,3075.197509765625,2599831.0
2023-07-31,3083.445773087776,3140.4974033773265,3080.2380509028217,3135.731689453125,2743678.0
2023-08-01,3129.8205341354496,3171.062678801949,3129.8205341354496,3163.776611328125,1956167.0
2023-08-02,3148.1046527985704,3158.598443121832,3128.5376797292315,3153.32861328125,1914899.0
2023-08-03,3134.4030555367062,3146.546576146607,3086.7454652186043,3116.02734375,2026351.0
2023-08-04,3117.2189097618743,3181.1442369080387,3117.2189097618743,3155.986572265625,2248493.0
2023-08-07,3165.5182312426314,3196.7248358153356,3153.8788248995197,3193.104736328125,1853889.0
2023-08-08,3193.104361947542,3198.5115758637803,3167.946698425561,3180.777587890625,1634225.0
2023-08-09,3175.55398413937,3177.4787074120036,3139.0319013475078,3173.3544921875,1794589.0
2023-08-10,3161.89766861704,3175.5533110759743,3143.6136964143225,3154.657470703125,1096701.0
2023-08-11,3150.9916746844083,3177.1573459356628,3128.90412489908,3160.798095703125,1679974.0
2023-08-14,3153.3744607157764,3166.480343065744,3126.1546889138212,3161.760498046875,1190425.0
2023-08-16,3161.8979908095707,3176.5618655495573,3148.333861924489,3169.596435546875,1328445.0
2023-08-17,3166.4806099440398,3171.796309553587,3128.171190520314,3148.838134765625,1843241.0
2023-08-18,3125.238323326548,3125.238323326548,3076.205991860868,3085.9208984375,2526749.0
2023-08-21,3093.1605383359606,3125.008635730679,3090.4110623018846,3117.5849609375,1375579.0
2023-08-22,3116.0733417327847,3126.1547554854496,3084.0419855146843,3099.7138671875,1222012.0
2023-08-23,3105.0754377827743,3117.906328021546,3094.077531863827,3114.469482421875,1330046.0
2023-08-24,3123.405402507195,3128.033732845426,3096.0023753608025,3104.846435546875,1152881.0
2023-08-25,3093.1606257272215,3103.058784480136,3070.477447805222,3098.9345703125,1158046.0
2023-08-28,3110.5745195028617,3110.5745195028617,3079.505523496938,3093.665283203125,1037485.0
2023-08-29,3098.705544985246,3106.4957275474662,3083.9958025730525,3094.214599609375,944517.0
2023-08-30,3114.2403672286305,3123.4970275682554,3100.5388541540133,3107.779052734375,1188200.0
2023-08-31,3116.9896187870163,3132.0199996616384,3064.4287075753277,3076.480712890625,3417652.0
2023-09-01,3084.912115803807,3105.99143210312,3076.480434034668,3097.009765625,1277950.0
2023-09-04,3095.9103893566257,3146.1800717696538,3088.6243217343977,3133.0283203125,1828332.0
2023-09-05,3134.403121092921,3159.148408891023,3120.7931233027793,3142.972412109375,1501842.0
2023-09-06,3147.2340256547322,3156.307208388253,3114.332047153296,3143.476318359375,1314818.0
2023-09-07,3144.3010421288996,3171.0625658531403,3136.5108595249253,3166.709228515625,1885092.0
2023-09-08,3166.709380330092,3175.645178451275,3148.1962843578217,3154.47412109375,1518917.0
2023-09-11,3172.8955494880947,3194.6163668180566,3157.3151842826364,3189.988037109375,1783604.0
2023-09-12,3200.3903604544553,3290.114846064527,3192.1419316903975,3281.77490234375,4476016.0
2023-09-13,3272.8850935254304,3289.1528286270604,3248.964559733963,3269.906494140625,1754929.0
2023-09-14,3271.9224888622016,3297.2634045513405,3249.514302983379,3262.757568359375,2604721.0
2023-09-15,3269.9063376433924,3306.1077745876632,3264.9571461891155,3297.8134765625,2952897.0
2023-09-18,3281.0875035527256,3317.05981755895,3276.6882968344953,3305.0078125,1395753.0
2023-09-20,3281.0418390696896,3322.283985091515,3281.0418390696896,3304.91650390625,1649396.0
2023-09-21,3288.8782579698727,3303.9545105001985,3233.384608334175,3285.899658203125,2004073.0
2023-09-22,3284.7075730917886,3330.3030534939417,3267.3400931464826,3302.716552734375,1989083.0
2023-09-25,3301.6628521719144,3317.701464222715,3261.474583332011,3278.4296875,1238778.0
2023-09-26,3269.677009602158,3294.742932017278,3240.715772361554,3286.265380859375,1726062.0
2023-09-27,3290.2066852753064,3312.2024959846676,3258.770961052586,3289.565185546875,1541134.0
2023-09-28,3299.371940605782,3301.938163532405,3232.7888713611383,3241.40380859375,1755753.0
2023-09-29,3241.816024498274,3270.4564045061975,3212.8091371274368,3233.934326171875,2243791.0
2023-10-03,3239.0664965379606,3239.0664965379606,3189.484405708049,3220.416015625,1948148.0
2023-10-04,3195.166592505886,3251.71411279459,3186.9181632456966,3242.320068359375,1788138.0
2023-10-05,3257.213239742299,3321.3676929730136,3254.6470168624746,3289.611328125,2990768.0
2023-10-06,3291.123346974305,3331.403132660782,3276.5053417710587,3318.984619140625,2075691.0
2023-10-09,3340.659495143479,3371.7743564547645,3327.7827366912884,3334.51904296875,4233074.0
2023-10-10,3336.07693076371,3343.3629978093345,3300.6087331855642,3325.85791015625,1848148.0
2023-10-11,3345.1967415452978,3345.1967415452978,3303.954589937205,3308.4453125,2426417.0
2023-10-12,3276.4591167575277,3288.9691438839695,3242.640649221404,3246.718994140625,4241281.0
2023-10-13,3235.217212916928,3278.2923429472667,3230.6347522754027,3272.656005859375,2890357.0
2023-10-16,3268.2107135060846,3276.1382803907245,3225.227325030977,3229.763916015625,1671104.0
2023-10-17,3235.2170422343333,3239.0203948649587,3210.7926178047637,3214.18359375,1672065.0
2023-10-18,3217.8035511758235,3228.526463289023,3193.058266105545,3196.036865234375,1408245.0
2023-10-19,3187.996856794897,3194.7505931330616,3171.8247697485194,3175.2705078125,1514545.0
2023-10-20,3170.446688296385,3215.5629781222533,3164.612039380442,3211.0146484375,1481211.0
2023-10-23,3191.2130654023267,3196.680258583494,3125.33059463688,3133.46240234375,1106272.0
2023-10-25,3115.407006485019,3147.1078003867246,3103.1860758536272,3115.03955078125,1518537.0
2023-10-26,3094.778295044471,3099.969784152135,3059.815493562458,3066.017822265625,1984471.0
2023-10-27,3078.193286491536,3089.219650502849,3066.2480588126136,3079.066162109375,1108851.0
2023-10-30,3078.1931563450225,3108.377916282555,3063.261622377677,3104.4267578125,910972.0
2023-10-31,3123.217253667092,3123.217253667092,3078.23892708099,3095.421630859375,999811.0
2023-11-01,3082.7867674773142,3098.039989949302,3042.356777084169,3060.412353515625,1563475.0
2023-11-02,3071.944703570906,3102.0374860880515,3071.944703570906,3087.4736328125,1245384.0
2023-11-03,3107.596275079441,3113.017479853767,3072.9551669090106,3079.01953125,1402598.0
2023-11-06,3101.164491736812,3117.060876071951,3086.462674887097,3105.988525390625,1099852.0
2023-11-07,3103.9208626386717,3127.9490531184615,3092.894500782051,3096.9833984375,1191144.0
2023-11-08,3097.902493811986,3125.927832295336,3096.1567427867762,3107.18310546875,992899.0
2023-11-09,3115.0397671487226,3116.3260865331913,3070.8883236510724,3075.85009765625,2112352.0
2023-11-10,3067.1664696398684,3075.8496851503864,3052.786345097661,3062.985595703125,1338557.0
2023-11-13,3083.7061597919806,3083.7061597919806,3057.059116098903,3061.239990234375,1030990.0
2023-11-15,3108.6075388652434,3136.081470807579,3083.7522335870945,3128.08740234375,2059802.0
2023-11-16,3151.7478830543773,3242.991076076638,3137.183806430668,3214.046875,3951984.0
2023-11-17,3214.047043797082,3238.534668324732,3209.1770219858477,3218.273681640625,2021292.0
2023-11-20,3207.9823552979888,3247.1717958060967,3207.9823552979888,3234.0322265625,1475621.0
2023-11-21,3234.0322273250904,3251.904078434434,3216.941275630958,3225.394775390625,1807236.0
2023-11-22,3216.0226699495847,3246.023477409339,3198.656237264632,3243.726318359375,1798051.0
2023-11-23,3243.5888007286394,3256.452892289603,3216.0228902408608,3223.603515625,2729804.0
2023-11-24,3210.738962666845,3220.2033021073066,3172.835841192993,3176.603271484375,1989733.0
2023-11-28,3176.6030052720557,3198.7934684334177,3154.458305818865,3188.593994140625,1689195.0
2023-11-29,3198.564441313145,3232.562397167378,3193.7863950865076,3228.6572265625,1441634.0
2023-11-30,3215.5168157957996,3231.321223058578,3198.5638291631694,3204.62841796875,3266235.0
2023-12-01,3216.0218936439105,3231.5965833767523,3206.8792476983567,3226.7265625,1172141.0
2023-12-04,3257.049765355103,3259.944320290129,3214.1848682091013,3227.46240234375,1625213.0
2023-12-05,3250.9392307206267,3250.9392307206267,3218.595278718338,3245.05859375,1377656.0
2023-12-06,3245.977524530947,3319.7163257375805,3239.131811495445,3311.67626953125,1896572.0
2023-12-07,3312.502950367504,3335.979957891831,3300.282020829863,3321.599609375,1967653.0
2023-12-08,3338.231023463337,3349.257385225396,3309.7922436184076,3332.442138671875,1641155.0
2023-12-11,3328.950610165191,3356.608492292705,3321.6916779737553,3347.327880859375,1102503.0
2023-12-12,3343.698232293756,3398.324621584802,3336.3933124578402,3374.15869140625,2236866.0
2023-12-13,3347.92535555113,3353.851980623107,3273.910851221953,3301.982177734375,3850968.0
2023-12-14,3335.474241624557,3379.5796861419067,3333.2690591314463,3369.701904296875,3290396.0
2023-12-15,3369.1971763947013,3579.84666039233,3369.1971763947013,3547.732421875,8531230.0
2023-12-18,3545.0677537772526,3610.215093447748,3519.3853366273415,3546.078369140625,2521612.0
2023-12-19,3533.030700546441,3542.3113130556862,3482.4932002785463,3506.5673828125,2004435.0
2023-12-20,3516.7204109839868,3582.4651407823453,3460.945440121915,3473.35009765625,2586083.0
2023-12-21,3451.481071849861,3497.837691229688,3439.6278222609985,3480.195556640625,1517562.0
2023-12-22,3491.681648797071,3533.903385973376,3456.7648323091003,3513.734375,2413058.0
2023-12-26,3509.9209580263773,3522.9227872920933,3482.6305316170315,3487.592529296875,1285231.0
2023-12-27,3490.762566000509,3508.4047009886162,3462.2777964437796,3501.97265625,1293976.0
2023-12-28,3513.7343014406606,3526.598391456395,3484.422643209007,3491.589599609375,1682889.0
2023-12-29,3484.3308681569797,3512.4481848321616,3459.889005984073,3485.6171875,1574996.0
2024-01-01,3482.492749322785,3521.085017257233,3466.8720694445565,3501.880859375,825907.0
